// Image: humaneyeopen240x240
// Size: 240x240
// Array size: 112.5 KB

#ifndef HUMANEYEOPEN240X240_H
#define HUMANEYEOPEN240X240_H

const int HUMANEYEOPEN240X240_WIDTH = 240;
const int HUMANEYEOPEN240X240_HEIGHT = 240;

const uint16_t humaneyeopen240x240_data[57600] PROGMEM = {
  0xFFBC, 0xFF9C, 0xFF7B, 0xFF9B, 0xFF7B, 0xFF7B, 0xFF7B, 0xFF7B, 0xFF7B, 0xFF7B, 0xFF9B, 0xFF9C,
  0xFFBC, 0xFF9B, 0xFF9B, 0xFF9C, 0xFF9B, 0xFF7B, 0xFF7B, 0xFF7B, 0xFF9B, 0xFF9C, 0xFF9B, 0xFF7B,
  0xFF9B, 0xFF9B, 0xFF9B, 0xFF7B, 0xFF7B, 0xFF9B, 0xFF9B, 0xFF7B, 0xFF7B, 0xFF7B, 0xFF7B, 0xFF7B,
  0xFF7B, 0xFF5B, 0xFF5B, 0xFF7B, 0xFF7B, 0xFF7B, 0xFF7B, 0xFF5A, 0xFF3A, 0xFF3A, 0xFF3A, 0xFF3A,
  0xFF5A, 0xFF7B, 0xFF7B, 0xFF7A, 0xFF5B, 0xFF7B, 0xFF5A, 0xFF5A, 0xFF3A, 0xFF3A, 0xFF5A, 0xFF5A,
  0xFF3A, 0xFF3A, 0xFF3A, 0xFF3A, 0xFF3A, 0xFF3A, 0xFF3A, 0xFF39, 0xFF19, 0xFF19, 0xFF19, 0xFF19,
  0xFF19, 0xFF19, 0xFF19, 0xFF19, 0xFF19, 0xFF19, 0xFF19, 0xFF19, 0xFF19, 0xFF19, 0xFEF9, 0xFEF9,
  0xFEF9, 0xFEF9, 0xFEF9, 0xFF19, 0xFF19, 0xFF19, 0xFEF9, 0xFEF8, 0xFED8, 0xFED8, 0xFED8, 0xFED8,
  0xFED8, 0xFED8, 0xFED8, 0xFED8, 0xFED8, 0xF6D8, 0xF6B8, 0xF6B8, 0xF6B7, 0xF6B7, 0xF6B7, 0xF6B7,
  0xF697, 0xF697, 0xF697, 0xF696, 0xF697, 0xF696, 0xF696, 0xF676, 0xF676, 0xF676, 0xF676, 0xF676,
  0xF676, 0xF676, 0xF676, 0xF676, 0xEE56, 0xEE56, 0xEE55, 0xEE55, 0xEE35, 0xEE35, 0xEE35, 0xEE35,
  0xEE15, 0xEE15, 0xEE15, 0xEE15, 0xEE15, 0xEE14, 0xEE14, 0xEE14, 0xEE14, 0xEDF4, 0xEDF4, 0xEDF4,
  0xEDF4, 0xE5F4, 0xE5F4, 0xE5F4, 0xE5F4, 0xE5F4, 0xE5F4, 0xE5D4, 0xE5D3, 0xE5D3, 0xE5D3, 0xE5D3,
  0xE5B3, 0xE5B3, 0xE5B2, 0xDD92, 0xDD92, 0xDD72, 0xDD51, 0xD531, 0xD510, 0xCCCF, 0xC46E, 0xC42C,
  0xBBCB, 0xB38A, 0xAB69, 0xAB49, 0xAB49, 0xAB49, 0xAB29, 0xA308, 0xA308, 0xA2E8, 0x9AA7, 0x9A86,
  0x9286, 0x9266, 0x9266, 0x9286, 0x9286, 0x9286, 0x9266, 0x9245, 0x9245, 0x9246, 0x9245, 0x9246,
  0x9246, 0x9266, 0x9266, 0x9286, 0x9A86, 0x9AC7, 0xA2E8, 0xA308, 0xAB49, 0xAB69, 0xB38A, 0xB3AA,
  0xB3AB, 0xB3AA, 0xB38A, 0xAB8A, 0xAB69, 0xA329, 0xA2E8, 0x9AC7, 0x9AC7, 0x9AA7, 0x9AC7, 0x9AC7,
  0x9AE8, 0xA2E8, 0x9AC7, 0x9AC7, 0x9AE8, 0xA2E8, 0xA2E8, 0x9AE8, 0x9AC7, 0x9AC7, 0x9AC7, 0x9AC7,
  0x9AC7, 0x9AC7, 0x9AE8, 0xA2E8, 0xA2E8, 0xA2E8, 0xA2E8, 0xA2E8, 0x9AE8, 0x9AC7, 0x9AA7, 0x9287,
  0xFFBC, 0xFFDD, 0xFF9B, 0xFF7B, 0xFF7B, 0xFF5A, 0xFF5A, 0xFF7A, 0xFF7B, 0xFF7B, 0xFF7B, 0xFF7B,
  0xFF9C, 0xFF9C, 0xFF7B, 0xFF7B, 0xFF9B, 0xFFBC, 0xFF9B, 0xFF7A, 0xFF7B, 0xFF9C, 0xFF9C, 0xFF9B,
  0xFF7B, 0xFF9B, 0xFF9B, 0xFF7B, 0xFF7B, 0xFF7B, 0xFF9B, 0xFF9B, 0xFF9B, 0xFF9B, 0xFF9B, 0xFF7B,
  0xFF7B, 0xFF5A, 0xFF5A, 0xFF5A, 0xFF5A, 0xFF5A, 0xFF5A, 0xFF5A, 0xFF5A, 0xFF3A, 0xFF3A, 0xFF5A,
  0xFF5A, 0xFF7B, 0xFF7B, 0xFF5A, 0xFF5A, 0xFF5A, 0xFF5A, 0xFF3A, 0xFF3A, 0xFF3A, 0xFF3A, 0xFF3A,
  0xFF3A, 0xFF3A, 0xFF3A, 0xFF3A, 0xFF3A, 0xFF3A, 0xFF3A, 0xFF5A, 0xFF3A, 0xFF19, 0xFF19, 0xFF19,
  0xFF19, 0xFF19, 0xFF19, 0xFF19, 0xFF19, 0xFF19, 0xFF19, 0xFF19, 0xFF19, 0xFF19, 0xFEF9, 0xFEF8,
  0xFEF8, 0xFEF9, 0xFEF9, 0xFEF9, 0xFEF9, 0xFEF9, 0xFEF8, 0xFED8, 0xFED8, 0xFED8, 0xFED8, 0xFED8,
  0xFED8, 0xFED8, 0xFED8, 0xFED8, 0xFED8, 0xF6D8, 0xF6D8, 0xF6B8, 0xF6B7, 0xF6B7, 0xF6B7, 0xF6B7,
  0xF697, 0xF697, 0xF676, 0xF676, 0xF676, 0xF676, 0xF676, 0xF676, 0xF676, 0xF676, 0xF676, 0xF656,
  0xF656, 0xF656, 0xF656, 0xF656, 0xEE56, 0xEE56, 0xEE55, 0xEE55, 0xEE35, 0xEE35, 0xEE35, 0xEE35,
  0xEE15, 0xEE15, 0xEE15, 0xEE15, 0xEE14, 0xEE14, 0xEE14, 0xEE14, 0xEE14, 0xEDF4, 0xEDF4, 0xEDF4,
  0xEDF4, 0xEDF4, 0xE5F4, 0xE5F4, 0xE5F4, 0xE5F4, 0xE5F4, 0xE5F4, 0xE5D4, 0xE5D3, 0xE5D3, 0xE5D3,
  0xE5B3, 0xE5B3, 0xE5B3, 0xE5B2, 0xDD92, 0xDD92, 0xDD72, 0xDD51, 0xD531, 0xD510, 0xCCCF, 0xC46E,
  0xC42C, 0xBBCB, 0xB38A, 0xB36A, 0xAB69, 0xAB69, 0xAB49, 0xAB49, 0xA329, 0xA308, 0xA2E8, 0x9AC7,
  0x9AA7, 0x9A86, 0x9286, 0x9A86, 0x9A86, 0x9A86, 0x9A86, 0x9266, 0x9266, 0x9266, 0x9266, 0x9245,
  0x9246, 0x9246, 0x9266, 0x9286, 0x9A86, 0x9AA7, 0xA2C7, 0xA308, 0xAB29, 0xAB49, 0xB36A, 0xB38A,
  0xB3AA, 0xB3AB, 0xB3AA, 0xB38A, 0xAB6A, 0xAB49, 0xA308, 0xA2E8, 0x9AC7, 0x9AC7, 0x9AC7, 0x9AC7,
  0xA2E8, 0xA2E8, 0xA2E8, 0xA2E8, 0x9AE8, 0xA2E8, 0xA2E8, 0xA2E8, 0x9AC7, 0x9AC7, 0x9AC7, 0x9AC7,
  0x9AC7, 0x9AC7, 0x9AE8, 0xA2E8, 0xA2E8, 0xA2E8, 0xA2E8, 0xA2E8, 0xA2E8, 0x9AE8, 0x9AC7, 0x92A7,
  0xFF7B, 0xFF9C, 0xFF9B, 0xFF9C, 0xFFBC, 0xFF9C, 0xFF9C, 0xFF7B, 0xFF9C, 0xFF7B, 0xFF5A, 0xFF5A,
  0xFF7B, 0xFF9B, 0xFF9B, 0xFF9B, 0xFF9B, 0xFFBC, 0xFFDD, 0xFFBB, 0xFF7A, 0xFF7B, 0xFF9B, 0xFF9B,
  0xFF7B, 0xFF9B, 0xFF9B, 0xFF9B, 0xFF7B, 0xFF7B, 0xFF7B, 0xFF7B, 0xFF9B, 0xFF9B, 0xFF9B, 0xFF7B,
  0xFF7B, 0xFF5A, 0xFF5B, 0xFF5A, 0xFF5A, 0xFF3A, 0xFF5A, 0xFF5A, 0xFF5A, 0xFF5A, 0xFF5A, 0xFF5A,
  0xFF5A, 0xFF5A, 0xFF5A, 0xFF5A, 0xFF5A, 0xFF3A, 0xFF3A, 0xFF3A, 0xFF3A, 0xFF3A, 0xFF3A, 0xFF19,
  0xFF19, 0xFF19, 0xFF19, 0xFF39, 0xFF39, 0xFF39, 0xFF3A, 0xFF5A, 0xFF3A, 0xFF3A, 0xFF3A, 0xFF39,
  0xFF19, 0xFF19, 0xFF19, 0xFEF9, 0xFEF9, 0xFEF9, 0xFEF9, 0xFEF9, 0xFF19, 0xFF19, 0xFEF9, 0xFEF8,
  0xFEF8, 0xFEF8, 0xFEF8, 0xFEF8, 0xFEF8, 0xFEF8, 0xFED8, 0xFED8, 0xFED8, 0xFED8, 0xFED8, 0xFED8,
  0xFED8, 0xFED8, 0xFED8, 0xFED8, 0xFED8, 0xF6D8, 0xF6B7, 0xF6B7, 0xF6B7, 0xF6B7, 0xF6B7, 0xF697,
  0xF697, 0xF676, 0xF676, 0xF676, 0xF676, 0xF676, 0xF676, 0xF676, 0xF676, 0xF656, 0xF656, 0xF656,
  0xF656, 0xF656, 0xF656, 0xF656, 0xF656, 0xEE55, 0xEE55, 0xEE35, 0xEE35, 0xEE35, 0xEE35, 0xEE15,
  0xEE15, 0xEE14, 0xEE14, 0xEE14, 0xEE14, 0xEE14, 0xEE14, 0xEE14, 0xEDF4, 0xEDF4, 0xEDF4, 0xEDF4,
  0xEDF4, 0xEDF4, 0xE5F4, 0xE5F4, 0xE5F4, 0xE5D4, 0xE5F4, 0xE5D4, 0xE5D3, 0xE5D3, 0xE5D3, 0xE5D3,
  0xE5B3, 0xE5B3, 0xE5B3, 0xE5B3, 0xDD92, 0xDD92, 0xDD72, 0xDD71, 0xDD51, 0xD530, 0xD4F0, 0xCCAF,
  0xC46D, 0xC42C, 0xBBCB, 0xB3AA, 0xB38A, 0xB369, 0xB369, 0xAB69, 0xAB49, 0xAB28, 0xAB28, 0xA308,
  0xA2C7, 0x9AA7, 0x9AA7, 0x9A86, 0x9AA7, 0x9AA7, 0x9AA7, 0x9AA7, 0x9286, 0x9266, 0x9266, 0x9266,
  0x9266, 0x9266, 0x9266, 0x9286, 0x9A86, 0x9A86, 0x9AA7, 0xA2E8, 0xA308, 0xAB49, 0xAB69, 0xAB8A,
  0xB38A, 0xB3AA, 0xB3AA, 0xB3AA, 0xB38A, 0xAB6A, 0xAB49, 0xA308, 0xA2E8, 0xA2C7, 0x9AC7, 0x9AC7,
  0xA2C7, 0xA2E8, 0xA2E8, 0xA2E8, 0xA2E8, 0xA2E8, 0xA2E8, 0xA2E8, 0xA2E8, 0x9AE7, 0x9AC7, 0x9AC7,
  0x9AC7, 0x9AC7, 0x9AC7, 0x9AE8, 0xA2E8, 0xA2E8, 0xA308, 0xA2E8, 0xA2E8, 0x9AE8, 0x9AC7, 0x9AC7,
  0xFF7B, 0xFF7B, 0xFF9B, 0xFF9C, 0xFFBC, 0xFF9C, 0xFFBC, 0xFF9B, 0xFF9B, 0xFF9B, 0xFFBC, 0xFFBC,
  0xFF7B, 0xFF7A, 0xFF7B, 0xFF9C, 0xFF9B, 0xFF7B, 0xFFBC, 0xFFDD, 0xFFBC, 0xFF7B, 0xFF5A, 0xFF7B,
  0xFF7B, 0xFF9B, 0xFF9B, 0xFFBC, 0xFF9B, 0xFF7B, 0xFF7B, 0xFF7B, 0xFF7B, 0xFF7B, 0xFF7B, 0xFF5B,
  0xFF5A, 0xFF5A, 0xFF7B, 0xFF7B, 0xFF5A, 0xFF3A, 0xFF3A, 0xFF3A, 0xFF5A, 0xFF5A, 0xFF5A, 0xFF5A,
  0xFF5A, 0xFF3A, 0xFF5A, 0xFF5A, 0xFF3A, 0xFF3A, 0xFF5A, 0xFF5A, 0xFF5A, 0xFF5A, 0xFF3A, 0xFF39,
  0xFF19, 0xFF19, 0xFF19, 0xFF19, 0xFF19, 0xFF19, 0xFF19, 0xFF3A, 0xFF3A, 0xFF3A, 0xFF3A, 0xFF3A,
  0xFF19, 0xFF19, 0xFEF9, 0xFEF8, 0xFEF8, 0xFEF8, 0xFEF8, 0xFEF9, 0xFF19, 0xFF19, 0xFEF9, 0xFEF9,
  0xFEF8, 0xFEF8, 0xFEF8, 0xFED8, 0xFED8, 0xFED8, 0xFED8, 0xFEB8, 0xFED8, 0xFED8, 0xFED8, 0xFED8,
  0xFED8, 0xFED8, 0xFED8, 0xFED8, 0xF6D8, 0xF6B7, 0xF6B7, 0xF697, 0xF697, 0xF697, 0xF697, 0xF697,
  0xF676, 0xF676, 0xF676, 0xF676, 0xF656, 0xF676, 0xF676, 0xF656, 0xF656, 0xF656, 0xF656, 0xF656,
  0xF655, 0xF655, 0xEE55, 0xF656, 0xEE55, 0xEE55, 0xEE35, 0xEE35, 0xEE35, 0xEE35, 0xEE15, 0xEE15,
  0xEE14, 0xEE14, 0xEE14, 0xEE14, 0xEE14, 0xEE14, 0xEDF4, 0xEDF4, 0xEDF4, 0xEDF4, 0xEDF4, 0xEDF4,
  0xEDF4, 0xEDD4, 0xE5F4, 0xE5F4, 0xE5F4, 0xE5D3, 0xE5D3, 0xE5D3, 0xE5D3, 0xE5D3, 0xE5D3, 0xE5D3,
  0xE5B3, 0xE5B3, 0xE5B3, 0xE5B3, 0xE5B3, 0xDD92, 0xDD92, 0xDD72, 0xDD71, 0xD551, 0xD530, 0xD4F0,
  0xCCAF, 0xC46D, 0xC42C, 0xBBEB, 0xB3AA, 0xB3AA, 0xB38A, 0xB38A, 0xB36A, 0xAB69, 0xAB49, 0xAB29,
  0xA308, 0xA2E7, 0xA2C7, 0x9AA7, 0x9AA7, 0x9AA7, 0x9AC7, 0x9AC7, 0x9AA7, 0x9A86, 0x9286, 0x9286,
  0x9266, 0x9266, 0x9266, 0x9266, 0x9286, 0x9A86, 0x9AA7, 0xA2C7, 0xA308, 0xAB28, 0xAB49, 0xAB6A,
  0xB38A, 0xB3AA, 0xB3AA, 0xB3AA, 0xB3AA, 0xB38A, 0xAB69, 0xAB49, 0xA308, 0xA2E8, 0xA2C7, 0xA2C7,
  0xA2C7, 0xA2E8, 0xA2E8, 0xA2E8, 0xA2E8, 0xA2E8, 0xA2E8, 0xA308, 0xA2E8, 0xA2E8, 0x9AC7, 0x9AC7,
  0x9AC7, 0x9AC7, 0x9AC7, 0x9AC8, 0xA2E8, 0xA2E8, 0xA2E8, 0xA308, 0xA2E8, 0xA2E8, 0x9AE8, 0x9AC7,
  0xFF7B, 0xFF9B, 0xFF9B, 0xFF9B, 0xFFBC, 0xFF9B, 0xFF7B, 0xFF7B, 0xFF7B, 0xFF9B, 0xFF9C, 0xFFDD,
  0xFFDD, 0xFFBC, 0xFF7B, 0xFF7B, 0xFF7B, 0xFF9B, 0xFF9B, 0xFFBC, 0xFFBC, 0xFFBC, 0xFF7B, 0xFF5A,
  0xFF5B, 0xFF7B, 0xFF7B, 0xFF7B, 0xFF7B, 0xFF5A, 0xFF5A, 0xFF7B, 0xFF7B, 0xFF7B, 0xFF7B, 0xFF5B,
  0xFF5A, 0xFF5A, 0xFF7B, 0xFF7B, 0xFF7B, 0xFF5A, 0xFF5A, 0xFF3A, 0xFF3A, 0xFF3A, 0xFF5A, 0xFF3A,
  0xFF3A, 0xFF3A, 0xFF3A, 0xFF3A, 0xFF3A, 0xFF3A, 0xFF5A, 0xFF5A, 0xFF5A, 0xFF5A, 0xFF3A, 0xFF3A,
  0xFF5A, 0xFF5A, 0xFF3A, 0xFF39, 0xFF19, 0xFF19, 0xFF19, 0xFF19, 0xFF19, 0xFF39, 0xFF19, 0xFF19,
  0xFF19, 0xFEF9, 0xFEF9, 0xFEF9, 0xFEF9, 0xFEF8, 0xFEF8, 0xFEF8, 0xFEF8, 0xFEF9, 0xFEF9, 0xFEF9,
  0xFEF9, 0xFEF8, 0xFEF8, 0xFED8, 0xFED8, 0xFED8, 0xFEB7, 0xFEB7, 0xFEB8, 0xFED8, 0xFED8, 0xFED8,
  0xFED8, 0xF6D8, 0xF6D8, 0xFED8, 0xF6B7, 0xF6B7, 0xF697, 0xF697, 0xF697, 0xF697, 0xF696, 0xF676,
  0xF676, 0xF676, 0xF676, 0xF676, 0xF676, 0xF676, 0xF656, 0xF656, 0xF656, 0xF656, 0xF656, 0xF656,
  0xEE55, 0xEE55, 0xEE35, 0xEE35, 0xEE35, 0xEE35, 0xEE35, 0xEE35, 0xEE35, 0xEE15, 0xEE15, 0xEE15,
  0xEE14, 0xEE14, 0xEE14, 0xEE14, 0xEE14, 0xEDF4, 0xEDF4, 0xEDF4, 0xEDF4, 0xEDF4, 0xEDD4, 0xEDD3,
  0xE5D3, 0xE5D4, 0xE5D3, 0xE5D3, 0xE5D3, 0xE5D3, 0xE5D3, 0xE5D3, 0xE5D3, 0xE5D3, 0xE5D3, 0xE5B3,
  0xE5B3, 0xE5B3, 0xE5B3, 0xE5B3, 0xE5B3, 0xDDB2, 0xDD92, 0xDD92, 0xDD72, 0xDD71, 0xD551, 0xD530,
  0xD4EF, 0xCCAE, 0xC46D, 0xC42C, 0xBBEB, 0xB3CA, 0xB3AA, 0xB3AA, 0xB38A, 0xB38A, 0xB369, 0xAB69,
  0xAB49, 0xAB08, 0xA2E8, 0xA2C7, 0xA2C7, 0xA2C7, 0xA2C7, 0xA2C7, 0x9AC7, 0x9AA7, 0x9AA6, 0x9A86,
  0x9A86, 0x9266, 0x9266, 0x9266, 0x9A86, 0x9A86, 0x9AA7, 0x9AA7, 0xA2E8, 0xA308, 0xAB28, 0xAB49,
  0xB36A, 0xB38A, 0xB3AA, 0xB3AA, 0xB3AB, 0xB3AA, 0xB38A, 0xAB69, 0xAB49, 0xA308, 0xA2E8, 0xA2C7,
  0xA2C7, 0xA2E8, 0xA2E8, 0xA308, 0xA308, 0xA308, 0xA308, 0xA308, 0xA308, 0xA2E8, 0xA2E8, 0x9AC7,
  0x9AC7, 0x9AC7, 0x9AC7, 0x9AC7, 0x9AE8, 0xA2E8, 0xA308, 0xA308, 0xA308, 0xA308, 0xA2E8, 0x9AE8,
  0xFF5A, 0xFF5A, 0xFF7B, 0xFF7B, 0xFF7B, 0xFF9B, 0xFF9B, 0xFF9B, 0xFF7B, 0xFF7B, 0xFF7B, 0xFF7B,
  0xFFBC, 0xFFDC, 0xFF9B, 0xFF9B, 0xFF7B, 0xFF9B, 0xFF9B, 0xFF7B, 0xFF9B, 0xFF9C, 0xFF9B, 0xFF7B,
  0xFF7B, 0xFF5A, 0xFF5A, 0xFF5A, 0xFF5A, 0xFF5A, 0xFF5A, 0xFF5A, 0xFF5A, 0xFF5A, 0xFF5A, 0xFF5A,
  0xFF5A, 0xFF5A, 0xFF5A, 0xFF5A, 0xFF5A, 0xFF5A, 0xFF5A, 0xFF3A, 0xFF3A, 0xFF3A, 0xFF3A, 0xFF3A,
  0xFF3A, 0xFF39, 0xFF3A, 0xFF3A, 0xFF39, 0xFF3A, 0xFF3A, 0xFF5A, 0xFF3A, 0xFF3A, 0xFF39, 0xFF3A,
  0xFF5A, 0xFF5A, 0xFF5A, 0xFF3A, 0xFF39, 0xFF19, 0xFF19, 0xFF19, 0xFF19, 0xFF19, 0xFF19, 0xFF19,
  0xFEF8, 0xFEF9, 0xFEF9, 0xFF19, 0xFF19, 0xFEF9, 0xFEF8, 0xFEF8, 0xFEF8, 0xFEF8, 0xFEF8, 0xFEF9,
  0xFEF8, 0xFEF8, 0xFED8, 0xFED8, 0xFED8, 0xFEB8, 0xFEB8, 0xFEB7, 0xFED8, 0xFEB8, 0xFED8, 0xFEB8,
  0xFEB8, 0xFED8, 0xF6B8, 0xF6B7, 0xF6B7, 0xF6B7, 0xF697, 0xF697, 0xF697, 0xF676, 0xF676, 0xF676,
  0xF676, 0xF676, 0xF676, 0xF676, 0xF676, 0xF676, 0xF676, 0xF656, 0xF656, 0xF656, 0xF655, 0xF656,
  0xEE55, 0xEE55, 0xEE35, 0xEE35, 0xEE35, 0xEE35, 0xEE35, 0xEE15, 0xEE15, 0xEE15, 0xEE15, 0xEE14,
  0xEE14, 0xEE14, 0xEE14, 0xEE14, 0xEDF4, 0xEDF4, 0xEDF4, 0xEDF4, 0xEDF4, 0xEDF4, 0xEDD3, 0xE5D3,
  0xE5D3, 0xE5D3, 0xE5D3, 0xE5D3, 0xE5D3, 0xE5D3, 0xE5D3, 0xE5D3, 0xE5B3, 0xE5B3, 0xE5B3, 0xE5B3,
  0xE5B3, 0xE5B3, 0xE5B3, 0xE5B3, 0xE5B3, 0xDDB3, 0xDD92, 0xDD92, 0xDD92, 0xDD72, 0xDD71, 0xDD51,
  0xD530, 0xD4EF, 0xCCAE, 0xC46D, 0xC42C, 0xBBEB, 0xBBCB, 0xBBCB, 0xB3AB, 0xB3AA, 0xB3AA, 0xB38A,
  0xB369, 0xAB49, 0xAB28, 0xA308, 0xA2E7, 0xA2C7, 0xA2E7, 0xA2E7, 0xA2E7, 0xA2C7, 0x9AC7, 0x9AA7,
  0x9AA6, 0x9A86, 0x9A86, 0x9A86, 0x9286, 0x9A86, 0x9AA6, 0x9AA7, 0xA2C7, 0xA2E8, 0xAB08, 0xAB49,
  0xB369, 0xB38A, 0xB3AA, 0xB3AA, 0xB3AB, 0xB3AA, 0xB3AA, 0xB38A, 0xAB69, 0xAB29, 0xA308, 0xA2E8,
  0xA2C7, 0xA2E8, 0xA308, 0xA308, 0xA308, 0xA308, 0xA308, 0xA308, 0xA308, 0xA308, 0xA2E8, 0xA2E8,
  0x9AC7, 0x9AC7, 0x9AC7, 0x9AC7, 0x9AE7, 0xA2E8, 0xA2E8, 0xA308, 0xA308, 0xA308, 0xA2E8, 0xA2E8,
  0xFFBC, 0xFF7B, 0xFF5A, 0xFF7B, 0xFF7B, 0xFF7B, 0xFF9B, 0xFF9B, 0xFF7B, 0xFF7B, 0xFF7B, 0xFF7B,
  0xFF7B, 0xFF9B, 0xFF7B, 0xFF7B, 0xFF9B, 0xFF7B, 0xFF7B, 0xFF7B, 0xFF7B, 0xFF7B, 0xFF7B, 0xFF9B,
  0xFF9B, 0xFF7B, 0xFF5A, 0xFF5A, 0xFF5A, 0xFF5A, 0xFF5A, 0xFF5A, 0xFF3A, 0xFF3A, 0xFF5A, 0xFF5A,
  0xFF7B, 0xFF7B, 0xFF5A, 0xFF3A, 0xFF3A, 0xFF3A, 0xFF3A, 0xFF3A, 0xFF3A, 0xFF3A, 0xFF3A, 0xFF39,
  0xFF39, 0xFF39, 0xFF39, 0xFF19, 0xFF39, 0xFF3A, 0xFF5A, 0xFF5A, 0xFF3A, 0xFF39, 0xFF19, 0xFF19,
  0xFF39, 0xFF3A, 0xFF3A, 0xFF3A, 0xFF39, 0xFF19, 0xFF19, 0xFF19, 0xFF19, 0xFEF9, 0xFEF8, 0xFEF8,
  0xFEF8, 0xFEF8, 0xFEF8, 0xFEF9, 0xFEF9, 0xFEF9, 0xFEF9, 0xFEF8, 0xFEF8, 0xFEF8, 0xFEF8, 0xFEF8,
  0xFED8, 0xFED8, 0xFED8, 0xFED8, 0xFEB8, 0xFEB7, 0xFEB7, 0xFEB7, 0xFEB8, 0xFED8, 0xFED8, 0xFED8,
  0xFED8, 0xF6D8, 0xF6B7, 0xF6B7, 0xF6B7, 0xF697, 0xF697, 0xF697, 0xF676, 0xF676, 0xF676, 0xF676,
  0xF676, 0xF676, 0xF676, 0xF676, 0xF676, 0xF676, 0xF676, 0xF656, 0xF656, 0xF655, 0xF655, 0xF655,
  0xEE55, 0xEE35, 0xEE35, 0xEE35, 0xEE35, 0xEE15, 0xEE15, 0xEE15, 0xEE15, 0xEE14, 0xEE14, 0xEE14,
  0xEE14, 0xEDF4, 0xEDF4, 0xEDF4, 0xEDF4, 0xEDF4, 0xEDF4, 0xEDF4, 0xEDF4, 0xEDD4, 0xE5D3, 0xE5D3,
  0xE5D3, 0xE5D3, 0xE5D3, 0xE5D3, 0xE5D3, 0xE5D3, 0xE5D3, 0xE5B3, 0xE5B3, 0xE5B3, 0xE5B3, 0xE5B3,
  0xE5B3, 0xE5B3, 0xE5B3, 0xE5B3, 0xDDB3, 0xDDB3, 0xDDB3, 0xDD92, 0xDD92, 0xDD92, 0xDD72, 0xDD71,
  0xD551, 0xD530, 0xD4EF, 0xCCAE, 0xCC6D, 0xC42C, 0xBBEB, 0xBBEB, 0xBBEB, 0xBBCB, 0xBBCB, 0xB3AA,
  0xB38A, 0xB38A, 0xB349, 0xAB28, 0xAB08, 0xA2E8, 0xA2E7, 0xA2E8, 0xA2E8, 0xA2E8, 0xA2E7, 0xA2C7,
  0x9AC7, 0x9AA7, 0x9AA6, 0x9A86, 0x9A86, 0x9A86, 0x9AA7, 0x9AA7, 0xA2C7, 0xA2E7, 0xA308, 0xAB28,
  0xAB49, 0xB38A, 0xB38A, 0xB3AA, 0xB3AA, 0xB3AB, 0xB3AA, 0xB3AA, 0xB38A, 0xAB69, 0xAB29, 0xA308,
  0xA2E8, 0xA2E8, 0xA308, 0xA308, 0xA328, 0xA308, 0xA308, 0xA308, 0xA308, 0xA308, 0xA308, 0xA2E8,
  0xA2E7, 0x9AC7, 0x9AC7, 0x9AC7, 0x9AC7, 0xA2E7, 0xA2E8, 0xA308, 0xA308, 0xA308, 0xA308, 0xA308,
  0xFF9B, 0xFFBC, 0xFF7B, 0xFF9B, 0xFF7B, 0xFF7B, 0xFF7B, 0xFF9B, 0xFF7B, 0xFF5A, 0xFF5A, 0xFF7B,
  0xFF7B, 0xFF5A, 0xFF7A, 0xFF7B, 0xFF7B, 0xFF7B, 0xFF5A, 0xFF7A, 0xFF5A, 0xFF5A, 0xFF5A, 0xFF7B,
  0xFF7B, 0xFF7B, 0xFF5A, 0xFF5A, 0xFF5A, 0xFF5A, 0xFF5A, 0xFF3A, 0xFF3A, 0xFF3A, 0xFF3A, 0xFF3A,
  0xFF7B, 0xFF7B, 0xFF7B, 0xFF5A, 0xFF5A, 0xFF5A, 0xFF5A, 0xFF3A, 0xFF3A, 0xFF3A, 0xFF39, 0xFF19,
  0xFF39, 0xFF19, 0xFF19, 0xFF19, 0xFF19, 0xFF19, 0xFF39, 0xFF39, 0xFF39, 0xFF39, 0xFF19, 0xFF39,
  0xFF19, 0xFF19, 0xFF19, 0xFF19, 0xFF19, 0xFF19, 0xFF19, 0xFF19, 0xFEF9, 0xFEF8, 0xFEF8, 0xFEF8,
  0xFEF8, 0xFEF8, 0xFEF8, 0xFEF8, 0xFEF8, 0xFEF8, 0xFEF8, 0xFEF8, 0xFEF8, 0xFEF8, 0xFED8, 0xFED8,
  0xFED8, 0xFED8, 0xFED8, 0xFED8, 0xFEB8, 0xFEB7, 0xFEB7, 0xFEB7, 0xFEB7, 0xFEB7, 0xFEB8, 0xFEB7,
  0xF6B7, 0xF6B7, 0xF6B7, 0xF697, 0xF697, 0xF697, 0xF696, 0xF696, 0xF676, 0xF676, 0xF676, 0xF676,
  0xF676, 0xF676, 0xF676, 0xF676, 0xF676, 0xF676, 0xF656, 0xF656, 0xF655, 0xF655, 0xF635, 0xEE35,
  0xEE35, 0xEE35, 0xEE35, 0xEE35, 0xEE35, 0xEE15, 0xEE15, 0xEE14, 0xEE14, 0xEE14, 0xEE14, 0xEE14,
  0xEDF4, 0xEDF4, 0xEDF4, 0xEDF4, 0xEDF4, 0xEDF4, 0xEDF4, 0xEDF4, 0xEDD4, 0xE5D3, 0xE5D3, 0xE5D3,
  0xE5D3, 0xE5D3, 0xE5D3, 0xE5D3, 0xE5B3, 0xE5B3, 0xE5B3, 0xE5B3, 0xE5B3, 0xE5B3, 0xE5B3, 0xE5B2,
  0xE5B3, 0xE5B3, 0xE5B3, 0xE5B2, 0xDDB2, 0xDDB3, 0xDDB3, 0xDD92, 0xDD92, 0xDD92, 0xDD92, 0xDD72,
  0xDD71, 0xD551, 0xD510, 0xD4EF, 0xCCAE, 0xC46D, 0xC42C, 0xBC0C, 0xBC0C, 0xBBEB, 0xBBEB, 0xBBEB,
  0xBBCB, 0xBBAA, 0xB38A, 0xB369, 0xAB49, 0xAB08, 0xAB08, 0xA308, 0xAB08, 0xAB08, 0xAB08, 0xA308,
  0xA2E7, 0xA2C7, 0xA2A7, 0x9AA6, 0x9AA6, 0x9AA6, 0x9AA7, 0xA2C7, 0xA2C7, 0xA2E7, 0xA2E7, 0xAB08,
  0xAB29, 0xAB69, 0xB38A, 0xB3AA, 0xB3AA, 0xB3AA, 0xB3AA, 0xB3AA, 0xB3AA, 0xB38A, 0xAB49, 0xAB28,
  0xAB08, 0xA308, 0xA308, 0xA308, 0xAB28, 0xAB28, 0xAB29, 0xAB28, 0xA328, 0xA328, 0xA308, 0xA308,
  0xA2E8, 0xA2E7, 0xA2C7, 0x9AC7, 0xA2C7, 0xA2C7, 0xA2E8, 0xA2E8, 0xA308, 0xA308, 0xA308, 0xA308,
  0xFF7B, 0xFF7B, 0xFF7B, 0xFF7B, 0xFF9B, 0xFF7B, 0xFF7B, 0xFF7B, 0xFF7B, 0xFF5A, 0xFF5A, 0xFF5A,
  0xFF7B, 0xFF5A, 0xFF7A, 0xFF7B, 0xFF7B, 0xFF5A, 0xFF3A, 0xFF3A, 0xFF5A, 0xFF5A, 0xFF5A, 0xFF5A,
  0xFF5A, 0xFF5A, 0xFF5A, 0xFF5A, 0xFF7B, 0xFF7B, 0xFF5A, 0xFF5A, 0xFF3A, 0xFF3A, 0xFF3A, 0xFF3A,
  0xFF3A, 0xFF5A, 0xFF7B, 0xFF7B, 0xFF5A, 0xFF5A, 0xFF3A, 0xFF3A, 0xFF3A, 0xFF39, 0xFF39, 0xFF3A,
  0xFF3A, 0xFF5A, 0xFF5A, 0xFF3A, 0xFF3A, 0xFF39, 0xFF19, 0xFF19, 0xFF19, 0xFF19, 0xFF19, 0xFF19,
  0xFF19, 0xFF19, 0xFEF9, 0xFEF9, 0xFF19, 0xFEF9, 0xFEF9, 0xFEF8, 0xFEF8, 0xFEF8, 0xFEF8, 0xFEF8,
  0xFEF8, 0xFEF8, 0xFEF8, 0xFEF8, 0xFED8, 0xFED8, 0xFEF8, 0xFEF8, 0xFED8, 0xFED8, 0xFED8, 0xFED8,
  0xFED8, 0xFED8, 0xFED8, 0xFED8, 0xFEB8, 0xFEB7, 0xF6B7, 0xFEB7, 0xFEB7, 0xFEB7, 0xF6B7, 0xF6B7,
  0xF6B7, 0xF697, 0xF697, 0xF697, 0xF697, 0xF696, 0xF696, 0xF696, 0xF676, 0xF676, 0xF676, 0xF676,
  0xF676, 0xF676, 0xF676, 0xF676, 0xF676, 0xF656, 0xF655, 0xF655, 0xEE35, 0xF635, 0xF635, 0xEE35,
  0xEE35, 0xEE35, 0xEE35, 0xEE35, 0xEE35, 0xEE15, 0xEE14, 0xEE14, 0xEE14, 0xEE14, 0xEE14, 0xEDF4,
  0xEDF4, 0xEDF4, 0xEDF4, 0xEDF4, 0xEDF4, 0xEDF4, 0xEDF4, 0xEDD4, 0xEDD3, 0xE5D3, 0xE5D3, 0xE5D3,
  0xE5D3, 0xE5B3, 0xE5D3, 0xE5B3, 0xE5B3, 0xE5B3, 0xE5B3, 0xE5B3, 0xE5B2, 0xE593, 0xE5B2, 0xE592,
  0xE592, 0xE592, 0xE5B2, 0xE592, 0xE5B2, 0xDDB2, 0xDDB2, 0xDDB2, 0xDD92, 0xDD92, 0xDD92, 0xDD72,
  0xDD72, 0xDD71, 0xD551, 0xD510, 0xD4CF, 0xCC8E, 0xC46D, 0xC42C, 0xC40C, 0xC40C, 0xBC0C, 0xBC0C,
  0xBBEB, 0xBBCB, 0xBBCB, 0xB38A, 0xB369, 0xB349, 0xAB28, 0xAB28, 0xAB28, 0xAB28, 0xAB28, 0xAB28,
  0xAB08, 0xA308, 0xA2E7, 0xA2C7, 0xA2A7, 0x9AA7, 0x9AA7, 0xA2C7, 0xA2C7, 0xA2E7, 0xA2E7, 0xAB08,
  0xAB28, 0xAB49, 0xB369, 0xB38A, 0xB3AA, 0xB3AA, 0xB3CB, 0xB3CB, 0xB3CA, 0xB3AA, 0xB38A, 0xB349,
  0xAB29, 0xAB28, 0xAB08, 0xAB28, 0xAB28, 0xAB28, 0xAB29, 0xAB29, 0xAB28, 0xAB28, 0xAB28, 0xAB08,
  0xA308, 0xA2E8, 0xA2E7, 0xA2C7, 0xA2C7, 0xA2C7, 0xA2E7, 0xA2E8, 0xA308, 0xA308, 0xA308, 0xA308,
  0xFF7B, 0xFF7B, 0xFF7B, 0xFF5A, 0xFF7B, 0xFF7B, 0xFF7B, 0xFF7B, 0xFF7B, 0xFF7B, 0xFF7B, 0xFF3A,
  0xFF5A, 0xFF5A, 0xFF5A, 0xFF5A, 0xFF7B, 0xFF5A, 0xFF3A, 0xFF39, 0xFF39, 0xFF39, 0xFF3A, 0xFF5A,
  0xFF5A, 0xFF5A, 0xFF5A, 0xFF5A, 0xFF7B, 0xFF5B, 0xFF7B, 0xFF9C, 0xFF9B, 0xFF7B, 0xFF5A, 0xFF5A,
  0xFF3A, 0xFF3A, 0xFF5A, 0xFF5A, 0xFF5A, 0xFF3A, 0xFF3A, 0xFF3A, 0xFF5A, 0xFF3A, 0xFF3A, 0xFF5A,
  0xFF5A, 0xFF7B, 0xFF7B, 0xFF7B, 0xFF5A, 0xFF3A, 0xFF19, 0xFF19, 0xFF19, 0xFF19, 0xFF19, 0xFF19,
  0xFF19, 0xFEF9, 0xFEF9, 0xFEF9, 0xFEF8, 0xFEF8, 0xFEF8, 0xFEF8, 0xFEF8, 0xFEF9, 0xFEF9, 0xFEF8,
  0xFEF8, 0xFEF8, 0xFEF8, 0xFED8, 0xFED8, 0xFED8, 0xFED8, 0xFED8, 0xFED8, 0xFED8, 0xFED8, 0xFED8,
  0xFED8, 0xFED8, 0xFED8, 0xFED8, 0xFEB7, 0xF6B7, 0xF6B7, 0xF6B7, 0xF6B7, 0xF6B7, 0xF6B7, 0xF697,
  0xF697, 0xF697, 0xF697, 0xF697, 0xF696, 0xF697, 0xF696, 0xF676, 0xF676, 0xF676, 0xF676, 0xF676,
  0xF676, 0xF676, 0xF676, 0xF676, 0xF656, 0xF655, 0xF655, 0xF635, 0xEE35, 0xF635, 0xF635, 0xEE35,
  0xEE35, 0xEE35, 0xEE35, 0xEE15, 0xEE15, 0xEE14, 0xEE14, 0xEE14, 0xEDF4, 0xEDF4, 0xEDF4, 0xEDF4,
  0xEDF4, 0xEDF4, 0xEDF4, 0xEDF4, 0xEDF4, 0xEDF4, 0xEDF3, 0xEDD3, 0xE5D3, 0xE5D3, 0xE5D3, 0xE5B3,
  0xE5B3, 0xE5B3, 0xE5B3, 0xE5B3, 0xE5B3, 0xE5B3, 0xE5B3, 0xE5B2, 0xE592, 0xE592, 0xE592, 0xE592,
  0xE592, 0xE592, 0xE592, 0xE592, 0xE592, 0xE592, 0xDD92, 0xDD92, 0xDD92, 0xDD92, 0xDD92, 0xDD92,
  0xDD72, 0xDD71, 0xDD51, 0xD530, 0xD510, 0xCCCF, 0xCCAE, 0xCC6D, 0xC44D, 0xC42C, 0xC42C, 0xC42C,
  0xC42C, 0xBC0C, 0xBBEB, 0xBBCB, 0xB3AA, 0xB389, 0xB349, 0xAB49, 0xAB28, 0xAB49, 0xAB49, 0xAB49,
  0xAB28, 0xAB28, 0xAB08, 0xA2E7, 0xA2C7, 0xA2C7, 0xA2C7, 0xA2C7, 0xA2E7, 0xA2E7, 0xA2E8, 0xAB08,
  0xAB08, 0xAB28, 0xB349, 0xB36A, 0xB3AA, 0xB3AA, 0xB3CA, 0xB3CB, 0xB3CB, 0xB3CA, 0xB3AA, 0xB38A,
  0xB369, 0xAB49, 0xAB28, 0xAB28, 0xAB28, 0xAB29, 0xAB49, 0xAB49, 0xAB29, 0xAB29, 0xAB29, 0xAB28,
  0xA328, 0xA308, 0xA2E8, 0xA2E7, 0xA2C7, 0xA2E7, 0xA2E7, 0xA2E8, 0xA308, 0xA308, 0xA308, 0xA308,
  0xFF5A, 0xFF7A, 0xFF7B, 0xFF5B, 0xFF5B, 0xFF7B, 0xFF7B, 0xFF5B, 0xFF7B, 0xFFBC, 0xFFBC, 0xFF9C,
  0xFF5A, 0xFF5A, 0xFF7B, 0xFF5A, 0xFF5A, 0xFF5A, 0xFF5B, 0xFF7B, 0xFF7B, 0xFF5A, 0xFF5A, 0xFF3A,
  0xFF3A, 0xFF5A, 0xFF5A, 0xFF5A, 0xFF3A, 0xFF5A, 0xFF5A, 0xFF7B, 0xFFBC, 0xFFBC, 0xFF9B, 0xFF7B,
  0xFF5A, 0xFF3A, 0xFF39, 0xFF39, 0xFF3A, 0xFF3A, 0xFF3A, 0xFF5A, 0xFF5A, 0xFF5A, 0xFF3A, 0xFF3A,
  0xFF5A, 0xFF5A, 0xFF5A, 0xFF7A, 0xFF5A, 0xFF3A, 0xFF19, 0xFF19, 0xFF19, 0xFF19, 0xFF19, 0xFEF9,
  0xFEF8, 0xFEF8, 0xFEF8, 0xFEF8, 0xFEF8, 0xFEF8, 0xFEF8, 0xFEF8, 0xFEF9, 0xFEF9, 0xFF19, 0xFEF9,
  0xFEF8, 0xFED8, 0xFED8, 0xFED8, 0xFED8, 0xFED8, 0xFED8, 0xFED8, 0xFED8, 0xFED8, 0xFED8, 0xFED8,
  0xFED8, 0xFED8, 0xFEB7, 0xF6B7, 0xFEB7, 0xF6B7, 0xF6B7, 0xF6B7, 0xF6B7, 0xF6B7, 0xF6B7, 0xF6B7,
  0xF697, 0xF697, 0xF697, 0xF697, 0xF697, 0xF696, 0xF696, 0xF676, 0xF676, 0xF676, 0xF676, 0xF676,
  0xF676, 0xF676, 0xF676, 0xF656, 0xF655, 0xF655, 0xEE35, 0xEE35, 0xEE35, 0xEE35, 0xEE35, 0xEE35,
  0xEE35, 0xEE35, 0xEE15, 0xEE14, 0xEE14, 0xEE14, 0xEE14, 0xEDF4, 0xEDF4, 0xEDF4, 0xEDF4, 0xEDF4,
  0xEDF4, 0xEDF4, 0xEDF4, 0xEDF4, 0xEDF4, 0xEDF4, 0xE5D3, 0xE5D3, 0xE5D3, 0xE5D3, 0xE5D3, 0xE5B3,
  0xE5B3, 0xE5B3, 0xE5B3, 0xE5B3, 0xE5B2, 0xE5B2, 0xE5B2, 0xE592, 0xE592, 0xE592, 0xE592, 0xE592,
  0xE592, 0xE592, 0xE592, 0xE592, 0xDD92, 0xE592, 0xDD92, 0xDD92, 0xDD92, 0xDD92, 0xDD92, 0xDD92,
  0xDD92, 0xDD72, 0xDD71, 0xDD51, 0xD530, 0xD4F0, 0xD4CF, 0xCCAE, 0xCC6D, 0xC44D, 0xC44D, 0xC44D,
  0xC44C, 0xC42C, 0xC40C, 0xBBEB, 0xBBCB, 0xBBAA, 0xB38A, 0xB369, 0xB349, 0xB349, 0xB349, 0xB349,
  0xB349, 0xAB49, 0xAB28, 0xAB28, 0xAB08, 0xA2E7, 0xA2E7, 0xA2C7, 0xA2E7, 0xA2E7, 0xA308, 0xAB08,
  0xAB08, 0xAB28, 0xAB49, 0xB369, 0xB38A, 0xB3AA, 0xB3CA, 0xBBCB, 0xBBCB, 0xBBCB, 0xB3AB, 0xB3AA,
  0xB38A, 0xB369, 0xAB49, 0xAB28, 0xAB28, 0xAB49, 0xAB49, 0xAB49, 0xAB49, 0xAB49, 0xAB49, 0xAB29,
  0xAB28, 0xAB08, 0xA308, 0xA2E8, 0xA2E7, 0xA2E7, 0xA2E7, 0xA2E8, 0xA308, 0xA308, 0xA308, 0xA328,
  0xFF39, 0xFF39, 0xFF5A, 0xFF7A, 0xFF7B, 0xFF7B, 0xFF7B, 0xFF7A, 0xFF7B, 0xFF7A, 0xFF7B, 0xFF9B,
  0xFF7A, 0xFF5A, 0xFF7B, 0xFF7A, 0xFF5A, 0xFF7B, 0xFF9B, 0xFF9C, 0xFFDC, 0xFFBC, 0xFFBC, 0xFF9B,
  0xFF5A, 0xFF5A, 0xFF5A, 0xFF5A, 0xFF5A, 0xFF5A, 0xFF39, 0xFF39, 0xFF5A, 0xFF7B, 0xFF9B, 0xFF7B,
  0xFF5A, 0xFF39, 0xFF39, 0xFF39, 0xFF3A, 0xFF3A, 0xFF3A, 0xFF3A, 0xFF5A, 0xFF7A, 0xFF5A, 0xFF3A,
  0xFF19, 0xFF19, 0xFF19, 0xFF39, 0xFF19, 0xFF19, 0xFF19, 0xFF19, 0xFF19, 0xFEF9, 0xFEF9, 0xFEF8,
  0xFEF8, 0xFEF9, 0xFEF9, 0xFF19, 0xFF19, 0xFEF9, 0xFEF8, 0xFEF8, 0xFEF8, 0xFEF9, 0xFEF9, 0xFEF8,
  0xFEF8, 0xFEF8, 0xFED8, 0xFED8, 0xFED8, 0xFED8, 0xFEB7, 0xFEB7, 0xFEB7, 0xFED8, 0xFED8, 0xFED8,
  0xFED8, 0xFED8, 0xFEB7, 0xF6B7, 0xFEB7, 0xF697, 0xF6B7, 0xF6B7, 0xF6B7, 0xF6B7, 0xF6B7, 0xF697,
  0xF697, 0xF697, 0xF697, 0xF697, 0xF697, 0xF696, 0xF676, 0xF676, 0xF676, 0xF676, 0xF676, 0xF676,
  0xF676, 0xF656, 0xF656, 0xF655, 0xEE55, 0xEE35, 0xEE35, 0xEE35, 0xEE35, 0xEE35, 0xEE35, 0xEE35,
  0xEE35, 0xEE15, 0xEE14, 0xEE14, 0xEE14, 0xEE14, 0xEE14, 0xEDF4, 0xEDF4, 0xEDF4, 0xEDF4, 0xEDF4,
  0xEDF4, 0xEDF4, 0xEDF4, 0xEDD4, 0xE5F3, 0xE5D3, 0xE5D3, 0xE5D3, 0xE5D3, 0xE5B3, 0xE5B3, 0xE5B3,
  0xE5B3, 0xE5B3, 0xE5B3, 0xE5B3, 0xE5B2, 0xE5B2, 0xE5B2, 0xE592, 0xE592, 0xE592, 0xE592, 0xE592,
  0xE592, 0xE592, 0xE592, 0xE592, 0xE592, 0xE592, 0xDD92, 0xDD92, 0xDD92, 0xDD92, 0xDD92, 0xDD92,
  0xDD92, 0xDD72, 0xDD71, 0xDD71, 0xD551, 0xD530, 0xD4EF, 0xCCCF, 0xCCAE, 0xCC6D, 0xCC6D, 0xCC6D,
  0xC44D, 0xC44D, 0xC44C, 0xC42C, 0xBC0B, 0xBBEB, 0xBBAA, 0xB38A, 0xB389, 0xB369, 0xB369, 0xB369,
  0xB369, 0xB369, 0xB369, 0xAB49, 0xAB28, 0xAB08, 0xAB07, 0xAAE7, 0xA2E7, 0xA308, 0xAB08, 0xAB28,
  0xAB28, 0xAB28, 0xAB28, 0xB369, 0xB369, 0xB3AA, 0xB3AA, 0xB3CA, 0xBBCB, 0xBBCB, 0xBBCB, 0xB3AA,
  0xB3AA, 0xB38A, 0xB349, 0xAB49, 0xAB49, 0xAB49, 0xAB49, 0xAB49, 0xAB69, 0xAB69, 0xAB49, 0xAB49,
  0xAB49, 0xAB28, 0xAB08, 0xA308, 0xA2E8, 0xA2E7, 0xA2E8, 0xA2E8, 0xA308, 0xA308, 0xA308, 0xAB28,
  0xFF5A, 0xFF5A, 0xFF3A, 0xFF5A, 0xFF7B, 0xFF5A, 0xFF5A, 0xFF7A, 0xFF7B, 0xFF7A, 0xFF5A, 0xFF5A,
  0xFF5A, 0xFF5A, 0xFF5A, 0xFF5A, 0xFF5A, 0xFF5A, 0xFF7B, 0xFF5B, 0xFF7B, 0xFF9B, 0xFF9C, 0xFFBC,
  0xFF7B, 0xFF5A, 0xFF5A, 0xFF5A, 0xFF5A, 0xFF3A, 0xFF3A, 0xFF39, 0xFF39, 0xFF39, 0xFF3A, 0xFF5A,
  0xFF5A, 0xFF39, 0xFF39, 0xFF39, 0xFF3A, 0xFF39, 0xFF39, 0xFF19, 0xFF39, 0xFF5A, 0xFF5A, 0xFF5A,
  0xFF39, 0xFF19, 0xFF19, 0xFF19, 0xFF19, 0xFF19, 0xFF19, 0xFF19, 0xFF19, 0xFF19, 0xFF19, 0xFF19,
  0xFF19, 0xFF19, 0xFF19, 0xFF19, 0xFF39, 0xFF39, 0xFF19, 0xFEF8, 0xFEF8, 0xFED8, 0xFEF8, 0xFED8,
  0xFED8, 0xFEF8, 0xFED8, 0xFED8, 0xFED8, 0xFED7, 0xFEB7, 0xFEB7, 0xFEB7, 0xFEB7, 0xFED8, 0xFED8,
  0xFED8, 0xFED8, 0xFED7, 0xF6B7, 0xF6B7, 0xF6B7, 0xF6B7, 0xF6B7, 0xF6B7, 0xF6B7, 0xF697, 0xF697,
  0xF696, 0xF676, 0xF696, 0xF676, 0xF676, 0xF676, 0xF676, 0xF676, 0xF676, 0xF656, 0xF656, 0xF656,
  0xF655, 0xF655, 0xF655, 0xEE35, 0xEE35, 0xEE35, 0xEE35, 0xEE35, 0xEE35, 0xEE35, 0xEE35, 0xEE35,
  0xEE14, 0xEE14, 0xEE14, 0xEE14, 0xEE14, 0xEDF4, 0xEDF4, 0xEDF4, 0xEDF4, 0xEDF4, 0xEDF4, 0xEDF3,
  0xEDF3, 0xE5F4, 0xE5D3, 0xE5D3, 0xE5D3, 0xE5D3, 0xE5D3, 0xE5B3, 0xE5B3, 0xE5B3, 0xE5B3, 0xE5B3,
  0xE5B2, 0xE5B2, 0xE5B2, 0xE5B2, 0xE5B2, 0xE5B2, 0xE592, 0xE592, 0xE592, 0xE592, 0xE592, 0xDD92,
  0xDD92, 0xE592, 0xDD92, 0xDD92, 0xDD92, 0xDD92, 0xDD92, 0xDD92, 0xDD92, 0xDD92, 0xDD92, 0xDD92,
  0xDD92, 0xDD72, 0xDD71, 0xDD71, 0xDD51, 0xD530, 0xD510, 0xD4EF, 0xCCCF, 0xCCAE, 0xCC8D, 0xCC8D,
  0xCC8D, 0xCC6D, 0xC46D, 0xC44D, 0xC42C, 0xC40C, 0xBBEB, 0xBBCB, 0xBBAA, 0xB38A, 0xB38A, 0xB389,
  0xB38A, 0xB38A, 0xB38A, 0xB369, 0xB369, 0xAB49, 0xAB28, 0xAB08, 0xAB08, 0xAB08, 0xAB08, 0xAB28,
  0xAB28, 0xAB28, 0xAB28, 0xB349, 0xB369, 0xB38A, 0xB3AA, 0xBBCA, 0xBBCB, 0xBBCB, 0xBBCB, 0xBBCB,
  0xBBAA, 0xB3AA, 0xB38A, 0xB369, 0xB349, 0xB349, 0xB349, 0xB369, 0xB369, 0xB369, 0xB369, 0xAB49,
  0xAB49, 0xAB49, 0xAB29, 0xAB08, 0xA308, 0xA2E8, 0xA2E8, 0xA2E8, 0xA308, 0xA308, 0xA328, 0xAB28,
  0xFF5A, 0xFF7B, 0xFF7B, 0xFF7B, 0xFF7B, 0xFF7A, 0xFF5A, 0xFF5A, 0xFF5A, 0xFF5A, 0xFF5A, 0xFF5A,
  0xFF7A, 0xFF9B, 0xFFBC, 0xFFBC, 0xFF9B, 0xFF7A, 0xFF5A, 0xFF3A, 0xFF3A, 0xFF3A, 0xFF5A, 0xFF5A,
  0xFF5A, 0xFF5A, 0xFF5A, 0xFF5A, 0xFF3A, 0xFF39, 0xFF39, 0xFF39, 0xFF39, 0xFF39, 0xFF39, 0xFF3A,
  0xFF3A, 0xFF39, 0xFF39, 0xFF3A, 0xFF3A, 0xFF5A, 0xFF39, 0xFF19, 0xFF19, 0xFF19, 0xFF19, 0xFF39,
  0xFF19, 0xFF19, 0xFF19, 0xFF19, 0xFF19, 0xFEF9, 0xFF19, 0xFF19, 0xFF3A, 0xFF3A, 0xFF3A, 0xFF3A,
  0xFF39, 0xFF19, 0xFF19, 0xFF19, 0xFF19, 0xFF19, 0xFF19, 0xFEF9, 0xFEF8, 0xFED8, 0xFED8, 0xFEF8,
  0xFEF8, 0xFEF8, 0xFED8, 0xFED8, 0xFED8, 0xFED7, 0xFEB7, 0xFED7, 0xFEB7, 0xFEB7, 0xFEB7, 0xFEB7,
  0xFEB7, 0xFEB7, 0xFEB7, 0xFEB7, 0xF6B7, 0xF6B7, 0xF6B7, 0xF6B7, 0xF697, 0xF697, 0xF696, 0xF676,
  0xF676, 0xF676, 0xF676, 0xF676, 0xF676, 0xF676, 0xF676, 0xF655, 0xF656, 0xF656, 0xF656, 0xF655,
  0xF655, 0xF655, 0xF635, 0xF635, 0xEE35, 0xEE35, 0xEE35, 0xEE35, 0xEE35, 0xEE35, 0xEE35, 0xEE14,
  0xEE14, 0xEE14, 0xEE14, 0xEE14, 0xEE14, 0xEDF4, 0xEDF4, 0xEDF4, 0xEDF4, 0xEDF3, 0xEDF3, 0xEDD3,
  0xEDD3, 0xE5D3, 0xE5D3, 0xE5D3, 0xE5D3, 0xE5D3, 0xE5D3, 0xE5D3, 0xE5D3, 0xE5B3, 0xE5B3, 0xE5B3,
  0xE5B2, 0xE5B2, 0xE5B2, 0xE5B2, 0xE5B2, 0xE592, 0xE592, 0xE592, 0xE592, 0xE592, 0xDD92, 0xDD92,
  0xDD92, 0xDD72, 0xDD72, 0xDD72, 0xDD72, 0xDD72, 0xDD72, 0xDD72, 0xDD71, 0xDD72, 0xDD72, 0xDD72,
  0xDD71, 0xDD72, 0xDD71, 0xDD71, 0xDD51, 0xDD51, 0xD530, 0xD510, 0xD4EF, 0xD4CE, 0xCCAE, 0xCC8E,
  0xCC8E, 0xCC8E, 0xCC8D, 0xCC6D, 0xC44D, 0xC44C, 0xC42C, 0xC40B, 0xBBCB, 0xBBCA, 0xBBAA, 0xBBAA,
  0xB3AA, 0xB3AA, 0xBBAA, 0xBBAA, 0xB38A, 0xB369, 0xB349, 0xAB28, 0xAB28, 0xAB08, 0xAB28, 0xAB28,
  0xB348, 0xB349, 0xB349, 0xB349, 0xB369, 0xB389, 0xB3AA, 0xBBAA, 0xBBCB, 0xBBCB, 0xBBEB, 0xBBEB,
  0xBBCB, 0xBBCA, 0xBBAA, 0xB38A, 0xB369, 0xB369, 0xB369, 0xB369, 0xB369, 0xB369, 0xB38A, 0xB369,
  0xB369, 0xAB69, 0xAB49, 0xAB29, 0xAB08, 0xAB08, 0xA2E8, 0xAB08, 0xAB08, 0xAB08, 0xAB28, 0xAB28,
  0xFF7B, 0xFF5A, 0xFF5A, 0xFF7B, 0xFF7B, 0xFF5A, 0xFF3A, 0xFF3A, 0xFF3A, 0xFF3A, 0xFF39, 0xFF3A,
  0xFF7A, 0xFF5A, 0xFF5A, 0xFF7B, 0xFF7B, 0xFF5A, 0xFF5A, 0xFF5A, 0xFF5A, 0xFF3A, 0xFF39, 0xFF39,
  0xFF39, 0xFF3A, 0xFF5A, 0xFF5A, 0xFF3A, 0xFF3A, 0xFF3A, 0xFF3A, 0xFF39, 0xFF3A, 0xFF39, 0xFF39,
  0xFF39, 0xFF19, 0xFF39, 0xFF3A, 0xFF5A, 0xFF5A, 0xFF5A, 0xFF39, 0xFEF9, 0xFEF9, 0xFEF9, 0xFF19,
  0xFEF9, 0xFF19, 0xFEF8, 0xFEF8, 0xFEF8, 0xFF19, 0xFF39, 0xFF3A, 0xFF3A, 0xFF3A, 0xFF39, 0xFF19,
  0xFEF9, 0xFEF8, 0xFEF8, 0xFEF8, 0xFEF8, 0xFEF8, 0xFEF8, 0xFEF8, 0xFEF8, 0xFEF8, 0xFED8, 0xFED8,
  0xFED8, 0xFED8, 0xFED8, 0xFED8, 0xFED8, 0xFED8, 0xFED8, 0xFED8, 0xFED8, 0xFEB7, 0xFEB7, 0xF6B7,
  0xF6B7, 0xF6B7, 0xF6B7, 0xF697, 0xF697, 0xF697, 0xF6B7, 0xF6B7, 0xF697, 0xF696, 0xF676, 0xF676,
  0xF676, 0xF656, 0xF656, 0xF656, 0xF656, 0xF656, 0xF656, 0xF656, 0xF656, 0xF656, 0xF656, 0xF655,
  0xF655, 0xF635, 0xF635, 0xEE35, 0xEE35, 0xEE35, 0xEE35, 0xEE35, 0xEE35, 0xEE35, 0xEE14, 0xEE14,
  0xEE14, 0xEE14, 0xEE14, 0xEE14, 0xEDF4, 0xEDF4, 0xEDF4, 0xEDF3, 0xEDF3, 0xE5F3, 0xEDD3, 0xEDD3,
  0xEDD3, 0xE5D3, 0xE5D3, 0xE5D3, 0xE5D3, 0xE5B3, 0xE5B3, 0xE5B3, 0xE5B3, 0xE5B3, 0xE5B3, 0xE5B2,
  0xE5B2, 0xE5B2, 0xE592, 0xE5B2, 0xE592, 0xE592, 0xE592, 0xDD92, 0xE592, 0xDD92, 0xDD92, 0xDD92,
  0xDD72, 0xDD72, 0xDD71, 0xDD71, 0xDD71, 0xDD71, 0xDD71, 0xDD71, 0xDD71, 0xDD71, 0xDD71, 0xDD71,
  0xDD71, 0xDD71, 0xDD71, 0xDD71, 0xDD51, 0xDD51, 0xDD51, 0xD530, 0xD510, 0xD4EF, 0xCCCE, 0xCCAE,
  0xCCAE, 0xCCAE, 0xCCAE, 0xCC8E, 0xCC6D, 0xCC6D, 0xC44C, 0xC42C, 0xC40B, 0xBBEB, 0xBBCA, 0xBBCA,
  0xBBCA, 0xBBCA, 0xBBCA, 0xBBCA, 0xBBAA, 0xBB8A, 0xB38A, 0xB369, 0xB349, 0xAB28, 0xAB28, 0xAB48,
  0xB349, 0xB349, 0xB349, 0xB369, 0xB369, 0xB369, 0xB38A, 0xBBAA, 0xBBCA, 0xBBCB, 0xBBEB, 0xBBEB,
  0xBBEB, 0xBBCB, 0xBBCA, 0xB3AA, 0xB38A, 0xB369, 0xB369, 0xB369, 0xB369, 0xB38A, 0xB38A, 0xB38A,
  0xB38A, 0xB389, 0xB369, 0xAB49, 0xAB28, 0xAB28, 0xAB08, 0xAB08, 0xAB08, 0xAB08, 0xAB28, 0xAB28,
  0xFF5A, 0xFF5A, 0xFF3A, 0xFF5A, 0xFF5A, 0xFF5A, 0xFF7B, 0xFF5A, 0xFF39, 0xFF39, 0xFF3A, 0xFF3A,
  0xFF7A, 0xFF5A, 0xFF39, 0xFF3A, 0xFF5A, 0xFF5A, 0xFF5A, 0xFF5A, 0xFF39, 0xFF19, 0xFF39, 0xFF39,
  0xFF39, 0xFF3A, 0xFF5A, 0xFF5A, 0xFF3A, 0xFF39, 0xFF3A, 0xFF3A, 0xFF39, 0xFF39, 0xFF39, 0xFF19,
  0xFF39, 0xFF39, 0xFF39, 0xFF39, 0xFF3A, 0xFF5A, 0xFF5A, 0xFF5A, 0xFF19, 0xFF19, 0xFEF8, 0xFEF8,
  0xFEF8, 0xFEF8, 0xFEF8, 0xFEF8, 0xFEF8, 0xFF19, 0xFF19, 0xFF19, 0xFEF8, 0xFEF8, 0xFEF8, 0xFED8,
  0xFED8, 0xFED8, 0xFED8, 0xFED8, 0xFED8, 0xFED8, 0xFED8, 0xFED8, 0xFEF8, 0xFEF8, 0xFEF8, 0xFED8,
  0xFED7, 0xFED7, 0xFED8, 0xFED8, 0xFEF8, 0xFEF8, 0xFED8, 0xFED8, 0xFED7, 0xFEB7, 0xF6D7, 0xF6B7,
  0xF6B7, 0xF697, 0xF696, 0xF696, 0xF696, 0xF696, 0xF697, 0xF696, 0xF696, 0xF676, 0xF676, 0xF676,
  0xF676, 0xF655, 0xF655, 0xF655, 0xF655, 0xF655, 0xF655, 0xF656, 0xF655, 0xF655, 0xF655, 0xF635,
  0xEE35, 0xEE35, 0xEE35, 0xEE35, 0xEE35, 0xEE35, 0xEE35, 0xEE35, 0xEE34, 0xEE14, 0xEE14, 0xEE14,
  0xEE14, 0xEDF4, 0xEDF4, 0xEDF4, 0xEDF4, 0xEDF4, 0xEDF3, 0xEDD3, 0xEDD3, 0xEDD3, 0xE5D3, 0xE5D3,
  0xE5D3, 0xE5D3, 0xE5D3, 0xE5D3, 0xE5B3, 0xE5B3, 0xE5B3, 0xE5B3, 0xE5B3, 0xE5B2, 0xE5B2, 0xE5B2,
  0xE5B2, 0xE592, 0xE592, 0xE592, 0xE592, 0xE592, 0xE592, 0xDD92, 0xDD92, 0xDD92, 0xDD92, 0xDD72,
  0xDD72, 0xDD72, 0xDD71, 0xDD71, 0xDD71, 0xDD71, 0xDD71, 0xDD71, 0xDD71, 0xDD71, 0xDD71, 0xDD71,
  0xDD71, 0xDD71, 0xDD71, 0xDD51, 0xDD71, 0xDD51, 0xDD51, 0xDD51, 0xD530, 0xD510, 0xD4EF, 0xCCCF,
  0xCCAE, 0xCCAE, 0xCCAE, 0xCCAE, 0xCCAE, 0xCC8D, 0xCC6D, 0xC44D, 0xC42C, 0xC40C, 0xC40B, 0xBBEB,
  0xBBCB, 0xBBCB, 0xBBCB, 0xBBCB, 0xBBCB, 0xBBCA, 0xBBAA, 0xB38A, 0xB389, 0xB369, 0xB349, 0xB349,
  0xB349, 0xB369, 0xB369, 0xB369, 0xB369, 0xB389, 0xB38A, 0xBBAA, 0xBBAA, 0xBBCB, 0xBBEB, 0xBBEB,
  0xBBEB, 0xBBEB, 0xBBCB, 0xBBCA, 0xB3AA, 0xB38A, 0xB389, 0xB389, 0xB389, 0xB38A, 0xB38A, 0xB38A,
  0xB38A, 0xB38A, 0xB389, 0xB369, 0xAB49, 0xAB28, 0xAB28, 0xAB28, 0xAB08, 0xAB28, 0xAB28, 0xAB29,
  0xFF9B, 0xFF7B, 0xFF3A, 0xFF3A, 0xFF5A, 0xFF5A, 0xFF9B, 0xFFBC, 0xFF7B, 0xFF5A, 0xFF5A, 0xFF5A,
  0xFF5A, 0xFF7A, 0xFF3A, 0xFF3A, 0xFF3A, 0xFF5A, 0xFF5A, 0xFF39, 0xFF19, 0xFF19, 0xFF19, 0xFF39,
  0xFF39, 0xFF3A, 0xFF5A, 0xFF3A, 0xFF39, 0xFF39, 0xFF39, 0xFF19, 0xFF39, 0xFF3A, 0xFF39, 0xFF39,
  0xFF39, 0xFF39, 0xFF19, 0xFF19, 0xFF19, 0xFF19, 0xFF39, 0xFF5A, 0xFF5A, 0xFF5A, 0xFF19, 0xFEF9,
  0xFEF9, 0xFEF9, 0xFEF8, 0xFEF8, 0xFEF8, 0xFEF9, 0xFEF9, 0xFEF8, 0xFEF8, 0xFEF8, 0xFEF8, 0xFEF8,
  0xFEF8, 0xFED8, 0xFED8, 0xFED8, 0xFED7, 0xFED7, 0xFED8, 0xFED8, 0xFEF8, 0xFEF8, 0xFED8, 0xFEB7,
  0xFEB7, 0xFED7, 0xFED8, 0xFED8, 0xFED8, 0xFED8, 0xF6B7, 0xFEB7, 0xFEB7, 0xFEB7, 0xF6B7, 0xF6B7,
  0xF6B7, 0xF697, 0xF696, 0xF676, 0xF676, 0xF696, 0xF676, 0xF676, 0xF676, 0xF676, 0xF676, 0xF676,
  0xF656, 0xF655, 0xF655, 0xF655, 0xF655, 0xF655, 0xF655, 0xF655, 0xF655, 0xF635, 0xF635, 0xEE35,
  0xEE35, 0xEE15, 0xEE35, 0xEE35, 0xEE35, 0xEE35, 0xEE15, 0xEE14, 0xEE14, 0xEE14, 0xEDF4, 0xEDF4,
  0xEDF4, 0xEDF4, 0xEDF4, 0xEDF4, 0xEDF3, 0xEDF3, 0xEDD3, 0xEDD3, 0xE5D3, 0xE5D3, 0xE5D3, 0xE5D3,
  0xE5D3, 0xE5B3, 0xE5B3, 0xE5B3, 0xE5B3, 0xE5B3, 0xE5B2, 0xE5B2, 0xE5B2, 0xE592, 0xE592, 0xE592,
  0xE592, 0xE592, 0xE592, 0xE592, 0xE592, 0xE592, 0xDD92, 0xDD92, 0xDD72, 0xDD72, 0xDD72, 0xDD71,
  0xDD71, 0xDD71, 0xDD71, 0xDD51, 0xDD51, 0xDD51, 0xDD51, 0xDD51, 0xDD71, 0xDD51, 0xDD51, 0xDD51,
  0xDD51, 0xDD51, 0xDD51, 0xDD51, 0xDD51, 0xDD51, 0xDD51, 0xDD51, 0xD530, 0xD530, 0xD50F, 0xD4EF,
  0xD4CF, 0xCCCF, 0xCCCE, 0xCCCE, 0xCCAE, 0xCCAE, 0xCC8E, 0xCC8D, 0xC46D, 0xC44C, 0xC42C, 0xC40B,
  0xC3EB, 0xC3EB, 0xBBEB, 0xBBEB, 0xBBEB, 0xBBEB, 0xBBCB, 0xBBCA, 0xB3AA, 0xB389, 0xB369, 0xB369,
  0xB369, 0xB369, 0xB389, 0xB38A, 0xB38A, 0xB38A, 0xB38A, 0xBBAA, 0xBBAA, 0xBBCA, 0xBBCB, 0xBBEB,
  0xBBEB, 0xBBEB, 0xBBEB, 0xBBCB, 0xBBAA, 0xBBAA, 0xB38A, 0xB38A, 0xB38A, 0xB38A, 0xB3AA, 0xB3AA,
  0xB3AA, 0xB3AA, 0xB38A, 0xB389, 0xB369, 0xAB49, 0xAB28, 0xAB28, 0xAB28, 0xAB28, 0xAB28, 0xAB49,
  0xFF7B, 0xFFBC, 0xFF7B, 0xFF3A, 0xFF5A, 0xFF5A, 0xFF5A, 0xFF5A, 0xFF7A, 0xFF5A, 0xFF7B, 0xFF7B,
  0xFF7A, 0xFF5A, 0xFF39, 0xFF39, 0xFF3A, 0xFF3A, 0xFF39, 0xFF19, 0xFF19, 0xFF19, 0xFF19, 0xFF19,
  0xFF19, 0xFF39, 0xFF39, 0xFF3A, 0xFF5A, 0xFF5B, 0xFF5A, 0xFF5A, 0xFF7A, 0xFF9B, 0xFF5A, 0xFF39,
  0xFF39, 0xFF19, 0xFEF8, 0xFEF8, 0xFEF8, 0xFEF8, 0xFF19, 0xFF39, 0xFF5A, 0xFF7A, 0xFF5A, 0xFF39,
  0xFF19, 0xFF39, 0xFF39, 0xFF19, 0xFF19, 0xFEF8, 0xFEF8, 0xFEF8, 0xFEF8, 0xFEF8, 0xFF19, 0xFEF8,
  0xFED8, 0xFED8, 0xFED8, 0xFED8, 0xFEB7, 0xFED8, 0xFED8, 0xFED8, 0xFED8, 0xF6D7, 0xFEB7, 0xFEB7,
  0xFEB7, 0xFEB7, 0xFEB7, 0xFEB7, 0xF6B7, 0xF6B7, 0xF6B7, 0xF697, 0xF697, 0xF6B7, 0xF697, 0xF697,
  0xF696, 0xF696, 0xF696, 0xF676, 0xF676, 0xF676, 0xF696, 0xF696, 0xF696, 0xF696, 0xF696, 0xF676,
  0xF656, 0xF655, 0xF655, 0xF655, 0xF655, 0xF635, 0xF635, 0xF635, 0xF635, 0xEE35, 0xEE14, 0xEE14,
  0xEE14, 0xEE14, 0xEE14, 0xEE14, 0xEE14, 0xEE14, 0xEE14, 0xEE14, 0xEDF4, 0xEDF4, 0xEDF4, 0xEDF4,
  0xEDF3, 0xEDF4, 0xEDF4, 0xEDF3, 0xEDF3, 0xEDD3, 0xEDD3, 0xE5D3, 0xE5D3, 0xE5D3, 0xE5D3, 0xE5D3,
  0xE5B3, 0xE5B3, 0xE5B2, 0xE5B2, 0xE5B2, 0xE592, 0xE592, 0xE592, 0xE592, 0xE592, 0xE592, 0xE592,
  0xE592, 0xE592, 0xDD92, 0xDD92, 0xDD72, 0xDD72, 0xDD72, 0xDD72, 0xDD71, 0xDD71, 0xDD71, 0xDD71,
  0xDD51, 0xDD51, 0xDD51, 0xDD51, 0xDD51, 0xDD51, 0xDD51, 0xDD51, 0xDD51, 0xDD51, 0xDD51, 0xDD51,
  0xDD51, 0xDD51, 0xDD51, 0xDD51, 0xDD51, 0xDD51, 0xDD51, 0xD551, 0xDD50, 0xD530, 0xD510, 0xD50F,
  0xD4EF, 0xD4CF, 0xD4CF, 0xCCCF, 0xCCCF, 0xCCCE, 0xCCAE, 0xCC8E, 0xCC8D, 0xCC6D, 0xC44C, 0xC42C,
  0xC40C, 0xC40B, 0xC40B, 0xC40B, 0xC40B, 0xBC0B, 0xBC0B, 0xBBEB, 0xBBCB, 0xBBAA, 0xBBAA, 0xB389,
  0xB389, 0xB389, 0xB38A, 0xBB8A, 0xB3AA, 0xBBAA, 0xBBAA, 0xBBAA, 0xBBCA, 0xBBCA, 0xBBCB, 0xBBEB,
  0xBBEB, 0xBBEB, 0xBBEB, 0xBBEB, 0xBBCB, 0xBBCA, 0xBBAA, 0xB3AA, 0xB3AA, 0xB3AA, 0xB3AA, 0xB3AA,
  0xBBAA, 0xB3AA, 0xB3AA, 0xB38A, 0xB389, 0xB369, 0xB349, 0xB349, 0xAB28, 0xAB28, 0xAB49, 0xAB49,
  0xFF39, 0xFF5A, 0xFF7B, 0xFF5A, 0xFF5A, 0xFF3A, 0xFF39, 0xFF5A, 0xFF3A, 0xFF3A, 0xFF39, 0xFF39,
  0xFF5A, 0xFF9B, 0xFF7B, 0xFF3A, 0xFF19, 0xFF39, 0xFF19, 0xFF19, 0xFF19, 0xFF19, 0xFF39, 0xFF19,
  0xFF19, 0xFF19, 0xFF19, 0xFF39, 0xFF5A, 0xFF7B, 0xFF7B, 0xFF5A, 0xFF5A, 0xFF5A, 0xFF3A, 0xFF19,
  0xFF39, 0xFF19, 0xFEF8, 0xFEF8, 0xFEF8, 0xFEF8, 0xFEF8, 0xFEF8, 0xFEF9, 0xFF19, 0xFF39, 0xFF19,
  0xFF19, 0xFF3A, 0xFF3A, 0xFF39, 0xFF19, 0xFEF8, 0xFED8, 0xFED8, 0xFEF8, 0xFEF8, 0xFEF8, 0xFEF8,
  0xFEB7, 0xFEB7, 0xFEB7, 0xFEB7, 0xFED7, 0xFED8, 0xFED8, 0xFED7, 0xFEB7, 0xF6B7, 0xFEB7, 0xFEB7,
  0xFEB7, 0xF6B7, 0xF697, 0xF697, 0xF697, 0xF697, 0xF697, 0xF696, 0xF696, 0xF696, 0xF696, 0xF696,
  0xF676, 0xF676, 0xF676, 0xF676, 0xF676, 0xF676, 0xF676, 0xF676, 0xF676, 0xF676, 0xF676, 0xF656,
  0xF655, 0xF655, 0xF655, 0xF655, 0xF655, 0xF635, 0xF635, 0xEE35, 0xEE35, 0xEE14, 0xEE14, 0xEE14,
  0xEE14, 0xEE14, 0xEE14, 0xEE14, 0xEE14, 0xEE14, 0xEDF4, 0xEDF4, 0xEDF3, 0xEDF3, 0xEDF3, 0xEDF3,
  0xEDF3, 0xEDF3, 0xEDF3, 0xE5F3, 0xE5D3, 0xE5D3, 0xE5D3, 0xE5D3, 0xE5D3, 0xE5B3, 0xE5B3, 0xE5B2,
  0xE5B2, 0xE592, 0xE592, 0xE592, 0xE592, 0xE592, 0xE592, 0xE592, 0xE572, 0xDD72, 0xDD72, 0xDD72,
  0xDD72, 0xDD72, 0xDD72, 0xDD72, 0xDD71, 0xDD71, 0xDD71, 0xDD51, 0xDD51, 0xDD51, 0xDD51, 0xDD51,
  0xDD51, 0xDD51, 0xDD51, 0xDD51, 0xDD51, 0xDD51, 0xDD31, 0xDD51, 0xDD31, 0xDD51, 0xDD51, 0xDD51,
  0xDD51, 0xDD51, 0xDD51, 0xD551, 0xDD51, 0xDD51, 0xD551, 0xD551, 0xD551, 0xD530, 0xD530, 0xD510,
  0xD50F, 0xD4EF, 0xD4CF, 0xCCCF, 0xCCCF, 0xCCCF, 0xCCCF, 0xCCAE, 0xCC8E, 0xCC8D, 0xCC6D, 0xC44C,
  0xC42C, 0xC42C, 0xC40C, 0xC40C, 0xC40C, 0xC40C, 0xC40C, 0xBC0B, 0xBBEB, 0xBBCB, 0xBBCA, 0xBBAA,
  0xBBAA, 0xB38A, 0xBBAA, 0xBBAA, 0xBBAA, 0xBBAA, 0xBBAA, 0xBBAA, 0xBBCA, 0xBBCA, 0xBBCB, 0xBBEB,
  0xBBEB, 0xBBEB, 0xBBEB, 0xBBEB, 0xBBEB, 0xBBCB, 0xBBCA, 0xBBAA, 0xBBAA, 0xBBAA, 0xBBAA, 0xBBAA,
  0xBBCA, 0xBBAA, 0xBBAA, 0xB3AA, 0xB3AA, 0xB389, 0xB369, 0xB349, 0xB349, 0xB349, 0xB349, 0xAB49,
  0xFF7B, 0xFF5A, 0xFF5A, 0xFF7A, 0xFF5A, 0xFF5A, 0xFF19, 0xFF19, 0xFF3A, 0xFF39, 0xFF19, 0xFF19,
  0xFF19, 0xFF39, 0xFF7A, 0xFF5A, 0xFF39, 0xFEF8, 0xFF19, 0xFF5A, 0xFF5A, 0xFF3A, 0xFF5A, 0xFF39,
  0xFF19, 0xFF19, 0xFF19, 0xFF19, 0xFF19, 0xFF19, 0xFF19, 0xFF19, 0xFEF8, 0xFEF8, 0xFEF8, 0xFF19,
  0xFF19, 0xFF19, 0xFF3A, 0xFF5A, 0xFF5A, 0xFF39, 0xFEF8, 0xFEF8, 0xFEF8, 0xFEF8, 0xFEF8, 0xFEF8,
  0xFEF8, 0xFEF8, 0xFEF8, 0xFEF8, 0xFEF8, 0xFED8, 0xFED8, 0xFED8, 0xFED8, 0xFED8, 0xFED8, 0xFED7,
  0xFED7, 0xFED8, 0xFED8, 0xFED8, 0xFEB7, 0xFEB7, 0xFEB7, 0xFEB7, 0xFEB7, 0xF697, 0xF697, 0xF697,
  0xF697, 0xF696, 0xF696, 0xF696, 0xF696, 0xF696, 0xF696, 0xF697, 0xF696, 0xF696, 0xF696, 0xF696,
  0xF676, 0xF676, 0xF676, 0xF676, 0xF676, 0xF676, 0xF676, 0xF656, 0xF656, 0xF655, 0xF655, 0xF635,
  0xF655, 0xF655, 0xF655, 0xF655, 0xF655, 0xF635, 0xEE35, 0xEE35, 0xEE35, 0xEE34, 0xEE14, 0xEE14,
  0xEDF4, 0xEDF4, 0xEDF4, 0xEDF4, 0xEDF4, 0xEDF4, 0xEDF4, 0xEDF3, 0xEDF3, 0xEDD3, 0xEDD3, 0xEDD3,
  0xEDD3, 0xEDD3, 0xE5D3, 0xE5D3, 0xE5D3, 0xE5B2, 0xE5B2, 0xE5B2, 0xE5B2, 0xE5B2, 0xE592, 0xE592,
  0xE592, 0xDD92, 0xE592, 0xE592, 0xE592, 0xE572, 0xE572, 0xDD71, 0xE571, 0xDD71, 0xDD71, 0xDD71,
  0xDD71, 0xDD71, 0xDD71, 0xDD71, 0xDD51, 0xDD51, 0xDD51, 0xDD51, 0xDD51, 0xDD31, 0xDD30, 0xDD30,
  0xDD30, 0xDD30, 0xDD30, 0xDD30, 0xDD30, 0xDD30, 0xDD30, 0xDD30, 0xD530, 0xD530, 0xD530, 0xD530,
  0xD530, 0xD530, 0xD530, 0xD530, 0xD530, 0xD531, 0xD551, 0xD531, 0xD531, 0xD530, 0xD530, 0xD510,
  0xD510, 0xD4EF, 0xD4EF, 0xD4CF, 0xD4CF, 0xD4CF, 0xCCCF, 0xCCCE, 0xCCAE, 0xCC8E, 0xCC8D, 0xCC6D,
  0xCC4D, 0xC44C, 0xC42C, 0xC42C, 0xC42C, 0xC42C, 0xC42C, 0xC40C, 0xC40C, 0xBBEB, 0xBBEB, 0xBBCA,
  0xBBCA, 0xBBAA, 0xBBAA, 0xBBAA, 0xBBCA, 0xBBCA, 0xBBCA, 0xBBCA, 0xBBCA, 0xBBCA, 0xBBCB, 0xBBEB,
  0xBBEB, 0xBBEB, 0xBBEB, 0xBBEB, 0xBBEB, 0xBBEB, 0xBBCB, 0xBBCB, 0xBBCA, 0xBBCA, 0xBBCA, 0xBBCA,
  0xBBCA, 0xBBCA, 0xBBCA, 0xBBAA, 0xB3AA, 0xB3AA, 0xB389, 0xB369, 0xB369, 0xB369, 0xB369, 0xB369,
  0xFF3A, 0xFF5A, 0xFF39, 0xFF5A, 0xFF5A, 0xFF5A, 0xFF5A, 0xFF19, 0xFF19, 0xFF19, 0xFF19, 0xFF19,
  0xFF19, 0xFF19, 0xFF39, 0xFF39, 0xFF39, 0xFF19, 0xFF5A, 0xFF7A, 0xFF7A, 0xFF5A, 0xFF3A, 0xFF39,
  0xFF19, 0xFF19, 0xFF19, 0xFEF9, 0xFEF8, 0xFEF8, 0xFEF8, 0xFEF8, 0xFEF8, 0xFEF8, 0xFEF8, 0xFEF8,
  0xFEF9, 0xFF19, 0xFF5A, 0xFF5A, 0xFF5A, 0xFF39, 0xFEF8, 0xFEF8, 0xFEF8, 0xFEF8, 0xFF19, 0xFF19,
  0xFF18, 0xFEF8, 0xFED8, 0xFED7, 0xFED8, 0xFED8, 0xFED8, 0xFED8, 0xFED8, 0xFED8, 0xFED8, 0xFED8,
  0xFEF8, 0xFEF8, 0xFED8, 0xFED8, 0xFED7, 0xFEB7, 0xFEB7, 0xFEB7, 0xF6B7, 0xF697, 0xF697, 0xF696,
  0xF696, 0xF696, 0xF696, 0xF676, 0xF676, 0xF676, 0xF696, 0xF697, 0xF6B7, 0xF6B7, 0xF697, 0xF697,
  0xF696, 0xF696, 0xF676, 0xF676, 0xF676, 0xF655, 0xF655, 0xF655, 0xF635, 0xF635, 0xF635, 0xF635,
  0xF635, 0xF635, 0xF655, 0xEE35, 0xEE35, 0xEE34, 0xEE34, 0xEE34, 0xEE34, 0xEE14, 0xEE14, 0xEDF4,
  0xEDF4, 0xEDF4, 0xEDF4, 0xEDF4, 0xEDF4, 0xEDF4, 0xEDF3, 0xEDF3, 0xEDD3, 0xE5D3, 0xE5D3, 0xE5D3,
  0xE5D3, 0xE5D3, 0xE5B3, 0xE5B3, 0xE5B2, 0xE5B2, 0xE592, 0xE592, 0xE592, 0xE592, 0xDD72, 0xDD71,
  0xDD71, 0xDD71, 0xDD71, 0xDD71, 0xDD71, 0xDD71, 0xDD71, 0xDD71, 0xDD71, 0xDD51, 0xDD51, 0xDD51,
  0xDD51, 0xDD51, 0xDD51, 0xDD51, 0xDD51, 0xDD31, 0xDD30, 0xDD30, 0xDD30, 0xD530, 0xDD30, 0xD510,
  0xD510, 0xD510, 0xD510, 0xD510, 0xD510, 0xD510, 0xD510, 0xD510, 0xD510, 0xD510, 0xD510, 0xD530,
  0xD530, 0xD530, 0xD510, 0xD510, 0xD530, 0xD530, 0xD530, 0xD530, 0xD530, 0xD530, 0xD530, 0xD510,
  0xD510, 0xD4EF, 0xD4EF, 0xD4EF, 0xCCCF, 0xCCCF, 0xD4CF, 0xCCCF, 0xCCCE, 0xCCAE, 0xCC8E, 0xCC8D,
  0xCC6D, 0xC44D, 0xC44D, 0xC44C, 0xC44C, 0xC44C, 0xC42C, 0xC42C, 0xC42C, 0xC40C, 0xC40B, 0xBBEB,
  0xBBEB, 0xBBCB, 0xBBCA, 0xBBCA, 0xBBCA, 0xBBCB, 0xBBCB, 0xBBCB, 0xBBCB, 0xBBCB, 0xBBEB, 0xBBEB,
  0xBBEB, 0xBBEB, 0xBBEB, 0xBBEB, 0xBBEB, 0xBBEB, 0xBBEB, 0xBBEB, 0xBBCB, 0xBBCB, 0xBBCB, 0xBBCB,
  0xBBCB, 0xBBCB, 0xBBCB, 0xBBCA, 0xBBCA, 0xBBAA, 0xB3AA, 0xB38A, 0xB369, 0xB369, 0xB369, 0xB369,
  0xFF19, 0xFF19, 0xFF39, 0xFF39, 0xFF3A, 0xFF5A, 0xFF5A, 0xFF5A, 0xFF5A, 0xFF5A, 0xFF7B, 0xFF9B,
  0xFF3A, 0xFF19, 0xFF19, 0xFF19, 0xFF39, 0xFF5A, 0xFF7B, 0xFF7A, 0xFF5A, 0xFF5A, 0xFF39, 0xFF19,
  0xFF19, 0xFF19, 0xFF19, 0xFEF8, 0xFEF8, 0xFF19, 0xFF19, 0xFF18, 0xFEF8, 0xFEF8, 0xFEF8, 0xFEF8,
  0xFEF8, 0xFEF8, 0xFF18, 0xFEF8, 0xFEF8, 0xFEF8, 0xFEF8, 0xFED8, 0xFED8, 0xFED8, 0xFEF8, 0xFEF8,
  0xFEF8, 0xFEF8, 0xFED8, 0xFED8, 0xFED8, 0xFED8, 0xFED8, 0xFED7, 0xFED8, 0xFEF8, 0xFEF8, 0xFEF8,
  0xFED8, 0xFED7, 0xFEB7, 0xFEB7, 0xFEB7, 0xFEB7, 0xFEB7, 0xF6B7, 0xF6B7, 0xF697, 0xF696, 0xF696,
  0xF696, 0xF696, 0xF696, 0xF676, 0xF676, 0xF676, 0xF676, 0xF697, 0xF6B7, 0xF697, 0xF696, 0xF696,
  0xF696, 0xF696, 0xF676, 0xF676, 0xF655, 0xF655, 0xF635, 0xF635, 0xF635, 0xF635, 0xF635, 0xEE35,
  0xF635, 0xEE35, 0xEE34, 0xEE14, 0xEE14, 0xEE14, 0xEE14, 0xEE14, 0xEE14, 0xEDF4, 0xEDF4, 0xEDF3,
  0xEDF3, 0xEDF3, 0xEDF4, 0xEDF3, 0xEDF3, 0xEDF3, 0xEDD3, 0xE5D3, 0xE5B3, 0xE5B2, 0xE5B2, 0xE5B3,
  0xE5B3, 0xE5B3, 0xE5B2, 0xE5B2, 0xE5B2, 0xE592, 0xE592, 0xE592, 0xE592, 0xE572, 0xDD51, 0xDD51,
  0xDD31, 0xDD31, 0xDD51, 0xDD51, 0xDD71, 0xDD71, 0xDD51, 0xDD51, 0xDD51, 0xDD51, 0xDD51, 0xDD51,
  0xDD51, 0xDD30, 0xDD30, 0xDD30, 0xDD30, 0xDD30, 0xDD10, 0xD510, 0xD510, 0xD510, 0xD510, 0xD510,
  0xD510, 0xD4F0, 0xD4EF, 0xD4EF, 0xD4EF, 0xD4EF, 0xD4EF, 0xD4EF, 0xD4EF, 0xD4EF, 0xD4EF, 0xD4EF,
  0xD510, 0xD510, 0xD510, 0xD510, 0xD510, 0xD510, 0xD510, 0xD510, 0xD510, 0xD510, 0xD510, 0xD510,
  0xD510, 0xD4EF, 0xD4EF, 0xD4EF, 0xCCCF, 0xCCCF, 0xCCCF, 0xCCCF, 0xCCCE, 0xCCAE, 0xCCAE, 0xCC8E,
  0xCC8D, 0xCC6D, 0xC46D, 0xC44D, 0xC44D, 0xC44C, 0xC44C, 0xC42C, 0xC42C, 0xC42C, 0xC42C, 0xC40B,
  0xBBEB, 0xBBEB, 0xBBEB, 0xBBCB, 0xBBCB, 0xBBEB, 0xBBEB, 0xBBEB, 0xBBEB, 0xBBEB, 0xBBEB, 0xBBEB,
  0xBBEB, 0xBC0B, 0xBC0B, 0xBBEB, 0xBC0B, 0xBBEB, 0xBBEB, 0xBBEB, 0xBBCB, 0xBBEB, 0xBBEB, 0xBBCB,
  0xBBEB, 0xBBCB, 0xBBEB, 0xBBCB, 0xBBCB, 0xBBCA, 0xBBAA, 0xBBAA, 0xB38A, 0xB38A, 0xB389, 0xB389,
  0xFF18, 0xFF19, 0xFF19, 0xFF39, 0xFF39, 0xFF39, 0xFF3A, 0xFF39, 0xFF39, 0xFF3A, 0xFF5A, 0xFF9B,
  0xFFBC, 0xFF7B, 0xFF39, 0xFF19, 0xFF3A, 0xFF5A, 0xFF19, 0xFF19, 0xFF19, 0xFF39, 0xFF19, 0xFF3A,
  0xFF39, 0xFEF8, 0xFEF8, 0xFEF8, 0xFF19, 0xFF19, 0xFF19, 0xFF19, 0xFF19, 0xFF19, 0xFEF8, 0xFEF8,
  0xFEF8, 0xFEF8, 0xFEF8, 0xFEF8, 0xFEF8, 0xFEF8, 0xFEF8, 0xFEF8, 0xFED8, 0xFED8, 0xFED7, 0xFED7,
  0xFED7, 0xFED8, 0xFED8, 0xFED8, 0xFED8, 0xFEB7, 0xFED7, 0xFED7, 0xFED8, 0xFED8, 0xFED7, 0xFEB7,
  0xF6B7, 0xF6B7, 0xF696, 0xFE96, 0xF697, 0xFEB7, 0xFEB7, 0xFEB7, 0xF696, 0xF696, 0xF696, 0xF696,
  0xF696, 0xF696, 0xF696, 0xF676, 0xF676, 0xF676, 0xF676, 0xF676, 0xF676, 0xF655, 0xEE55, 0xEE55,
  0xF655, 0xF655, 0xF655, 0xF655, 0xF635, 0xF635, 0xF655, 0xF655, 0xF655, 0xF655, 0xEE35, 0xEE34,
  0xEE14, 0xEE14, 0xEE14, 0xEE14, 0xEDF4, 0xEDF4, 0xEDF4, 0xEDF4, 0xEDF3, 0xEDF3, 0xEDF3, 0xEDF3,
  0xEDF3, 0xEDF3, 0xEDF3, 0xEDF3, 0xEDD3, 0xEDD3, 0xEDD3, 0xE5B2, 0xE5B2, 0xE592, 0xE592, 0xE592,
  0xE592, 0xE5B2, 0xE5B2, 0xE592, 0xE592, 0xE592, 0xE572, 0xE572, 0xE571, 0xDD71, 0xDD31, 0xD510,
  0xD510, 0xD510, 0xD510, 0xDD30, 0xDD51, 0xDD51, 0xDD51, 0xDD31, 0xDD30, 0xDD30, 0xDD30, 0xDD30,
  0xDD30, 0xDD30, 0xDD10, 0xDD10, 0xDD10, 0xD510, 0xD4EF, 0xD4EF, 0xD4CF, 0xD4EF, 0xD4EF, 0xD4EF,
  0xD4EF, 0xD4EF, 0xD4EF, 0xD4EF, 0xD4EF, 0xD4CF, 0xD4EF, 0xD4EF, 0xD4EF, 0xD4CF, 0xD4CF, 0xD4CF,
  0xD4CF, 0xD4EF, 0xD4EF, 0xD4EF, 0xD4EF, 0xD4EF, 0xD4EF, 0xD4EF, 0xD510, 0xD4F0, 0xD510, 0xD4EF,
  0xD4EF, 0xD4EF, 0xD4CF, 0xCCCF, 0xCCCF, 0xCCCF, 0xCCCE, 0xCCAE, 0xCCAE, 0xCCAE, 0xCCAE, 0xCC8E,
  0xCC8D, 0xCC6D, 0xCC6D, 0xC46D, 0xC44D, 0xC44D, 0xC44C, 0xC44C, 0xC42C, 0xC42C, 0xC42C, 0xC42C,
  0xC40C, 0xC40B, 0xBBEB, 0xBBEB, 0xBBEB, 0xBBEB, 0xBBEB, 0xBBEB, 0xBBEB, 0xBBEB, 0xBBEB, 0xBBEB,
  0xBBEB, 0xBBEB, 0xBBEB, 0xBC0B, 0xBC0B, 0xBC0B, 0xBC0B, 0xBBEB, 0xBBEB, 0xBBEB, 0xBBEB, 0xBBEB,
  0xBBEB, 0xBBEB, 0xBBEB, 0xBBEB, 0xBBCB, 0xBBCB, 0xBBCA, 0xBBAA, 0xBBAA, 0xB3AA, 0xB3AA, 0xB3AA,
  0xFF39, 0xFF19, 0xFF19, 0xFF39, 0xFF19, 0xFF19, 0xFF39, 0xFF39, 0xFF39, 0xFF19, 0xFF39, 0xFF39,
  0xFF19, 0xFF3A, 0xFF39, 0xFF39, 0xFF39, 0xFF19, 0xFF19, 0xFEF8, 0xFEF8, 0xFF19, 0xFF19, 0xFF5A,
  0xFF7B, 0xFF39, 0xFEF8, 0xFEF8, 0xFEF8, 0xFEF8, 0xFEF8, 0xFF19, 0xFEF9, 0xFEF8, 0xFEF8, 0xFEF8,
  0xFEF8, 0xFEF8, 0xFED8, 0xFED8, 0xFED8, 0xFED8, 0xFED8, 0xFEF8, 0xFEF8, 0xFED8, 0xFEB7, 0xFEB7,
  0xFEB7, 0xFEB7, 0xFEB7, 0xFED7, 0xFED8, 0xFED8, 0xFEB7, 0xFEB7, 0xFEB7, 0xFEB7, 0xFEB7, 0xFEB7,
  0xF697, 0xF696, 0xF696, 0xF696, 0xF696, 0xF696, 0xF696, 0xF696, 0xF676, 0xF676, 0xF696, 0xF696,
  0xF696, 0xF676, 0xF676, 0xF676, 0xF676, 0xF676, 0xF676, 0xF655, 0xEE35, 0xEE15, 0xEE14, 0xEE14,
  0xEE14, 0xEE35, 0xEE35, 0xF635, 0xEE35, 0xF635, 0xF635, 0xF655, 0xF655, 0xEE35, 0xEE34, 0xEE14,
  0xEE14, 0xEE14, 0xEDF4, 0xEDF4, 0xEDF3, 0xEDF3, 0xEDF3, 0xEDF3, 0xEDF3, 0xEDF3, 0xEDD3, 0xEDD3,
  0xEDD3, 0xEDD3, 0xEDD3, 0xE5D3, 0xE5D3, 0xE5B2, 0xE5B2, 0xE5B2, 0xE592, 0xDD71, 0xDD71, 0xDD71,
  0xDD72, 0xE592, 0xE592, 0xE592, 0xE592, 0xE572, 0xE571, 0xE571, 0xE571, 0xDD51, 0xD510, 0xD4F0,
  0xD4EF, 0xD4EF, 0xD4F0, 0xD510, 0xDD30, 0xDD30, 0xDD30, 0xDD30, 0xDD30, 0xDD10, 0xDD10, 0xDD10,
  0xDD10, 0xD510, 0xD510, 0xD510, 0xD510, 0xD4EF, 0xD4CF, 0xCCAF, 0xCCAF, 0xCCAF, 0xD4CF, 0xD4CF,
  0xD4CF, 0xD4CF, 0xD4CF, 0xD4CF, 0xD4CF, 0xD4CF, 0xD4CF, 0xD4CF, 0xD4CF, 0xCCCF, 0xD4AF, 0xD4AF,
  0xD4CF, 0xCCCF, 0xD4CF, 0xCCCF, 0xCCCF, 0xD4CF, 0xCCCF, 0xCCCF, 0xCCCF, 0xD4EF, 0xCCEF, 0xD4EF,
  0xCCCF, 0xCCCF, 0xCCCF, 0xCCCE, 0xCCAE, 0xCCAE, 0xCCAE, 0xCCAE, 0xCCAE, 0xCCAE, 0xCC8E, 0xCC8E,
  0xCC8D, 0xCC6D, 0xC46D, 0xC44D, 0xC44D, 0xC44C, 0xC44D, 0xC44C, 0xC44C, 0xC44C, 0xC42C, 0xC42C,
  0xC40C, 0xC40C, 0xBC0B, 0xBC0B, 0xBBEB, 0xBBEB, 0xBBEB, 0xBC0B, 0xBBEB, 0xBC0B, 0xBC0B, 0xBBEB,
  0xBBEB, 0xBBEB, 0xBBEB, 0xBC0B, 0xBC0B, 0xBC0B, 0xBBEB, 0xBBEB, 0xBBEB, 0xBBEB, 0xBBEB, 0xBBEB,
  0xBBEB, 0xBBEB, 0xBBEB, 0xBBEB, 0xBBEB, 0xBBEB, 0xBBCB, 0xBBCA, 0xBBCA, 0xBBAA, 0xBBAA, 0xBBAA,
  0xFF5A, 0xFF5A, 0xFF3A, 0xFF39, 0xFF39, 0xFF19, 0xFF39, 0xFF39, 0xFF19, 0xFF39, 0xFF19, 0xFF19,
  0xFF19, 0xFEF8, 0xFF18, 0xFF19, 0xFF19, 0xFF18, 0xFF19, 0xFF19, 0xFEF8, 0xFF18, 0xFF18, 0xFF19,
  0xFF19, 0xFF39, 0xFF39, 0xFF5A, 0xFF3A, 0xFF3A, 0xFF5A, 0xFF7A, 0xFF7B, 0xFF39, 0xFEF8, 0xFEF8,
  0xFEF8, 0xFED8, 0xFED7, 0xFEB7, 0xFEB7, 0xFEB7, 0xFED8, 0xFEF8, 0xFF19, 0xFEF8, 0xFED8, 0xFED7,
  0xFEB7, 0xFEB7, 0xF6B7, 0xFEB7, 0xFED8, 0xFED8, 0xFED7, 0xFEB7, 0xF697, 0xF697, 0xF697, 0xFEB7,
  0xFEB7, 0xF697, 0xF696, 0xF696, 0xF696, 0xF696, 0xF696, 0xF676, 0xF676, 0xF696, 0xF697, 0xF697,
  0xF697, 0xF676, 0xF676, 0xF655, 0xF655, 0xF655, 0xF655, 0xF655, 0xEE14, 0xE5F4, 0xE5F4, 0xE5F4,
  0xEDF4, 0xEE14, 0xEE34, 0xEE34, 0xEE34, 0xEE34, 0xEE35, 0xEE35, 0xEE14, 0xEE14, 0xEE14, 0xEE14,
  0xEE14, 0xEE14, 0xEDF4, 0xEDF3, 0xEDD3, 0xEDD3, 0xEDD3, 0xEDD3, 0xEDD3, 0xEDD3, 0xEDD3, 0xEDD3,
  0xE5D3, 0xE5B3, 0xE5B2, 0xE5B2, 0xE5B2, 0xE5B2, 0xE5B2, 0xE592, 0xDD71, 0xDD51, 0xDD51, 0xDD51,
  0xDD51, 0xDD71, 0xE571, 0xDD71, 0xDD71, 0xDD71, 0xDD71, 0xDD51, 0xDD51, 0xDD30, 0xD4F0, 0xCCCF,
  0xCCAF, 0xCCCF, 0xCCCF, 0xD4CF, 0xD510, 0xDD10, 0xDD10, 0xD510, 0xD510, 0xD510, 0xD510, 0xD4EF,
  0xD4EF, 0xD4EF, 0xD4EF, 0xD4EF, 0xD4EF, 0xD4CF, 0xCCAE, 0xCC8E, 0xCC8E, 0xCC8E, 0xCCAE, 0xCCAE,
  0xD4CF, 0xD4AE, 0xCCAE, 0xCCAE, 0xCCAE, 0xCCAE, 0xCCAE, 0xCCAE, 0xCCAE, 0xCCAE, 0xCCAE, 0xCCAE,
  0xCCAE, 0xCCAE, 0xCCAE, 0xCCAE, 0xCCAE, 0xCCAE, 0xCCAE, 0xCCAE, 0xCCAE, 0xCCAE, 0xCCCF, 0xCCCF,
  0xCCAE, 0xCCAE, 0xCCAE, 0xCCAE, 0xCCAE, 0xCCAE, 0xCC8E, 0xCC8E, 0xCC8E, 0xCC8E, 0xCC8D, 0xCC8D,
  0xCC6D, 0xCC6D, 0xC46D, 0xC44D, 0xC44D, 0xC44D, 0xC44D, 0xC44D, 0xC44C, 0xC44C, 0xC42C, 0xC42C,
  0xC42C, 0xC40C, 0xBC0C, 0xBC0C, 0xBC0B, 0xBC0B, 0xBC0B, 0xBC0B, 0xBC0B, 0xBC0B, 0xBC0B, 0xBC0B,
  0xBC0B, 0xBC0B, 0xBBEB, 0xBC0B, 0xBC0B, 0xBC0B, 0xBBEB, 0xBC0B, 0xBBEB, 0xBBEB, 0xBBEB, 0xBBEB,
  0xBBEB, 0xBBEB, 0xBBEB, 0xBBEB, 0xBBEB, 0xBBEB, 0xBBEB, 0xBBCB, 0xBBCB, 0xBBCA, 0xBBCA, 0xBBCA,
  0xFF19, 0xFF5A, 0xFF39, 0xFF19, 0xFF39, 0xFF19, 0xFF19, 0xFF39, 0xFF19, 0xFEF9, 0xFEF9, 0xFEF8,
  0xFEF8, 0xFEF9, 0xFF19, 0xFF19, 0xFF18, 0xFEF8, 0xFEF8, 0xFF19, 0xFF19, 0xFF19, 0xFF19, 0xFEF8,
  0xFEF8, 0xFEF8, 0xFF19, 0xFF5A, 0xFF3A, 0xFF19, 0xFF19, 0xFF39, 0xFF3A, 0xFF5A, 0xFF39, 0xFEF8,
  0xFED8, 0xFED7, 0xFEB7, 0xFED7, 0xFED7, 0xFED7, 0xFEF8, 0xFEF8, 0xFEF8, 0xFEF8, 0xFED7, 0xFEB7,
  0xFEB7, 0xF6B7, 0xFEB7, 0xF6B7, 0xF6B7, 0xFEB7, 0xF6B7, 0xF6B7, 0xF696, 0xF697, 0xF6B7, 0xF6B7,
  0xF6B7, 0xF697, 0xF696, 0xF696, 0xF676, 0xF696, 0xF696, 0xF675, 0xEE55, 0xEE55, 0xEE55, 0xF676,
  0xF676, 0xF676, 0xF676, 0xF676, 0xF676, 0xF676, 0xF655, 0xEE35, 0xEDF4, 0xE5D3, 0xE5B3, 0xE5B3,
  0xE5D3, 0xEDF4, 0xEE14, 0xEE14, 0xEE14, 0xEE14, 0xEE14, 0xEE14, 0xEE14, 0xEE14, 0xEE14, 0xEE14,
  0xEE14, 0xEE14, 0xEDF3, 0xEDF3, 0xEDD3, 0xEDD3, 0xE5D3, 0xE5D3, 0xE5D3, 0xE5D3, 0xE5D3, 0xE5B3,
  0xE5B2, 0xE5B2, 0xE5B2, 0xE592, 0xE592, 0xE592, 0xE592, 0xDD71, 0xDD51, 0xDD30, 0xD530, 0xDD30,
  0xDD30, 0xDD51, 0xDD51, 0xDD51, 0xDD51, 0xDD51, 0xDD51, 0xDD51, 0xDD30, 0xD510, 0xCCCF, 0xCCAF,
  0xC48E, 0xC48E, 0xCC8E, 0xCCAE, 0xD4EF, 0xD4EF, 0xD4EF, 0xD4EF, 0xD4EF, 0xD4EF, 0xD4EF, 0xD4EF,
  0xD4CF, 0xD4CF, 0xD4CF, 0xD4CF, 0xD4CF, 0xCCAE, 0xCC6E, 0xC46D, 0xC46D, 0xCC6D, 0xCC8E, 0xCCAE,
  0xCCAE, 0xCCAE, 0xCCAE, 0xCC8E, 0xCC8E, 0xCC8E, 0xCC8E, 0xCC8E, 0xCC8E, 0xCC8E, 0xCC8E, 0xCC8E,
  0xCC8E, 0xCC8E, 0xCC8E, 0xCC8E, 0xCC8E, 0xCC8E, 0xCC8E, 0xCC8E, 0xCC8E, 0xCC8E, 0xCC8E, 0xCC8E,
  0xCC8E, 0xCC8E, 0xCC8E, 0xCC8E, 0xCC8E, 0xCC8D, 0xCC8D, 0xCC6D, 0xCC6D, 0xCC6D, 0xC46D, 0xC46D,
  0xC46D, 0xC46D, 0xC44D, 0xC44D, 0xC44C, 0xC44C, 0xC44C, 0xC44C, 0xC44C, 0xC44C, 0xC42C, 0xC42C,
  0xC42C, 0xBC0C, 0xBC0C, 0xBC0C, 0xBC0C, 0xBC0B, 0xBC0B, 0xBC0B, 0xBC0B, 0xBC0C, 0xC40B, 0xBC0B,
  0xBC0B, 0xBC0B, 0xBC0B, 0xBC0B, 0xBC0B, 0xBC0B, 0xBC0B, 0xBBEB, 0xBC0B, 0xBBEB, 0xBBEB, 0xBBEB,
  0xBBEB, 0xBBEB, 0xBBEB, 0xBBEB, 0xBBEB, 0xBBEB, 0xBBEB, 0xBBEB, 0xBBCB, 0xBBCB, 0xBBCA, 0xBBCA,
  0xFED8, 0xFEF8, 0xFF39, 0xFF3A, 0xFF39, 0xFF39, 0xFF19, 0xFF19, 0xFF19, 0xFEF8, 0xFED8, 0xFED8,
  0xFF18, 0xFF39, 0xFF39, 0xFF19, 0xFF19, 0xFF18, 0xFEF8, 0xFEF8, 0xFEF8, 0xFEF8, 0xFEF8, 0xFEF8,
  0xFEF8, 0xFEF9, 0xFEF8, 0xFEF8, 0xFED7, 0xFED7, 0xFED7, 0xFED8, 0xFED8, 0xFEF8, 0xFF19, 0xFEF8,
  0xFED8, 0xFEB7, 0xFEB7, 0xFED7, 0xFED7, 0xFED8, 0xFED8, 0xFED8, 0xFED7, 0xFEB7, 0xFEB7, 0xF6B7,
  0xF6B7, 0xF6D7, 0xFEF8, 0xFEF8, 0xFED7, 0xFEB7, 0xF6B7, 0xF696, 0xF696, 0xF696, 0xF696, 0xF696,
  0xF696, 0xF676, 0xF676, 0xF676, 0xF676, 0xF676, 0xF676, 0xF635, 0xEE14, 0xE5F4, 0xEE14, 0xEE35,
  0xF655, 0xF676, 0xF676, 0xF696, 0xF676, 0xF676, 0xF676, 0xF655, 0xE5F4, 0xE5B3, 0xDD93, 0xDD93,
  0xE5B3, 0xEDF3, 0xEE14, 0xEE14, 0xEE14, 0xEE14, 0xEE14, 0xEE14, 0xEDF4, 0xEDF4, 0xEDF4, 0xEE14,
  0xEDF4, 0xEDF3, 0xEDF3, 0xEDD3, 0xEDD3, 0xE5B2, 0xE5B2, 0xE5B2, 0xE5B2, 0xE5B2, 0xE5B2, 0xE5B2,
  0xE5B2, 0xE592, 0xE592, 0xE591, 0xE591, 0xE591, 0xE571, 0xDD51, 0xD510, 0xD510, 0xD510, 0xD510,
  0xDD30, 0xDD51, 0xDD51, 0xDD30, 0xDD30, 0xDD30, 0xDD30, 0xDD30, 0xDD30, 0xD4EF, 0xCCAF, 0xC46E,
  0xC44E, 0xC44D, 0xC46E, 0xCC8E, 0xD4CF, 0xD4CF, 0xD4CF, 0xD4CF, 0xD4CF, 0xD4CF, 0xD4CF, 0xD4AE,
  0xD4AE, 0xD4AE, 0xD4AE, 0xD4AE, 0xCCAE, 0xCC8E, 0xC44D, 0xC44D, 0xC44D, 0xC44D, 0xCC6D, 0xCC6E,
  0xCC8E, 0xCC8D, 0xCC6D, 0xCC6D, 0xCC6D, 0xCC6D, 0xCC6D, 0xCC6D, 0xCC6D, 0xCC6D, 0xCC6D, 0xCC6D,
  0xCC6D, 0xCC6D, 0xCC6D, 0xCC6D, 0xCC6D, 0xCC6D, 0xCC6D, 0xCC6D, 0xC46D, 0xCC6D, 0xCC6D, 0xCC6D,
  0xCC6D, 0xCC6D, 0xC46D, 0xC46D, 0xC46D, 0xC46D, 0xC46D, 0xC46D, 0xC44D, 0xC44D, 0xC44D, 0xC44D,
  0xC44D, 0xC44C, 0xC44C, 0xC44C, 0xC42C, 0xC42C, 0xC42C, 0xC42C, 0xC42C, 0xC42C, 0xC42C, 0xC42C,
  0xBC2C, 0xBC0C, 0xBC0C, 0xBC0C, 0xBC0C, 0xBC0C, 0xBC0C, 0xBC0B, 0xBC0B, 0xBC0C, 0xBC0B, 0xBC0B,
  0xBC0B, 0xBC0B, 0xBC0B, 0xBBEB, 0xBC0B, 0xBBEB, 0xBC0B, 0xBC0B, 0xBBEB, 0xBBEB, 0xBBEB, 0xBBEB,
  0xBBEB, 0xBBEB, 0xBBEB, 0xBBEB, 0xBBEB, 0xBBEB, 0xBBEB, 0xBBEB, 0xBBEB, 0xBBEB, 0xBBEB, 0xBBCB,
  0xFF19, 0xF6B7, 0xFED8, 0xFF19, 0xFF3A, 0xFF3A, 0xFF39, 0xFF19, 0xFF19, 0xFF19, 0xFEF8, 0xFF19,
  0xFF39, 0xFF39, 0xFEF8, 0xFED8, 0xFED8, 0xFEF8, 0xFEF8, 0xFED8, 0xFED7, 0xFEF8, 0xFED8, 0xFED7,
  0xFED8, 0xFEF8, 0xFEF8, 0xFEF8, 0xFED8, 0xFED8, 0xFED8, 0xFEF8, 0xFEF8, 0xFED8, 0xFED8, 0xFED7,
  0xFEB7, 0xFEB7, 0xFED7, 0xFED8, 0xFED8, 0xFED7, 0xFEB7, 0xFEB7, 0xFEB7, 0xFEB7, 0xF6B7, 0xF696,
  0xF696, 0xF696, 0xF6B7, 0xF6B7, 0xF6B7, 0xFEB7, 0xF6B7, 0xF697, 0xF696, 0xF696, 0xF696, 0xF676,
  0xF676, 0xF675, 0xF675, 0xF675, 0xF675, 0xF675, 0xF675, 0xEE35, 0xE5F3, 0xE5D3, 0xE5F4, 0xEE14,
  0xF655, 0xF655, 0xF655, 0xF676, 0xF676, 0xF655, 0xF655, 0xEE35, 0xE5D3, 0xDD92, 0xDD72, 0xD572,
  0xDD72, 0xE5D3, 0xEDF4, 0xEE14, 0xEE14, 0xEDF4, 0xEDF4, 0xEDF3, 0xEDF3, 0xEDD3, 0xEDD3, 0xEDD3,
  0xEDD3, 0xEDD3, 0xE5B3, 0xEDB2, 0xE5B2, 0xE592, 0xE592, 0xE571, 0xE592, 0xE592, 0xE592, 0xE592,
  0xE591, 0xE571, 0xE571, 0xE571, 0xE571, 0xE571, 0xDD71, 0xDD30, 0xD4EF, 0xD4CF, 0xD4CF, 0xD4EF,
  0xD510, 0xDD30, 0xDD30, 0xDD30, 0xDD10, 0xDD10, 0xDD10, 0xDD10, 0xDD10, 0xD4CF, 0xCC8E, 0xC44D,
  0xBC2D, 0xBC2D, 0xBC2D, 0xC46D, 0xCCAE, 0xD4AE, 0xD4AE, 0xD4AE, 0xD4AE, 0xD4AE, 0xD4AE, 0xD48E,
  0xD48E, 0xCC8E, 0xCC8E, 0xCC8E, 0xCC8E, 0xC44D, 0xC42C, 0xBC0C, 0xBC0C, 0xC40C, 0xC42D, 0xCC6D,
  0xCC6D, 0xCC6D, 0xCC6D, 0xCC4D, 0xC44D, 0xC44D, 0xCC4D, 0xC44D, 0xC44D, 0xC44D, 0xC44D, 0xC44D,
  0xC44D, 0xC44D, 0xC44D, 0xC44D, 0xC44D, 0xC44D, 0xC44D, 0xC44D, 0xC44D, 0xC44D, 0xC44D, 0xC44D,
  0xC44D, 0xC44D, 0xC44D, 0xC44D, 0xC44C, 0xC44C, 0xC44C, 0xC42C, 0xC42C, 0xC44C, 0xC44C, 0xC42C,
  0xC42C, 0xC42C, 0xC42C, 0xC42C, 0xC42C, 0xC42C, 0xC42C, 0xC42C, 0xC42C, 0xC42C, 0xC42C, 0xBC2C,
  0xBC0C, 0xBC0C, 0xBC0C, 0xBC0C, 0xBC0B, 0xBC0B, 0xBC0B, 0xBC0B, 0xBC0B, 0xBC0B, 0xBC0B, 0xBC0B,
  0xBC0B, 0xBC0B, 0xBBEB, 0xBBEB, 0xBBEB, 0xBC0B, 0xBC0B, 0xBBEB, 0xBBEB, 0xBBEB, 0xBBEB, 0xBBEB,
  0xBBEB, 0xBBEB, 0xBBEB, 0xBBEB, 0xBC0B, 0xBBEB, 0xBBEB, 0xBBEB, 0xBBEB, 0xBBEB, 0xBBEB, 0xBBEB,
  0xFF19, 0xFF19, 0xFEF8, 0xFEF8, 0xFED8, 0xFEF9, 0xFEF9, 0xFF19, 0xFF19, 0xFEF8, 0xFED8, 0xFEF8,
  0xFEF8, 0xFED8, 0xFED7, 0xFED8, 0xFEF8, 0xFF19, 0xFF3A, 0xFF19, 0xFEF8, 0xFED7, 0xFEB7, 0xFEB7,
  0xFED7, 0xFED7, 0xFED7, 0xFED8, 0xFED8, 0xFED8, 0xFED8, 0xFED8, 0xFED7, 0xF6B7, 0xFEB7, 0xFEB7,
  0xFED8, 0xFEF8, 0xFF19, 0xFF39, 0xFF19, 0xFEF8, 0xF6B7, 0xF6B7, 0xF6B7, 0xF6B7, 0xF697, 0xF655,
  0xF655, 0xF655, 0xF675, 0xF696, 0xF676, 0xF696, 0xF6B7, 0xF6B7, 0xF696, 0xF696, 0xF696, 0xF676,
  0xF675, 0xF676, 0xF676, 0xF696, 0xF676, 0xF655, 0xF655, 0xEE14, 0xE5B3, 0xE5B3, 0xE5B3, 0xE5F4,
  0xEE35, 0xF635, 0xF635, 0xF635, 0xEE14, 0xEE14, 0xEE14, 0xEDF4, 0xE592, 0xD551, 0xD531, 0xD531,
  0xD551, 0xE592, 0xEDF3, 0xEDF4, 0xEDF3, 0xEDF3, 0xEDD3, 0xEDD3, 0xEDD3, 0xEDD3, 0xEDB2, 0xEDB2,
  0xEDB2, 0xE5B2, 0xE5B2, 0xE592, 0xE592, 0xE571, 0xDD51, 0xDD51, 0xDD51, 0xE571, 0xE571, 0xE571,
  0xE571, 0xE571, 0xE571, 0xE551, 0xE551, 0xDD51, 0xDD51, 0xD4F0, 0xD4CF, 0xCCAF, 0xCCAE, 0xD4CF,
  0xD4EF, 0xDD10, 0xDD10, 0xDD0F, 0xDD0F, 0xDCEF, 0xDCEF, 0xD4EF, 0xD4EF, 0xCCCF, 0xC46D, 0xBC0D,
  0xB3EC, 0xB3EC, 0xBC0C, 0xC44D, 0xCC8E, 0xCCAE, 0xCC8E, 0xCC8E, 0xCC8E, 0xCC8E, 0xCC8D, 0xCC6D,
  0xCC6D, 0xCC6D, 0xCC6D, 0xCC6D, 0xCC6D, 0xC42C, 0xBC0C, 0xBBEC, 0xBBEB, 0xBBEC, 0xC42C, 0xC44D,
  0xC44C, 0xC44C, 0xC44C, 0xC42C, 0xC42C, 0xC42C, 0xC42C, 0xC42C, 0xC42C, 0xC42C, 0xC42C, 0xC42C,
  0xC42C, 0xC42C, 0xC42C, 0xC42C, 0xC42C, 0xC42C, 0xC40C, 0xC40C, 0xC42C, 0xC42C, 0xC42C, 0xC42C,
  0xC42C, 0xC42C, 0xC42C, 0xC42C, 0xC42C, 0xC42C, 0xC42C, 0xC42C, 0xC42C, 0xC42C, 0xC42C, 0xC40C,
  0xC40C, 0xC40C, 0xC40C, 0xC40C, 0xBC0C, 0xBC0C, 0xBC0C, 0xBC0C, 0xBC0C, 0xBC0C, 0xBC0C, 0xBC0C,
  0xBC0C, 0xBC0B, 0xBC0B, 0xBC0B, 0xBC0B, 0xBC0B, 0xBBEB, 0xBBEB, 0xBBEB, 0xBBEB, 0xBC0B, 0xBC0B,
  0xBBEB, 0xBBEB, 0xBBEB, 0xBBEB, 0xBBEB, 0xBBEB, 0xBBEB, 0xBBEB, 0xBBEB, 0xBBEB, 0xBBEB, 0xBBEB,
  0xBBEB, 0xBBEB, 0xBC0B, 0xBC0B, 0xBC0B, 0xBBEB, 0xBBEB, 0xBBEB, 0xBBEB, 0xBBEB, 0xBBEB, 0xBBEB,
  0xFEF8, 0xFEF9, 0xFEF9, 0xFF39, 0xFEF8, 0xFED8, 0xFEF8, 0xFED8, 0xFED8, 0xFEF8, 0xFEF9, 0xFEF8,
  0xFEF8, 0xFEF8, 0xFEF8, 0xFEF8, 0xFEF8, 0xFEF8, 0xFF39, 0xFF5A, 0xFF5A, 0xFEF8, 0xFED7, 0xFED7,
  0xFED8, 0xFEB7, 0xF697, 0xFEB7, 0xFEB7, 0xFEB7, 0xFEB7, 0xFEB7, 0xFE97, 0xFE97, 0xF696, 0xFED7,
  0xFED8, 0xFED7, 0xFED7, 0xFED8, 0xFED8, 0xFED8, 0xFEB7, 0xF696, 0xF697, 0xF6B7, 0xF676, 0xEE35,
  0xEE14, 0xEE14, 0xF655, 0xF676, 0xF676, 0xF676, 0xF676, 0xF676, 0xF676, 0xF676, 0xF676, 0xF655,
  0xF655, 0xF676, 0xF696, 0xF696, 0xF676, 0xF655, 0xF655, 0xEE14, 0xE592, 0xDD92, 0xDD92, 0xE5D3,
  0xEE14, 0xEE34, 0xEE14, 0xEE14, 0xEE14, 0xEE13, 0xEDF3, 0xEDF3, 0xDD72, 0xD510, 0xCCF0, 0xCCF0,
  0xD510, 0xDD72, 0xEDD3, 0xEDF3, 0xEDF3, 0xEDD3, 0xEDD3, 0xEDB2, 0xEDB2, 0xE5B2, 0xE5B2, 0xE5B2,
  0xE592, 0xE592, 0xE592, 0xE592, 0xE571, 0xDD50, 0xDD30, 0xDD30, 0xDD30, 0xDD51, 0xE571, 0xDD51,
  0xDD51, 0xDD50, 0xDD50, 0xDD50, 0xDD50, 0xDD30, 0xDD30, 0xD4CF, 0xCCAE, 0xCC8E, 0xCC8E, 0xCCAE,
  0xD4CF, 0xDD0F, 0xDD0F, 0xD4EF, 0xD4EF, 0xD4CF, 0xD4CF, 0xD4CF, 0xD4CF, 0xCCAE, 0xBC2D, 0xB3EC,
  0xABCB, 0xABCB, 0xB3EC, 0xC42C, 0xCC6D, 0xCC8D, 0xCC8D, 0xCC8D, 0xCC6D, 0xCC6D, 0xCC4D, 0xCC4D,
  0xCC4D, 0xCC4C, 0xCC4D, 0xCC4D, 0xCC4D, 0xC40C, 0xBBCB, 0xB3CB, 0xB3CB, 0xBBCB, 0xBBEB, 0xC40C,
  0xC40C, 0xC40C, 0xC40C, 0xC40C, 0xC40C, 0xC40C, 0xC40C, 0xC40C, 0xC40C, 0xC40C, 0xC40C, 0xC40C,
  0xC40C, 0xC40C, 0xBC0C, 0xBC0C, 0xBC0C, 0xBBEB, 0xBBEB, 0xBBEB, 0xBC0C, 0xBC0B, 0xBC0B, 0xBC0C,
  0xBC0C, 0xBC0C, 0xBC0C, 0xBC0C, 0xBC0C, 0xBC0C, 0xBC0B, 0xBC0B, 0xBC0B, 0xBC0C, 0xBC0C, 0xBC0C,
  0xBC0C, 0xBC0B, 0xBBEB, 0xBBEB, 0xBBEB, 0xBC0B, 0xBBEB, 0xBBEB, 0xBBEB, 0xBBEB, 0xBBEB, 0xBBEB,
  0xBBEB, 0xBBEB, 0xBBEB, 0xBBEB, 0xBBEB, 0xBBEB, 0xBBEB, 0xBBEB, 0xBBEB, 0xBBEB, 0xBBEB, 0xBBEB,
  0xBBEB, 0xBBEB, 0xBBEB, 0xBBEB, 0xBBEB, 0xBBEB, 0xBBEB, 0xBBEB, 0xBBEB, 0xBBEB, 0xBBEB, 0xBBEB,
  0xBBEB, 0xBBEB, 0xBBEB, 0xBBEB, 0xBBEB, 0xBBEB, 0xBBEB, 0xBBEB, 0xBBEB, 0xBBEB, 0xBBEB, 0xBBEB,
  0xFF19, 0xFEF8, 0xFEF8, 0xFEF8, 0xFF18, 0xFEF8, 0xFEF8, 0xFF19, 0xFF19, 0xFF18, 0xFEF8, 0xFED8,
  0xFED8, 0xFED8, 0xFEF8, 0xFF3A, 0xFF39, 0xFEF8, 0xFED7, 0xFED7, 0xFED7, 0xFED7, 0xFED7, 0xFEB7,
  0xFED7, 0xFED7, 0xFED8, 0xFED7, 0xFED7, 0xFEB7, 0xFEB7, 0xFEB7, 0xF697, 0xF696, 0xF696, 0xFEB6,
  0xF696, 0xFE97, 0xF696, 0xF696, 0xF696, 0xF696, 0xF696, 0xF696, 0xF696, 0xF696, 0xF655, 0xEE14,
  0xEDF4, 0xEE14, 0xEE35, 0xF655, 0xF655, 0xF655, 0xF655, 0xF655, 0xF655, 0xF655, 0xF635, 0xF635,
  0xF655, 0xF655, 0xF655, 0xF655, 0xF635, 0xF635, 0xF655, 0xEDF4, 0xDD72, 0xDD71, 0xDD72, 0xE5B3,
  0xEE14, 0xEE14, 0xEE14, 0xEDF3, 0xEDF3, 0xEDF3, 0xEDF3, 0xEDD3, 0xDD71, 0xCCF0, 0xC4AF, 0xC4AF,
  0xCCD0, 0xD531, 0xE5B2, 0xEDD3, 0xEDD3, 0xEDB3, 0xEDB2, 0xE5B2, 0xE5B2, 0xE592, 0xE592, 0xE591,
  0xE591, 0xE571, 0xE571, 0xE571, 0xDD51, 0xDD10, 0xD50F, 0xD4EF, 0xDD10, 0xDD30, 0xDD50, 0xDD50,
  0xDD30, 0xDD30, 0xDD30, 0xDD30, 0xDD30, 0xDD10, 0xDD0F, 0xD4AE, 0xCC6E, 0xC46D, 0xCC6D, 0xCC8E,
  0xD4CF, 0xD4CF, 0xD4CE, 0xD4CE, 0xD4CE, 0xD4AE, 0xD4AE, 0xD4AE, 0xD4AE, 0xCC6D, 0xBC0C, 0xABAB,
  0xA36A, 0xAB8A, 0xB3AB, 0xBC0C, 0xCC4D, 0xCC6D, 0xCC6D, 0xCC4D, 0xCC4D, 0xCC4C, 0xCC2C, 0xCC2C,
  0xC42C, 0xC42C, 0xC42C, 0xC42C, 0xC42C, 0xBBCB, 0xB3AA, 0xB38A, 0xB38A, 0xB3AA, 0xBBCB, 0xC40B,
  0xC3EB, 0xBBEB, 0xC3EB, 0xBBEB, 0xBBEB, 0xBBEB, 0xBBEB, 0xBBEB, 0xBBEB, 0xBBEB, 0xBBEB, 0xBBEB,
  0xBBEB, 0xBBEB, 0xBBCB, 0xBBCB, 0xBBCB, 0xBBCB, 0xBBCB, 0xBBCB, 0xBBCB, 0xBBCB, 0xBBEB, 0xBBEB,
  0xBBEB, 0xBBEB, 0xBBEB, 0xBBEB, 0xBBEB, 0xBBEB, 0xBBEB, 0xBBEB, 0xBBEB, 0xBBEB, 0xBBEB, 0xBBEB,
  0xBBEB, 0xBBEB, 0xBBEB, 0xBBEB, 0xBBEB, 0xBBEB, 0xBBCB, 0xBBEB, 0xBBEB, 0xBBEB, 0xBBEB, 0xBBEB,
  0xBBCB, 0xBBCB, 0xBBCB, 0xBBEB, 0xBBCB, 0xBBCB, 0xBBCB, 0xBBCB, 0xBBCB, 0xBBEB, 0xBBEB, 0xBBEB,
  0xBBEB, 0xBBCB, 0xBBCB, 0xBBCB, 0xBBCB, 0xBBCB, 0xBBEB, 0xBBEB, 0xBBEB, 0xBBEB, 0xBBEB, 0xBBEB,
  0xBBEB, 0xBBEB, 0xBBEB, 0xBBEB, 0xBBEB, 0xBBEB, 0xBBEB, 0xBBEB, 0xBBEB, 0xBBEB, 0xBBEB, 0xBBEB,
  0xFEF8, 0xFEF8, 0xFEF8, 0xFED8, 0xFEF8, 0xFED8, 0xFED8, 0xF6D7, 0xFED8, 0xFF19, 0xFF18, 0xFEF8,
  0xFEF8, 0xFED7, 0xFED7, 0xFEF8, 0xFEF8, 0xFED8, 0xFED7, 0xFED7, 0xFEB7, 0xFEB7, 0xFEB7, 0xF6B7,
  0xFED7, 0xFED8, 0xFEF8, 0xFF19, 0xFF5A, 0xFF3A, 0xFEF8, 0xFEB7, 0xF6D7, 0xF6B7, 0xFEB7, 0xFE97,
  0xF696, 0xF696, 0xF676, 0xF676, 0xF696, 0xF696, 0xF676, 0xF696, 0xF696, 0xF696, 0xF655, 0xEDF4,
  0xE5F4, 0xEDF4, 0xEE14, 0xF655, 0xF655, 0xF655, 0xF655, 0xF655, 0xF655, 0xF635, 0xF635, 0xF635,
  0xF635, 0xF634, 0xF614, 0xF614, 0xF614, 0xF614, 0xF634, 0xE5D3, 0xDD51, 0xD530, 0xDD51, 0xE592,
  0xEE14, 0xEE14, 0xEDF3, 0xEDF3, 0xEDF3, 0xEDF3, 0xEDF3, 0xEDD3, 0xDD71, 0xCCCF, 0xC48E, 0xBC6E,
  0xC48F, 0xD4F0, 0xE592, 0xE5B2, 0xE5B2, 0xE5B2, 0xE592, 0xE592, 0xE592, 0xE591, 0xE571, 0xE571,
  0xE571, 0xE571, 0xE571, 0xE551, 0xDD30, 0xD50F, 0xD4CF, 0xD4CF, 0xD4CF, 0xDD0F, 0xDD10, 0xDD30,
  0xDD10, 0xDD0F, 0xDD0F, 0xDD0F, 0xDD0F, 0xDD0F, 0xD4CF, 0xCC6E, 0xC44D, 0xC42D, 0xC44D, 0xCC6D,
  0xD4AE, 0xD4CE, 0xD4AE, 0xD4AE, 0xD48E, 0xD48E, 0xD48E, 0xD48D, 0xCC8D, 0xC44C, 0xB3CB, 0xA36A,
  0x9B29, 0xA34A, 0xAB8A, 0xBBEB, 0xC42C, 0xCC2C, 0xC42C, 0xC42C, 0xC42C, 0xC42C, 0xC42C, 0xC40C,
  0xC40C, 0xC40C, 0xC40C, 0xC40C, 0xC40C, 0xB3AA, 0xAB6A, 0xAB69, 0xAB69, 0xB36A, 0xBBAA, 0xBBCB,
  0xBBCB, 0xBBCB, 0xBBCB, 0xBBCB, 0xBBCB, 0xBBCB, 0xBBCB, 0xBBCA, 0xBBAB, 0xBBAA, 0xBBAA, 0xBBCB,
  0xBBCA, 0xBBCB, 0xBBAA, 0xBBAA, 0xBBAA, 0xBBAA, 0xBBAA, 0xBBAA, 0xBBAA, 0xBBAA, 0xBBAA, 0xB3AA,
  0xBBCB, 0xBBCB, 0xBBCB, 0xB3CB, 0xBBCB, 0xBBCB, 0xBBCB, 0xBBCB, 0xBBCB, 0xBBCB, 0xBBCB, 0xBBCB,
  0xBBCB, 0xBBCB, 0xBBCB, 0xBBCB, 0xBBCB, 0xBBCB, 0xB3CB, 0xB3CB, 0xB3CB, 0xB3CB, 0xB3CB, 0xB3CB,
  0xB3CB, 0xB3CB, 0xB3CA, 0xBBCB, 0xB3CB, 0xBBCB, 0xBBCB, 0xBBCB, 0xBBCB, 0xBBCB, 0xBBCB, 0xBBCB,
  0xBBCB, 0xBBCB, 0xBBCB, 0xBBCB, 0xBBCB, 0xBBCB, 0xBBCB, 0xBBCB, 0xBBCB, 0xBBCB, 0xBBCB, 0xBBCB,
  0xBBEB, 0xBBEB, 0xBBEB, 0xBBEB, 0xBBEB, 0xBBEB, 0xBBEB, 0xBBEB, 0xBBEB, 0xBBEB, 0xBBEB, 0xBBEB,
  0xFEF8, 0xFF39, 0xFF5A, 0xFF19, 0xFED8, 0xFEB7, 0xF6D7, 0xFEF8, 0xFEF8, 0xF6B7, 0xF6B7, 0xFED7,
  0xFED7, 0xFEB7, 0xFED7, 0xFED7, 0xFEB7, 0xFEB7, 0xF6B7, 0xF6B7, 0xF6B7, 0xFEB7, 0xFED8, 0xFEF8,
  0xFED7, 0xFEB7, 0xF6B7, 0xF6B7, 0xF6B7, 0xF6D7, 0xFEB7, 0xFED7, 0xFED7, 0xFED7, 0xF6B7, 0xF6B7,
  0xF6B7, 0xF696, 0xF696, 0xF696, 0xF696, 0xF676, 0xF676, 0xF676, 0xF676, 0xF676, 0xF635, 0xE5F3,
  0xE5D3, 0xEDD3, 0xEE34, 0xF676, 0xF676, 0xF676, 0xF696, 0xF676, 0xF655, 0xF635, 0xF634, 0xF634,
  0xF634, 0xF614, 0xEE14, 0xEE14, 0xEE14, 0xEE14, 0xEDF4, 0xE5B2, 0xD510, 0xD4EF, 0xD510, 0xDD71,
  0xEDD3, 0xEDF3, 0xEDD3, 0xEDD3, 0xEDF3, 0xEDF3, 0xEDF3, 0xEDD3, 0xDD71, 0xCCAF, 0xBC4E, 0xB42D,
  0xBC4E, 0xCCCF, 0xDD51, 0xE591, 0xE591, 0xE591, 0xE591, 0xE591, 0xE571, 0xE571, 0xE571, 0xE551,
  0xE551, 0xE550, 0xE550, 0xE550, 0xDD10, 0xD4CF, 0xD4AE, 0xCCAE, 0xD4AE, 0xD4CF, 0xDCEF, 0xDCEF,
  0xDCEF, 0xDCEF, 0xDCEF, 0xDCEF, 0xDCEF, 0xD4EF, 0xD4AE, 0xC44D, 0xC40C, 0xC40C, 0xC40C, 0xCC4D,
  0xCC8D, 0xD48E, 0xD48D, 0xD48D, 0xCC8D, 0xCC6D, 0xCC6D, 0xCC6D, 0xCC6D, 0xC40C, 0xAB8A, 0x9B29,
  0x92E9, 0x9B09, 0xA34A, 0xBBCB, 0xC40C, 0xC40C, 0xC40C, 0xC40C, 0xC40C, 0xC40B, 0xC40B, 0xC3EB,
  0xC3EB, 0xC3EB, 0xC3EB, 0xC3EB, 0xBBCB, 0xB38A, 0xAB49, 0xA329, 0xA329, 0xAB49, 0xB38A, 0xBBAA,
  0xBBAA, 0xBBAA, 0xBBAA, 0xBBAA, 0xBBAA, 0xB3AA, 0xBBAA, 0xBB8A, 0xB38A, 0xB38A, 0xB38A, 0xB3AA,
  0xB3AA, 0xB38A, 0xB38A, 0xB38A, 0xB38A, 0xB38A, 0xB38A, 0xB38A, 0xB38A, 0xB38A, 0xB38A, 0xB38A,
  0xB38A, 0xB3AA, 0xB3AA, 0xB3AA, 0xB3AA, 0xB3AA, 0xB3AA, 0xB3AA, 0xB3AA, 0xB3AA, 0xB3AA, 0xB3AA,
  0xB3AA, 0xB3AA, 0xB3AA, 0xB3AA, 0xB3AA, 0xB3AA, 0xB3AA, 0xB3AA, 0xB3AA, 0xB3AA, 0xB3AA, 0xB3AA,
  0xB3AA, 0xB3AA, 0xB3AA, 0xB3AA, 0xB3AA, 0xB3AA, 0xB3AA, 0xB3AA, 0xB3AA, 0xB3AA, 0xB3AA, 0xB3AA,
  0xB3AA, 0xB3CA, 0xB3CA, 0xB3AA, 0xB3AA, 0xB3AA, 0xB3CA, 0xB3CB, 0xBBCB, 0xBBCB, 0xBBCB, 0xBBCB,
  0xBBCB, 0xBBCB, 0xBBCB, 0xBBCB, 0xBBCB, 0xBBCB, 0xBBCB, 0xBBEB, 0xBBCB, 0xBBEB, 0xBBCB, 0xBBEB,
  0xFED8, 0xFEF8, 0xF6D7, 0xFEF8, 0xFEF8, 0xFED8, 0xFED7, 0xFED7, 0xFED7, 0xFEB7, 0xFEB7, 0xFED7,
  0xFED7, 0xFED7, 0xF6B7, 0xF696, 0xF6B7, 0xFED7, 0xFEF8, 0xFED7, 0xFEB7, 0xFED7, 0xFEF8, 0xFED8,
  0xFEB7, 0xF696, 0xF6B6, 0xF696, 0xF676, 0xF696, 0xF696, 0xF697, 0xF696, 0xF696, 0xF696, 0xF6B7,
  0xF696, 0xF697, 0xF6B7, 0xF696, 0xF655, 0xF655, 0xF655, 0xF655, 0xF655, 0xF655, 0xEE34, 0xE5B3,
  0xE592, 0xE5B3, 0xEE34, 0xF696, 0xF696, 0xF676, 0xF655, 0xF655, 0xF635, 0xF634, 0xF614, 0xEE14,
  0xEE14, 0xEE14, 0xEE13, 0xEDF3, 0xEDF3, 0xEDF3, 0xEDF3, 0xE592, 0xD4EF, 0xCCAF, 0xCCCF, 0xDD30,
  0xE5B2, 0xEDD2, 0xEDD3, 0xEDD3, 0xEDD3, 0xEDD3, 0xEDD3, 0xE5B2, 0xDD51, 0xC48E, 0xB40D, 0xABEC,
  0xB3EC, 0xC46E, 0xDD30, 0xE571, 0xE571, 0xE571, 0xE571, 0xE571, 0xE571, 0xE551, 0xE550, 0xE530,
  0xDD30, 0xDD30, 0xDD30, 0xDD30, 0xDCEF, 0xD4AE, 0xCC8E, 0xCC6D, 0xCC6D, 0xD4AE, 0xD4CE, 0xD4EF,
  0xD4CE, 0xD4CE, 0xD4CE, 0xD4CE, 0xD4CE, 0xD4CE, 0xCC8D, 0xC40C, 0xBBEB, 0xBBEB, 0xBBEB, 0xC42C,
  0xCC6D, 0xCC6D, 0xCC6D, 0xCC6D, 0xCC6D, 0xCC4D, 0xCC4C, 0xCC4C, 0xCC4C, 0xBBEB, 0xA349, 0x92E8,
  0x8AA8, 0x92C8, 0xA329, 0xB3AB, 0xC3EB, 0xC3EB, 0xC3EB, 0xC3EB, 0xC3EB, 0xC3EB, 0xC3EB, 0xC3CB,
  0xBBCB, 0xBBCB, 0xBBCB, 0xBBCA, 0xBBAA, 0xAB49, 0xA328, 0xA308, 0xA308, 0xAB29, 0xB36A, 0xB38A,
  0xB38A, 0xB38A, 0xB38A, 0xB38A, 0xB38A, 0xB38A, 0xB38A, 0xB36A, 0xB36A, 0xB36A, 0xB36A, 0xB38A,
  0xB38A, 0xB369, 0xB369, 0xB369, 0xB369, 0xB369, 0xB369, 0xB369, 0xB36A, 0xB36A, 0xB38A, 0xB36A,
  0xB38A, 0xB38A, 0xB38A, 0xB38A, 0xB38A, 0xB38A, 0xB38A, 0xB38A, 0xB38A, 0xB38A, 0xB38A, 0xB38A,
  0xB38A, 0xB38A, 0xB38A, 0xB38A, 0xB38A, 0xB38A, 0xB38A, 0xB38A, 0xB38A, 0xB38A, 0xB38A, 0xB38A,
  0xB38A, 0xB38A, 0xB38A, 0xB38A, 0xB38A, 0xB38A, 0xB38A, 0xB38A, 0xB38A, 0xB38A, 0xB38A, 0xB3AA,
  0xB3AA, 0xB3AA, 0xB3AA, 0xB3AA, 0xB3AA, 0xB3AA, 0xB3AA, 0xB3AA, 0xB3AA, 0xB3AA, 0xB3AA, 0xB3AA,
  0xB3AA, 0xB3AA, 0xB3CA, 0xB3CA, 0xB3CB, 0xBBCB, 0xBBCB, 0xBBCB, 0xBBCB, 0xBBCB, 0xBBCB, 0xBBCB,
  0xFEF8, 0xF6D7, 0xF6B7, 0xFED7, 0xFED8, 0xFED8, 0xFED7, 0xFED7, 0xFEB7, 0xFE97, 0xF6B7, 0xFED7,
  0xFED7, 0xFED7, 0xFEB7, 0xF6B6, 0xF696, 0xF6B7, 0xFED8, 0xF6B7, 0xF6B7, 0xF697, 0xF696, 0xF696,
  0xF696, 0xF6B6, 0xF696, 0xF676, 0xF696, 0xF6B7, 0xF6B7, 0xF696, 0xF676, 0xF676, 0xF676, 0xF696,
  0xF696, 0xF676, 0xF675, 0xF635, 0xF634, 0xF635, 0xF635, 0xF655, 0xF655, 0xF696, 0xEE35, 0xE592,
  0xDD71, 0xDD72, 0xEDF4, 0xF655, 0xF634, 0xF614, 0xEE14, 0xEE14, 0xEE14, 0xEE14, 0xEE14, 0xEE14,
  0xEDF3, 0xEDF3, 0xEDF3, 0xEDF3, 0xEDF3, 0xEDF3, 0xEDF3, 0xE5B2, 0xCCCF, 0xC48E, 0xCCAE, 0xD510,
  0xE5B2, 0xE5B2, 0xEDB2, 0xEDB2, 0xEDB2, 0xEDB2, 0xE592, 0xE591, 0xDD51, 0xC48E, 0xB3EC, 0xA38B,
  0xABAB, 0xBC2D, 0xD4EF, 0xDD50, 0xE550, 0xE550, 0xE550, 0xE550, 0xE550, 0xDD30, 0xDD30, 0xDD30,
  0xDD10, 0xDD10, 0xDD0F, 0xDD0F, 0xDCEF, 0xD48E, 0xCC4D, 0xC44C, 0xC44D, 0xCC6D, 0xD4AE, 0xD4CE,
  0xD4CE, 0xD4AE, 0xD4AE, 0xD4AE, 0xD4AE, 0xD4AE, 0xCC4D, 0xBBEB, 0xB3AB, 0xB3AB, 0xBBCB, 0xC40C,
  0xCC4D, 0xCC4D, 0xCC4C, 0xCC4C, 0xCC2C, 0xCC2C, 0xCC2C, 0xCC2C, 0xC40C, 0xB3AA, 0x9B09, 0x8AA8,
  0x8267, 0x8AA7, 0x9B09, 0xB3AA, 0xBBCB, 0xC3CB, 0xBBCB, 0xC3CB, 0xBBCA, 0xBBAA, 0xBBAA, 0xBBAA,
  0xBBAA, 0xBBAA, 0xBBAA, 0xBBAA, 0xB36A, 0xA308, 0x9AE8, 0x9AC8, 0x9AC8, 0xA308, 0xB349, 0xB369,
  0xB369, 0xB369, 0xB369, 0xB369, 0xB349, 0xB349, 0xB349, 0xB349, 0xB349, 0xB349, 0xB369, 0xB369,
  0xAB49, 0xAB49, 0xAB49, 0xAB49, 0xAB49, 0xAB49, 0xAB49, 0xAB49, 0xAB49, 0xAB49, 0xAB49, 0xAB49,
  0xAB49, 0xAB69, 0xAB69, 0xAB69, 0xAB69, 0xAB69, 0xAB69, 0xAB6A, 0xAB69, 0xAB69, 0xAB69, 0xAB69,
  0xAB69, 0xAB69, 0xAB6A, 0xAB6A, 0xAB6A, 0xAB6A, 0xAB6A, 0xAB6A, 0xAB6A, 0xAB6A, 0xAB6A, 0xAB6A,
  0xAB6A, 0xAB6A, 0xAB6A, 0xAB6A, 0xB369, 0xB36A, 0xB38A, 0xB38A, 0xB38A, 0xB38A, 0xB38A, 0xB38A,
  0xB38A, 0xB38A, 0xB38A, 0xB38A, 0xB38A, 0xB38A, 0xB38A, 0xB38A, 0xB3AA, 0xB3AA, 0xB3AA, 0xB3AA,
  0xB3AA, 0xB3AA, 0xB3AA, 0xB3AA, 0xB3AA, 0xB3AA, 0xB3CB, 0xB3CB, 0xB3CA, 0xB3CA, 0xB3CB, 0xB3CB,
  0xFED8, 0xFED7, 0xFED8, 0xFEF8, 0xF6D7, 0xFEB7, 0xFED7, 0xF6B7, 0xFF19, 0xF6F8, 0xF6B7, 0xF696,
  0xF6D7, 0xFED8, 0xF6B7, 0xF696, 0xF696, 0xF696, 0xF696, 0xF6B7, 0xF697, 0xF696, 0xF676, 0xF676,
  0xF696, 0xF696, 0xF696, 0xF696, 0xF6B6, 0xF696, 0xF676, 0xF676, 0xF655, 0xF655, 0xF675, 0xF675,
  0xF675, 0xF655, 0xF635, 0xF655, 0xF676, 0xF676, 0xF675, 0xF655, 0xF655, 0xF655, 0xEE14, 0xDD71,
  0xDD51, 0xDD51, 0xE5B3, 0xEE14, 0xEDF4, 0xEDF3, 0xEDF3, 0xEDF3, 0xEDF3, 0xEE14, 0xEE14, 0xEE14,
  0xEE14, 0xEDF3, 0xEDF3, 0xEDD3, 0xEDD3, 0xEDF3, 0xEDF3, 0xE592, 0xCCAF, 0xC44D, 0xC46E, 0xD4CF,
  0xE592, 0xE5B2, 0xE592, 0xE592, 0xE591, 0xE571, 0xE571, 0xE571, 0xDD50, 0xCC8E, 0xABAB, 0x9B4A,
  0x9B4A, 0xB3EC, 0xCCAE, 0xDD30, 0xDD30, 0xDD30, 0xDD30, 0xDD10, 0xDD30, 0xDD30, 0xDD0F, 0xDD0F,
  0xDD0F, 0xDD0F, 0xDCEF, 0xDCEF, 0xD4CE, 0xCC6D, 0xC42C, 0xC40C, 0xC40C, 0xCC4C, 0xCC8D, 0xD4AE,
  0xD48E, 0xD48D, 0xD48D, 0xD48D, 0xD46D, 0xCC6D, 0xC40C, 0xB3AA, 0xB38A, 0xB38A, 0xB38A, 0xC3EB,
  0xCC2C, 0xCC2C, 0xCC2C, 0xCC0C, 0xCC0B, 0xC40B, 0xC40B, 0xC3EB, 0xC3EB, 0xB36A, 0x92C8, 0x7A67,
  0x7A46, 0x8267, 0x9AE8, 0xB38A, 0xBBAA, 0xBBAA, 0xBBAA, 0xBBAA, 0xBB8A, 0xBB8A, 0xBB8A, 0xBB89,
  0xBB69, 0xBB69, 0xB369, 0xB369, 0xAB49, 0x9AE8, 0x92A7, 0x92A7, 0x9AA7, 0xA2E8, 0xAB29, 0xB349,
  0xB349, 0xB329, 0xAB28, 0xAB29, 0xAB28, 0xAB28, 0xAB29, 0xAB29, 0xAB28, 0xAB29, 0xAB29, 0xAB29,
  0xAB29, 0xAB08, 0xA308, 0xA308, 0xA308, 0xAB28, 0xAB29, 0xAB28, 0xAB28, 0xAB29, 0xAB29, 0xAB29,
  0xAB49, 0xAB49, 0xAB29, 0xAB49, 0xAB49, 0xAB49, 0xAB49, 0xAB49, 0xAB49, 0xAB49, 0xAB49, 0xAB49,
  0xAB49, 0xAB49, 0xAB49, 0xAB49, 0xAB49, 0xAB49, 0xAB49, 0xAB49, 0xAB49, 0xAB69, 0xAB49, 0xAB49,
  0xAB49, 0xAB49, 0xAB69, 0xAB69, 0xAB69, 0xAB69, 0xAB69, 0xAB69, 0xAB69, 0xAB69, 0xAB6A, 0xAB69,
  0xAB6A, 0xAB8A, 0xAB8A, 0xB36A, 0xB36A, 0xB38A, 0xB38A, 0xB38A, 0xB38A, 0xB38A, 0xB38A, 0xB38A,
  0xB38A, 0xB38A, 0xB38A, 0xB3AA, 0xB3AA, 0xB3AA, 0xB3AA, 0xB3AA, 0xB3AA, 0xB3AA, 0xB3AA, 0xB3AA,
  0xFED7, 0xFED8, 0xFED7, 0xFEB7, 0xFEB7, 0xF696, 0xF6B7, 0xFED7, 0xF6D8, 0xFF5B, 0xFF7B, 0xFEF8,
  0xF696, 0xF6B7, 0xF6B7, 0xFEB7, 0xFF19, 0xFF18, 0xF6B7, 0xF696, 0xF696, 0xF696, 0xF696, 0xF676,
  0xF676, 0xF676, 0xF676, 0xF675, 0xF655, 0xF655, 0xF635, 0xF655, 0xF655, 0xF655, 0xF675, 0xF655,
  0xF655, 0xF655, 0xF676, 0xF697, 0xF6B7, 0xFE96, 0xF655, 0xF634, 0xF634, 0xEE34, 0xEDF4, 0xDD51,
  0xD510, 0xD531, 0xE5B2, 0xEE14, 0xEE14, 0xEDF3, 0xEE13, 0xEDF3, 0xEDF3, 0xEDF3, 0xEDF3, 0xEDF3,
  0xEDF3, 0xEDD3, 0xEDD2, 0xEDD2, 0xEDD2, 0xEDD2, 0xEDD3, 0xE592, 0xCC8E, 0xBC2D, 0xBC2D, 0xCCAE,
  0xE571, 0xE592, 0xE591, 0xE571, 0xE571, 0xE571, 0xE571, 0xE551, 0xDD50, 0xCC8E, 0xAB8B, 0x92E9,
  0x92E9, 0xAB8B, 0xCC6D, 0xDCEF, 0xDD10, 0xDD0F, 0xDD0F, 0xDD0F, 0xDD0F, 0xDD0F, 0xDCEF, 0xDCEF,
  0xDCCF, 0xDCCE, 0xD4CE, 0xD4CE, 0xD4AE, 0xCC4C, 0xC40C, 0xBBEB, 0xBBCB, 0xC40C, 0xCC4C, 0xCC6D,
  0xD46D, 0xCC6D, 0xCC6C, 0xCC4C, 0xCC4C, 0xCC4C, 0xC3EB, 0xB36A, 0xAB49, 0xAB49, 0xB36A, 0xBBCB,
  0xC40B, 0xC40B, 0xC3EB, 0xC3EB, 0xC3EB, 0xC3CA, 0xC3CA, 0xC3CA, 0xBBAA, 0xAB29, 0x8A87, 0x7226,
  0x6A06, 0x7A46, 0x92C8, 0xAB49, 0xBB8A, 0xBB8A, 0xBB89, 0xBB69, 0xB369, 0xB369, 0xB349, 0xB349,
  0xB349, 0xB349, 0xB349, 0xB349, 0xAB08, 0x9AA7, 0x9266, 0x8A66, 0x9286, 0x9AC7, 0xAB08, 0xAB08,
  0xAB08, 0xAB08, 0xAB08, 0xAB08, 0xAB08, 0xAB08, 0xAB08, 0xAB08, 0xAB08, 0xAB08, 0xAB08, 0xAB08,
  0xA2E8, 0xA2E8, 0xA2E8, 0xA2E7, 0xA2E8, 0xA2E8, 0xA308, 0xA308, 0xA308, 0xAB08, 0xA308, 0xA328,
  0xA328, 0xA328, 0xA329, 0xA329, 0xA329, 0xA329, 0xA329, 0xA329, 0xA329, 0xA329, 0xA329, 0xA329,
  0xA329, 0xA329, 0xAB49, 0xAB29, 0xAB49, 0xAB49, 0xAB49, 0xAB49, 0xAB49, 0xAB49, 0xAB49, 0xAB49,
  0xAB49, 0xAB49, 0xAB49, 0xAB49, 0xAB49, 0xAB49, 0xAB49, 0xAB49, 0xAB49, 0xAB49, 0xAB49, 0xAB69,
  0xAB69, 0xAB69, 0xAB69, 0xAB6A, 0xAB6A, 0xAB69, 0xAB69, 0xAB6A, 0xAB69, 0xB36A, 0xAB8A, 0xAB8A,
  0xB38A, 0xB38A, 0xB38A, 0xB38A, 0xB38A, 0xB38A, 0xB3AA, 0xB3AA, 0xB3AA, 0xB3AA, 0xB3AA, 0xB3AA,
  0xF6B7, 0xF6D8, 0xFED7, 0xFEB7, 0xFEB7, 0xF696, 0xF696, 0xF6B7, 0xF6B7, 0xF6B7, 0xF6F8, 0xFF19,
  0xFED7, 0xF696, 0xF696, 0xF6B7, 0xF6D7, 0xF6D7, 0xF6B7, 0xF696, 0xF675, 0xF675, 0xF676, 0xF675,
  0xF675, 0xF676, 0xF676, 0xF655, 0xF635, 0xF676, 0xF696, 0xF6B7, 0xF6B7, 0xF696, 0xF676, 0xF655,
  0xF634, 0xF655, 0xF675, 0xF676, 0xF655, 0xF634, 0xF614, 0xEE14, 0xEE14, 0xEE34, 0xEDF3, 0xD531,
  0xCCF0, 0xD510, 0xE592, 0xEE13, 0xEE14, 0xEE14, 0xEDF3, 0xEDF3, 0xEDD3, 0xEDD2, 0xEDD2, 0xEDD3,
  0xEDD2, 0xEDD2, 0xEDD2, 0xEDB2, 0xEDB2, 0xEDB2, 0xE5B2, 0xE571, 0xCC8E, 0xBBEC, 0xBBEC, 0xCC6D,
  0xDD30, 0xE571, 0xE551, 0xE550, 0xE550, 0xE550, 0xE550, 0xE550, 0xDD30, 0xCC6E, 0xAB8A, 0x8AC8,
  0x8A88, 0xA34A, 0xC42C, 0xD4CE, 0xDCEF, 0xDCEF, 0xDCEF, 0xDCEF, 0xDCCE, 0xDCCE, 0xDCCE, 0xD4AE,
  0xD4AE, 0xD4AD, 0xD4AD, 0xD48D, 0xD48D, 0xCC2C, 0xBBCB, 0xBBAA, 0xB3AA, 0xBBCB, 0xC40C, 0xCC4C,
  0xCC4C, 0xCC4C, 0xCC2C, 0xCC2C, 0xCC2C, 0xCC0B, 0xBBAA, 0xAB29, 0xA308, 0xA308, 0xB349, 0xBBAA,
  0xC3EB, 0xC3CB, 0xC3CA, 0xC3CA, 0xC3AA, 0xC3AA, 0xC3AA, 0xBBAA, 0xBB69, 0xA2E8, 0x8246, 0x69E5,
  0x61C5, 0x7A26, 0x92A7, 0xAB28, 0xB349, 0xB349, 0xB349, 0xB349, 0xB348, 0xB328, 0xB328, 0xB328,
  0xB328, 0xAB28, 0xAB28, 0xAB08, 0xA2C7, 0x9266, 0x8A46, 0x8A46, 0x8A66, 0x9AA7, 0xA2E7, 0xA2E7,
  0xA2E7, 0xAAE7, 0xAAE7, 0xA2E7, 0xA2E7, 0xA2E7, 0xA2E7, 0xA2E7, 0xA2E7, 0xA2E7, 0xA2E8, 0xA2E8,
  0x9AC7, 0x9AA7, 0x9AA7, 0x9AA7, 0x9AA7, 0x9AC7, 0xA2E7, 0xA2E8, 0xA2E8, 0xA2E8, 0xA2E8, 0xA2E8,
  0xA308, 0xA308, 0xA308, 0xA308, 0xA308, 0xA308, 0xA308, 0xA308, 0xA308, 0xA308, 0xA308, 0xA308,
  0xA308, 0xA328, 0xA329, 0xA329, 0xA329, 0xA329, 0xA329, 0xA329, 0xA329, 0xA349, 0xA349, 0xA349,
  0xA329, 0xA329, 0xA329, 0xA329, 0xAB29, 0xAB29, 0xAB29, 0xAB49, 0xAB49, 0xAB49, 0xAB49, 0xAB49,
  0xAB49, 0xAB49, 0xAB49, 0xAB49, 0xAB49, 0xAB49, 0xAB49, 0xAB69, 0xAB69, 0xAB69, 0xAB69, 0xAB69,
  0xAB69, 0xAB6A, 0xAB6A, 0xAB8A, 0xB38A, 0xB38A, 0xB38A, 0xB38A, 0xB38A, 0xB38A, 0xB38A, 0xB38A,
  0xF6B7, 0xF6B7, 0xF6D8, 0xFED7, 0xF6B7, 0xFED8, 0xF6D7, 0xF6B7, 0xF696, 0xF6B7, 0xF6B6, 0xF696,
  0xF696, 0xF696, 0xF697, 0xF676, 0xF675, 0xF697, 0xF6D7, 0xF6B7, 0xF655, 0xF675, 0xF676, 0xF696,
  0xF696, 0xF675, 0xEE35, 0xEE34, 0xEE14, 0xF655, 0xF655, 0xF655, 0xF676, 0xF655, 0xF635, 0xF634,
  0xF634, 0xF634, 0xF634, 0xF634, 0xF614, 0xEE14, 0xEE13, 0xEE14, 0xEE14, 0xEE34, 0xEDF3, 0xD510,
  0xCCAF, 0xCCCF, 0xDD51, 0xEDF3, 0xEDF3, 0xEDF3, 0xEDD3, 0xEDB2, 0xEDB2, 0xEDB2, 0xEDB2, 0xEDB2,
  0xEDB2, 0xEDB2, 0xEDB2, 0xED92, 0xED91, 0xE591, 0xE591, 0xE571, 0xCC8E, 0xB3CB, 0xB3AB, 0xC42C,
  0xDCEF, 0xDD50, 0xE530, 0xDD30, 0xDD30, 0xDD2F, 0xDD0F, 0xDD0F, 0xDD0F, 0xCC6D, 0xA36A, 0x8288,
  0x7A47, 0x92E8, 0xBBCB, 0xD48D, 0xDCCE, 0xDCAE, 0xDCAE, 0xD4AE, 0xD4AE, 0xD48D, 0xD48D, 0xD48D,
  0xD48D, 0xD46D, 0xD46D, 0xD46D, 0xD46C, 0xCC0B, 0xBBAA, 0xB369, 0xB369, 0xB38A, 0xC3CB, 0xCC0B,
  0xCC2C, 0xCC0B, 0xCC0B, 0xCC0B, 0xCC0B, 0xC3EB, 0xB369, 0xA308, 0xA2E8, 0xA2E8, 0xAB28, 0xBB8A,
  0xC3AA, 0xC3AA, 0xC38A, 0xBB89, 0xBB89, 0xBB69, 0xBB69, 0xBB69, 0xB329, 0x9AA7, 0x7A26, 0x61A5,
  0x61A4, 0x71E5, 0x9287, 0xA2E8, 0xAB28, 0xB328, 0xB308, 0xB308, 0xAB08, 0xAB08, 0xAAE7, 0xAAE8,
  0xAAE7, 0xAAE7, 0xAAE8, 0xAAE7, 0x9AA7, 0x8A46, 0x8225, 0x8205, 0x8A25, 0x9A86, 0xA2C7, 0xA2C7,
  0xA2C7, 0xA2C7, 0xA2A7, 0xA2C7, 0xA2C7, 0xA2A7, 0xA2A7, 0xA2A7, 0xA2C7, 0xA2C7, 0xA2C7, 0x9AC7,
  0x9A87, 0x9286, 0x9286, 0x9286, 0x9A86, 0x9AA7, 0x9AA7, 0x9AC7, 0x9AC7, 0x9AC7, 0x9AC7, 0x9AC7,
  0x9AC7, 0x9AE7, 0x9AE8, 0xA2E8, 0xA2E8, 0xA2E8, 0xA2E8, 0xA2E8, 0xA2E8, 0x9AE8, 0xA2E8, 0xA2E8,
  0xA308, 0xA308, 0xA308, 0xA308, 0xA308, 0xA308, 0xA308, 0xA309, 0xA329, 0xA329, 0xA329, 0xA329,
  0xA329, 0xA329, 0xA329, 0xA329, 0xA329, 0xA329, 0xA329, 0xA329, 0xA329, 0xA329, 0xA329, 0xA329,
  0xA329, 0xAB49, 0xA329, 0xA349, 0xAB49, 0xAB49, 0xAB49, 0xAB49, 0xAB49, 0xAB49, 0xAB49, 0xAB49,
  0xAB49, 0xAB69, 0xAB69, 0xAB69, 0xAB69, 0xAB6A, 0xAB6A, 0xB38A, 0xB38A, 0xB38A, 0xB38A, 0xB38A,
  0xF6B7, 0xF696, 0xF696, 0xF6B7, 0xF6B7, 0xF6B7, 0xF6D8, 0xFEF8, 0xF6B7, 0xF676, 0xF696, 0xF676,
  0xF676, 0xF676, 0xF675, 0xF675, 0xF676, 0xF696, 0xF696, 0xF655, 0xF655, 0xF676, 0xFED8, 0xFEF8,
  0xF696, 0xEE34, 0xE5D3, 0xE5F4, 0xEDD3, 0xEDF4, 0xEDF3, 0xEDF3, 0xEE14, 0xEE34, 0xEE14, 0xEE34,
  0xF634, 0xF614, 0xEE13, 0xEDF3, 0xEDF3, 0xEE13, 0xEDF3, 0xEE14, 0xEE14, 0xEE14, 0xEDB2, 0xD4CF,
  0xC46E, 0xCC8E, 0xDD10, 0xE5B2, 0xE5B2, 0xE5B2, 0xE5B2, 0xED91, 0xED91, 0xE592, 0xED92, 0xE591,
  0xE571, 0xE591, 0xE571, 0xE571, 0xE571, 0xE571, 0xE571, 0xE551, 0xCC6D, 0xB38A, 0xAB6A, 0xBBCB,
  0xD4AE, 0xDD10, 0xDD2F, 0xDD0F, 0xDD0F, 0xDD0F, 0xDCEF, 0xDCEF, 0xDCEF, 0xCC4D, 0xA36A, 0x8267,
  0x7206, 0x8A67, 0xAB8A, 0xCC4C, 0xD48D, 0xD48D, 0xD48D, 0xD48D, 0xD48D, 0xD46D, 0xD46D, 0xD46D,
  0xD46C, 0xD44C, 0xD44C, 0xD44C, 0xCC2C, 0xC3EB, 0xB38A, 0xAB29, 0xAB29, 0xB349, 0xBBAA, 0xC3EB,
  0xC3EB, 0xC3EB, 0xC3EB, 0xC3CA, 0xC3CA, 0xBBAA, 0xAB28, 0x9AC7, 0x9AA7, 0x9AA7, 0xAB08, 0xBB69,
  0xBB69, 0xBB69, 0xBB69, 0xBB49, 0xBB48, 0xBB48, 0xBB48, 0xB348, 0xAAE7, 0x9266, 0x71E5, 0x5984,
  0x5984, 0x71C5, 0x8A46, 0xA2A7, 0xAAE7, 0xAAE7, 0xAAE7, 0xAAC7, 0xAAC7, 0xAAC7, 0xAAC7, 0xAAC7,
  0xAAC7, 0xAAC7, 0xA2C7, 0xA2A7, 0x9266, 0x8205, 0x79E5, 0x79E5, 0x8A05, 0x9266, 0x9A86, 0x9A86,
  0xA286, 0xA286, 0xA286, 0x9A86, 0x9A86, 0x9A86, 0x9A86, 0x9A86, 0x9A86, 0x9A86, 0x9AA7, 0x9A86,
  0x9266, 0x8A46, 0x8A46, 0x9246, 0x9266, 0x9A86, 0x9A86, 0x9AA7, 0x9AA7, 0x9AA7, 0x9AA7, 0x9AA7,
  0x9AA7, 0x9AA7, 0x9AC7, 0x9AC7, 0x9AC7, 0x9AC7, 0x9AC8, 0x9AC8, 0x9AE8, 0x9AC8, 0x9AC7, 0x9AC8,
  0x9AE8, 0x9AE8, 0x9AE8, 0x9AE8, 0x9AE8, 0x9AE8, 0x9AE8, 0x9B08, 0xA308, 0xA308, 0xA309, 0x9B09,
  0x9B09, 0xA309, 0xA308, 0xA308, 0xA308, 0xA309, 0xA309, 0xA309, 0xA309, 0xA329, 0xA329, 0xA329,
  0xA329, 0xA329, 0xA329, 0xA329, 0xA329, 0xA329, 0xA329, 0xA349, 0xAB49, 0xAB49, 0xA349, 0xAB29,
  0xAB49, 0xAB49, 0xAB49, 0xAB49, 0xAB69, 0xAB6A, 0xAB6A, 0xAB6A, 0xAB6A, 0xAB6A, 0xAB8A, 0xAB8A,
  0xF6B7, 0xF6B7, 0xF676, 0xF696, 0xF6B7, 0xF697, 0xF696, 0xF696, 0xF696, 0xF655, 0xF675, 0xF675,
  0xF675, 0xF675, 0xF6B7, 0xFED8, 0xF696, 0xF655, 0xF655, 0xF675, 0xF675, 0xF676, 0xF675, 0xF655,
  0xF634, 0xEDF3, 0xE5B3, 0xE5B3, 0xE5B3, 0xE5B3, 0xE5B3, 0xE592, 0xE5D3, 0xEE14, 0xEE14, 0xEE14,
  0xEE13, 0xEDF3, 0xEDF3, 0xEDF3, 0xEDF3, 0xEDF3, 0xEDF3, 0xEDF3, 0xEDF3, 0xEDD3, 0xE591, 0xCCAF,
  0xC44D, 0xC44D, 0xD4CF, 0xE592, 0xEDD2, 0xEDF3, 0xEDF3, 0xEDB2, 0xEDD2, 0xEDF3, 0xEDB2, 0xE571,
  0xE571, 0xE550, 0xE550, 0xE550, 0xE550, 0xE550, 0xE550, 0xE530, 0xCC6D, 0xAB6A, 0xA329, 0xB38A,
  0xCC6D, 0xDCEF, 0xDD0F, 0xDCEF, 0xDCEE, 0xDCCE, 0xDCCE, 0xDCCE, 0xDCCE, 0xCC4C, 0xA36A, 0x7A46,
  0x69C5, 0x7A26, 0xA329, 0xC3EB, 0xD46C, 0xD46C, 0xD44C, 0xD44C, 0xD44C, 0xD44C, 0xD44C, 0xD44C,
  0xCC2C, 0xCC2B, 0xCC0B, 0xCC0B, 0xCC0B, 0xC3CA, 0xB349, 0xA308, 0xA2E8, 0xAB08, 0xBB69, 0xC3AA,
  0xC3AA, 0xC3AA, 0xC3AA, 0xC3AA, 0xC3AA, 0xBB69, 0xA2C7, 0x9A86, 0x9266, 0x9A86, 0xAAE7, 0xB328,
  0xBB48, 0xBB28, 0xBB28, 0xB328, 0xB308, 0xB308, 0xB308, 0xB308, 0xA2A6, 0x8A25, 0x69A4, 0x5143,
  0x5143, 0x69A4, 0x8225, 0x9A66, 0xA2A6, 0xAAC6, 0xAAA6, 0xA2A6, 0xA2A6, 0xA286, 0xA286, 0xA286,
  0xA286, 0xA286, 0xA286, 0x9A86, 0x8A25, 0x79E4, 0x79C4, 0x79C4, 0x81E4, 0x9245, 0x9A66, 0x9A66,
  0x9A66, 0x9A66, 0x9A66, 0x9A66, 0x9A66, 0x9A66, 0x9A66, 0x9A66, 0x9A66, 0x9A66, 0x9266, 0x9266,
  0x8A25, 0x8A25, 0x8225, 0x8A25, 0x8A46, 0x9266, 0x9266, 0x9286, 0x9286, 0x9286, 0x9286, 0x9286,
  0x9AA7, 0x9AA7, 0x9AA7, 0x9AA7, 0x9AA7, 0x9AA7, 0x9AC7, 0x9AC7, 0x92C7, 0x92A7, 0x92A7, 0x9AA7,
  0x9AC7, 0x9AC7, 0x9AC7, 0x9AC8, 0x9AC8, 0x9AE8, 0x9AE8, 0x9AE8, 0x9AE8, 0x9AE8, 0x9AE8, 0x9AE8,
  0x9AE8, 0x9AE8, 0x9B08, 0x9B08, 0x9B08, 0x9B08, 0x9B08, 0x9B08, 0x9B08, 0xA308, 0xA308, 0xA308,
  0xA309, 0xA309, 0xA309, 0xA309, 0xA329, 0xA329, 0xA329, 0xA329, 0xA329, 0xA329, 0xA329, 0xA329,
  0xA329, 0xA349, 0xAB49, 0xAB49, 0xAB49, 0xAB49, 0xAB49, 0xAB69, 0xAB69, 0xAB6A, 0xAB69, 0xAB69,
  0xF655, 0xF655, 0xF635, 0xF634, 0xF655, 0xF655, 0xF655, 0xF675, 0xF696, 0xF696, 0xF675, 0xF655,
  0xF655, 0xF675, 0xF696, 0xF655, 0xF655, 0xF634, 0xF634, 0xF655, 0xF655, 0xF655, 0xF654, 0xF634,
  0xEE13, 0xEDF3, 0xE592, 0xDD92, 0xE5B2, 0xDD72, 0xE592, 0xDD71, 0xEDF3, 0xF655, 0xEE14, 0xEE13,
  0xEDF3, 0xEE14, 0xEE14, 0xEDF3, 0xEDF3, 0xEDF3, 0xEDF3, 0xEDD3, 0xEDB2, 0xEDB2, 0xEDB2, 0xD4AF,
  0xBC0C, 0xBC0D, 0xD4AF, 0xE5B2, 0xEDF3, 0xEDD3, 0xEDB2, 0xE591, 0xE591, 0xED92, 0xE591, 0xE571,
  0xE550, 0xE550, 0xE530, 0xE52F, 0xE52F, 0xE52F, 0xE530, 0xDD0F, 0xCC6D, 0xAB49, 0x9AE8, 0xAB49,
  0xC42C, 0xDCCE, 0xDCCE, 0xDCCE, 0xDCAE, 0xDCAE, 0xDCAE, 0xDCAE, 0xD4AD, 0xC42C, 0xAB49, 0x7A26,
  0x5984, 0x71C5, 0x9AC8, 0xBBAA, 0xCC0B, 0xD42C, 0xD42C, 0xD42B, 0xCC2B, 0xCC2B, 0xCC0B, 0xCC0B,
  0xCBEA, 0xCBEA, 0xCBEA, 0xCBEA, 0xCBCA, 0xBB89, 0xAB08, 0xA2C7, 0x9AA7, 0xA2C7, 0xB308, 0xBB69,
  0xC389, 0xC369, 0xC369, 0xBB69, 0xBB69, 0xB308, 0x9A86, 0x9245, 0x8A25, 0x9246, 0xA2A7, 0xB2E7,
  0xB307, 0xB2E7, 0xB2E7, 0xB2E7, 0xB2E7, 0xB2C7, 0xB2C7, 0xAAC6, 0x9A45, 0x81E4, 0x6184, 0x4923,
  0x4923, 0x6184, 0x79E4, 0x9225, 0x9A65, 0xA266, 0xA265, 0xA265, 0xA265, 0xA265, 0x9A65, 0x9A45,
  0x9A45, 0x9A45, 0x9A45, 0x9245, 0x81E4, 0x71A4, 0x71A3, 0x71A3, 0x79C4, 0x8A25, 0x9225, 0x9225,
  0x9225, 0x9225, 0x9225, 0x9245, 0x9245, 0x9245, 0x9245, 0x9245, 0x9245, 0x9245, 0x9245, 0x8A25,
  0x8205, 0x81E5, 0x81E5, 0x8205, 0x8A25, 0x9245, 0x9246, 0x9246, 0x9266, 0x9266, 0x9266, 0x9266,
  0x9286, 0x9286, 0x9287, 0x9287, 0x9287, 0x9287, 0x92A7, 0x92A7, 0x9287, 0x9287, 0x9287, 0x9287,
  0x92A7, 0x9AA7, 0x92A7, 0x92C7, 0x92C7, 0x9AC7, 0x9AC8, 0x9AC8, 0x9AC8, 0x9AC8, 0x9AC8, 0x9AC8,
  0x9AC8, 0x9AE8, 0x9AE8, 0x9AE8, 0x9AE8, 0x9AE8, 0x9AE8, 0x9AE8, 0x9AE8, 0x9B08, 0x9B08, 0x9B08,
  0x9B08, 0xA308, 0xA308, 0xA308, 0xA309, 0xA309, 0xA309, 0xA329, 0xA309, 0xA329, 0xA329, 0xA329,
  0xA329, 0xA329, 0xA329, 0xA329, 0xA349, 0xA349, 0xA349, 0xAB49, 0xAB49, 0xAB49, 0xAB49, 0xAB69,
  0xF6B7, 0xF696, 0xF676, 0xF676, 0xF655, 0xF675, 0xF675, 0xF676, 0xF655, 0xF676, 0xF676, 0xF655,
  0xF655, 0xF655, 0xF655, 0xF655, 0xF655, 0xF634, 0xF655, 0xF655, 0xF655, 0xF655, 0xF634, 0xEE14,
  0xEDF3, 0xEDF4, 0xDD92, 0xDD51, 0xDD72, 0xD531, 0xD531, 0xD510, 0xE592, 0xEDF3, 0xEDF3, 0xEDD3,
  0xEDF3, 0xEDF3, 0xEDD3, 0xEDD2, 0xEDD2, 0xEDD3, 0xEDD3, 0xEDB2, 0xEDB2, 0xEDB2, 0xEDB2, 0xD4AE,
  0xB3CC, 0xB3AB, 0xC46D, 0xDD30, 0xE571, 0xE570, 0xE550, 0xE550, 0xE550, 0xE550, 0xE550, 0xE550,
  0xE550, 0xE52F, 0xE50F, 0xDD0F, 0xE50F, 0xDD0F, 0xDD0F, 0xDD0F, 0xCC6D, 0xAB49, 0x92A7, 0xA2E8,
  0xBBCB, 0xD48D, 0xD48D, 0xD48D, 0xD48D, 0xD48D, 0xDC8D, 0xD48D, 0xD46D, 0xC40B, 0xA329, 0x7A26,
  0x5143, 0x6184, 0x8A66, 0xB328, 0xC3EB, 0xCC0B, 0xCC0B, 0xCC0B, 0xCBEB, 0xCBEB, 0xCBCA, 0xCBCA,
  0xCBAA, 0xCBAA, 0xC3A9, 0xC3A9, 0xC389, 0xBB49, 0xAAC7, 0x9A86, 0x9266, 0x9A86, 0xAAC7, 0xBB28,
  0xBB48, 0xBB28, 0xBB28, 0xBB07, 0xBB08, 0xAAC7, 0x9245, 0x8205, 0x81E4, 0x9225, 0xA286, 0xAAA6,
  0xAAA6, 0xAAA6, 0xAAA6, 0xAA86, 0xAA86, 0xAA86, 0xAA86, 0xA265, 0x9204, 0x79A3, 0x5943, 0x4103,
  0x4903, 0x5943, 0x71A4, 0x89E4, 0x9225, 0x9A45, 0x9A25, 0x9A25, 0x9A25, 0x9A24, 0x9A24, 0x9A24,
  0x9A05, 0x9225, 0x9225, 0x8A04, 0x79A3, 0x6983, 0x6963, 0x6963, 0x79A4, 0x89E4, 0x8A04, 0x9205,
  0x9204, 0x9205, 0x9205, 0x9205, 0x9205, 0x9205, 0x8A25, 0x8A25, 0x9225, 0x8A25, 0x8A05, 0x81E4,
  0x79E4, 0x79C4, 0x79C4, 0x81E4, 0x8A05, 0x8A25, 0x8A25, 0x8A25, 0x8A45, 0x8A45, 0x8A46, 0x8A46,
  0x9266, 0x9266, 0x9266, 0x9266, 0x9266, 0x9266, 0x9287, 0x9266, 0x8A66, 0x8A66, 0x8A66, 0x8A66,
  0x9287, 0x9287, 0x92A7, 0x92A7, 0x92A7, 0x92A7, 0x92A7, 0x92A7, 0x92C7, 0x92C7, 0x92C8, 0x92C8,
  0x92C8, 0x92C8, 0x92C8, 0x9AE8, 0x9AC8, 0x9AE8, 0x9AE8, 0x9AE8, 0x9AE8, 0x9AE8, 0x9AE8, 0x9AE8,
  0x9AE8, 0x9B08, 0x9AE8, 0x9B08, 0x9B08, 0x9B08, 0x9B08, 0x9B08, 0x9B09, 0x9B09, 0xA309, 0xA309,
  0xA309, 0xA329, 0xA329, 0xA329, 0xA329, 0xA329, 0xA329, 0xA349, 0xA349, 0xA349, 0xAB49, 0xAB49,
  0xF676, 0xF6B7, 0xF6B7, 0xF696, 0xF655, 0xF675, 0xF696, 0xF696, 0xF655, 0xF675, 0xF675, 0xF696,
  0xF696, 0xF675, 0xF655, 0xF655, 0xF655, 0xF655, 0xF655, 0xEE34, 0xEE34, 0xEE14, 0xEDF3, 0xF614,
  0xF675, 0xF675, 0xE5B2, 0xD510, 0xD510, 0xD510, 0xCCCF, 0xCCCF, 0xDD30, 0xE5B2, 0xE5B2, 0xEDD2,
  0xEDD2, 0xEDB2, 0xEDB1, 0xED91, 0xED91, 0xEDB2, 0xE592, 0xE591, 0xED91, 0xE591, 0xE571, 0xD4CE,
  0xB3CB, 0xA34A, 0xBBEB, 0xCCAE, 0xDD10, 0xDD30, 0xE530, 0xE530, 0xE52F, 0xE50F, 0xE52F, 0xE52F,
  0xE50F, 0xDCEF, 0xDCEF, 0xDCEE, 0xDCCE, 0xDCCE, 0xDCCE, 0xDCCE, 0xD46D, 0xAB49, 0x8A87, 0x9287,
  0xB369, 0xCC2C, 0xD46C, 0xD44C, 0xD44C, 0xD46C, 0xD44C, 0xD44C, 0xD42C, 0xC3CA, 0xA308, 0x7A05,
  0x4923, 0x5143, 0x7A05, 0xA2E7, 0xC389, 0xCBCA, 0xCBEA, 0xCBCA, 0xCBCA, 0xCBAA, 0xCBA9, 0xC389,
  0xC369, 0xC368, 0xC368, 0xC348, 0xC348, 0xBB08, 0xA286, 0x9245, 0x8A25, 0x9225, 0xA266, 0xB2C6,
  0xB2E7, 0xB2E6, 0xB2C6, 0xB2A6, 0xB2A6, 0xA265, 0x8A04, 0x79C4, 0x79A4, 0x89E4, 0x9A25, 0xAA65,
  0xAA65, 0xAA45, 0xAA44, 0xA244, 0xA244, 0xA244, 0xA244, 0x9A04, 0x89A3, 0x6963, 0x5102, 0x38E2,
  0x40E2, 0x5123, 0x6963, 0x81A3, 0x91E4, 0x9204, 0x99E4, 0x91E4, 0x91E4, 0x91E4, 0x91E4, 0x91E4,
  0x91C4, 0x91E4, 0x91E4, 0x81C3, 0x7183, 0x6142, 0x6142, 0x6943, 0x7183, 0x81C4, 0x89E4, 0x89E4,
  0x89E4, 0x89E4, 0x89E4, 0x89E4, 0x89E4, 0x89E4, 0x89E4, 0x89E4, 0x89E4, 0x89E4, 0x81E4, 0x79C4,
  0x71A4, 0x71A4, 0x79A4, 0x79C4, 0x81E5, 0x8A05, 0x8A05, 0x8A05, 0x8A25, 0x8A25, 0x8A25, 0x8A25,
  0x8A45, 0x8A46, 0x8A46, 0x8A46, 0x8A46, 0x8A66, 0x8A66, 0x8A46, 0x8226, 0x8226, 0x8246, 0x8A46,
  0x8A66, 0x9287, 0x9287, 0x92A7, 0x9287, 0x9287, 0x9287, 0x92A7, 0x92A7, 0x92A7, 0x92A7, 0x92A7,
  0x92A7, 0x92A7, 0x92A7, 0x92C8, 0x92C8, 0x92C8, 0x92C8, 0x92C8, 0x9AC8, 0x9AC8, 0x9AC8, 0x9AE8,
  0x9AE8, 0x9AE8, 0x9AE8, 0x9AE8, 0x9AE8, 0x9B08, 0x9B08, 0x9B08, 0x9B08, 0x9B09, 0x9B08, 0x9B08,
  0x9B08, 0xA308, 0xA309, 0xA309, 0xA329, 0xA329, 0xA329, 0xA329, 0xA329, 0xA329, 0xA349, 0xA349,
  0xF675, 0xF655, 0xF655, 0xF675, 0xF655, 0xF655, 0xF655, 0xF655, 0xF655, 0xF675, 0xF655, 0xF655,
  0xF655, 0xF635, 0xF635, 0xF634, 0xF634, 0xF614, 0xEE13, 0xEE13, 0xEDF3, 0xEDF3, 0xF634, 0xF635,
  0xEE14, 0xEDD3, 0xDD51, 0xCCCF, 0xCCAF, 0xCCCF, 0xC48E, 0xC48E, 0xCCAE, 0xE571, 0xE5B1, 0xEDB2,
  0xEDB2, 0xE592, 0xE591, 0xEDD2, 0xEDF3, 0xEDD2, 0xE592, 0xE591, 0xE571, 0xE570, 0xE571, 0xD4EF,
  0xB3AB, 0x9B09, 0xAB6A, 0xC42C, 0xD4AE, 0xDCEF, 0xDCEF, 0xDD0F, 0xDD0F, 0xDD0F, 0xDD0F, 0xDCEF,
  0xDCCE, 0xDCCE, 0xDCCE, 0xDCAE, 0xDCAD, 0xDC8D, 0xDC8D, 0xDCAD, 0xD44C, 0xB349, 0x8A66, 0x8A46,
  0xAAE8, 0xC3EB, 0xD42B, 0xD42B, 0xD42B, 0xD42B, 0xD42B, 0xD42B, 0xCC0B, 0xC3AA, 0xA2E7, 0x7A05,
  0x4903, 0x4902, 0x69C4, 0x9A66, 0xB328, 0xC389, 0xC389, 0xC369, 0xC368, 0xC348, 0xC348, 0xC327,
  0xC307, 0xBB07, 0xBB07, 0xBAE7, 0xBAE7, 0xB2C6, 0x9A45, 0x89E4, 0x81C4, 0x89E4, 0x9204, 0xA245,
  0xAA65, 0xAA65, 0xAA45, 0xAA44, 0xAA44, 0x99E4, 0x81A3, 0x7163, 0x7163, 0x81A3, 0x99E4, 0xA204,
  0xA1E4, 0xA1E3, 0xA1E3, 0x99E3, 0x99E3, 0x99C3, 0x99E3, 0x91C3, 0x7962, 0x6122, 0x48E2, 0x30A2,
  0x38C2, 0x4902, 0x6122, 0x7962, 0x89A3, 0x91A3, 0x91A3, 0x91A3, 0x89A3, 0x89A3, 0x89A3, 0x89A3,
  0x89A3, 0x89A3, 0x89A3, 0x7983, 0x6942, 0x5922, 0x5922, 0x6122, 0x7163, 0x81A3, 0x81A3, 0x81A3,
  0x81A3, 0x89A3, 0x81A3, 0x81A4, 0x81A4, 0x81A4, 0x89C4, 0x81C4, 0x81C4, 0x81C4, 0x79A4, 0x7183,
  0x6983, 0x6983, 0x7183, 0x79C4, 0x81E4, 0x81E4, 0x81E4, 0x81E5, 0x8205, 0x8205, 0x8205, 0x8205,
  0x8A05, 0x8A25, 0x8A25, 0x8A25, 0x8A45, 0x8A46, 0x8A46, 0x8225, 0x7A05, 0x8205, 0x8225, 0x8246,
  0x8A66, 0x8A66, 0x8A66, 0x8A86, 0x8A87, 0x9287, 0x8A87, 0x8A87, 0x9287, 0x9287, 0x92A7, 0x92A7,
  0x92A7, 0x92A7, 0x92A7, 0x92A7, 0x92A7, 0x92A7, 0x92C7, 0x92C8, 0x92C8, 0x92C8, 0x92C8, 0x92C8,
  0x92C8, 0x9AC8, 0x9AC8, 0x9AE8, 0x9AE8, 0x9AE8, 0x9AE8, 0x9AE8, 0x9AE8, 0x9B08, 0x9AE8, 0x9B08,
  0x9B08, 0x9B08, 0x9B09, 0x9B09, 0x9B08, 0xA309, 0xA309, 0xA329, 0xA329, 0xA329, 0xA329, 0xA329,
  0xF675, 0xF675, 0xF676, 0xF655, 0xF635, 0xF634, 0xEE14, 0xF634, 0xF634, 0xF635, 0xF634, 0xF635,
  0xF634, 0xF634, 0xEE14, 0xEE14, 0xEE13, 0xF634, 0xF676, 0xF635, 0xEDF3, 0xEE14, 0xEE14, 0xEDD3,
  0xEDD2, 0xE5B2, 0xE592, 0xD4EF, 0xC46E, 0xC48E, 0xBC4E, 0xBC2D, 0xC44D, 0xDD50, 0xE5B2, 0xE591,
  0xE591, 0xE571, 0xE591, 0xEDB2, 0xEDB2, 0xEDB2, 0xED91, 0xE571, 0xE550, 0xE530, 0xE530, 0xD4CE,
  0xB3AA, 0x9B08, 0xA309, 0xB3AB, 0xC42C, 0xD48D, 0xDCCE, 0xDCCE, 0xDCEE, 0xDCCE, 0xDCCE, 0xDCAD,
  0xDCAD, 0xDC8D, 0xDC8D, 0xDC8D, 0xD46C, 0xD46C, 0xD46C, 0xD46C, 0xD42B, 0xB349, 0x8A46, 0x8205,
  0x9AA7, 0xBB69, 0xCBEB, 0xCC0B, 0xCC0A, 0xCBEA, 0xCBEA, 0xCBEA, 0xCBCA, 0xBB69, 0xA2C7, 0x79E5,
  0x4903, 0x38C2, 0x6163, 0x8A05, 0xAAA6, 0xBB07, 0xC327, 0xC307, 0xC2E6, 0xBAE6, 0xBAC6, 0xBAA6,
  0xBAA5, 0xBA85, 0xB285, 0xB285, 0xB265, 0xAA45, 0x99E4, 0x81A3, 0x7983, 0x7983, 0x89A3, 0x99E3,
  0xA1E3, 0xA1E3, 0xA1E3, 0xA1E3, 0x99C3, 0x8982, 0x7142, 0x6922, 0x6922, 0x8142, 0x9182, 0x9982,
  0x9982, 0x9182, 0x9182, 0x9162, 0x9162, 0x9162, 0x9162, 0x8142, 0x7122, 0x50E1, 0x38C1, 0x30A1,
  0x30A1, 0x40E2, 0x5902, 0x7122, 0x8142, 0x8962, 0x8162, 0x8962, 0x8162, 0x8162, 0x8162, 0x8142,
  0x8162, 0x8162, 0x8162, 0x7142, 0x6102, 0x50E2, 0x50E2, 0x5902, 0x6942, 0x7962, 0x8162, 0x8183,
  0x8183, 0x8183, 0x8183, 0x8183, 0x8183, 0x8183, 0x8183, 0x81A3, 0x81A3, 0x79A3, 0x7183, 0x6963,
  0x6963, 0x6963, 0x7163, 0x79A3, 0x79A4, 0x81C4, 0x81C4, 0x81C4, 0x81E4, 0x81E4, 0x81E4, 0x81E4,
  0x81E5, 0x8205, 0x8205, 0x8205, 0x8225, 0x8225, 0x8205, 0x79E5, 0x79E5, 0x79E5, 0x7A05, 0x8225,
  0x8A46, 0x8A46, 0x8A46, 0x8A66, 0x8A66, 0x8A66, 0x8A66, 0x8A66, 0x8A66, 0x8A86, 0x8A87, 0x8A87,
  0x8A87, 0x8A87, 0x8AA7, 0x92A7, 0x92A7, 0x92A7, 0x92A7, 0x92A7, 0x92A7, 0x92A7, 0x92A7, 0x92C8,
  0x92C8, 0x92C8, 0x92C8, 0x92C8, 0x92C8, 0x92C8, 0x9AE8, 0x9AE8, 0x9AE8, 0x9AE8, 0x9AE8, 0x9AE8,
  0x9AE8, 0x9B08, 0x9B08, 0x9B08, 0x9B08, 0x9B08, 0x9B09, 0x9B08, 0x9B09, 0xA309, 0xA309, 0xA329,
  0xF697, 0xF696, 0xF696, 0xF655, 0xF634, 0xF655, 0xF6B7, 0xF696, 0xF675, 0xF635, 0xF634, 0xF614,
  0xEE13, 0xEE14, 0xEE14, 0xEE13, 0xEE13, 0xF634, 0xEE34, 0xF634, 0xEE34, 0xEE13, 0xEDF3, 0xEDD3,
  0xEDF3, 0xEE13, 0xEE14, 0xDD51, 0xC46D, 0xBC4D, 0xBC4E, 0xABCC, 0xB3EC, 0xD4CF, 0xE571, 0xE571,
  0xE550, 0xE570, 0xE570, 0xE550, 0xE550, 0xE530, 0xE52F, 0xE50F, 0xE50F, 0xE50F, 0xE52F, 0xDCCE,
  0xB3AA, 0x92C8, 0x9AC8, 0xAB6A, 0xBBCB, 0xC42C, 0xD48D, 0xDCCE, 0xDCCE, 0xDCAD, 0xDC8D, 0xDC6C,
  0xDC6C, 0xD46C, 0xD46C, 0xD44C, 0xD44B, 0xD42B, 0xD42B, 0xD42B, 0xD40B, 0xB349, 0x8A46, 0x79C5,
  0x9225, 0xB308, 0xC3A9, 0xCBA9, 0xCBA9, 0xCBA9, 0xCB89, 0xCB88, 0xCB68, 0xBB27, 0xA266, 0x79C4,
  0x4902, 0x30C2, 0x5102, 0x79A3, 0x9A24, 0xB285, 0xBAA5, 0xBA85, 0xBA65, 0xB264, 0xB244, 0xB224,
  0xB224, 0xB203, 0xAA03, 0xAA03, 0xA9E3, 0xA1E3, 0x8983, 0x7142, 0x6922, 0x6922, 0x7942, 0x8962,
  0x9162, 0x9961, 0x9961, 0x9141, 0x8941, 0x7901, 0x68E1, 0x58E1, 0x60C1, 0x70E1, 0x8101, 0x8901,
  0x8901, 0x8901, 0x80E1, 0x80E1, 0x80E0, 0x8100, 0x8101, 0x70E1, 0x60C1, 0x48C1, 0x30A1, 0x2881,
  0x2881, 0x38A1, 0x50A1, 0x60C1, 0x70E1, 0x78E1, 0x78E1, 0x78E1, 0x78E1, 0x7901, 0x78E1, 0x7901,
  0x7901, 0x7901, 0x7101, 0x6101, 0x50C1, 0x48C1, 0x48C1, 0x50E1, 0x6902, 0x7122, 0x7942, 0x7942,
  0x7942, 0x7942, 0x7942, 0x7942, 0x7962, 0x7962, 0x7962, 0x7962, 0x7963, 0x7163, 0x6942, 0x6142,
  0x6122, 0x6142, 0x6963, 0x7183, 0x79A3, 0x79A3, 0x79A3, 0x79A4, 0x79A4, 0x79A4, 0x79C4, 0x79C4,
  0x79C4, 0x79E4, 0x81E4, 0x81E4, 0x8205, 0x8205, 0x79E5, 0x71C4, 0x71C4, 0x71C4, 0x79E5, 0x8225,
  0x8225, 0x8226, 0x8226, 0x8246, 0x8A46, 0x8A46, 0x8A66, 0x8A66, 0x8A66, 0x8A66, 0x8A66, 0x8A67,
  0x8A67, 0x8A87, 0x8A87, 0x8A87, 0x8A87, 0x8AA7, 0x8AA7, 0x92A7, 0x92A7, 0x92A7, 0x92A7, 0x92A7,
  0x92A7, 0x92A7, 0x92A7, 0x92C8, 0x92C8, 0x92C8, 0x92C8, 0x92C8, 0x92C8, 0x92C8, 0x9AE8, 0x9AE8,
  0x9AE8, 0x9AE8, 0x9AE8, 0x9B08, 0x9AE8, 0x9B08, 0x9B08, 0x9B08, 0x9B08, 0x9B09, 0x9B09, 0x9B09,
  0xF655, 0xF634, 0xEE14, 0xF634, 0xEE34, 0xF634, 0xEE14, 0xEE14, 0xEE34, 0xEE14, 0xEDF3, 0xEDF3,
  0xEDF3, 0xEDF3, 0xEDF3, 0xEDF3, 0xEDF3, 0xEDF3, 0xEDF3, 0xEDF3, 0xEDD3, 0xEDD2, 0xEDD2, 0xEDD2,
  0xEDB2, 0xEDD2, 0xE5B2, 0xDD30, 0xC44D, 0xB3EC, 0xB42D, 0xABAC, 0xAB8B, 0xC42C, 0xDD0F, 0xE530,
  0xE550, 0xE550, 0xE530, 0xE50F, 0xDD0F, 0xDCEF, 0xE4EF, 0xE4EE, 0xDCEE, 0xDCEE, 0xDCEE, 0xDCAE,
  0xBBAA, 0x92A7, 0x8A87, 0xA308, 0xB38A, 0xBBAA, 0xC3EB, 0xD46D, 0xD48D, 0xD44C, 0xD44B, 0xD42B,
  0xD44B, 0xD42B, 0xD42B, 0xD40B, 0xD3EA, 0xD3EA, 0xD3EA, 0xD3EA, 0xCBCA, 0xBB28, 0x8A45, 0x71A4,
  0x81C4, 0xA286, 0xBB28, 0xC348, 0xC347, 0xC327, 0xC327, 0xC307, 0xC306, 0xBAC6, 0xA224, 0x7983,
  0x4902, 0x30A1, 0x40C1, 0x6922, 0x89A3, 0xA9E3, 0xAA03, 0xB203, 0xA9E2, 0xA9E2, 0xA9C2, 0xA1A2,
  0xA181, 0xA181, 0x9961, 0x9941, 0x9941, 0x9141, 0x7901, 0x68E1, 0x58E1, 0x58C1, 0x60C1, 0x70C1,
  0x80C0, 0x80C0, 0x80A0, 0x80A0, 0x78A0, 0x68A0, 0x50A0, 0x48A1, 0x5080, 0x6080, 0x7080, 0x7060,
  0x7060, 0x7060, 0x7060, 0x6860, 0x6860, 0x6860, 0x6880, 0x5880, 0x4880, 0x3881, 0x2881, 0x2081,
  0x2081, 0x2881, 0x4080, 0x5080, 0x6080, 0x6880, 0x6880, 0x6880, 0x6880, 0x6880, 0x6880, 0x6880,
  0x68A0, 0x68A0, 0x60C0, 0x58A0, 0x48A1, 0x38A1, 0x40A1, 0x48C1, 0x58E1, 0x68E1, 0x68E1, 0x70E1,
  0x7101, 0x7101, 0x7121, 0x7121, 0x7122, 0x7122, 0x7122, 0x7142, 0x7142, 0x6922, 0x5902, 0x5902,
  0x5902, 0x6122, 0x6942, 0x7163, 0x7183, 0x7183, 0x7183, 0x7183, 0x7983, 0x79A3, 0x79A3, 0x79A3,
  0x79A4, 0x79A4, 0x79C4, 0x79C4, 0x79E4, 0x79C4, 0x71A4, 0x69A4, 0x71A4, 0x71C4, 0x79E5, 0x7A05,
  0x8225, 0x8225, 0x8225, 0x8225, 0x8226, 0x8246, 0x8246, 0x8246, 0x8266, 0x8266, 0x8266, 0x8A66,
  0x8A66, 0x8A67, 0x8A67, 0x8A67, 0x8A87, 0x8A87, 0x8A87, 0x8A87, 0x8A87, 0x8A87, 0x8A87, 0x8AA7,
  0x92A7, 0x92A7, 0x92A7, 0x92A7, 0x92A7, 0x92C8, 0x92C8, 0x92C8, 0x92C8, 0x92C8, 0x92C8, 0x92C8,
  0x92E8, 0x9AE8, 0x9AE8, 0x9AE8, 0x9AE8, 0x9AE8, 0x9AE8, 0x9AE8, 0x9B08, 0x9B08, 0x9B08, 0x9B08,
  0xF634, 0xEE13, 0xEE13, 0xEE34, 0xEE34, 0xEDF3, 0xEDD3, 0xE5B2, 0xEDF3, 0xEDF3, 0xEDF3, 0xF655,
  0xF655, 0xEE34, 0xEE14, 0xEDF3, 0xEDF3, 0xEDB2, 0xEDB2, 0xEDB2, 0xED91, 0xEDB2, 0xEDB2, 0xE5B2,
  0xE592, 0xE591, 0xE571, 0xDD30, 0xCC8E, 0xB3CB, 0xABAB, 0xA3AC, 0x9B2A, 0xB3AB, 0xD4CF, 0xE550,
  0xE550, 0xE530, 0xE50F, 0xDCEE, 0xDCEE, 0xDCCE, 0xDCEF, 0xDCEF, 0xDCCE, 0xDCAE, 0xDCCD, 0xD4AD,
  0xC3CA, 0x92A7, 0x8246, 0x9AC7, 0xB369, 0xB38A, 0xB36A, 0xBBAA, 0xCC0B, 0xD40B, 0xD40B, 0xD40B,
  0xD40B, 0xD3EA, 0xD3EA, 0xD3CA, 0xCBC9, 0xCBA9, 0xCB89, 0xCB88, 0xCB88, 0xBB07, 0x9225, 0x6983,
  0x7163, 0x9224, 0xB2A6, 0xBAE6, 0xC2E6, 0xC2C5, 0xC2A5, 0xBAA5, 0xBA85, 0xB264, 0x99C3, 0x7942,
  0x48E2, 0x30A1, 0x3081, 0x50C1, 0x7921, 0x9161, 0xA161, 0xA141, 0x9940, 0x9920, 0x9900, 0x90E0,
  0x90C0, 0x88C0, 0x88A0, 0x88A0, 0x80A0, 0x78A0, 0x68A0, 0x58A1, 0x48A1, 0x40A1, 0x5080, 0x6080,
  0x6880, 0x7080, 0x7060, 0x7060, 0x6860, 0x5060, 0x4881, 0x4081, 0x4881, 0x5860, 0x6060, 0x6040,
  0x6040, 0x6040, 0x6040, 0x6040, 0x6020, 0x5820, 0x5840, 0x4860, 0x3860, 0x2881, 0x2081, 0x2081,
  0x2081, 0x2061, 0x3060, 0x4040, 0x5020, 0x5020, 0x5020, 0x5020, 0x5020, 0x5020, 0x5020, 0x5020,
  0x5040, 0x5040, 0x4860, 0x4060, 0x3880, 0x3081, 0x3081, 0x4081, 0x5080, 0x5880, 0x6080, 0x60A0,
  0x60A0, 0x60A0, 0x60C0, 0x60C1, 0x60C1, 0x68E1, 0x68E1, 0x6901, 0x6901, 0x58E1, 0x50E1, 0x50E1,
  0x50E1, 0x5902, 0x6122, 0x6942, 0x7143, 0x7163, 0x7163, 0x7163, 0x7163, 0x7183, 0x7183, 0x7183,
  0x71A3, 0x71A3, 0x71A4, 0x71A4, 0x79C4, 0x71A4, 0x6983, 0x6983, 0x6984, 0x71A4, 0x79C4, 0x79E5,
  0x79E5, 0x7A05, 0x8205, 0x8205, 0x8225, 0x8225, 0x8225, 0x8226, 0x8246, 0x8246, 0x8246, 0x8246,
  0x8246, 0x8A46, 0x8A67, 0x8A66, 0x8A66, 0x8A66, 0x8A66, 0x8A87, 0x8A87, 0x8A87, 0x8A87, 0x8A87,
  0x8AA7, 0x8AA7, 0x8AA7, 0x8AA7, 0x8AA7, 0x92A7, 0x92A7, 0x92A8, 0x92C8, 0x92C8, 0x92A8, 0x92C8,
  0x92C8, 0x92C8, 0x92E8, 0x92E8, 0x92E8, 0x92E8, 0x9AE8, 0x9AE8, 0x9AE8, 0x9AE8, 0x9AE8, 0x9AE8,
  0xEE14, 0xF655, 0xF655, 0xEE55, 0xEE54, 0xE5D3, 0xE592, 0xE592, 0xE5B2, 0xE5D2, 0xE5B2, 0xEDF3,
  0xEE34, 0xF655, 0xEE34, 0xEDF3, 0xEDD3, 0xEDB2, 0xED91, 0xE570, 0xE570, 0xE571, 0xED91, 0xED91,
  0xE591, 0xE570, 0xE570, 0xE592, 0xD510, 0xB3EC, 0xA34A, 0xA38B, 0x92E9, 0x9B09, 0xC40C, 0xDCEF,
  0xDCEE, 0xDCCE, 0xDCAE, 0xDCAD, 0xDCAE, 0xDCCE, 0xDCCE, 0xDCAE, 0xDC8D, 0xDC8C, 0xDC6C, 0xD46C,
  0xC3CA, 0x92A7, 0x79E5, 0x9266, 0xB349, 0xB38A, 0xAB29, 0xAB28, 0xBB69, 0xCBCA, 0xCBEA, 0xCBCA,
  0xCBA9, 0xCBA9, 0xCB89, 0xCB88, 0xCB68, 0xCB68, 0xCB47, 0xCB27, 0xC327, 0xBAE6, 0x9A04, 0x6963,
  0x6142, 0x81A3, 0xA224, 0xB264, 0xBA64, 0xBA44, 0xBA23, 0xB203, 0xB202, 0xA9C2, 0x9961, 0x7101,
  0x48C1, 0x3081, 0x2881, 0x3881, 0x60A0, 0x78C0, 0x88C0, 0x88A0, 0x8880, 0x8080, 0x8080, 0x8080,
  0x8081, 0x8081, 0x78A1, 0x78A1, 0x78A1, 0x70C1, 0x60C2, 0x50C2, 0x40C2, 0x40E2, 0x48E2, 0x58E2,
  0x6103, 0x7103, 0x7103, 0x70E3, 0x60E3, 0x50C2, 0x40C2, 0x38C2, 0x48E2, 0x58E3, 0x60E3, 0x68C2,
  0x60C2, 0x60C2, 0x60A2, 0x6082, 0x6081, 0x5881, 0x5081, 0x4081, 0x3881, 0x2881, 0x2081, 0x2081,
  0x1881, 0x2061, 0x3061, 0x4040, 0x4840, 0x5020, 0x4820, 0x4800, 0x4800, 0x4800, 0x4800, 0x4800,
  0x4000, 0x4000, 0x3820, 0x3040, 0x2861, 0x2881, 0x2881, 0x3060, 0x4040, 0x4840, 0x4840, 0x5040,
  0x5040, 0x5040, 0x5860, 0x5860, 0x5880, 0x5880, 0x58A0, 0x58A0, 0x58C1, 0x50A1, 0x48A1, 0x48C1,
  0x48C1, 0x58E1, 0x6101, 0x6122, 0x6922, 0x6922, 0x6922, 0x6942, 0x6942, 0x6942, 0x6963, 0x7163,
  0x7183, 0x7183, 0x7183, 0x7183, 0x71A4, 0x6983, 0x6163, 0x6163, 0x6163, 0x6984, 0x71C4, 0x79C4,
  0x79E4, 0x79E4, 0x79E5, 0x7A05, 0x7A05, 0x7A05, 0x7A05, 0x7A05, 0x8225, 0x8225, 0x8226, 0x8226,
  0x8246, 0x8246, 0x8266, 0x8266, 0x8266, 0x8266, 0x8266, 0x8266, 0x8A66, 0x8A67, 0x8A87, 0x8A87,
  0x8A87, 0x8A87, 0x8A87, 0x8A87, 0x8AA7, 0x8AA7, 0x8AA7, 0x92A7, 0x92A7, 0x92A7, 0x92A7, 0x92A7,
  0x92A7, 0x92C8, 0x92C8, 0x92C8, 0x92C8, 0x92E8, 0x92E8, 0x92E8, 0x9AE8, 0x9AE8, 0x9AE8, 0x9AE8,
  0xEE14, 0xEE34, 0xF614, 0xEE34, 0xEDF3, 0xEDB2, 0xDD71, 0xDD71, 0xE592, 0xE5B2, 0xDD71, 0xE592,
  0xEDB2, 0xEDB2, 0xED91, 0xED91, 0xEDB2, 0xEDD3, 0xEDB2, 0xEDB2, 0xED91, 0xE592, 0xE591, 0xE591,
  0xE591, 0xED91, 0xE570, 0xE550, 0xDD0F, 0xC42C, 0xA34A, 0x9B2A, 0x8AC9, 0x8288, 0xAB6A, 0xD48D,
  0xDCEF, 0xDCCE, 0xDCAD, 0xDCAD, 0xDCAD, 0xDC8D, 0xDC6C, 0xDC6C, 0xDC6C, 0xD44B, 0xD42B, 0xD42B,
  0xCBCA, 0x9AC7, 0x71C5, 0x8205, 0xAAE8, 0xBB69, 0xAB28, 0xA2E8, 0xA2C7, 0xB348, 0xC389, 0xCB89,
  0xCB68, 0xCB47, 0xCB27, 0xC327, 0xC307, 0xC306, 0xC2E6, 0xC2E6, 0xC2C6, 0xBA85, 0x9A04, 0x7142,
  0x5902, 0x6922, 0x91A2, 0xA9E3, 0xA9E2, 0xA9A2, 0xA981, 0xA161, 0xA140, 0x9920, 0x88E0, 0x68A1,
  0x40A1, 0x2881, 0x2081, 0x2861, 0x4881, 0x68C1, 0x7903, 0x8144, 0x8165, 0x8165, 0x8165, 0x8165,
  0x8185, 0x81A6, 0x81A6, 0x81C6, 0x81C6, 0x79C6, 0x71A6, 0x5965, 0x4924, 0x4924, 0x5165, 0x5985,
  0x69C6, 0x7A07, 0x7A08, 0x7A07, 0x71E7, 0x5985, 0x4924, 0x4124, 0x5145, 0x61A6, 0x71A6, 0x71A6,
  0x7186, 0x6986, 0x6965, 0x6945, 0x6944, 0x6124, 0x5103, 0x40E3, 0x38C2, 0x28C2, 0x20A2, 0x2081,
  0x1881, 0x2081, 0x30A1, 0x40A2, 0x5082, 0x5081, 0x5061, 0x5061, 0x5041, 0x4840, 0x4820, 0x4820,
  0x4020, 0x3820, 0x3820, 0x3040, 0x2861, 0x2081, 0x2061, 0x2840, 0x3020, 0x3820, 0x3800, 0x3800,
  0x3800, 0x3820, 0x4020, 0x4020, 0x4020, 0x4820, 0x4840, 0x4860, 0x4860, 0x4060, 0x4081, 0x4081,
  0x40A1, 0x50C1, 0x58C1, 0x58E1, 0x60E1, 0x60E1, 0x6102, 0x6102, 0x6102, 0x6122, 0x6122, 0x6942,
  0x6942, 0x6943, 0x6963, 0x6963, 0x6963, 0x6143, 0x5943, 0x6143, 0x6163, 0x6983, 0x71A4, 0x71A4,
  0x71C4, 0x79C4, 0x79C4, 0x79E5, 0x79E5, 0x79E5, 0x7A05, 0x7A05, 0x7A05, 0x7A05, 0x7A25, 0x8226,
  0x8246, 0x8246, 0x8246, 0x8246, 0x8246, 0x8246, 0x8266, 0x8266, 0x8266, 0x8266, 0x8A67, 0x8A87,
  0x8A87, 0x8A67, 0x8A87, 0x8A87, 0x8A87, 0x8A87, 0x8AA7, 0x8AA7, 0x8AA7, 0x8AA7, 0x8AA7, 0x92A7,
  0x92A7, 0x92A7, 0x92C8, 0x92A7, 0x92A8, 0x92C8, 0x92C8, 0x92C8, 0x92C8, 0x92C8, 0x92E8, 0x9AE8,
  0xEE34, 0xEE14, 0xEE14, 0xEDF3, 0xEDF2, 0xE5B2, 0xE591, 0xD530, 0xDD30, 0xE5B2, 0xDD30, 0xDD51,
  0xE591, 0xE591, 0xED91, 0xEDB2, 0xEDB1, 0xE591, 0xE571, 0xE571, 0xE571, 0xE591, 0xE570, 0xE550,
  0xE550, 0xE550, 0xE530, 0xE50F, 0xDCCE, 0xCC6D, 0xAB8A, 0x92E9, 0x8AC8, 0x7A47, 0x92A7, 0xBBAA,
  0xD48D, 0xDC6C, 0xDC6C, 0xD46C, 0xD46C, 0xD44C, 0xD44C, 0xD44C, 0xD44B, 0xD42B, 0xD44B, 0xD40B,
  0xCBCA, 0xA2E8, 0x71A4, 0x71A4, 0xA286, 0xBB28, 0xAB08, 0xA2C7, 0x9A87, 0x9A86, 0xAAE7, 0xC327,
  0xC327, 0xC306, 0xC2E6, 0xC2C5, 0xC2A5, 0xBA84, 0xBA64, 0xBA43, 0xBA23, 0xB203, 0x99A2, 0x7121,
  0x50E1, 0x58C1, 0x70E1, 0x8920, 0x9100, 0x90C0, 0x90A0, 0x8880, 0x8880, 0x80A1, 0x78E2, 0x60E3,
  0x40C2, 0x28A2, 0x20A2, 0x2882, 0x5145, 0x7A6A, 0x936E, 0x9BCF, 0x9BAE, 0x9B4C, 0x92EC, 0x92EB,
  0x92EB, 0x92EB, 0x930C, 0x930C, 0x930C, 0x8B0C, 0x7AAA, 0x6228, 0x51A6, 0x51A6, 0x59C7, 0x6207,
  0x7269, 0x830B, 0x8B2C, 0x8B0C, 0x7ACA, 0x6228, 0x51A6, 0x5186, 0x59E7, 0x7269, 0x7A8A, 0x7A8A,
  0x7A69, 0x7A49, 0x7A29, 0x7228, 0x7208, 0x69E7, 0x5986, 0x4945, 0x3903, 0x30E3, 0x28C2, 0x20A2,
  0x1881, 0x28A2, 0x38C2, 0x4903, 0x5924, 0x5903, 0x58E3, 0x50C3, 0x50C2, 0x50A2, 0x5082, 0x4881,
  0x4081, 0x3861, 0x3861, 0x3061, 0x2881, 0x2081, 0x2061, 0x3040, 0x3820, 0x3800, 0x3800, 0x3800,
  0x3800, 0x3000, 0x3000, 0x3000, 0x3000, 0x3000, 0x3000, 0x3020, 0x3020, 0x3040, 0x3040, 0x3060,
  0x3860, 0x4060, 0x4880, 0x5080, 0x50A0, 0x50A1, 0x58C1, 0x58C1, 0x58C1, 0x58E1, 0x6102, 0x6102,
  0x6122, 0x6122, 0x6142, 0x6143, 0x6143, 0x5922, 0x5922, 0x5922, 0x6143, 0x6983, 0x6983, 0x71A4,
  0x71A4, 0x71A4, 0x71C4, 0x71C4, 0x71C4, 0x71C4, 0x71E5, 0x79E5, 0x7A05, 0x7A05, 0x7A05, 0x7A25,
  0x7A25, 0x7A26, 0x8225, 0x7A26, 0x8226, 0x8246, 0x8266, 0x8266, 0x8266, 0x8266, 0x8266, 0x8266,
  0x8266, 0x8287, 0x8A87, 0x8A87, 0x8A87, 0x8A87, 0x8A87, 0x8A87, 0x8A87, 0x8A87, 0x8AA7, 0x8AA7,
  0x8AA7, 0x92A7, 0x92A7, 0x92A7, 0x92A8, 0x92A8, 0x92C8, 0x92C8, 0x92C8, 0x92C8, 0x92C8, 0x92E8,
  0xEDF3, 0xEDF3, 0xEDF3, 0xEDF3, 0xEE13, 0xEE14, 0xEDF2, 0xD531, 0xCCD0, 0xD510, 0xD510, 0xD4CF,
  0xDD50, 0xE591, 0xE571, 0xE570, 0xE550, 0xE570, 0xE550, 0xE571, 0xE550, 0xE550, 0xE550, 0xE530,
  0xE52F, 0xE50F, 0xE50E, 0xDCCE, 0xDCAE, 0xD48D, 0xBBEB, 0x9AE9, 0x82A8, 0x7247, 0x7206, 0xA2E8,
  0xCBCA, 0xD42B, 0xD42B, 0xD42B, 0xD42B, 0xD42B, 0xD40A, 0xD3EA, 0xD3EA, 0xD3EA, 0xD3EA, 0xD3EA,
  0xCBA9, 0xB2E7, 0x79C4, 0x6163, 0x9225, 0xBB27, 0xB308, 0xA2A7, 0x9A66, 0x9246, 0x9246, 0xA286,
  0xB2A5, 0xBAA5, 0xBA64, 0xB243, 0xB223, 0xB1E2, 0xB1C2, 0xA9A1, 0xA981, 0xA161, 0x9121, 0x70E1,
  0x48C1, 0x4081, 0x5860, 0x7080, 0x78C1, 0x8103, 0x8944, 0x89A6, 0x9249, 0x932C, 0x936D, 0x72AA,
  0x5185, 0x3103, 0x28C2, 0x28A2, 0x4985, 0x7ACB, 0x93CF, 0x9C30, 0xA410, 0xA3F0, 0xA3F0, 0xA410,
  0xA410, 0xA410, 0xA410, 0xA410, 0xA410, 0x9C10, 0x8BAE, 0x72EB, 0x5A28, 0x51E7, 0x6249, 0x6A69,
  0x7AEC, 0x8BAE, 0x9C10, 0x9BF0, 0x838D, 0x6AAA, 0x51E7, 0x51E7, 0x6A6A, 0x832D, 0x8B6D, 0x8B4D,
  0x8B2D, 0x830C, 0x82EC, 0x82EB, 0x7ACB, 0x726A, 0x5A08, 0x49A6, 0x3944, 0x3124, 0x28E3, 0x20C2,
  0x18A2, 0x28A2, 0x3904, 0x5165, 0x6186, 0x6186, 0x6165, 0x5945, 0x5925, 0x5924, 0x5104, 0x50E3,
  0x48E3, 0x40C2, 0x38A2, 0x3082, 0x2881, 0x2081, 0x2881, 0x3061, 0x3840, 0x4040, 0x4020, 0x3820,
  0x3800, 0x3800, 0x3000, 0x3000, 0x3000, 0x3000, 0x2800, 0x2800, 0x2000, 0x2020, 0x2040, 0x2840,
  0x2820, 0x3020, 0x3020, 0x3820, 0x4040, 0x4040, 0x4860, 0x4880, 0x5080, 0x50C1, 0x50C1, 0x58E1,
  0x58E1, 0x58E1, 0x5901, 0x5902, 0x5102, 0x5102, 0x5102, 0x5122, 0x6142, 0x6163, 0x6963, 0x6983,
  0x6983, 0x69A3, 0x69A4, 0x69A4, 0x6984, 0x69A4, 0x71C4, 0x71E5, 0x71E5, 0x79E5, 0x79E5, 0x7A05,
  0x7A05, 0x7A05, 0x7A25, 0x7A25, 0x7A26, 0x7A46, 0x8246, 0x8246, 0x8246, 0x8246, 0x8246, 0x8246,
  0x8246, 0x8267, 0x8267, 0x8A87, 0x8A67, 0x8A87, 0x8A87, 0x8A87, 0x8A87, 0x8A87, 0x8A87, 0x8AA7,
  0x8AA7, 0x8AA7, 0x8AA7, 0x92A8, 0x92C8, 0x92C8, 0x92A8, 0x92A8, 0x92C7, 0x92C7, 0x92C8, 0x92C8,
  0xEE14, 0xEDF3, 0xEE13, 0xEDF3, 0xEDD2, 0xEDB2, 0xE591, 0xDD51, 0xCCCF, 0xC48E, 0xCCAF, 0xC46E,
  0xDD0F, 0xE5D2, 0xE591, 0xE571, 0xE570, 0xE570, 0xE550, 0xE550, 0xE550, 0xE52F, 0xE50F, 0xE4EF,
  0xE52F, 0xE550, 0xE52F, 0xDD0F, 0xDCEE, 0xD48D, 0xC40C, 0xA329, 0x8267, 0x7247, 0x61C5, 0x8246,
  0xB349, 0xD42B, 0xD42B, 0xD40A, 0xD3EA, 0xD3CA, 0xCBA9, 0xCBA9, 0xCB89, 0xCB88, 0xCB68, 0xCB68,
  0xCB68, 0xB2E7, 0x8205, 0x6143, 0x7983, 0xB285, 0xC306, 0xAAA6, 0x9A45, 0x8A25, 0x8A05, 0x8A05,
  0x9A04, 0xAA03, 0xA9C2, 0xA981, 0xA141, 0x9900, 0x90C0, 0x88A0, 0x8880, 0x8080, 0x80A0, 0x68C1,
  0x40C2, 0x38C2, 0x4903, 0x71C6, 0x92EB, 0xA3CF, 0xAC30, 0xAC51, 0xAC92, 0xB4F4, 0xAC92, 0x8B6E,
  0x6249, 0x3945, 0x2903, 0x28E3, 0x3924, 0x6A49, 0x8B8E, 0xA451, 0xAC92, 0xACD3, 0xB4D3, 0xB4F3,
  0xB4F3, 0xB4F3, 0xB4F4, 0xB4F3, 0xACF3, 0xACF3, 0x9C71, 0x838E, 0x628A, 0x5A28, 0x6AAA, 0x72EB,
  0x7B4D, 0x9430, 0xA4B3, 0xA4B2, 0x9410, 0x730B, 0x5A28, 0x5A28, 0x72EC, 0x8BCF, 0x9C10, 0x93F0,
  0x93CF, 0x93AF, 0x93AE, 0x8B8E, 0x836D, 0x72EB, 0x6249, 0x49C7, 0x4165, 0x3945, 0x3124, 0x20C3,
  0x1882, 0x28C2, 0x4145, 0x59C7, 0x6A08, 0x6A08, 0x61E8, 0x61C7, 0x61A7, 0x6186, 0x5986, 0x5165,
  0x4924, 0x4104, 0x38E3, 0x30C2, 0x28A2, 0x20A2, 0x28A2, 0x38A2, 0x4082, 0x4081, 0x4061, 0x4041,
  0x4041, 0x3820, 0x3820, 0x3820, 0x3000, 0x3000, 0x3000, 0x2820, 0x2020, 0x2020, 0x2020, 0x2020,
  0x2020, 0x2000, 0x2000, 0x2800, 0x2800, 0x2820, 0x2820, 0x3020, 0x3840, 0x4040, 0x4060, 0x4060,
  0x4880, 0x50A1, 0x50C1, 0x50C1, 0x48E2, 0x48E2, 0x48E2, 0x5102, 0x5922, 0x6142, 0x6143, 0x6163,
  0x6963, 0x6983, 0x6983, 0x6163, 0x6183, 0x69A4, 0x69C4, 0x71C4, 0x71E4, 0x71E5, 0x71E5, 0x7205,
  0x7A05, 0x7A05, 0x7A05, 0x7A05, 0x7A25, 0x7A26, 0x7A46, 0x7A26, 0x8246, 0x8246, 0x8246, 0x8246,
  0x8246, 0x8266, 0x8267, 0x8267, 0x8267, 0x8267, 0x8A87, 0x8A87, 0x8267, 0x8A67, 0x8A87, 0x8A87,
  0x8A87, 0x8AA7, 0x8AA7, 0x8AA7, 0x8AC8, 0x92A8, 0x92A8, 0x92A7, 0x92A7, 0x92A7, 0x92C8, 0x92C8,
  0xEDD3, 0xEDD2, 0xEDB2, 0xEDB1, 0xEDB2, 0xED91, 0xE591, 0xDD0F, 0xD4EF, 0xC44E, 0xBC4E, 0xBC2D,
  0xCC4D, 0xDD2F, 0xE530, 0xE530, 0xE52F, 0xE52F, 0xE50F, 0xE50F, 0xDD0F, 0xDCEE, 0xDCCE, 0xDCCE,
  0xDCCE, 0xDCAD, 0xDCAD, 0xDCCE, 0xDCCE, 0xD44C, 0xC3EB, 0xAB69, 0x8A87, 0x6A27, 0x61C6, 0x61A5,
  0x9A86, 0xBB89, 0xCBCA, 0xCBC9, 0xCBA9, 0xCBA9, 0xCBA9, 0xCB88, 0xCB68, 0xCB48, 0xCB47, 0xCB27,
  0xC327, 0xBAE6, 0x9225, 0x5923, 0x6122, 0x99E3, 0xC284, 0xBA64, 0xA204, 0x89C4, 0x81C4, 0x79A4,
  0x7963, 0x7942, 0x8900, 0x88A0, 0x8080, 0x8060, 0x8081, 0x80C3, 0x8144, 0x89A6, 0x8A07, 0x79E7,
  0x5165, 0x3103, 0x49A6, 0x72AA, 0x9BCF, 0xB492, 0xB4B2, 0xB492, 0xB4B3, 0xB4F3, 0xACB2, 0x9C30,
  0x7B2C, 0x49C7, 0x3144, 0x3124, 0x3104, 0x6249, 0x93F0, 0xB514, 0xBD75, 0xBD96, 0xBD96, 0xBD96,
  0xBD96, 0xBD96, 0xBD96, 0xBD96, 0xBD96, 0xBD96, 0xAD14, 0x9410, 0x6ACB, 0x5A69, 0x6B0B, 0x732C,
  0x836D, 0x9C71, 0xAD34, 0xAD34, 0x9C71, 0x732C, 0x5A49, 0x6269, 0x7B6D, 0x9C51, 0xA492, 0xA472,
  0x9C51, 0x9C51, 0x9C30, 0x9410, 0x8BCF, 0x7B2C, 0x628A, 0x51E7, 0x41A6, 0x41A6, 0x3945, 0x20E3,
  0x1882, 0x28E3, 0x49A6, 0x6249, 0x728A, 0x728A, 0x726A, 0x7249, 0x6A29, 0x6A08, 0x61E8, 0x59C7,
  0x5186, 0x4945, 0x4124, 0x30E3, 0x28C2, 0x20A2, 0x30C2, 0x40C3, 0x40C3, 0x48C3, 0x48A2, 0x4882,
  0x4081, 0x4061, 0x4041, 0x3841, 0x3840, 0x3820, 0x3020, 0x2820, 0x2020, 0x2040, 0x2040, 0x2820,
  0x2800, 0x2800, 0x2800, 0x2000, 0x2000, 0x2000, 0x2000, 0x2000, 0x2000, 0x2000, 0x2800, 0x3020,
  0x3040, 0x3840, 0x4080, 0x40A1, 0x40C1, 0x40C1, 0x48C1, 0x50E2, 0x5902, 0x5922, 0x5922, 0x6122,
  0x6143, 0x6163, 0x5963, 0x5943, 0x5963, 0x6183, 0x69A4, 0x69C4, 0x69C4, 0x71C4, 0x71C4, 0x71E5,
  0x71E5, 0x71E5, 0x71E5, 0x7A05, 0x7A05, 0x7A26, 0x7A26, 0x7A26, 0x7A26, 0x7A26, 0x7A26, 0x8246,
  0x8267, 0x8267, 0x8267, 0x8266, 0x8266, 0x8266, 0x8266, 0x8267, 0x8A87, 0x8267, 0x8267, 0x8A87,
  0x8A87, 0x8A87, 0x8AA7, 0x8A87, 0x8AA7, 0x8AA7, 0x92A8, 0x8AC8, 0x8AA8, 0x92A7, 0x92A7, 0x92A8,
  0xEDD2, 0xEDB2, 0xEDB2, 0xED91, 0xED91, 0xEDD2, 0xED91, 0xDD50, 0xCCAE, 0xC46D, 0xB3EC, 0xABCC,
  0xB3CB, 0xD4AD, 0xDD0F, 0xDD0F, 0xDD2F, 0xE52F, 0xE50F, 0xE50F, 0xDCEE, 0xDCEE, 0xDCEF, 0xDCAD,
  0xDCAD, 0xDC8D, 0xDC8D, 0xDC8C, 0xDC6C, 0xD42C, 0xC3EB, 0xB369, 0x92E8, 0x6A27, 0x59C5, 0x5164,
  0x71E5, 0xAAC7, 0xC368, 0xCB89, 0xCB88, 0xCB68, 0xCB48, 0xCB27, 0xCB27, 0xC306, 0xC306, 0xC2E6,
  0xC2C5, 0xBAA5, 0x9A24, 0x6142, 0x50E2, 0x7942, 0xA9C2, 0xB1E2, 0xA982, 0x8922, 0x7102, 0x6922,
  0x6102, 0x60E2, 0x6902, 0x7923, 0x8143, 0x89C6, 0x8A07, 0x8A69, 0x92EB, 0x9B6C, 0xA3CE, 0x9B8E,
  0x72AA, 0x4145, 0x4186, 0x6AAA, 0x9BEF, 0xB4D3, 0xBCF3, 0xBD34, 0xBD55, 0xBD75, 0xBD75, 0xAD13,
  0x8BEF, 0x5A28, 0x3986, 0x3986, 0x3104, 0x5208, 0x93EF, 0xB554, 0xC5D7, 0xC5F7, 0xC618, 0xC618,
  0xC618, 0xC618, 0xC618, 0xC618, 0xC618, 0xC5F7, 0xBD96, 0x9C92, 0x732C, 0x5A69, 0x732C, 0x7B6D,
  0x838E, 0x9C91, 0xB575, 0xB575, 0x9CB2, 0x734C, 0x5A49, 0x628A, 0x83CF, 0xA4B3, 0xACF4, 0xACF3,
  0xA4D3, 0xA4B2, 0xA492, 0xA492, 0x9430, 0x7B4D, 0x62AA, 0x5208, 0x49C7, 0x49E7, 0x3985, 0x20E3,
  0x1882, 0x3104, 0x51E7, 0x72AB, 0x7B0C, 0x830C, 0x7AEB, 0x7ACB, 0x72AA, 0x728A, 0x6A49, 0x6208,
  0x51C7, 0x4986, 0x4165, 0x3104, 0x28C2, 0x28C2, 0x30E3, 0x4104, 0x4924, 0x5104, 0x48E3, 0x48E3,
  0x48C3, 0x48A2, 0x4082, 0x4081, 0x4061, 0x3861, 0x3041, 0x2840, 0x2040, 0x2041, 0x2040, 0x2820,
  0x2820, 0x2800, 0x2800, 0x2800, 0x2800, 0x2000, 0x2000, 0x2000, 0x2000, 0x1800, 0x1800, 0x2000,
  0x2000, 0x2000, 0x2840, 0x3060, 0x3081, 0x38A1, 0x40A1, 0x48C1, 0x50E1, 0x50E2, 0x5902, 0x5902,
  0x5922, 0x5943, 0x5923, 0x5123, 0x5943, 0x6163, 0x6183, 0x6984, 0x69A4, 0x69A4, 0x69A4, 0x69A4,
  0x71C4, 0x71C5, 0x71E5, 0x7205, 0x7205, 0x7A05, 0x7A05, 0x7A25, 0x7A26, 0x7A26, 0x7A26, 0x7A46,
  0x8246, 0x8246, 0x8246, 0x8246, 0x8246, 0x8267, 0x8267, 0x8266, 0x8287, 0x8287, 0x8267, 0x8267,
  0x8A87, 0x8A87, 0x8A87, 0x8A87, 0x8A87, 0x8A87, 0x8AA7, 0x8AA7, 0x8AC8, 0x8AA7, 0x8AA7, 0x92A7,
  0xE591, 0xE592, 0xEDB2, 0xEDB1, 0xE5B2, 0xE591, 0xE571, 0xE570, 0xDD2F, 0xC44D, 0xB3EC, 0xA36B,
  0x9B2A, 0xB3CB, 0xD4AE, 0xDCEE, 0xDD0F, 0xDCEE, 0xDCEE, 0xDCEE, 0xDCCE, 0xDCEE, 0xDCCE, 0xDCAD,
  0xDCAD, 0xDCAD, 0xD46C, 0xD44C, 0xDC4C, 0xD44B, 0xD42B, 0xBBAA, 0xA308, 0x7A46, 0x59C5, 0x5164,
  0x5164, 0x8205, 0xB2E6, 0xC327, 0xC347, 0xC327, 0xC327, 0xC307, 0xC2E6, 0xC2C5, 0xC2A5, 0xC284,
  0xBA64, 0xBA64, 0xA203, 0x7142, 0x40A1, 0x50A1, 0x78C0, 0x80A0, 0x8060, 0x8060, 0x78A1, 0x7102,
  0x6964, 0x69A6, 0x69E7, 0x7227, 0x828A, 0x9B2C, 0xA3AE, 0xAC30, 0xB471, 0xB4D2, 0xB4F3, 0xACB2,
  0x93CF, 0x51E7, 0x3945, 0x626A, 0x9C10, 0xBD95, 0xCE17, 0xD638, 0xCE38, 0xCE18, 0xCE38, 0xC5D6,
  0xA4B2, 0x6AEB, 0x41C7, 0x4208, 0x3145, 0x41A6, 0x83AF, 0xB575, 0xCE79, 0xD6DA, 0xD6DA, 0xD6DA,
  0xD6BA, 0xD6BA, 0xCE9A, 0xCE79, 0xCE79, 0xCE58, 0xC5F7, 0xA513, 0x7B8E, 0x5A89, 0x732C, 0x7B8D,
  0x838E, 0x9C71, 0xB575, 0xB596, 0x9CB2, 0x732C, 0x5228, 0x62AA, 0x8C10, 0xAD14, 0xB555, 0xAD34,
  0xAD14, 0xAD13, 0xACF3, 0xA4D3, 0x9451, 0x7B6D, 0x62AA, 0x5208, 0x5208, 0x5228, 0x3985, 0x20E3,
  0x1881, 0x3124, 0x5A28, 0x7B0C, 0x8B8E, 0x8B6E, 0x834D, 0x832D, 0x7B0C, 0x7AEC, 0x72AB, 0x6249,
  0x59E7, 0x51C6, 0x4986, 0x3104, 0x28C3, 0x28E3, 0x3924, 0x4945, 0x5165, 0x5165, 0x5145, 0x5124,
  0x4904, 0x48E3, 0x48E3, 0x48C3, 0x40A2, 0x3882, 0x3081, 0x2861, 0x2061, 0x2061, 0x2840, 0x3040,
  0x3020, 0x3020, 0x3000, 0x3000, 0x2800, 0x2800, 0x2800, 0x2000, 0x2000, 0x2000, 0x2000, 0x2000,
  0x1800, 0x1800, 0x1820, 0x2040, 0x2061, 0x2860, 0x3060, 0x4080, 0x40A0, 0x48C1, 0x48C1, 0x50E1,
  0x5102, 0x5102, 0x5102, 0x5102, 0x5122, 0x5943, 0x6163, 0x6163, 0x69A4, 0x69A4, 0x69A4, 0x69A4,
  0x69C4, 0x71C4, 0x71E5, 0x71C5, 0x71E5, 0x71E5, 0x7205, 0x7A05, 0x7A26, 0x7A26, 0x7A26, 0x7A25,
  0x7A26, 0x7A26, 0x7A46, 0x8246, 0x8246, 0x8246, 0x8266, 0x8266, 0x8266, 0x8267, 0x8266, 0x8266,
  0x8267, 0x8A87, 0x8A87, 0x8A87, 0x8A87, 0x8A87, 0x8A87, 0x8A87, 0x8AA7, 0x8AA7, 0x8AA7, 0x8AA7,
  0xE5D2, 0xEDD2, 0xEDD2, 0xE591, 0xE591, 0xE550, 0xE550, 0xE530, 0xE550, 0xD4EE, 0xB3CB, 0x9B4A,
  0x8AE9, 0x9309, 0xC40C, 0xDD0F, 0xE52F, 0xDCEE, 0xDCCD, 0xDCAD, 0xDC8C, 0xDC8C, 0xDC6C, 0xD44C,
  0xD44B, 0xD44C, 0xD44C, 0xDC4C, 0xD42B, 0xD42B, 0xD44B, 0xCBEA, 0xAB29, 0x9287, 0x61C5, 0x4964,
  0x4124, 0x6184, 0x9225, 0xB2C6, 0xC306, 0xC306, 0xC2E5, 0xC2C5, 0xBA85, 0xBA64, 0xBA23, 0xB202,
  0xB1C1, 0xA981, 0x9941, 0x78E1, 0x3881, 0x3061, 0x5860, 0x78C1, 0x8902, 0x9164, 0x89C6, 0x8A48,
  0x82AA, 0x830B, 0x830C, 0x82EB, 0x82EC, 0x9BCF, 0xBCF3, 0xC555, 0xC575, 0xC595, 0xC5B6, 0xC5B6,
  0xAD13, 0x7B4C, 0x3965, 0x5208, 0x8BCF, 0xBD95, 0xD679, 0xD679, 0xD69A, 0xD6BA, 0xD6BA, 0xCE59,
  0xB575, 0x83EF, 0x4A08, 0x4A28, 0x41C7, 0x3945, 0x7B8E, 0xB5B7, 0xD71B, 0xE77D, 0xE77D, 0xE75C,
  0xDF1C, 0xD6FB, 0xD6BA, 0xCE79, 0xCE79, 0xCE79, 0xCE38, 0xAD75, 0x83CF, 0x5A89, 0x6B0B, 0x7B8D,
  0x7B6D, 0x9430, 0xB555, 0xB5B6, 0x9CB2, 0x730C, 0x5208, 0x6ACB, 0x9430, 0xAD54, 0xB575, 0xB555,
  0xB554, 0xB534, 0xAD34, 0xAD13, 0x9451, 0x734D, 0x5A8A, 0x5208, 0x5249, 0x5248, 0x3165, 0x20E3,
  0x1081, 0x3145, 0x6269, 0x836D, 0x8BEF, 0x8BCF, 0x8BAE, 0x8B8E, 0x836E, 0x834D, 0x7B0C, 0x6A8A,
  0x5A28, 0x5207, 0x49A6, 0x3104, 0x28C3, 0x3103, 0x4165, 0x51A6, 0x59C7, 0x59A7, 0x5986, 0x5965,
  0x5145, 0x5125, 0x4904, 0x4904, 0x48E3, 0x40C3, 0x30A2, 0x2881, 0x2061, 0x2061, 0x2861, 0x3041,
  0x3040, 0x3020, 0x3020, 0x3020, 0x3020, 0x2800, 0x2800, 0x2800, 0x2000, 0x2000, 0x2000, 0x2000,
  0x1800, 0x1800, 0x1840, 0x1841, 0x1840, 0x2020, 0x2020, 0x2820, 0x3040, 0x3860, 0x4080, 0x40A1,
  0x48C1, 0x40C2, 0x40E2, 0x4902, 0x5122, 0x5123, 0x5943, 0x6183, 0x6184, 0x6984, 0x6984, 0x69A4,
  0x69A4, 0x69A4, 0x69A4, 0x69C4, 0x71E5, 0x7205, 0x7205, 0x71E5, 0x7205, 0x7A26, 0x7A26, 0x7A25,
  0x7A25, 0x7A26, 0x7A46, 0x8246, 0x8246, 0x8246, 0x8246, 0x8246, 0x8246, 0x8246, 0x8266, 0x8266,
  0x8267, 0x8A87, 0x8287, 0x8A67, 0x8A87, 0x8A87, 0x8A87, 0x8A87, 0x8A87, 0x8A87, 0x8AA7, 0x8AA7,
  0xDD30, 0xDD30, 0xE570, 0xE550, 0xE550, 0xE550, 0xE571, 0xE591, 0xE591, 0xE551, 0xCC8D, 0xA36A,
  0x8AC9, 0x8287, 0x9309, 0xCC0B, 0xDCAD, 0xDCAD, 0xDCAD, 0xDCAD, 0xDC8D, 0xD44C, 0xD44C, 0xD44C,
  0xD42B, 0xD42B, 0xD40A, 0xD3EA, 0xD3EA, 0xD3CA, 0xD3CA, 0xCBCA, 0xC389, 0xA2C7, 0x7A25, 0x5984,
  0x3924, 0x4103, 0x71A4, 0xA265, 0xBAA5, 0xBA85, 0xBA44, 0xBA23, 0xB1E2, 0xB1A1, 0xA141, 0x98E0,
  0x8860, 0x8020, 0x8060, 0x70A1, 0x48C2, 0x3082, 0x50C2, 0x81C5, 0x92A9, 0xA36C, 0xABEF, 0xAC30,
  0x9BEF, 0x93CE, 0x93EF, 0x93EF, 0x8B8E, 0x8B8E, 0xA451, 0xBD75, 0xCE17, 0xCE38, 0xCE38, 0xD659,
  0xCE18, 0x9CB2, 0x5A69, 0x4A28, 0x7B8E, 0xAD13, 0xCE38, 0xD679, 0xD6BA, 0xD6BA, 0xD6BA, 0xD6DA,
  0xC699, 0x9D34, 0x5AAA, 0x4A28, 0x4A28, 0x3145, 0x62EB, 0xAD75, 0xD6FB, 0xE77D, 0xEF9D, 0xE77D,
  0xDF1C, 0xD6BA, 0xCE79, 0xCE38, 0xCE58, 0xCE99, 0xCE79, 0xB5B6, 0x8C0F, 0x5A89, 0x62CA, 0x736D,
  0x7B4D, 0x8BEF, 0xAD34, 0xB595, 0x9C91, 0x6AEB, 0x49E7, 0x6AEB, 0x9451, 0xB555, 0xB595, 0xB575,
  0xB555, 0xB554, 0xB554, 0xAD13, 0x8C10, 0x6B0C, 0x5A69, 0x5228, 0x5A89, 0x5228, 0x3145, 0x18C2,
  0x1881, 0x3965, 0x628A, 0x83AE, 0x9430, 0x9410, 0x93EF, 0x93EF, 0x8BCF, 0x8B8E, 0x7B2D, 0x6AAA,
  0x5A49, 0x5A28, 0x49A6, 0x3104, 0x28E3, 0x3124, 0x49A6, 0x59E7, 0x6208, 0x6208, 0x61E7, 0x59C6,
  0x5986, 0x5966, 0x5165, 0x5145, 0x4924, 0x38E3, 0x30C2, 0x20A2, 0x2081, 0x2881, 0x3081, 0x3881,
  0x3861, 0x3861, 0x3841, 0x3840, 0x3020, 0x3020, 0x3020, 0x2800, 0x2800, 0x2800, 0x2000, 0x2000,
  0x2000, 0x1820, 0x1841, 0x1861, 0x1840, 0x1820, 0x1800, 0x1800, 0x2000, 0x2820, 0x2820, 0x3040,
  0x3880, 0x38A1, 0x38C1, 0x40E2, 0x48E2, 0x5102, 0x5943, 0x5963, 0x5963, 0x6163, 0x6163, 0x6183,
  0x6184, 0x6984, 0x69A4, 0x71E5, 0x71E5, 0x71C5, 0x71E5, 0x7205, 0x7205, 0x7205, 0x7205, 0x7A05,
  0x7A26, 0x7A26, 0x7A26, 0x7A46, 0x7A46, 0x8267, 0x8246, 0x7A46, 0x8246, 0x8246, 0x8266, 0x8246,
  0x8246, 0x8266, 0x8267, 0x8287, 0x8287, 0x8A87, 0x8A87, 0x8AA7, 0x8AA7, 0x8A87, 0x8A87, 0x8AA7,
  0xD4EF, 0xD4CF, 0xE550, 0xE570, 0xE530, 0xE52F, 0xE50F, 0xE52F, 0xE52F, 0xE50F, 0xDCEF, 0xC40B,
  0x92E9, 0x7A67, 0x7226, 0x9AE9, 0xC3EB, 0xDC8D, 0xDCAD, 0xDC6C, 0xD44B, 0xD44B, 0xD44B, 0xD42B,
  0xD40B, 0xD40B, 0xD3EA, 0xCBEA, 0xCBEA, 0xCBC9, 0xCBA9, 0xCBA9, 0xCB89, 0xBB27, 0x9286, 0x69C5,
  0x4143, 0x28E3, 0x4903, 0x7183, 0xA204, 0xA9E2, 0xA9C2, 0xA161, 0x98C0, 0x8860, 0x7820, 0x7820,
  0x8060, 0x88C2, 0x8964, 0x81E6, 0x69C6, 0x38E3, 0x4124, 0x7ACA, 0xAC0F, 0xBCB2, 0xBD13, 0xBD13,
  0xBCF3, 0xAC91, 0x9C30, 0x9C71, 0x9CB2, 0x9451, 0x8BCF, 0x9C30, 0xBD54, 0xD658, 0xDEDB, 0xDF1C,
  0xDEDA, 0xB5B6, 0x7B8D, 0x5AAA, 0x7BF0, 0x9492, 0xC5F7, 0xCE58, 0xCE58, 0xCE58, 0xD699, 0xDEFB,
  0xD6FB, 0xADD6, 0x6B2C, 0x4A08, 0x4A49, 0x3986, 0x4A08, 0x94B2, 0xCE99, 0xDF5C, 0xE77D, 0xDF3C,
  0xD6DA, 0xCE38, 0xBDD6, 0xBDD7, 0xC658, 0xCEBA, 0xCE99, 0xBDD6, 0x8C30, 0x5A69, 0x5A89, 0x734C,
  0x732C, 0x83AE, 0xA4F3, 0xB575, 0x9471, 0x62CA, 0x49A6, 0x6AEB, 0x9471, 0xB575, 0xB595, 0xB575,
  0xB575, 0xB574, 0xB554, 0xA4F3, 0x83CF, 0x62CB, 0x5228, 0x5248, 0x5A8A, 0x4A07, 0x2924, 0x1882,
  0x1882, 0x3985, 0x6ACB, 0x8BEF, 0x9C51, 0x9C50, 0x9C30, 0x9410, 0x940F, 0x8BCF, 0x7B4D, 0x6AAA,
  0x6269, 0x5A48, 0x41A6, 0x2903, 0x2903, 0x3965, 0x51E7, 0x6248, 0x6A49, 0x6A49, 0x6A28, 0x6208,
  0x61E7, 0x59C7, 0x59A6, 0x5186, 0x4945, 0x3903, 0x30C2, 0x20A2, 0x2081, 0x28A2, 0x30A2, 0x38A2,
  0x40A2, 0x3882, 0x3861, 0x3861, 0x3841, 0x3841, 0x3020, 0x3020, 0x3020, 0x2800, 0x2820, 0x2820,
  0x2020, 0x1841, 0x1861, 0x1861, 0x1840, 0x1800, 0x1800, 0x1800, 0x1000, 0x1800, 0x1800, 0x2820,
  0x2840, 0x3081, 0x30A1, 0x38A1, 0x40C1, 0x48E1, 0x5102, 0x5122, 0x5943, 0x5943, 0x6163, 0x6183,
  0x6184, 0x61A4, 0x61A4, 0x69A4, 0x69C4, 0x71C5, 0x69C5, 0x71E5, 0x71E5, 0x7205, 0x7205, 0x7205,
  0x7A26, 0x7A05, 0x7A05, 0x7A05, 0x7A26, 0x7A46, 0x7A46, 0x7A26, 0x8246, 0x8246, 0x8266, 0x8266,
  0x8246, 0x8246, 0x8267, 0x8287, 0x8287, 0x8267, 0x8267, 0x8A87, 0x8AA7, 0x8AA7, 0x8AA7, 0x8AA7,
  0xD4CF, 0xCC8E, 0xD4CF, 0xE550, 0xE52F, 0xE52F, 0xE50F, 0xDCEE, 0xDCEE, 0xDCCE, 0xDCAD, 0xD48D,
  0xAB6A, 0x8287, 0x7206, 0x69E6, 0x92A7, 0xC3CA, 0xD42B, 0xD40B, 0xD42B, 0xD42B, 0xD42B, 0xD3EA,
  0xCBC9, 0xCBA9, 0xD3C9, 0xD3C9, 0xCB89, 0xCB68, 0xCB68, 0xCB68, 0xCB48, 0xC327, 0xAAA5, 0x8A25,
  0x5964, 0x30E3, 0x28C3, 0x5103, 0x6942, 0x8121, 0x8080, 0x7840, 0x7040, 0x7861, 0x80A2, 0x8943,
  0x91C5, 0x9A48, 0x9AEA, 0x9B6D, 0x934C, 0x5A07, 0x30E4, 0x6A89, 0xA42F, 0xBD34, 0xC596, 0xCDF7,
  0xD618, 0xCE17, 0xBD96, 0xA4D3, 0xA4B2, 0xA4F3, 0xA4D3, 0x9C71, 0x9C30, 0xB513, 0xCE58, 0xDF3C,
  0xE77D, 0xD6DA, 0xA514, 0x62AB, 0x630C, 0x7B8E, 0x9CB2, 0xBDB6, 0xC638, 0xD699, 0xD6BA, 0xD6BA,
  0xC679, 0xAD75, 0x736D, 0x41A6, 0x4A28, 0x4207, 0x3965, 0x6B4C, 0xA514, 0xC638, 0xCE79, 0xC618,
  0xB575, 0xACF3, 0xA4F3, 0xAD54, 0xBDF7, 0xCE79, 0xCE59, 0xB596, 0x8C30, 0x5248, 0x4A08, 0x6AEB,
  0x6B0C, 0x7B4D, 0x9C91, 0xAD34, 0x9450, 0x6289, 0x4186, 0x62CB, 0x9471, 0xB575, 0xB595, 0xB575,
  0xB574, 0xB554, 0xB534, 0xA4B1, 0x7B8D, 0x5A89, 0x5208, 0x5A69, 0x5A89, 0x39A6, 0x20C3, 0x1061,
  0x1882, 0x41A6, 0x6B0B, 0x940F, 0x9C71, 0x9C71, 0x9C51, 0x9C50, 0x9430, 0x8BEF, 0x7B2C, 0x62AA,
  0x6289, 0x5A49, 0x4186, 0x28E3, 0x3124, 0x4186, 0x5A28, 0x6A8A, 0x72AA, 0x728A, 0x6A69, 0x6A49,
  0x6A28, 0x6208, 0x61E7, 0x59A6, 0x4945, 0x3903, 0x28C3, 0x20A2, 0x28A2, 0x30C2, 0x38E3, 0x40E3,
  0x40C3, 0x40A2, 0x40A2, 0x4082, 0x3881, 0x3861, 0x3841, 0x3841, 0x3020, 0x3020, 0x2820, 0x2820,
  0x2040, 0x2061, 0x1861, 0x1861, 0x1840, 0x1800, 0x1800, 0x1800, 0x1800, 0x1000, 0x1000, 0x1800,
  0x2040, 0x2861, 0x3081, 0x3081, 0x3881, 0x40A1, 0x48C2, 0x48E2, 0x4902, 0x5122, 0x5943, 0x5943,
  0x6163, 0x6184, 0x6184, 0x61A4, 0x69A4, 0x69C4, 0x69C5, 0x69C5, 0x69A4, 0x71C5, 0x71E5, 0x7205,
  0x7205, 0x7A05, 0x7A26, 0x7A26, 0x7A26, 0x7A26, 0x7A26, 0x7A26, 0x7A46, 0x8246, 0x8246, 0x8266,
  0x8246, 0x8246, 0x8246, 0x8266, 0x8267, 0x8267, 0x8287, 0x8A87, 0x8A87, 0x8A87, 0x8AA7, 0x8AA7,
  0xDD0F, 0xCC6E, 0xC44D, 0xD4EE, 0xDCEE, 0xDCEE, 0xDCEE, 0xDCEE, 0xDCCD, 0xDCCD, 0xDCCE, 0xD48D,
  0xC40B, 0x8AA8, 0x7A47, 0x71E6, 0x69A5, 0x9287, 0xC3AA, 0xD42B, 0xD42B, 0xD42B, 0xD3EA, 0xCBCA,
  0xCBC9, 0xCBA9, 0xCB88, 0xCB68, 0xCB47, 0xCB47, 0xC327, 0xC306, 0xC306, 0xC2E5, 0xBAC5, 0xA244,
  0x79A4, 0x4923, 0x20C2, 0x28A2, 0x38C2, 0x5081, 0x6860, 0x7881, 0x80E2, 0x8944, 0x91E7, 0x9AA9,
  0xA32C, 0xABCF, 0xB451, 0xB491, 0xB471, 0x8B6D, 0x4145, 0x49A6, 0x93EE, 0xC595, 0xD658, 0xDEBA,
  0xDEDA, 0xDEDA, 0xDE9A, 0xCE38, 0xB555, 0xA492, 0xA4B2, 0xAD34, 0xAD55, 0xA4F3, 0xACF3, 0xC5D6,
  0xD6DA, 0xDEFB, 0xBDD7, 0x736D, 0x41C7, 0x5269, 0x7B6E, 0xAD34, 0xCE9A, 0xE75C, 0xE77D, 0xE77D,
  0xDF1B, 0xBDF7, 0x7BCF, 0x3965, 0x3986, 0x4207, 0x3965, 0x49E7, 0x736E, 0x9CB2, 0xA514, 0xA4D3,
  0x9C51, 0x9C71, 0xA4F3, 0xB575, 0xBDF7, 0xC638, 0xC5F7, 0xAD14, 0x83CE, 0x49E7, 0x41C6, 0x5AAA,
  0x62CB, 0x6AEB, 0x942F, 0x9CD2, 0x8C0F, 0x5A69, 0x4165, 0x62CA, 0x9471, 0xB554, 0xB574, 0xB574,
  0xB554, 0xB554, 0xAD13, 0x9450, 0x730C, 0x5208, 0x49E7, 0x5A69, 0x5228, 0x3144, 0x18A2, 0x1061,
  0x20A2, 0x41C6, 0x730C, 0x9430, 0xA491, 0x9C71, 0x9C71, 0x9C50, 0x9C30, 0x8BCE, 0x730B, 0x628A,
  0x628A, 0x5248, 0x3965, 0x2903, 0x3124, 0x49C6, 0x6269, 0x72EB, 0x7AEB, 0x7ACB, 0x72AA, 0x728A,
  0x6A69, 0x6A49, 0x6208, 0x51C6, 0x4165, 0x3903, 0x28C3, 0x20A2, 0x28C2, 0x38E3, 0x4104, 0x4904,
  0x4903, 0x48E3, 0x40C3, 0x40C2, 0x40A2, 0x3882, 0x3861, 0x3861, 0x3841, 0x3041, 0x3040, 0x2840,
  0x2061, 0x2061, 0x2061, 0x2061, 0x2020, 0x2020, 0x2000, 0x1800, 0x1800, 0x1800, 0x1000, 0x1820,
  0x1840, 0x2061, 0x2040, 0x2840, 0x3040, 0x3860, 0x3881, 0x40A1, 0x48C1, 0x4902, 0x5102, 0x5122,
  0x5943, 0x5963, 0x6183, 0x6184, 0x6184, 0x69A4, 0x69C4, 0x69C5, 0x69A4, 0x69C4, 0x71E5, 0x7205,
  0x7205, 0x71E5, 0x7205, 0x7A26, 0x7A26, 0x7A26, 0x7205, 0x7A26, 0x7A46, 0x7A46, 0x7A46, 0x8246,
  0x8246, 0x8246, 0x8246, 0x8246, 0x8266, 0x8267, 0x8287, 0x8AA7, 0x8AA7, 0x8A87, 0x8A87, 0x8AA7,
  0xDD0F, 0xCC8E, 0xBC0D, 0xCC8D, 0xDCEF, 0xDCEF, 0xDCCE, 0xDCAE, 0xDCAD, 0xDCAD, 0xDC8D, 0xDCAD,
  0xCC2B, 0xA329, 0x7A27, 0x8267, 0x69E5, 0x6184, 0x8A46, 0xBB48, 0xCBCA, 0xCBC9, 0xCBC9, 0xCBA9,
  0xCB89, 0xCB68, 0xCB68, 0xCB47, 0xCB27, 0xC306, 0xC2E6, 0xC2C5, 0xC284, 0xC263, 0xBA22, 0xA9C2,
  0x9182, 0x6122, 0x30E3, 0x18A2, 0x1882, 0x30A2, 0x58C2, 0x7944, 0x9207, 0x9ACA, 0xA36D, 0xB3EF,
  0xBC71, 0xBCF3, 0xC514, 0xC554, 0xC555, 0xACD3, 0x72CB, 0x3103, 0x72EA, 0xBD34, 0xD679, 0xDEDA,
  0xE6FB, 0xE73C, 0xEF7D, 0xE77D, 0xD6DA, 0xBDD6, 0xAD13, 0xA4F3, 0xAD75, 0xBDD7, 0xB576, 0xAD13,
  0xB555, 0xBDF7, 0xB576, 0x83CF, 0x3986, 0x39C7, 0x6B2C, 0x9451, 0xC638, 0xE75C, 0xEFBE, 0xEFBE,
  0xE75C, 0xC679, 0x9491, 0x41E7, 0x2904, 0x41E7, 0x41E7, 0x3965, 0x5249, 0x734D, 0x8C31, 0x9451,
  0x9C92, 0xAD55, 0xBDD7, 0xC617, 0xC638, 0xC618, 0xB595, 0x9C92, 0x7B6D, 0x49E7, 0x4186, 0x5248,
  0x5A89, 0x6289, 0x838D, 0x9450, 0x83AE, 0x5228, 0x3965, 0x62AA, 0x9430, 0xAD13, 0xB534, 0xB533,
  0xB533, 0xB513, 0xACD2, 0x8BCE, 0x62AA, 0x41A6, 0x49C7, 0x5228, 0x49C7, 0x2903, 0x1882, 0x1082,
  0x20C2, 0x49C6, 0x730C, 0x9430, 0xA491, 0xA471, 0xA471, 0x9C50, 0x9430, 0x838D, 0x6AAA, 0x6289,
  0x628A, 0x5208, 0x3124, 0x2904, 0x3945, 0x51E7, 0x6AAA, 0x7B0B, 0x832C, 0x7B0B, 0x7AEB, 0x72CA,
  0x728A, 0x6A69, 0x6228, 0x51A6, 0x4145, 0x3104, 0x28E3, 0x28C2, 0x30E3, 0x4104, 0x4944, 0x4944,
  0x4924, 0x4904, 0x4903, 0x48E3, 0x40C3, 0x40A2, 0x40A2, 0x4082, 0x3881, 0x3861, 0x3061, 0x2861,
  0x2061, 0x2081, 0x2061, 0x2041, 0x2020, 0x2020, 0x2020, 0x2000, 0x1800, 0x1800, 0x1820, 0x1820,
  0x1840, 0x1840, 0x1820, 0x1800, 0x1800, 0x2820, 0x3060, 0x3881, 0x40C1, 0x48E2, 0x5102, 0x5123,
  0x5123, 0x5943, 0x5943, 0x5943, 0x6184, 0x6184, 0x61A4, 0x69A4, 0x69A4, 0x69C4, 0x69C5, 0x71E5,
  0x71E5, 0x71E5, 0x7205, 0x7205, 0x7205, 0x7A26, 0x7A26, 0x7A26, 0x7A26, 0x7A26, 0x7A46, 0x7A46,
  0x8266, 0x8246, 0x8246, 0x8266, 0x8267, 0x8287, 0x8287, 0x8287, 0x8A87, 0x8A87, 0x8A87, 0x8AA7,
  0xE550, 0xD4CE, 0xBC0C, 0xB3EC, 0xDCCE, 0xDCEE, 0xDCAD, 0xDC8D, 0xDC8D, 0xDCAD, 0xDC8D, 0xD48D,
  0xD44C, 0xBBAA, 0x8267, 0x7A06, 0x9A86, 0x69E5, 0x6184, 0x8205, 0xB2E7, 0xC368, 0xCB68, 0xCB48,
  0xCB48, 0xC327, 0xC327, 0xC2E6, 0xC2C6, 0xC285, 0xC264, 0xBA23, 0xB9E2, 0xB1A1, 0xA940, 0x90C0,
  0x7880, 0x7080, 0x4903, 0x28E3, 0x1882, 0x18A2, 0x4124, 0x7249, 0x934D, 0xAC30, 0xB491, 0xBCF3,
  0xC554, 0xCD95, 0xCDB6, 0xCDF7, 0xD638, 0xCE18, 0xA4B2, 0x51C7, 0x4165, 0x9C50, 0xD638, 0xE71B,
  0xEF7D, 0xEFBE, 0xEFBE, 0xEF7D, 0xE73B, 0xDEFB, 0xCE99, 0xC5F7, 0xAD34, 0xA514, 0xAD55, 0xAD75,
  0xAD34, 0x9CD3, 0x8C30, 0x6B0C, 0x41C7, 0x2945, 0x5ACA, 0x7BCF, 0xA4D3, 0xCE59, 0xD6FB, 0xDF1B,
  0xD6FB, 0xCE99, 0xA534, 0x62EB, 0x2904, 0x41E7, 0x528A, 0x39C7, 0x41A6, 0x5A69, 0x7B6D, 0x9C92,
  0xB596, 0xBE18, 0xC658, 0xC658, 0xC638, 0xBDD6, 0xAD13, 0x9430, 0x7B4C, 0x5228, 0x4186, 0x49E7,
  0x5228, 0x5207, 0x6AEB, 0x8BCE, 0x7B6D, 0x5207, 0x3944, 0x6289, 0x940F, 0xACD2, 0xACF3, 0xACF2,
  0xACF2, 0xACD2, 0x9C71, 0x7B4C, 0x5207, 0x3144, 0x41A6, 0x49E7, 0x3985, 0x28E3, 0x18C2, 0x18A2,
  0x20C3, 0x49C7, 0x730C, 0x9430, 0x9C71, 0x9C70, 0x9C50, 0x9C50, 0x93EF, 0x7B2C, 0x6269, 0x5A49,
  0x5A69, 0x49C6, 0x28E3, 0x2904, 0x3965, 0x5A28, 0x72EB, 0x834C, 0x834C, 0x832C, 0x7B0B, 0x7AEB,
  0x72CA, 0x728A, 0x6228, 0x49A6, 0x4145, 0x3124, 0x28E3, 0x28E3, 0x3103, 0x4944, 0x5185, 0x5165,
  0x5145, 0x5144, 0x4924, 0x4903, 0x4903, 0x48E3, 0x40C2, 0x40C2, 0x40A2, 0x3882, 0x3081, 0x2881,
  0x2081, 0x2081, 0x2061, 0x2040, 0x2820, 0x2820, 0x2820, 0x2020, 0x2000, 0x1800, 0x1820, 0x1840,
  0x1840, 0x1840, 0x1820, 0x1000, 0x1000, 0x1800, 0x2020, 0x2840, 0x3060, 0x3861, 0x40C1, 0x48E2,
  0x4902, 0x5122, 0x5963, 0x5943, 0x5963, 0x61A4, 0x61A4, 0x61A4, 0x69C5, 0x69E5, 0x69E5, 0x69C5,
  0x69E5, 0x7205, 0x7205, 0x7205, 0x7206, 0x7205, 0x7A05, 0x7A26, 0x7A46, 0x7A26, 0x7A46, 0x7A46,
  0x7A46, 0x8246, 0x8246, 0x8267, 0x8267, 0x8267, 0x8287, 0x8287, 0x8267, 0x8267, 0x8287, 0x8A87,
  0xDD30, 0xDCEF, 0xBC0C, 0xAB8B, 0xBBEB, 0xD48D, 0xD46C, 0xD46C, 0xD42B, 0xD44C, 0xDC4C, 0xDC4B,
  0xD44B, 0xC3EA, 0x9AC8, 0x69C5, 0x9A45, 0xA2C7, 0x69C4, 0x5143, 0x79C5, 0xAA86, 0xBAC6, 0xC2E6,
  0xBAC6, 0xC2C6, 0xC285, 0xBA84, 0xBA44, 0xBA23, 0xB1E2, 0xB1A2, 0xA941, 0x8880, 0x7020, 0x7820,
  0x8881, 0x8923, 0x71A5, 0x49A6, 0x3104, 0x1082, 0x18C3, 0x51E7, 0x830B, 0xA451, 0xBD54, 0xCD96,
  0xD5D6, 0xD5F7, 0xD679, 0xDEBA, 0xE71B, 0xE6FA, 0xC5F7, 0x83CF, 0x3925, 0x6269, 0xB574, 0xE75C,
  0xEFBE, 0xEF9D, 0xEF7D, 0xEF5C, 0xEF7D, 0xEF9D, 0xE77D, 0xE73C, 0xD679, 0xAD34, 0x8C30, 0x9471,
  0x94D3, 0x8C71, 0x6B0D, 0x4A49, 0x39C7, 0x2924, 0x3165, 0x5AAA, 0x738E, 0x94B2, 0xB596, 0xC638,
  0xD6DA, 0xD6DA, 0xB5B6, 0x73AE, 0x3165, 0x4A28, 0x52AA, 0x4208, 0x2904, 0x3986, 0x62AA, 0x9C91,
  0xB574, 0xBD95, 0xBD95, 0xBDB5, 0xBD95, 0xB534, 0x9C71, 0x8BCE, 0x7B4D, 0x62AA, 0x3985, 0x3965,
  0x41A6, 0x4185, 0x5A48, 0x734C, 0x730B, 0x49C7, 0x3924, 0x5A48, 0x8BAE, 0xA491, 0xA4B1, 0xACB1,
  0xACB1, 0xA491, 0x940F, 0x6ACA, 0x4185, 0x2903, 0x41A6, 0x41C6, 0x3985, 0x28E3, 0x20E3, 0x20E3,
  0x28E3, 0x49C6, 0x72EB, 0x8BEF, 0x940F, 0x942F, 0x9C2F, 0x940F, 0x838D, 0x6AAA, 0x5A28, 0x5A28,
  0x5228, 0x3965, 0x28E3, 0x2924, 0x4186, 0x6269, 0x7B2B, 0x836C, 0x836C, 0x834C, 0x832C, 0x7B0B,
  0x7AEB, 0x6A89, 0x5A07, 0x4985, 0x4165, 0x3124, 0x28E3, 0x28E3, 0x3944, 0x5185, 0x59A6, 0x59A6,
  0x5985, 0x5165, 0x5144, 0x5124, 0x4924, 0x4903, 0x48E3, 0x40E3, 0x40C2, 0x38A2, 0x30A2, 0x28A2,
  0x2081, 0x2081, 0x2861, 0x2841, 0x2820, 0x2820, 0x2820, 0x2820, 0x2020, 0x2020, 0x1840, 0x1840,
  0x1840, 0x1820, 0x1800, 0x1800, 0x1800, 0x1000, 0x1800, 0x2020, 0x2020, 0x3040, 0x3860, 0x3881,
  0x40C1, 0x4902, 0x5122, 0x5123, 0x5943, 0x5963, 0x5963, 0x6163, 0x69A4, 0x69E5, 0x69C5, 0x69C5,
  0x69C5, 0x7205, 0x7205, 0x71E5, 0x7206, 0x7A26, 0x7206, 0x7205, 0x7205, 0x7A26, 0x7A26, 0x7A46,
  0x7A46, 0x7A46, 0x8266, 0x8266, 0x8246, 0x8266, 0x8267, 0x8287, 0x8287, 0x8287, 0x8287, 0x8287,
  0xDCEE, 0xDCEE, 0xCC6D, 0xAB8A, 0xA36A, 0xCC4C, 0xD44C, 0xD44C, 0xD44C, 0xD42B, 0xD42B, 0xD3EB,
  0xCBCA, 0xCBCA, 0xB349, 0x7206, 0x71A5, 0xB307, 0xAAE7, 0x71E5, 0x5123, 0x7184, 0xA245, 0xB285,
  0xBA85, 0xB244, 0xB223, 0xB203, 0xA9A2, 0xA982, 0xA142, 0x88A1, 0x6800, 0x7800, 0x8861, 0x9123,
  0x99E6, 0x9ACA, 0x9B0B, 0x830B, 0x5207, 0x3125, 0x1083, 0x20E4, 0x5A28, 0x8B8D, 0xACB2, 0xCDB6,
  0xD638, 0xDE99, 0xE6DB, 0xE6FB, 0xE6FB, 0xE6FB, 0xDE9A, 0xB574, 0x6ACB, 0x3103, 0x838D, 0xCE58,
  0xE75C, 0xE75C, 0xE75C, 0xEF7D, 0xEFBE, 0xF7DE, 0xF7DE, 0xF7BE, 0xDEDA, 0xAD55, 0x9492, 0x83F0,
  0x732D, 0x5A8A, 0x62CB, 0x6B6D, 0x5ACB, 0x39A6, 0x18A3, 0x2904, 0x5229, 0x6B0C, 0x8C0F, 0xAD55,
  0xBE17, 0xBE17, 0xA514, 0x734D, 0x3986, 0x39A6, 0x4A28, 0x39A6, 0x20C3, 0x28C3, 0x49C7, 0x838D,
  0xA470, 0xACB1, 0xACD2, 0xB4F2, 0xACD2, 0xA471, 0x93EE, 0x838D, 0x838D, 0x732B, 0x41A6, 0x2903,
  0x3124, 0x3103, 0x41A6, 0x6289, 0x62AA, 0x4186, 0x3103, 0x5A07, 0x836D, 0x9C30, 0xA450, 0xA450,
  0xA450, 0x9C2F, 0x836D, 0x5A28, 0x3104, 0x28E3, 0x41A6, 0x49C6, 0x4185, 0x2903, 0x2924, 0x3124,
  0x3104, 0x49C6, 0x6ACB, 0x838D, 0x8BAD, 0x838D, 0x8BAD, 0x838D, 0x730B, 0x5A48, 0x49E7, 0x49E7,
  0x41C6, 0x2903, 0x28E3, 0x3124, 0x49C6, 0x6AAA, 0x834C, 0x8B8D, 0x8B6C, 0x834C, 0x832C, 0x832B,
  0x7AEB, 0x6269, 0x51C6, 0x4185, 0x3965, 0x3124, 0x28E3, 0x3103, 0x4965, 0x59C6, 0x61E7, 0x59C6,
  0x59A6, 0x5986, 0x5965, 0x5165, 0x5144, 0x5124, 0x4904, 0x4903, 0x40E3, 0x38C2, 0x28A2, 0x28A2,
  0x2082, 0x2881, 0x2861, 0x3061, 0x3041, 0x3040, 0x2820, 0x2820, 0x2020, 0x2040, 0x1841, 0x1861,
  0x2040, 0x2020, 0x1820, 0x1800, 0x1800, 0x1800, 0x1800, 0x1800, 0x2020, 0x2840, 0x2840, 0x3060,
  0x38A1, 0x40A1, 0x48E2, 0x48E2, 0x5122, 0x5143, 0x5123, 0x5983, 0x61A4, 0x61A4, 0x61A4, 0x69C5,
  0x69C5, 0x69C5, 0x71E5, 0x7205, 0x71E5, 0x7205, 0x7205, 0x7A26, 0x7A26, 0x7A26, 0x7A26, 0x7A46,
  0x7A46, 0x7A46, 0x7A46, 0x7A46, 0x8246, 0x8246, 0x8246, 0x8266, 0x8267, 0x8287, 0x8A87, 0x8A87,
  0xDCEE, 0xDCCE, 0xD48D, 0xBBEB, 0x9B4A, 0xB3AA, 0xD44C, 0xD44C, 0xD44C, 0xD42B, 0xDC2A, 0xD40A,
  0xD3EA, 0xCBA9, 0xBB68, 0x8A67, 0x61A6, 0x8205, 0xBB06, 0xAAA6, 0x71A4, 0x4903, 0x6143, 0x91E4,
  0xAA24, 0xAA24, 0xA9E3, 0xA162, 0xA141, 0x98C0, 0x8020, 0x7800, 0x8060, 0x9103, 0x9A06, 0xA2C9,
  0xAB8D, 0xB40F, 0xBC91, 0xB4B1, 0x93CE, 0x5228, 0x2904, 0x0862, 0x2104, 0x5A49, 0x8B8E, 0xA4B2,
  0xC5B6, 0xDE9A, 0xDEFB, 0xE6FB, 0xEF1B, 0xEF5C, 0xEF5C, 0xD678, 0x9CD2, 0x5228, 0x4165, 0x944F,
  0xCE58, 0xE73C, 0xEF9D, 0xF7DE, 0xF7DE, 0xF7DE, 0xEF9D, 0xD6BA, 0xBDB6, 0xB596, 0xBDF7, 0x9CF3,
  0x6AEB, 0x628A, 0x6B4C, 0x736D, 0x6B2C, 0x5289, 0x3145, 0x1062, 0x18A2, 0x41A6, 0x5A69, 0x7B6D,
  0x9430, 0x9430, 0x7B8E, 0x62CB, 0x39A6, 0x20E3, 0x2924, 0x2904, 0x20E3, 0x18A2, 0x28E3, 0x5A07,
  0x834C, 0x93CE, 0x9C2F, 0xA450, 0x9C2F, 0x93CE, 0x836C, 0x834C, 0x8BAD, 0x7B4C, 0x49C6, 0x20C3,
  0x18A2, 0x20A2, 0x3123, 0x51E6, 0x5207, 0x3944, 0x28C2, 0x51C6, 0x7B0B, 0x93CE, 0x9BEE, 0x9C0E,
  0x9BEE, 0x8BAD, 0x72CA, 0x41A5, 0x20A2, 0x28E3, 0x41C6, 0x49E7, 0x41A6, 0x2903, 0x3144, 0x3144,
  0x3124, 0x41A6, 0x62AA, 0x836D, 0x834C, 0x730B, 0x72EB, 0x6ACA, 0x5A48, 0x49A6, 0x4185, 0x4185,
  0x3144, 0x20C2, 0x2903, 0x3944, 0x51E7, 0x72EB, 0x836C, 0x8B8D, 0x8B6C, 0x834C, 0x834C, 0x832B,
  0x72CA, 0x5A08, 0x49A6, 0x4185, 0x3965, 0x3103, 0x28E3, 0x3944, 0x51C6, 0x6207, 0x6207, 0x6207,
  0x61C6, 0x59A6, 0x5985, 0x5985, 0x5965, 0x5145, 0x5144, 0x4924, 0x38E3, 0x30C2, 0x28C2, 0x28A2,
  0x20A2, 0x28A2, 0x3081, 0x3081, 0x3861, 0x3040, 0x3040, 0x2840, 0x2040, 0x2040, 0x1861, 0x1840,
  0x2020, 0x2020, 0x2020, 0x2000, 0x1800, 0x1800, 0x1800, 0x1800, 0x1800, 0x1800, 0x2020, 0x2840,
  0x3060, 0x3881, 0x40C1, 0x48E2, 0x48E2, 0x4902, 0x5123, 0x5123, 0x5963, 0x61A4, 0x61C4, 0x69C5,
  0x69C5, 0x69E5, 0x6A05, 0x7205, 0x71E5, 0x71E5, 0x69E5, 0x7205, 0x7205, 0x7A26, 0x7A46, 0x7A46,
  0x7A46, 0x7A46, 0x7A46, 0x7A46, 0x8246, 0x8246, 0x8267, 0x8267, 0x8246, 0x8266, 0x8287, 0x8287,
  0xDCAD, 0xDCAD, 0xD48D, 0xCC4C, 0xAB6A, 0x9B29, 0xBB8A, 0xD40B, 0xD40B, 0xD3EA, 0xD3EA, 0xD3EA,
  0xD3C9, 0xCBA9, 0xC388, 0xAAC7, 0x69C6, 0x5984, 0x9225, 0xBAC6, 0xAA86, 0x71A4, 0x4903, 0x5123,
  0x8183, 0x99C3, 0xA182, 0xA141, 0x90A0, 0x7020, 0x7820, 0x9081, 0x99A5, 0xA2CA, 0xB36C, 0xBC0F,
  0xC4B2, 0xCD13, 0xCD95, 0xCDB6, 0xC575, 0x9C50, 0x6289, 0x2925, 0x0862, 0x2104, 0x5249, 0x838D,
  0xA491, 0xBD55, 0xD658, 0xE6FA, 0xEF5C, 0xF79D, 0xF79D, 0xE73C, 0xC658, 0x8C30, 0x41A7, 0x51C6,
  0xA491, 0xD699, 0xE75C, 0xEF9D, 0xEF9D, 0xE71B, 0xCE18, 0xBDB6, 0xC659, 0xDF3C, 0xD6DA, 0xA514,
  0x83EF, 0x9492, 0x9CB2, 0x83EF, 0x732C, 0x5AAA, 0x41C7, 0x18C3, 0x0861, 0x1081, 0x3124, 0x4A07,
  0x5A89, 0x62CB, 0x6ACB, 0x5A69, 0x3986, 0x10A2, 0x1082, 0x20E3, 0x2904, 0x20C3, 0x18A2, 0x3103,
  0x6227, 0x7AEA, 0x8B6C, 0x93AD, 0x8B8D, 0x834B, 0x7AEB, 0x832C, 0x8BAD, 0x7B2C, 0x51E7, 0x28E3,
  0x1881, 0x1061, 0x20A2, 0x3944, 0x4185, 0x3103, 0x20A2, 0x4985, 0x72A9, 0x8B6C, 0x938C, 0x938D,
  0x8B8C, 0x7B2B, 0x5A28, 0x3124, 0x1881, 0x3103, 0x49E6, 0x5207, 0x3965, 0x28E3, 0x3944, 0x3965,
  0x3124, 0x4165, 0x6268, 0x836C, 0x836D, 0x72EB, 0x6289, 0x5208, 0x41A6, 0x3124, 0x3124, 0x3104,
  0x20E3, 0x20E3, 0x2903, 0x3945, 0x5A28, 0x7B0B, 0x8B6C, 0x8B6C, 0x8B6C, 0x834C, 0x834C, 0x7B0B,
  0x6269, 0x51E7, 0x49A6, 0x41A6, 0x3965, 0x3103, 0x3103, 0x4985, 0x5A07, 0x6A28, 0x6A28, 0x6207,
  0x61E7, 0x61C6, 0x61C6, 0x59A6, 0x5985, 0x5965, 0x5164, 0x4124, 0x38E3, 0x30E3, 0x28C2, 0x20A2,
  0x28A2, 0x30A2, 0x38A2, 0x3881, 0x3881, 0x3861, 0x3061, 0x2861, 0x2061, 0x1861, 0x1861, 0x2040,
  0x2020, 0x2020, 0x2020, 0x2000, 0x2000, 0x2000, 0x2000, 0x1820, 0x1800, 0x1800, 0x1800, 0x2020,
  0x2840, 0x3060, 0x3881, 0x38A1, 0x40C1, 0x48E2, 0x5122, 0x5143, 0x5963, 0x5963, 0x5964, 0x6184,
  0x61A4, 0x69C5, 0x69C4, 0x69C5, 0x69A4, 0x7205, 0x7226, 0x7226, 0x7226, 0x7205, 0x7205, 0x7206,
  0x7A25, 0x7A46, 0x7A26, 0x7A26, 0x8267, 0x8267, 0x8267, 0x8287, 0x82A7, 0x8287, 0x8267, 0x8266,
  0xDC8D, 0xDC8C, 0xD46C, 0xD46C, 0xC40B, 0x92E9, 0xA2E8, 0xC3CA, 0xCBEA, 0xCC0A, 0xD3E9, 0xD3A9,
  0xCBA9, 0xCB89, 0xC388, 0xC348, 0x8A26, 0x5165, 0x5963, 0xA224, 0xBAC6, 0xAA65, 0x81A3, 0x48E2,
  0x38C2, 0x6122, 0x8921, 0x80A0, 0x7840, 0x8860, 0x98E2, 0xA227, 0xB38D, 0xBC30, 0xC4B2, 0xCD33,
  0xD595, 0xD5F6, 0xDE17, 0xDE58, 0xD658, 0xC5B6, 0xA491, 0x6AEB, 0x2924, 0x0841, 0x10A3, 0x4A08,
  0x7B6D, 0x9430, 0xA4D2, 0xBD95, 0xDE99, 0xEF3C, 0xF79D, 0xF79D, 0xE73C, 0xBDD6, 0x7BAE, 0x3125,
  0x5A48, 0xACF3, 0xD658, 0xDEDA, 0xCE59, 0xBD96, 0xB575, 0xCE79, 0xDF3B, 0xDF3C, 0xBDF7, 0x9C72,
  0xB576, 0xC658, 0xBDD6, 0xA4F3, 0x8C30, 0x734D, 0x5269, 0x3145, 0x1082, 0x0861, 0x0861, 0x18A2,
  0x2924, 0x41C7, 0x4A08, 0x41E7, 0x2904, 0x1082, 0x1061, 0x18A2, 0x2903, 0x2103, 0x18A2, 0x2082,
  0x3923, 0x5A06, 0x72A9, 0x7B0A, 0x7B0A, 0x72A9, 0x7289, 0x7AEB, 0x836C, 0x7B0B, 0x5A07, 0x3103,
  0x1881, 0x1061, 0x1881, 0x28C2, 0x3103, 0x20C2, 0x20A2, 0x4144, 0x6A48, 0x82EA, 0x830B, 0x832B,
  0x830A, 0x6A89, 0x49A5, 0x20A2, 0x1881, 0x3124, 0x49E6, 0x49E6, 0x3124, 0x28C2, 0x3944, 0x3965,
  0x3103, 0x3944, 0x5A27, 0x7B2B, 0x836C, 0x7B0B, 0x6289, 0x49C6, 0x3124, 0x20C3, 0x20A2, 0x1882,
  0x18A2, 0x28E3, 0x2903, 0x4165, 0x6248, 0x7B2B, 0x8B6C, 0x8B6C, 0x8B6C, 0x834C, 0x832B, 0x6AA9,
  0x5A07, 0x49A6, 0x49A6, 0x41A6, 0x3124, 0x28E3, 0x3944, 0x51C6, 0x6A48, 0x6A68, 0x6A48, 0x6A28,
  0x6A07, 0x61E7, 0x61E6, 0x61C6, 0x59A6, 0x5985, 0x4964, 0x4124, 0x3903, 0x30E3, 0x28C2, 0x28A2,
  0x28C2, 0x38C2, 0x40C2, 0x40A2, 0x38A2, 0x3881, 0x3081, 0x2861, 0x2061, 0x1861, 0x1861, 0x2041,
  0x2840, 0x2820, 0x2820, 0x2820, 0x2000, 0x2000, 0x2000, 0x2020, 0x1800, 0x1800, 0x1800, 0x1820,
  0x1820, 0x1820, 0x2840, 0x3881, 0x38C1, 0x40C2, 0x40E2, 0x5122, 0x5943, 0x5963, 0x5964, 0x5963,
  0x6164, 0x6184, 0x61A4, 0x61A4, 0x69C5, 0x7205, 0x7205, 0x7205, 0x7206, 0x7226, 0x7205, 0x71E5,
  0x7205, 0x7A26, 0x7A26, 0x7A26, 0x7A26, 0x7A46, 0x8267, 0x8267, 0x8267, 0x8287, 0x82A8, 0x82A7,
  0xDC8D, 0xD46C, 0xD44C, 0xD44B, 0xD42C, 0xAB6A, 0x8288, 0xAAE8, 0xCBA9, 0xD3EA, 0xCBC9, 0xD3A9,
  0xCB88, 0xCB68, 0xC327, 0xC307, 0xB2C7, 0x71E5, 0x4123, 0x7143, 0xAA23, 0xBA64, 0xB203, 0x8962,
  0x5103, 0x30A3, 0x4061, 0x6081, 0x8902, 0xA1C5, 0xAAEA, 0xB40F, 0xC4B1, 0xCD13, 0xCD55, 0xD5D6,
  0xD5F7, 0xDE38, 0xDE99, 0xE6B9, 0xDEDA, 0xDEB9, 0xCE17, 0xACF2, 0x734C, 0x3166, 0x0841, 0x1082,
  0x39A6, 0x62EB, 0x7BAE, 0x8C10, 0xA492, 0xBD95, 0xD699, 0xE73B, 0xEF7C, 0xDEDB, 0xA554, 0x5A6A,
  0x2904, 0x5A89, 0x9450, 0x9CD3, 0x9C72, 0xA4B2, 0xBDD7, 0xCE99, 0xD6BA, 0xBD95, 0x9410, 0xACF3,
  0xCE58, 0xCE79, 0xC618, 0xBDD6, 0xAD34, 0x9450, 0x6ACB, 0x41A6, 0x3945, 0x2904, 0x1882, 0x0841,
  0x0841, 0x18A2, 0x20E3, 0x20E3, 0x1082, 0x1082, 0x1082, 0x1081, 0x18A2, 0x20E3, 0x20E3, 0x18A2,
  0x20A2, 0x3923, 0x51C6, 0x6247, 0x6A48, 0x6A27, 0x6A47, 0x72A9, 0x7B0A, 0x7ACA, 0x6207, 0x3924,
  0x1882, 0x1061, 0x1061, 0x1881, 0x20A2, 0x1881, 0x1881, 0x3903, 0x59E6, 0x7288, 0x7AA9, 0x7AA9,
  0x7288, 0x59E6, 0x3103, 0x1881, 0x1881, 0x3924, 0x49A6, 0x4185, 0x28C2, 0x20C2, 0x3944, 0x3944,
  0x28E3, 0x3103, 0x51E6, 0x72EA, 0x832B, 0x7AEA, 0x6248, 0x41A5, 0x28E3, 0x1882, 0x1061, 0x1061,
  0x18A2, 0x20C3, 0x28E3, 0x4165, 0x6268, 0x7B0B, 0x834C, 0x8B4C, 0x8B4B, 0x832B, 0x72EA, 0x6248,
  0x51C6, 0x49A6, 0x49C6, 0x4185, 0x3103, 0x3103, 0x4985, 0x6227, 0x7269, 0x7269, 0x7268, 0x6A48,
  0x6A27, 0x6A07, 0x6207, 0x61E7, 0x61E6, 0x59A5, 0x4944, 0x3924, 0x3903, 0x30E3, 0x28C2, 0x28C2,
  0x30E2, 0x40E3, 0x40E3, 0x40C2, 0x40C2, 0x38A2, 0x3082, 0x2881, 0x2081, 0x1861, 0x2061, 0x2861,
  0x3040, 0x3040, 0x3020, 0x2820, 0x2800, 0x2800, 0x2000, 0x2000, 0x2020, 0x2000, 0x1800, 0x1800,
  0x1820, 0x2020, 0x2040, 0x2840, 0x3060, 0x3881, 0x40C2, 0x48E2, 0x4902, 0x5123, 0x5123, 0x5964,
  0x61A4, 0x61A4, 0x69A4, 0x69A4, 0x69C5, 0x69E5, 0x71E5, 0x71E5, 0x71E5, 0x7205, 0x7A26, 0x7206,
  0x7205, 0x7A46, 0x7A46, 0x7A26, 0x7A46, 0x7A26, 0x7A26, 0x8246, 0x8287, 0x8267, 0x8287, 0x8AA8,
  0xDC4C, 0xD42C, 0xD42B, 0xD42B, 0xD40B, 0xC3CA, 0x92C8, 0x8247, 0xB308, 0xCB89, 0xCB68, 0xCB47,
  0xCB68, 0xCB47, 0xCB27, 0xC327, 0xC2E6, 0x9A45, 0x5964, 0x40E3, 0x7942, 0xA9A2, 0xA141, 0x98E0,
  0x7080, 0x48A1, 0x38A2, 0x3881, 0x6943, 0x92A9, 0xABCE, 0xBCD2, 0xCD74, 0xD5B6, 0xD5F7, 0xDE38,
  0xDE79, 0xE6B9, 0xE6B9, 0xE6DA, 0xE6FA, 0xE6FA, 0xE6DA, 0xD638, 0xAD13, 0x736D, 0x3165, 0x0841,
  0x0841, 0x3166, 0x62CB, 0x7B6D, 0x7B8E, 0x8BCF, 0x9C51, 0xB534, 0xC5F7, 0xC617, 0xA4D3, 0x62CB,
  0x3166, 0x2904, 0x49C7, 0x5228, 0x732C, 0x9CB2, 0xAD55, 0xB595, 0xA4F3, 0x8BAE, 0x9C71, 0xBD95,
  0xC5F7, 0xC5F6, 0xBDB6, 0xB595, 0xAD13, 0x83CE, 0x6289, 0x6269, 0x6AEB, 0x62AA, 0x3986, 0x18A2,
  0x0841, 0x0820, 0x0820, 0x0841, 0x0861, 0x1082, 0x1082, 0x1061, 0x1061, 0x20C2, 0x20E3, 0x20C2,
  0x18A2, 0x20A2, 0x30E3, 0x4144, 0x51A5, 0x51C5, 0x59E6, 0x6A48, 0x7288, 0x7288, 0x6207, 0x4144,
  0x20A2, 0x1061, 0x1061, 0x1061, 0x1881, 0x1061, 0x1861, 0x28C2, 0x5184, 0x6A07, 0x7247, 0x7247,
  0x61E6, 0x4164, 0x20A2, 0x1061, 0x20A2, 0x3924, 0x4185, 0x3123, 0x2081, 0x20C2, 0x3944, 0x3124,
  0x20A2, 0x28C2, 0x4985, 0x6A68, 0x72C9, 0x6A89, 0x51E7, 0x3924, 0x20A2, 0x1061, 0x1061, 0x1882,
  0x18A2, 0x18A2, 0x20C2, 0x3944, 0x5A27, 0x72AA, 0x7B0B, 0x832B, 0x832B, 0x7AEB, 0x6268, 0x51C6,
  0x4985, 0x49C6, 0x49C6, 0x3124, 0x28E3, 0x3944, 0x51C6, 0x6A68, 0x7289, 0x7289, 0x7268, 0x7268,
  0x7248, 0x6A27, 0x6A27, 0x6207, 0x59C6, 0x5185, 0x4144, 0x3923, 0x3923, 0x30E3, 0x28C2, 0x30C3,
  0x3903, 0x4903, 0x4903, 0x40E3, 0x40E3, 0x38C2, 0x28A2, 0x2081, 0x1881, 0x2081, 0x2881, 0x3061,
  0x3060, 0x3040, 0x3040, 0x3020, 0x2820, 0x2820, 0x2820, 0x2800, 0x2000, 0x2020, 0x2020, 0x2000,
  0x1820, 0x2020, 0x2040, 0x3081, 0x2860, 0x3061, 0x3881, 0x40A1, 0x40A1, 0x4902, 0x5943, 0x5943,
  0x5963, 0x5964, 0x6184, 0x61A4, 0x69C5, 0x7205, 0x7205, 0x7226, 0x71E5, 0x71E5, 0x7205, 0x71E5,
  0x7205, 0x7205, 0x7A26, 0x7A26, 0x7A46, 0x7A46, 0x7A46, 0x7A46, 0x7A66, 0x8267, 0x8267, 0x8267,
  0xD44B, 0xD42B, 0xD40B, 0xD40B, 0xD40B, 0xCBEA, 0xB369, 0x7A68, 0x7A26, 0xB328, 0xCB68, 0xCB68,
  0xCB47, 0xCB06, 0xC2E6, 0xC2E6, 0xC2A5, 0xB265, 0x89E4, 0x5123, 0x38E3, 0x6901, 0x90E1, 0x7020,
  0x7840, 0x8943, 0x81E6, 0x61A6, 0x3904, 0x4964, 0x7AA9, 0xA40F, 0xC534, 0xD5D6, 0xDE58, 0xE699,
  0xE6B9, 0xE6DA, 0xE6DA, 0xE6FA, 0xE6FB, 0xEF1B, 0xEF1B, 0xE71B, 0xD678, 0xB554, 0x7BAE, 0x41C7,
  0x1061, 0x0821, 0x2945, 0x62CB, 0x7BAE, 0x8C10, 0x8C0F, 0x83CE, 0x8BEF, 0x8BCE, 0x83AE, 0x736D,
  0x5A8A, 0x2925, 0x1882, 0x28E3, 0x41C6, 0x62AA, 0x7B8E, 0x83AE, 0x730B, 0x838D, 0xA4B1, 0xB513,
  0xB533, 0xACF2, 0xA491, 0x93EF, 0x730B, 0x5A28, 0x6AAA, 0x83CE, 0x8C2F, 0x7B6D, 0x5A48, 0x3145,
  0x1062, 0x0020, 0x0020, 0x0020, 0x0841, 0x0861, 0x1062, 0x1061, 0x0861, 0x1061, 0x18A2, 0x20C2,
  0x18A2, 0x1882, 0x1882, 0x20A2, 0x30E2, 0x4123, 0x5185, 0x59C6, 0x6A06, 0x6A07, 0x59E6, 0x4164,
  0x20C2, 0x1061, 0x1061, 0x1061, 0x1061, 0x1061, 0x1061, 0x20A1, 0x4923, 0x59A5, 0x61E6, 0x61C5,
  0x4964, 0x28C2, 0x1861, 0x1861, 0x28C2, 0x3923, 0x3923, 0x28C2, 0x1881, 0x28C2, 0x3923, 0x3103,
  0x2081, 0x20A2, 0x4144, 0x6207, 0x6227, 0x59E6, 0x4164, 0x20C2, 0x1061, 0x1861, 0x20A2, 0x20C2,
  0x20A2, 0x1881, 0x20A2, 0x3944, 0x51C6, 0x6248, 0x6A89, 0x7AEA, 0x7AEA, 0x6A89, 0x51E6, 0x4185,
  0x4985, 0x49C6, 0x4185, 0x28E3, 0x30E3, 0x4985, 0x6227, 0x7289, 0x72A9, 0x7289, 0x7288, 0x7268,
  0x7248, 0x6A47, 0x6A27, 0x6207, 0x51A6, 0x4164, 0x3924, 0x3924, 0x3103, 0x28E3, 0x28C2, 0x3903,
  0x4124, 0x4924, 0x4924, 0x4903, 0x38E3, 0x30C2, 0x28A2, 0x2082, 0x2081, 0x2081, 0x2881, 0x3081,
  0x3861, 0x3860, 0x3840, 0x3040, 0x3040, 0x3020, 0x2820, 0x2820, 0x2820, 0x2000, 0x2000, 0x2020,
  0x2020, 0x1820, 0x2040, 0x2020, 0x2861, 0x2841, 0x3061, 0x3881, 0x40C2, 0x40E2, 0x48E2, 0x5102,
  0x5963, 0x5963, 0x5964, 0x6184, 0x6184, 0x69A4, 0x69C5, 0x69C5, 0x69C5, 0x71E5, 0x7226, 0x7226,
  0x7206, 0x7A46, 0x7A46, 0x7A26, 0x7A26, 0x7A46, 0x8266, 0x8287, 0x8287, 0x7A46, 0x8287, 0x8287,
  0xD44C, 0xD44C, 0xD44C, 0xD40A, 0xD3C9, 0xCBA9, 0xC369, 0xA2E8, 0x6A27, 0x7A26, 0xC327, 0xCB67,
  0xC306, 0xCAE6, 0xC2C5, 0xC285, 0xBA64, 0xB223, 0xAA03, 0x81A3, 0x3903, 0x28C2, 0x4881, 0x7860,
  0xA183, 0xB309, 0xB3CD, 0xABCE, 0x82EC, 0x51C7, 0x3125, 0x49A6, 0x7AEB, 0xA430, 0xC554, 0xDE38,
  0xE699, 0xE6DA, 0xEEFA, 0xEF1B, 0xEF1B, 0xEF1B, 0xEF3B, 0xEF5C, 0xEF5C, 0xDEB9, 0xBD95, 0x8C10,
  0x5249, 0x1082, 0x0020, 0x20E3, 0x5A69, 0x83AE, 0x9451, 0x8C10, 0x6B2C, 0x6B0C, 0x7BAE, 0x7BCE,
  0x734D, 0x5228, 0x18C3, 0x18C3, 0x3985, 0x3985, 0x3965, 0x4185, 0x51E7, 0x7B2B, 0x8BAE, 0x940F,
  0x940F, 0x8BAD, 0x7B2C, 0x5A48, 0x51C6, 0x6268, 0x836C, 0x940F, 0x93EE, 0x7B6C, 0x6289, 0x3145,
  0x20A2, 0x1881, 0x1041, 0x0840, 0x0840, 0x0841, 0x0841, 0x0841, 0x0841, 0x0841, 0x1061, 0x1881,
  0x1882, 0x1081, 0x1061, 0x1081, 0x1881, 0x28C2, 0x3903, 0x4964, 0x5185, 0x59A5, 0x5185, 0x4143,
  0x28C2, 0x1861, 0x1041, 0x1061, 0x1061, 0x1040, 0x1061, 0x2081, 0x38E2, 0x5164, 0x5984, 0x5164,
  0x38E2, 0x2081, 0x1860, 0x2081, 0x30E2, 0x3103, 0x28C2, 0x1881, 0x1881, 0x28C2, 0x3903, 0x30E2,
  0x1861, 0x2081, 0x3903, 0x4984, 0x5185, 0x4144, 0x28C2, 0x1861, 0x1061, 0x2082, 0x28E3, 0x3103,
  0x20A2, 0x1881, 0x28C2, 0x3944, 0x49A6, 0x51E6, 0x5A07, 0x6248, 0x6248, 0x51C6, 0x4165, 0x4165,
  0x49A6, 0x49C6, 0x3123, 0x28C2, 0x3924, 0x59E6, 0x6A68, 0x72A9, 0x7A89, 0x7289, 0x7288, 0x7268,
  0x7268, 0x7248, 0x6A27, 0x59C6, 0x4965, 0x4124, 0x3924, 0x3944, 0x3103, 0x28E2, 0x30E3, 0x4123,
  0x5144, 0x5164, 0x4944, 0x4103, 0x30E3, 0x28C2, 0x20A2, 0x20A2, 0x20A2, 0x28A2, 0x30A2, 0x38A1,
  0x3881, 0x3881, 0x3861, 0x3840, 0x3040, 0x3040, 0x3040, 0x2820, 0x2820, 0x2820, 0x2020, 0x2000,
  0x2000, 0x1800, 0x1820, 0x1820, 0x2841, 0x2840, 0x2860, 0x2841, 0x3881, 0x40C2, 0x4922, 0x4902,
  0x48E2, 0x5123, 0x6184, 0x61A4, 0x69A4, 0x69C5, 0x61A4, 0x69C5, 0x69C5, 0x69E5, 0x7206, 0x7226,
  0x71E5, 0x7226, 0x7A26, 0x7A26, 0x7A26, 0x7A26, 0x7A46, 0x7A67, 0x7A67, 0x8267, 0x7A46, 0x8287,
  0xD46C, 0xD40A, 0xD3EA, 0xD3C9, 0xCBA9, 0xCBA9, 0xC389, 0xBB28, 0x8AA8, 0x59E7, 0x8205, 0xBAE6,
  0xC306, 0xC2E5, 0xC2A5, 0xC264, 0xBA44, 0xB9E2, 0xA981, 0x9121, 0x58E2, 0x28C3, 0x28A2, 0x6102,
  0xAB09, 0xC4B0, 0xCD53, 0xCD94, 0xC534, 0xA451, 0x7B0C, 0x49C7, 0x3966, 0x5208, 0x72EB, 0x93EE,
  0xB4F2, 0xCDD6, 0xDE99, 0xEEFA, 0xEF1B, 0xEF1B, 0xEF5C, 0xF75C, 0xEF7D, 0xEF7C, 0xDEDA, 0xC5B5,
  0x9C92, 0x6B2C, 0x3124, 0x0820, 0x1061, 0x41A6, 0x62CA, 0x62EB, 0x7BAF, 0x9CD3, 0xA4F3, 0x94B2,
  0x7B8D, 0x5A89, 0x4A28, 0x3145, 0x20E3, 0x2904, 0x18A2, 0x1061, 0x28E3, 0x49A6, 0x5A48, 0x6AA9,
  0x6AA9, 0x6248, 0x49A6, 0x3964, 0x51C6, 0x6A89, 0x7AEB, 0x7B0B, 0x72EB, 0x6289, 0x49C6, 0x3124,
  0x3124, 0x3924, 0x28E3, 0x1881, 0x0841, 0x0820, 0x0840, 0x0841, 0x0841, 0x0841, 0x0840, 0x0841,
  0x1061, 0x1061, 0x1061, 0x1061, 0x1061, 0x2081, 0x28C2, 0x3902, 0x4123, 0x4943, 0x4123, 0x3902,
  0x20A1, 0x1861, 0x1861, 0x1861, 0x1061, 0x1040, 0x1061, 0x2081, 0x38E2, 0x4943, 0x4943, 0x4102,
  0x2881, 0x1840, 0x1861, 0x30C2, 0x3902, 0x30C2, 0x2081, 0x1861, 0x2081, 0x30E2, 0x3903, 0x30C2,
  0x1861, 0x1861, 0x28A2, 0x3903, 0x3103, 0x28C2, 0x1861, 0x1040, 0x1881, 0x30E3, 0x3924, 0x30E3,
  0x2081, 0x2081, 0x3103, 0x4164, 0x49A5, 0x49C6, 0x49A6, 0x49A5, 0x4165, 0x3944, 0x3924, 0x4185,
  0x49A6, 0x3944, 0x28C2, 0x28E3, 0x4985, 0x6227, 0x7289, 0x72A9, 0x7289, 0x7288, 0x7268, 0x7268,
  0x7268, 0x7248, 0x61E6, 0x5185, 0x4144, 0x3924, 0x4144, 0x3924, 0x28E3, 0x30E2, 0x3923, 0x4964,
  0x5185, 0x4944, 0x4124, 0x3903, 0x30E3, 0x28C3, 0x20C2, 0x20A2, 0x28A2, 0x30C2, 0x38C2, 0x40A2,
  0x40A1, 0x4081, 0x3881, 0x3861, 0x3861, 0x3040, 0x3040, 0x3040, 0x3020, 0x2820, 0x2820, 0x2820,
  0x2000, 0x2000, 0x2020, 0x2020, 0x1820, 0x2861, 0x2861, 0x2861, 0x2840, 0x3081, 0x40C2, 0x40E2,
  0x4903, 0x5143, 0x5103, 0x5123, 0x5943, 0x6184, 0x61A5, 0x61A4, 0x61C4, 0x69E5, 0x71E5, 0x69E5,
  0x71E5, 0x71E5, 0x7206, 0x7226, 0x7226, 0x7A46, 0x7A87, 0x8267, 0x7A67, 0x8267, 0x8287, 0x8267,
  0xD3EA, 0xD3EA, 0xCBC9, 0xCBA9, 0xCBA9, 0xCBA9, 0xCB89, 0xCB88, 0xAB07, 0x7247, 0x59A5, 0x8A05,
  0xBAA5, 0xC2A5, 0xC284, 0xBA44, 0xB9E2, 0xB1A1, 0xA120, 0x8040, 0x7881, 0x6985, 0x3924, 0x30C3,
  0x7A48, 0xBC90, 0xD5B5, 0xDE17, 0xDE17, 0xD5F6, 0xBD74, 0x9C50, 0x6ACB, 0x41A7, 0x5A29, 0x6ACB,
  0x7B2D, 0x836D, 0x9BEF, 0xB4F2, 0xCDB6, 0xDE98, 0xE6FA, 0xEF3B, 0xF75C, 0xEF7C, 0xEF7D, 0xE73C,
  0xCE58, 0xAD13, 0x7B8D, 0x49E7, 0x1082, 0x0841, 0x1062, 0x3985, 0x62CA, 0x83CF, 0x9C92, 0x9C92,
  0x83EF, 0x8C30, 0x7BAE, 0x5A48, 0x28E4, 0x1062, 0x0841, 0x0841, 0x1062, 0x1882, 0x20E3, 0x3124,
  0x3944, 0x3104, 0x28E3, 0x3945, 0x49C6, 0x5207, 0x5A07, 0x5207, 0x51E7, 0x3965, 0x2903, 0x3924,
  0x4985, 0x49A6, 0x3944, 0x20C2, 0x1061, 0x1061, 0x0841, 0x0840, 0x0841, 0x0841, 0x0841, 0x0840,
  0x0840, 0x0840, 0x0840, 0x0841, 0x1061, 0x1881, 0x20A2, 0x30C2, 0x38E3, 0x38E2, 0x30E2, 0x28A1,
  0x1861, 0x1861, 0x2081, 0x2081, 0x1861, 0x1040, 0x1041, 0x2081, 0x30C2, 0x4923, 0x4103, 0x30A1,
  0x1860, 0x1840, 0x2881, 0x38E2, 0x3902, 0x28A1, 0x1861, 0x1861, 0x28A1, 0x3903, 0x4123, 0x30C2,
  0x1861, 0x1041, 0x1861, 0x2081, 0x1881, 0x1061, 0x1040, 0x1861, 0x28C2, 0x3903, 0x3903, 0x28C2,
  0x1881, 0x28C2, 0x4144, 0x51A5, 0x49A5, 0x4985, 0x4165, 0x3124, 0x28E3, 0x28C3, 0x3103, 0x4164,
  0x3944, 0x28E2, 0x20C2, 0x3923, 0x59E6, 0x6A68, 0x7288, 0x7288, 0x7A88, 0x7288, 0x7288, 0x7268,
  0x7268, 0x6207, 0x51A5, 0x4144, 0x3924, 0x3944, 0x3944, 0x3103, 0x28C2, 0x3103, 0x4944, 0x5185,
  0x4965, 0x4144, 0x3903, 0x3103, 0x28E3, 0x28E3, 0x20C2, 0x28C2, 0x30C2, 0x38C2, 0x40C2, 0x40C2,
  0x40A2, 0x40A1, 0x40A1, 0x4081, 0x3861, 0x3861, 0x3840, 0x3040, 0x3040, 0x3040, 0x2820, 0x2820,
  0x2820, 0x2000, 0x2020, 0x2020, 0x1820, 0x1820, 0x2061, 0x2861, 0x2881, 0x2861, 0x3061, 0x40C2,
  0x48E2, 0x5123, 0x5143, 0x5143, 0x5964, 0x61A4, 0x61A4, 0x61A5, 0x69C5, 0x7206, 0x7206, 0x7205,
  0x7A26, 0x7A26, 0x7226, 0x7A46, 0x7A47, 0x7A46, 0x7A46, 0x7A67, 0x7A46, 0x7A26, 0x8287, 0x82A8,
  0xCBEA, 0xCBCA, 0xCBA9, 0xCBA9, 0xCB89, 0xCB88, 0xCB68, 0xCB47, 0xC347, 0x9AC7, 0x69E6, 0x5164,
  0x9204, 0xBA85, 0xBA44, 0xB9E2, 0xB9C1, 0xA940, 0x8020, 0x90A1, 0xA226, 0x9B2B, 0x7AC9, 0x4186,
  0x28E3, 0x7A8A, 0xBCD2, 0xDE17, 0xE698, 0xE699, 0xE698, 0xD637, 0xBD75, 0x93EF, 0x5A4A, 0x5208,
  0x6B0C, 0x83EF, 0x83EF, 0x83CE, 0x8BCE, 0x940F, 0xA471, 0xB534, 0xCDD6, 0xDE99, 0xE6DA, 0xE6FB,
  0xE6FB, 0xD679, 0xAD14, 0x734D, 0x4A08, 0x20C4, 0x0841, 0x0020, 0x18A2, 0x3165, 0x5208, 0x5228,
  0x62AA, 0x6AEB, 0x62AA, 0x49E7, 0x2904, 0x18A2, 0x18A2, 0x1082, 0x1062, 0x0862, 0x0861, 0x0861,
  0x0861, 0x1061, 0x1882, 0x20C3, 0x2903, 0x3123, 0x3124, 0x3103, 0x28E3, 0x1882, 0x18A2, 0x28E3,
  0x3924, 0x3924, 0x30E3, 0x20A2, 0x2081, 0x1881, 0x1061, 0x1041, 0x1041, 0x1861, 0x2081, 0x1881,
  0x1861, 0x1040, 0x0840, 0x0820, 0x1041, 0x1061, 0x1881, 0x20A2, 0x28A2, 0x28A2, 0x28A1, 0x2081,
  0x2061, 0x2081, 0x28A1, 0x30C2, 0x2881, 0x1840, 0x1040, 0x2061, 0x30C2, 0x4103, 0x40E2, 0x2881,
  0x2040, 0x2061, 0x30C2, 0x4103, 0x3902, 0x2881, 0x1860, 0x2061, 0x30C2, 0x4123, 0x4123, 0x30C2,
  0x1861, 0x1041, 0x1040, 0x1040, 0x1040, 0x1040, 0x2061, 0x28C2, 0x3903, 0x3923, 0x30E2, 0x2081,
  0x2081, 0x3903, 0x5185, 0x59C6, 0x51A5, 0x4144, 0x2903, 0x20C2, 0x18A2, 0x20A2, 0x28E3, 0x2903,
  0x20A2, 0x1881, 0x30E3, 0x4985, 0x6227, 0x7288, 0x7288, 0x7288, 0x7268, 0x7268, 0x7268, 0x7268,
  0x6A27, 0x51C5, 0x4144, 0x3924, 0x3944, 0x4164, 0x3924, 0x28C2, 0x30E3, 0x4124, 0x4965, 0x4965,
  0x4144, 0x3924, 0x3923, 0x3103, 0x2903, 0x28E3, 0x28C2, 0x30C2, 0x38E2, 0x40E3, 0x48E3, 0x48E2,
  0x48C2, 0x48C2, 0x40A1, 0x40A1, 0x4081, 0x4081, 0x3860, 0x3860, 0x3040, 0x3040, 0x3020, 0x2820,
  0x2820, 0x2820, 0x2020, 0x2020, 0x1820, 0x1820, 0x1840, 0x2061, 0x2861, 0x2861, 0x3081, 0x30A1,
  0x48E2, 0x48E2, 0x40E2, 0x5123, 0x5943, 0x5963, 0x6184, 0x69C5, 0x61C5, 0x69C5, 0x61A4, 0x69E5,
  0x7206, 0x7226, 0x7226, 0x7205, 0x7A26, 0x7A67, 0x7A46, 0x7A46, 0x7A26, 0x7A46, 0x8267, 0x8267,
  0xBB89, 0xCBC9, 0xCB88, 0xCB68, 0xC348, 0xC367, 0xCB47, 0xCB27, 0xC306, 0xBAE7, 0x9246, 0x59A5,
  0x4144, 0x89C4, 0xB203, 0xB1E2, 0xA120, 0x7820, 0x90C1, 0xB247, 0xC3ED, 0xC4D1, 0xAC4F, 0x7B2C,
  0x41A6, 0x28E3, 0x6207, 0xBCD2, 0xDE37, 0xE6D9, 0xEEFA, 0xEEFA, 0xE6B9, 0xD617, 0xB513, 0x836D,
  0x5A28, 0x5A49, 0x732C, 0x9430, 0xA4D2, 0xAD13, 0xA4D2, 0x9C70, 0x9430, 0x9C50, 0xA491, 0xACD2,
  0xA4F3, 0x9CB2, 0x8C30, 0x83CF, 0x6B0C, 0x49E8, 0x2924, 0x10A2, 0x0841, 0x0021, 0x0841, 0x1882,
  0x28E3, 0x28E3, 0x20A2, 0x1882, 0x1882, 0x20E3, 0x2903, 0x28E3, 0x1882, 0x0861, 0x0841, 0x0041,
  0x0841, 0x0821, 0x0821, 0x0841, 0x0841, 0x1041, 0x1041, 0x1041, 0x0841, 0x0841, 0x0841, 0x1061,
  0x1041, 0x1040, 0x1861, 0x2081, 0x20A2, 0x20A2, 0x2081, 0x1861, 0x1861, 0x28A2, 0x38E2, 0x38E2,
  0x30C2, 0x2081, 0x1861, 0x1041, 0x1041, 0x1061, 0x1861, 0x1861, 0x1861, 0x1861, 0x2061, 0x2081,
  0x2881, 0x30C2, 0x38E2, 0x3902, 0x30C2, 0x2081, 0x1861, 0x2061, 0x30A2, 0x4103, 0x38E2, 0x30A1,
  0x2881, 0x30A1, 0x4102, 0x4923, 0x40E2, 0x2881, 0x2061, 0x28A1, 0x4102, 0x4943, 0x4923, 0x30C2,
  0x2081, 0x1041, 0x1040, 0x1860, 0x1861, 0x28A1, 0x30E2, 0x3903, 0x4123, 0x30E2, 0x20A1, 0x1861,
  0x20A2, 0x3923, 0x4964, 0x5185, 0x4164, 0x3103, 0x20A2, 0x1881, 0x1081, 0x18A2, 0x18A2, 0x1081,
  0x1041, 0x2082, 0x3923, 0x51C6, 0x6A47, 0x7268, 0x7268, 0x7268, 0x7247, 0x7247, 0x7247, 0x6A27,
  0x51A5, 0x4144, 0x3923, 0x3944, 0x4164, 0x3944, 0x28E3, 0x20C2, 0x3103, 0x4144, 0x4144, 0x4144,
  0x4144, 0x3924, 0x3924, 0x3124, 0x2903, 0x28C2, 0x28C2, 0x30E2, 0x3903, 0x4903, 0x4903, 0x4903,
  0x48E2, 0x48C2, 0x48C2, 0x40A1, 0x40A1, 0x4081, 0x4081, 0x3860, 0x3860, 0x3840, 0x3040, 0x3020,
  0x2820, 0x2820, 0x2820, 0x2000, 0x2020, 0x1820, 0x1840, 0x1860, 0x2881, 0x2861, 0x2840, 0x3081,
  0x38A1, 0x38C2, 0x48E2, 0x5123, 0x5943, 0x5984, 0x5984, 0x6184, 0x61A5, 0x69C5, 0x69E5, 0x7205,
  0x69E5, 0x7206, 0x7226, 0x7226, 0x7206, 0x7206, 0x7A26, 0x7A26, 0x7205, 0x7A46, 0x7A46, 0x8267,
  0x69C5, 0xC369, 0xCBA9, 0xCB68, 0xCB47, 0xC348, 0xCB47, 0xC327, 0xCB06, 0xC2C5, 0xBA85, 0x9225,
  0x49A5, 0x3945, 0x7183, 0x9961, 0x7840, 0x90C1, 0xBAA7, 0xCC2E, 0xD533, 0xDDD5, 0xD5B5, 0xB4D2,
  0x8B8E, 0x5248, 0x2903, 0x4186, 0xA42F, 0xDE37, 0xEEDA, 0xF71A, 0xEF1A, 0xEF1B, 0xE6FA, 0xD638,
  0xB4F2, 0x7B4D, 0x6249, 0x5A49, 0x6ACB, 0x838E, 0xA4B2, 0xB555, 0xBD96, 0xB575, 0x9CB3, 0x83AF,
  0x6AEB, 0x7B8E, 0x83CF, 0x6B2D, 0x5249, 0x5249, 0x49E7, 0x3124, 0x18A2, 0x0841, 0x0041, 0x0021,
  0x0021, 0x0041, 0x0841, 0x0041, 0x0841, 0x1061, 0x18A2, 0x20C2, 0x1882, 0x1061, 0x0841, 0x0021,
  0x0021, 0x0021, 0x0021, 0x0020, 0x0020, 0x0021, 0x0020, 0x0820, 0x0820, 0x0840, 0x1040, 0x1040,
  0x1861, 0x2081, 0x28A2, 0x30E2, 0x38E2, 0x30E2, 0x30C2, 0x30C2, 0x38C2, 0x4103, 0x4943, 0x4944,
  0x4903, 0x38E2, 0x30A2, 0x28A1, 0x28A1, 0x28A1, 0x2081, 0x2081, 0x2081, 0x2081, 0x2881, 0x30A2,
  0x38E2, 0x4103, 0x4103, 0x4103, 0x40E2, 0x30C2, 0x28A1, 0x30A1, 0x38C2, 0x4103, 0x4102, 0x38E2,
  0x38C2, 0x40E2, 0x4903, 0x4923, 0x4102, 0x38C2, 0x30A1, 0x38E2, 0x4923, 0x5143, 0x4923, 0x30C2,
  0x2081, 0x1840, 0x2061, 0x28A1, 0x30C2, 0x3903, 0x4123, 0x4123, 0x3903, 0x28C2, 0x1861, 0x1861,
  0x20A1, 0x30E2, 0x3923, 0x3903, 0x30E2, 0x20A2, 0x1061, 0x1041, 0x1061, 0x1061, 0x1061, 0x1041,
  0x1061, 0x28C2, 0x3924, 0x51A5, 0x6206, 0x7247, 0x7247, 0x7247, 0x7247, 0x7227, 0x6A06, 0x51A5,
  0x4144, 0x3103, 0x3103, 0x3944, 0x3924, 0x28E3, 0x20A2, 0x28C3, 0x3903, 0x3944, 0x4144, 0x4144,
  0x4144, 0x4144, 0x3924, 0x3103, 0x28E2, 0x28C2, 0x30E2, 0x38E3, 0x4923, 0x5123, 0x5123, 0x5123,
  0x5102, 0x50E2, 0x48E2, 0x48C2, 0x48A1, 0x40A1, 0x4081, 0x4081, 0x3861, 0x3860, 0x3840, 0x3040,
  0x3040, 0x2820, 0x2820, 0x2020, 0x2020, 0x1840, 0x2060, 0x1861, 0x2061, 0x2881, 0x2061, 0x2861,
  0x3081, 0x38A1, 0x40C2, 0x48E2, 0x5123, 0x5123, 0x5963, 0x5984, 0x5964, 0x6184, 0x69E5, 0x69E5,
  0x71E5, 0x7206, 0x7206, 0x7A26, 0x7A46, 0x7206, 0x7A46, 0x7A46, 0x7A26, 0x7A26, 0x7A46, 0x8267,
  0x28C3, 0x69C5, 0xC368, 0xCB88, 0xCB88, 0xCB68, 0xC306, 0xCAE6, 0xC2C5, 0xC2A5, 0xC284, 0xB203,
  0x81C4, 0x4185, 0x3125, 0x48E2, 0x78E2, 0xB2A7, 0xCC6F, 0xDD73, 0xDDD5, 0xE637, 0xE678, 0xDE37,
  0xB4D3, 0x8BEF, 0x6AEC, 0x3165, 0x2903, 0x7B0B, 0xCD94, 0xE6B9, 0xEF1B, 0xEF3B, 0xEF3B, 0xEF3B,
  0xEF1B, 0xD678, 0xB534, 0x8BCF, 0x6AEC, 0x5A29, 0x5208, 0x5A49, 0x730B, 0x7B8D, 0x7B6D, 0x732C,
  0x8C30, 0x9CB2, 0x8C30, 0x6B0C, 0x7B6D, 0x83CE, 0x7B6D, 0x5A49, 0x3965, 0x20E3, 0x1082, 0x0841,
  0x0021, 0x0041, 0x0041, 0x0041, 0x0041, 0x0041, 0x0841, 0x0841, 0x0841, 0x0841, 0x0821, 0x0021,
  0x0021, 0x0840, 0x1041, 0x1061, 0x1061, 0x1061, 0x1061, 0x2081, 0x28C2, 0x28C2, 0x30E2, 0x30E2,
  0x3903, 0x4123, 0x4944, 0x4944, 0x4944, 0x4943, 0x4923, 0x4923, 0x4923, 0x5143, 0x5143, 0x4943,
  0x4923, 0x4923, 0x4103, 0x4103, 0x4102, 0x38E2, 0x38E2, 0x38C2, 0x38C2, 0x38C2, 0x38E2, 0x4103,
  0x4103, 0x4923, 0x4923, 0x4923, 0x4903, 0x4103, 0x40E2, 0x40E3, 0x4103, 0x4103, 0x4103, 0x4103,
  0x4103, 0x4903, 0x4923, 0x4923, 0x4903, 0x4102, 0x4102, 0x4903, 0x4923, 0x4943, 0x4923, 0x38E2,
  0x2881, 0x2061, 0x2881, 0x30C2, 0x4103, 0x4923, 0x4923, 0x4103, 0x30E2, 0x20A1, 0x1861, 0x1061,
  0x1881, 0x20A1, 0x20A1, 0x20A1, 0x1881, 0x1061, 0x1041, 0x0841, 0x0841, 0x0841, 0x0841, 0x1061,
  0x20C2, 0x3103, 0x3924, 0x4964, 0x51A5, 0x61E6, 0x6A06, 0x6A27, 0x6A06, 0x61E6, 0x5184, 0x3923,
  0x30E3, 0x28E3, 0x3103, 0x3103, 0x20C2, 0x18A2, 0x20A2, 0x30E3, 0x3924, 0x4144, 0x4164, 0x4985,
  0x4164, 0x3944, 0x3103, 0x28C3, 0x28C2, 0x28E2, 0x3903, 0x4123, 0x5144, 0x5944, 0x5943, 0x5123,
  0x5123, 0x5102, 0x50E2, 0x48C2, 0x48C2, 0x48C1, 0x48A1, 0x4081, 0x4081, 0x4061, 0x3860, 0x3860,
  0x3040, 0x3040, 0x2820, 0x2040, 0x2040, 0x2060, 0x2061, 0x2040, 0x2040, 0x1840, 0x2881, 0x2061,
  0x2861, 0x3081, 0x40C2, 0x48E2, 0x48E2, 0x5143, 0x5944, 0x5943, 0x5964, 0x5964, 0x61A4, 0x61A4,
  0x69C5, 0x69E5, 0x7206, 0x7205, 0x69E5, 0x7205, 0x7226, 0x7A46, 0x7A46, 0x7A46, 0x8287, 0x8287,
  0x61E6, 0x20C3, 0x71C5, 0xC348, 0xCB27, 0xCB26, 0xCB06, 0xCAE5, 0xC2C5, 0xC264, 0xC223, 0xBA03,
  0xA9E3, 0x71A4, 0x3165, 0x2905, 0x3924, 0x932B, 0xCD53, 0xDDF6, 0xE657, 0xE698, 0xE6B9, 0xEED9,
  0xE698, 0xBD34, 0x9C51, 0x83AE, 0x4A08, 0x28E4, 0x49A6, 0x93CE, 0xD617, 0xEF1A, 0xEF3B, 0xEF5B,
  0xEF5C, 0xEF5C, 0xE71B, 0xD699, 0xC5D6, 0x9C92, 0x732C, 0x5A49, 0x4186, 0x2904, 0x2904, 0x3986,
  0x4A08, 0x5228, 0x41A6, 0x4A08, 0x5A69, 0x4A07, 0x3965, 0x28E3, 0x20A2, 0x1882, 0x1061, 0x0841,
  0x0841, 0x0841, 0x0041, 0x0041, 0x0021, 0x0020, 0x0021, 0x0021, 0x0021, 0x0021, 0x0020, 0x0820,
  0x1861, 0x28E2, 0x3924, 0x3944, 0x3103, 0x28C2, 0x30C2, 0x4944, 0x5185, 0x5185, 0x5185, 0x5185,
  0x5185, 0x5185, 0x5185, 0x5164, 0x5164, 0x5144, 0x5144, 0x5143, 0x5143, 0x5123, 0x4923, 0x4903,
  0x4903, 0x4903, 0x4923, 0x4923, 0x4923, 0x4923, 0x4123, 0x4123, 0x4123, 0x4123, 0x4123, 0x4923,
  0x4923, 0x4923, 0x4923, 0x4923, 0x4923, 0x4123, 0x4123, 0x4123, 0x4123, 0x4123, 0x4923, 0x4923,
  0x4923, 0x4923, 0x4923, 0x4923, 0x4923, 0x4923, 0x4923, 0x4923, 0x4923, 0x4923, 0x4923, 0x4103,
  0x38C2, 0x30A1, 0x30C2, 0x40E2, 0x4923, 0x4923, 0x4923, 0x4103, 0x30C2, 0x2081, 0x1861, 0x1861,
  0x1061, 0x1061, 0x1061, 0x1061, 0x1041, 0x0841, 0x0841, 0x0841, 0x0841, 0x0841, 0x1041, 0x1881,
  0x30E3, 0x4164, 0x4164, 0x4124, 0x4144, 0x5164, 0x59C5, 0x61E6, 0x59C5, 0x4964, 0x3903, 0x28C2,
  0x20A2, 0x20A2, 0x20C2, 0x18A2, 0x1881, 0x20A2, 0x28E3, 0x3924, 0x4164, 0x4985, 0x4985, 0x4164,
  0x3944, 0x3103, 0x28E3, 0x20C2, 0x28C2, 0x30E3, 0x4123, 0x5144, 0x5964, 0x5964, 0x5964, 0x5943,
  0x5923, 0x5123, 0x5102, 0x5102, 0x50E2, 0x48C2, 0x48C1, 0x48A1, 0x40A1, 0x4081, 0x4081, 0x3860,
  0x3860, 0x3040, 0x2840, 0x2860, 0x2060, 0x2061, 0x2061, 0x2040, 0x2020, 0x1840, 0x2041, 0x2881,
  0x2861, 0x2840, 0x3081, 0x38A1, 0x4902, 0x5123, 0x4902, 0x5143, 0x6184, 0x61A4, 0x61A4, 0x69E5,
  0x71E5, 0x7206, 0x69E6, 0x7206, 0x7226, 0x7226, 0x7A67, 0x7A46, 0x7A67, 0x8267, 0x7A67, 0x82A8,
  0xB368, 0x51A5, 0x2082, 0x71A4, 0xBB07, 0xCB27, 0xC306, 0xC2C5, 0xC264, 0xC243, 0xC223, 0xB9E2,
  0xB181, 0x8921, 0x69A4, 0x4985, 0x3125, 0x3145, 0x7AEB, 0xCD54, 0xE678, 0xEEB9, 0xEEDA, 0xEEFA,
  0xEEFA, 0xE6B9, 0xCDB6, 0xA491, 0x9430, 0x6AEB, 0x3146, 0x28E4, 0x5A08, 0xA470, 0xD617, 0xE6DA,
  0xEF3B, 0xEF5C, 0xEF5C, 0xEF3B, 0xDEDA, 0xCE58, 0xA4B2, 0x7B6D, 0x62CB, 0x5AAA, 0x4A28, 0x39A7,
  0x2904, 0x18A3, 0x20C3, 0x20C3, 0x20C3, 0x20C3, 0x2903, 0x3124, 0x3964, 0x3124, 0x20C2, 0x18A2,
  0x1081, 0x0861, 0x0041, 0x0021, 0x0041, 0x0841, 0x0841, 0x1061, 0x1061, 0x0841, 0x0840, 0x20A2,
  0x4144, 0x51C5, 0x59E6, 0x51A5, 0x3903, 0x38E3, 0x4964, 0x59A5, 0x59C5, 0x59A5, 0x5985, 0x5984,
  0x5164, 0x5164, 0x5144, 0x5144, 0x5143, 0x5123, 0x4923, 0x4923, 0x4923, 0x4903, 0x4903, 0x4903,
  0x4903, 0x4103, 0x4103, 0x4103, 0x40E3, 0x40E2, 0x38E2, 0x38E2, 0x38E2, 0x38C2, 0x38C2, 0x30C2,
  0x30C2, 0x30C2, 0x30C3, 0x30E3, 0x38E3, 0x38E3, 0x38E3, 0x38E3, 0x3903, 0x4103, 0x4103, 0x4103,
  0x4123, 0x4123, 0x4923, 0x4923, 0x4923, 0x4923, 0x4923, 0x4923, 0x4923, 0x4923, 0x4923, 0x4923,
  0x4103, 0x4102, 0x4103, 0x4103, 0x4923, 0x4923, 0x4923, 0x40E2, 0x30A1, 0x2081, 0x2061, 0x2081,
  0x2081, 0x1861, 0x1861, 0x1061, 0x1041, 0x1041, 0x1041, 0x1041, 0x1061, 0x1061, 0x1861, 0x2081,
  0x30E2, 0x4164, 0x4964, 0x3923, 0x3103, 0x3923, 0x4144, 0x4964, 0x4123, 0x30E3, 0x20A2, 0x1081,
  0x1061, 0x1061, 0x1061, 0x1061, 0x18A2, 0x28E3, 0x3944, 0x4985, 0x51A5, 0x4985, 0x4144, 0x3924,
  0x3103, 0x28E3, 0x20C2, 0x20C2, 0x28E2, 0x3903, 0x5164, 0x5984, 0x6184, 0x6184, 0x5964, 0x5964,
  0x5943, 0x5923, 0x5923, 0x5102, 0x5102, 0x50E2, 0x48E2, 0x48C1, 0x48A1, 0x48A1, 0x4081, 0x4081,
  0x3860, 0x3060, 0x3061, 0x2861, 0x2861, 0x2861, 0x2860, 0x2040, 0x2040, 0x2040, 0x2061, 0x2061,
  0x30A2, 0x2861, 0x2840, 0x3061, 0x40C2, 0x4903, 0x5943, 0x5143, 0x5123, 0x5964, 0x6184, 0x6184,
  0x7205, 0x7226, 0x69C5, 0x7206, 0x7226, 0x7226, 0x7226, 0x7205, 0x7A47, 0x8267, 0x7A46, 0x8267,
  0xC3A9, 0xAB28, 0x4144, 0x2083, 0x6984, 0xBAC6, 0xC2C5, 0xC2A4, 0xC284, 0xC243, 0xB9E2, 0xB9A1,
  0xA0E0, 0xA1A3, 0xAB4A, 0x9B6C, 0x51E7, 0x3986, 0x3986, 0x5A28, 0xAC70, 0xDE57, 0xEEFA, 0xEEFA,
  0xF71A, 0xEF1B, 0xEEFA, 0xD638, 0xAD13, 0x9C91, 0x8BCF, 0x5A49, 0x28E4, 0x28E4, 0x5207, 0x93EE,
  0xCD74, 0xDE37, 0xDE78, 0xCE37, 0xB534, 0x9C30, 0x9C91, 0xB555, 0xBD96, 0xB575, 0xACF3, 0x8C0F,
  0x6289, 0x6AEA, 0x730B, 0x730B, 0x6AA9, 0x5A48, 0x5207, 0x51E6, 0x4185, 0x28E3, 0x1882, 0x1061,
  0x0041, 0x0041, 0x0041, 0x0841, 0x1881, 0x28C2, 0x3103, 0x3103, 0x18A2, 0x1061, 0x28C2, 0x4964,
  0x61E6, 0x6206, 0x59C5, 0x4123, 0x38E2, 0x4944, 0x5985, 0x59A5, 0x5984, 0x5964, 0x5964, 0x5144,
  0x5143, 0x5123, 0x4923, 0x4923, 0x4923, 0x4923, 0x4923, 0x4903, 0x4903, 0x4103, 0x40E3, 0x40E2,
  0x38C2, 0x30C2, 0x28C2, 0x28C2, 0x20C3, 0x20C3, 0x20C3, 0x18C3, 0x18C3, 0x18A3, 0x18A2, 0x18A2,
  0x18A2, 0x18A2, 0x18A2, 0x18A2, 0x18A2, 0x18A2, 0x1882, 0x18A2, 0x18A2, 0x20A2, 0x20A2, 0x20A2,
  0x28C2, 0x28C2, 0x30C2, 0x30E3, 0x38E3, 0x4103, 0x4103, 0x4103, 0x4923, 0x4923, 0x4923, 0x4923,
  0x4923, 0x4923, 0x4923, 0x4923, 0x4923, 0x4923, 0x4923, 0x4103, 0x38C2, 0x2881, 0x2081, 0x28A1,
  0x30C2, 0x30C2, 0x28A1, 0x2081, 0x1861, 0x1061, 0x1061, 0x1881, 0x20A2, 0x28C2, 0x20A2, 0x20A2,
  0x28A2, 0x30E2, 0x3903, 0x3103, 0x28C2, 0x20C2, 0x28C2, 0x28C2, 0x20A2, 0x1081, 0x0861, 0x0841,
  0x0841, 0x0841, 0x1061, 0x18A2, 0x28E3, 0x4144, 0x49A5, 0x49A5, 0x4985, 0x3944, 0x3923, 0x3103,
  0x2903, 0x20C3, 0x18A2, 0x20A2, 0x30E3, 0x4944, 0x59A5, 0x61A5, 0x61A5, 0x6184, 0x6184, 0x6164,
  0x5964, 0x5943, 0x5923, 0x5923, 0x5102, 0x5102, 0x50E2, 0x50E2, 0x48C1, 0x48C1, 0x48A1, 0x40A1,
  0x3881, 0x3081, 0x2881, 0x2861, 0x2861, 0x2860, 0x2840, 0x2840, 0x2040, 0x2040, 0x2041, 0x1841,
  0x2861, 0x3081, 0x3061, 0x3061, 0x3081, 0x40C2, 0x40C2, 0x5123, 0x5984, 0x6184, 0x5984, 0x5964,
  0x5964, 0x61C5, 0x69C5, 0x69E5, 0x7206, 0x7206, 0x7A46, 0x7A47, 0x7A46, 0x7A46, 0x7A46, 0x8287,
  0xAAE8, 0xC368, 0xA2E7, 0x4124, 0x20A3, 0x69A4, 0xBAC5, 0xC2C5, 0xC284, 0xC222, 0xB9C1, 0xA920,
  0xA921, 0xC36A, 0xCCD1, 0xD553, 0xBCD1, 0x626A, 0x3986, 0x41C7, 0x3986, 0x6269, 0xB4D1, 0xE678,
  0xF6FA, 0xF73B, 0xF75C, 0xEF3B, 0xE6B9, 0xCDB6, 0xAD13, 0xA4B1, 0x83AE, 0x41E8, 0x2105, 0x10A3,
  0x2924, 0x5A48, 0x72CA, 0x6269, 0x83AE, 0xB514, 0xC5D6, 0xC5D6, 0xC5B6, 0xBD75, 0xA492, 0x834C,
  0x8BAE, 0x8BCE, 0x836C, 0x72EA, 0x5A28, 0x4185, 0x2903, 0x1882, 0x0841, 0x0020, 0x0021, 0x0041,
  0x0041, 0x0861, 0x1061, 0x28E2, 0x4964, 0x51A5, 0x4164, 0x20C2, 0x1861, 0x30E3, 0x5185, 0x61E6,
  0x61E6, 0x5984, 0x4103, 0x30C2, 0x4123, 0x5164, 0x5964, 0x5964, 0x5144, 0x5144, 0x5143, 0x5123,
  0x5123, 0x4923, 0x4923, 0x4923, 0x4123, 0x4103, 0x4103, 0x38E3, 0x30C3, 0x28C3, 0x20C3, 0x20E4,
  0x18E4, 0x1904, 0x1905, 0x18E4, 0x10E4, 0x10C4, 0x10C3, 0x08A3, 0x0883, 0x0882, 0x0862, 0x0862,
  0x0862, 0x0842, 0x0841, 0x0841, 0x0841, 0x0841, 0x0841, 0x0842, 0x0862, 0x0862, 0x0862, 0x0862,
  0x0862, 0x1082, 0x1082, 0x1082, 0x1882, 0x18A2, 0x20A2, 0x28A2, 0x30C2, 0x30E3, 0x3903, 0x4103,
  0x4123, 0x4123, 0x4923, 0x4923, 0x4923, 0x4923, 0x4923, 0x4923, 0x40E3, 0x38C2, 0x30C2, 0x38C2,
  0x40E2, 0x4103, 0x38E2, 0x28A1, 0x1881, 0x1061, 0x1061, 0x1881, 0x28C2, 0x28C2, 0x28C2, 0x28C2,
  0x20A2, 0x20A1, 0x20A2, 0x18A2, 0x1882, 0x1081, 0x1061, 0x1061, 0x0861, 0x0841, 0x0841, 0x0841,
  0x0841, 0x1061, 0x18A2, 0x28E3, 0x3924, 0x4144, 0x4144, 0x3924, 0x3903, 0x3124, 0x3924, 0x3103,
  0x28C3, 0x1882, 0x1881, 0x28C2, 0x4944, 0x59A5, 0x61C5, 0x69C5, 0x69A5, 0x69A4, 0x6184, 0x6184,
  0x6164, 0x6164, 0x5943, 0x5923, 0x5923, 0x5922, 0x5102, 0x50E2, 0x50E2, 0x48C1, 0x48C1, 0x40C1,
  0x38A1, 0x3081, 0x2881, 0x3081, 0x3060, 0x3040, 0x3040, 0x2840, 0x2060, 0x2061, 0x2041, 0x2040,
  0x2041, 0x2881, 0x30A2, 0x2861, 0x3060, 0x38A1, 0x48E2, 0x4903, 0x4923, 0x5143, 0x5964, 0x5984,
  0x69E5, 0x5964, 0x61A5, 0x69C5, 0x7226, 0x7205, 0x7226, 0x7A46, 0x7A26, 0x7A26, 0x7A46, 0x7A46,
  0x5165, 0x8A46, 0xBB48, 0x9AA6, 0x4124, 0x1883, 0x6163, 0xB264, 0xBA64, 0xBA02, 0xB160, 0xA0E1,
  0xC308, 0xCCD1, 0xDD94, 0xE5F6, 0xE637, 0xCD74, 0x8B6D, 0x41A7, 0x4A08, 0x5229, 0x49C7, 0x72AA,
  0xAC91, 0xDE17, 0xEEFA, 0xF75B, 0xF75B, 0xEF1A, 0xDE99, 0xC5D6, 0xAD33, 0x9CB1, 0x732C, 0x49E8,
  0x2125, 0x10A3, 0x0841, 0x1882, 0x3145, 0x49C7, 0x5A28, 0x5A68, 0x6288, 0x6248, 0x49C6, 0x49C6,
  0x49A6, 0x3944, 0x28C3, 0x1861, 0x0840, 0x0820, 0x0821, 0x0021, 0x0021, 0x0841, 0x0861, 0x0862,
  0x0862, 0x1061, 0x28E2, 0x4144, 0x3923, 0x28C2, 0x1861, 0x20A2, 0x4124, 0x59A5, 0x59C5, 0x59A5,
  0x5164, 0x4102, 0x30C2, 0x4103, 0x5144, 0x5164, 0x5144, 0x5123, 0x5123, 0x5123, 0x5123, 0x4923,
  0x4923, 0x4903, 0x40E3, 0x38E2, 0x28A2, 0x2082, 0x1882, 0x1082, 0x10A3, 0x10C3, 0x10C4, 0x08A3,
  0x08A3, 0x0882, 0x0861, 0x0041, 0x0021, 0x0021, 0x0021, 0x0021, 0x0021, 0x0001, 0x0000, 0x0001,
  0x0001, 0x0021, 0x0021, 0x0021, 0x0021, 0x0021, 0x0021, 0x0021, 0x0021, 0x0021, 0x0021, 0x0021,
  0x0021, 0x0021, 0x0021, 0x0041, 0x0041, 0x0041, 0x0862, 0x0862, 0x1062, 0x1082, 0x1882, 0x18A2,
  0x20C2, 0x28C2, 0x30E3, 0x38E3, 0x4103, 0x4123, 0x4923, 0x4923, 0x4123, 0x4103, 0x4103, 0x4103,
  0x4103, 0x4103, 0x4103, 0x30C2, 0x28A1, 0x1861, 0x1840, 0x1861, 0x1861, 0x1881, 0x1881, 0x1881,
  0x1881, 0x1081, 0x1061, 0x1061, 0x0861, 0x0861, 0x0861, 0x0841, 0x0841, 0x0841, 0x0841, 0x0861,
  0x0861, 0x1061, 0x1881, 0x20C2, 0x28E3, 0x28E3, 0x28E3, 0x3103, 0x3924, 0x3944, 0x3924, 0x28E3,
  0x18A2, 0x1881, 0x28C2, 0x4123, 0x59A5, 0x69E5, 0x69E5, 0x69C5, 0x69C5, 0x69A5, 0x69A4, 0x6184,
  0x6184, 0x6164, 0x6163, 0x5943, 0x5943, 0x5923, 0x5922, 0x5902, 0x50E2, 0x50E2, 0x48E2, 0x38C1,
  0x30A1, 0x3081, 0x3081, 0x3081, 0x3881, 0x3060, 0x3060, 0x2861, 0x2860, 0x2861, 0x2040, 0x2040,
  0x2040, 0x2041, 0x2861, 0x30A2, 0x2861, 0x3061, 0x30A1, 0x40E2, 0x4902, 0x5963, 0x5143, 0x5143,
  0x5943, 0x6184, 0x6A05, 0x69C5, 0x69A5, 0x69C5, 0x71E5, 0x7A67, 0x7A47, 0x7A47, 0x7A47, 0x8267,
  0x9AC8, 0x59A6, 0x61C5, 0xA2E7, 0x9287, 0x4124, 0x1882, 0x5123, 0xA1E3, 0xB9A1, 0xA920, 0xBA86,
  0xCC90, 0xDD94, 0xE5F6, 0xE658, 0xEE98, 0xE6B9, 0xD617, 0x9C2F, 0x51E7, 0x41C7, 0x526A, 0x5228,
  0x49C7, 0x6A8A, 0xA450, 0xCDD5, 0xEED9, 0xEF3B, 0xEF3B, 0xE6FA, 0xD658, 0xACF2, 0x7B2C, 0x5A69,
  0x5AAA, 0x526A, 0x3986, 0x20C3, 0x1062, 0x0841, 0x0841, 0x0841, 0x0841, 0x0841, 0x0841, 0x0821,
  0x0821, 0x0821, 0x0821, 0x0841, 0x0841, 0x0841, 0x0041, 0x0841, 0x0862, 0x0882, 0x0882, 0x0862,
  0x0861, 0x1061, 0x1881, 0x1881, 0x1861, 0x2082, 0x3903, 0x5185, 0x59C5, 0x59A5, 0x5164, 0x4943,
  0x40E2, 0x30C2, 0x40E2, 0x4923, 0x5144, 0x5123, 0x5123, 0x4923, 0x4923, 0x4923, 0x4903, 0x38C2,
  0x30A2, 0x2082, 0x1861, 0x1041, 0x0841, 0x0041, 0x0041, 0x0021, 0x0041, 0x0021, 0x0021, 0x0021,
  0x0021, 0x0020, 0x0021, 0x0021, 0x0000, 0x0001, 0x0020, 0x0021, 0x0021, 0x0021, 0x0021, 0x0021,
  0x0021, 0x0021, 0x0021, 0x0021, 0x0021, 0x0021, 0x0021, 0x0021, 0x0021, 0x0021, 0x0021, 0x0021,
  0x0021, 0x0021, 0x0021, 0x0021, 0x0021, 0x0021, 0x0021, 0x0021, 0x0021, 0x0021, 0x0041, 0x0841,
  0x0862, 0x1062, 0x1082, 0x1882, 0x20A2, 0x28A2, 0x30C2, 0x38E3, 0x4103, 0x4103, 0x4123, 0x4123,
  0x4103, 0x4903, 0x4103, 0x40E2, 0x30C2, 0x28A1, 0x2081, 0x1861, 0x1861, 0x1061, 0x1061, 0x1061,
  0x1061, 0x1061, 0x1061, 0x0861, 0x0861, 0x0861, 0x0861, 0x0841, 0x0841, 0x0841, 0x0841, 0x0841,
  0x0841, 0x0861, 0x1061, 0x1881, 0x20A2, 0x28C2, 0x28E2, 0x28E3, 0x3123, 0x3103, 0x28E3, 0x1882,
  0x1861, 0x28A2, 0x4123, 0x5984, 0x69E6, 0x71E6, 0x71E5, 0x69E5, 0x69C5, 0x69C5, 0x69A5, 0x69A4,
  0x6984, 0x6184, 0x6164, 0x6163, 0x6163, 0x6143, 0x5943, 0x5922, 0x5902, 0x50E2, 0x40E2, 0x38C1,
  0x30A1, 0x3081, 0x38A1, 0x38A1, 0x3880, 0x3880, 0x3081, 0x2881, 0x2881, 0x2861, 0x2040, 0x2041,
  0x2040, 0x2040, 0x2020, 0x2861, 0x38C2, 0x3881, 0x3081, 0x38A1, 0x48E2, 0x4902, 0x5963, 0x5964,
  0x5964, 0x5964, 0x69A5, 0x69C5, 0x71E5, 0x7206, 0x6A06, 0x71E5, 0x7205, 0x7206, 0x7A26, 0x7A46,
  0xC347, 0xB307, 0x7206, 0x4965, 0x8288, 0x9AE9, 0x4964, 0x1082, 0x38C2, 0x8942, 0xB266, 0xCC6E,
  0xD594, 0xDDF6, 0xE658, 0xEE99, 0xEEB9, 0xEEFA, 0xEEFA, 0xE6B9, 0xC574, 0x7AEB, 0x4186, 0x49E8,
  0x628A, 0x5A49, 0x49E7, 0x5A29, 0x7B2C, 0xA451, 0xACD2, 0xA451, 0x836D, 0x62CB, 0x734D, 0x9C91,
  0xAD33, 0xA4F2, 0x8C30, 0x6B2C, 0x4A08, 0x2945, 0x18A3, 0x1062, 0x1062, 0x10A2, 0x18C2, 0x18A2,
  0x1082, 0x1082, 0x1082, 0x0861, 0x0841, 0x0041, 0x0861, 0x0882, 0x0882, 0x0882, 0x0861, 0x0841,
  0x1061, 0x20A2, 0x28C2, 0x3903, 0x4144, 0x5185, 0x59C5, 0x59A5, 0x5184, 0x5143, 0x4923, 0x38E2,
  0x38C2, 0x40E2, 0x4923, 0x5144, 0x5143, 0x4923, 0x4923, 0x4103, 0x38E2, 0x28A2, 0x1861, 0x0841,
  0x0021, 0x0021, 0x0021, 0x0021, 0x0021, 0x0021, 0x0021, 0x0021, 0x0021, 0x0021, 0x0021, 0x0021,
  0x0021, 0x0021, 0x0021, 0x0021, 0x0021, 0x0021, 0x0021, 0x0021, 0x0041, 0x0021, 0x0021, 0x0021,
  0x0021, 0x0021, 0x0021, 0x0021, 0x0021, 0x0021, 0x0021, 0x0021, 0x0021, 0x0021, 0x0021, 0x0021,
  0x0021, 0x0021, 0x0021, 0x0021, 0x0021, 0x0021, 0x0021, 0x0021, 0x0021, 0x0021, 0x0021, 0x0021,
  0x0021, 0x0021, 0x0041, 0x0041, 0x0842, 0x0862, 0x1062, 0x1882, 0x2082, 0x28A2, 0x30C2, 0x3903,
  0x4103, 0x4123, 0x4903, 0x4103, 0x4103, 0x38E2, 0x30E2, 0x30C2, 0x28C2, 0x20A1, 0x1881, 0x1061,
  0x1061, 0x1061, 0x1081, 0x1061, 0x0861, 0x0861, 0x0861, 0x0841, 0x0841, 0x0841, 0x0841, 0x0841,
  0x0841, 0x1061, 0x1882, 0x20A2, 0x20C2, 0x20C2, 0x20C2, 0x20C2, 0x20C2, 0x20A2, 0x1881, 0x1861,
  0x20A2, 0x4123, 0x5984, 0x69E5, 0x7206, 0x7206, 0x71E5, 0x71E5, 0x71E5, 0x71C5, 0x69C5, 0x69A4,
  0x69A4, 0x69A4, 0x6984, 0x6163, 0x6163, 0x6163, 0x6143, 0x5943, 0x5123, 0x4902, 0x38C2, 0x30A2,
  0x30A1, 0x38C1, 0x40C1, 0x40A1, 0x38A1, 0x3081, 0x2881, 0x2881, 0x2881, 0x2861, 0x2861, 0x2860,
  0x2040, 0x2040, 0x2841, 0x2040, 0x2841, 0x38C2, 0x38A1, 0x3881, 0x40A1, 0x48E2, 0x5123, 0x5123,
  0x5984, 0x61A5, 0x5964, 0x61A5, 0x69A5, 0x69C5, 0x7A06, 0x7A26, 0x7206, 0x7A46, 0x7A67, 0x7A46,
  0xC347, 0xC327, 0xBAE6, 0x8A46, 0x4165, 0x59E6, 0x8A88, 0x4965, 0x18A3, 0x20C2, 0x8AC9, 0xD512,
  0xDDD6, 0xE658, 0xEE78, 0xEEB9, 0xEEDA, 0xF6FA, 0xF71B, 0xEF1A, 0xEEFA, 0xDE37, 0xA491, 0x5A6A,
  0x3126, 0x3987, 0x5A49, 0x6AAA, 0x628A, 0x5A69, 0x5228, 0x49E7, 0x5207, 0x5A48, 0x6ACA, 0x6AEB,
  0x730B, 0x6AEA, 0x62A9, 0x49E7, 0x3165, 0x2924, 0x3165, 0x41A6, 0x51E7, 0x51E6, 0x4165, 0x18C2,
  0x1082, 0x0861, 0x0841, 0x0021, 0x0041, 0x0861, 0x0882, 0x0862, 0x0861, 0x0861, 0x1062, 0x1041,
  0x3924, 0x5185, 0x59A5, 0x59C5, 0x59C5, 0x59A5, 0x5984, 0x5164, 0x4923, 0x4102, 0x38C2, 0x38C2,
  0x4103, 0x4923, 0x5123, 0x4923, 0x4103, 0x38E2, 0x2881, 0x1041, 0x0821, 0x0021, 0x0021, 0x0021,
  0x0021, 0x0021, 0x0021, 0x0021, 0x0021, 0x0021, 0x0021, 0x0021, 0x0041, 0x0021, 0x0021, 0x0041,
  0x08A3, 0x2166, 0x3A4A, 0x42AC, 0x42AC, 0x3A8B, 0x3A6B, 0x322A, 0x2187, 0x08A3, 0x0021, 0x0021,
  0x0021, 0x0021, 0x0021, 0x0021, 0x0021, 0x0021, 0x0021, 0x0021, 0x0021, 0x0021, 0x0021, 0x0021,
  0x0021, 0x0021, 0x0021, 0x0021, 0x0021, 0x0021, 0x0021, 0x0021, 0x0021, 0x0021, 0x0021, 0x0021,
  0x0021, 0x0021, 0x0021, 0x0021, 0x0021, 0x0021, 0x0021, 0x0041, 0x0841, 0x0862, 0x1062, 0x1882,
  0x28A2, 0x30E2, 0x3903, 0x4103, 0x4123, 0x4123, 0x4103, 0x3903, 0x3903, 0x38E2, 0x28C2, 0x1881,
  0x1061, 0x1061, 0x1061, 0x1061, 0x0861, 0x0861, 0x0861, 0x0861, 0x0841, 0x0841, 0x0841, 0x0841,
  0x0841, 0x1061, 0x20A2, 0x28E2, 0x28E2, 0x28C2, 0x20C2, 0x20C2, 0x1882, 0x1061, 0x1061, 0x28A2,
  0x4123, 0x5984, 0x69E5, 0x7206, 0x7206, 0x7206, 0x7205, 0x71E5, 0x71E5, 0x71E5, 0x71C5, 0x71C5,
  0x69A4, 0x69A4, 0x69A4, 0x6984, 0x6984, 0x6163, 0x6163, 0x5943, 0x4903, 0x38E2, 0x30C2, 0x30C2,
  0x38C2, 0x40E2, 0x40E2, 0x38C1, 0x30A1, 0x28A1, 0x28A1, 0x2881, 0x3081, 0x3060, 0x2860, 0x3040,
  0x2840, 0x2040, 0x2020, 0x2041, 0x2041, 0x2841, 0x38A2, 0x38C2, 0x3881, 0x40C2, 0x4902, 0x5123,
  0x5144, 0x5943, 0x6164, 0x5964, 0x61C5, 0x69E6, 0x69E5, 0x7206, 0x7206, 0x7226, 0x7226, 0x7A46,
  0xC368, 0xC327, 0xC2E6, 0xBAC6, 0xA286, 0x61C5, 0x4185, 0x6A48, 0x5A49, 0x2904, 0x20E3, 0x6269,
  0xB4B1, 0xDDD6, 0xE658, 0xEE98, 0xF6DA, 0xF6FA, 0xF71B, 0xF73B, 0xF73B, 0xF73B, 0xE6D9, 0xCDD5,
  0x9C50, 0x5A49, 0x2904, 0x20E4, 0x3144, 0x4A07, 0x628A, 0x6AEB, 0x730C, 0x730B, 0x6ACB, 0x6ACA,
  0x628A, 0x5A49, 0x49A6, 0x49C6, 0x6A89, 0x7AEA, 0x7AEA, 0x6A89, 0x51C6, 0x3924, 0x1861, 0x0021,
  0x0021, 0x0020, 0x0020, 0x0041, 0x0862, 0x0862, 0x0862, 0x0841, 0x0841, 0x28E2, 0x1041, 0x30E2,
  0x59A5, 0x59A5, 0x59A5, 0x59A5, 0x5984, 0x5984, 0x5143, 0x4103, 0x38C2, 0x38C2, 0x40E3, 0x4923,
  0x4923, 0x4903, 0x38E3, 0x28A2, 0x1041, 0x0821, 0x0001, 0x0021, 0x0021, 0x0021, 0x0021, 0x0021,
  0x0021, 0x0021, 0x0041, 0x0042, 0x0041, 0x0041, 0x0021, 0x0021, 0x0041, 0x0883, 0x1946, 0x4ACC,
  0x42CC, 0x3A4A, 0x1946, 0x08A3, 0x0862, 0x0021, 0x0021, 0x0020, 0x0000, 0x0020, 0x0021, 0x0021,
  0x0021, 0x0021, 0x0021, 0x0021, 0x0021, 0x0021, 0x0021, 0x0021, 0x0021, 0x0021, 0x0021, 0x0021,
  0x0021, 0x0021, 0x0021, 0x0021, 0x0021, 0x0021, 0x0021, 0x0021, 0x0021, 0x0021, 0x0021, 0x0021,
  0x0021, 0x0021, 0x0021, 0x0021, 0x0021, 0x0021, 0x0021, 0x0021, 0x0021, 0x0021, 0x0021, 0x0021,
  0x0841, 0x1062, 0x1882, 0x28A2, 0x30C2, 0x3903, 0x4123, 0x4123, 0x4123, 0x4123, 0x3903, 0x30C2,
  0x2081, 0x1061, 0x1041, 0x1041, 0x1041, 0x1041, 0x1041, 0x0861, 0x0861, 0x1061, 0x1081, 0x1061,
  0x0841, 0x0841, 0x1061, 0x20A2, 0x20C2, 0x20A2, 0x18A2, 0x1081, 0x0841, 0x1061, 0x20A2, 0x3923,
  0x59A5, 0x69E5, 0x7206, 0x7206, 0x7206, 0x7206, 0x7205, 0x7205, 0x71E5, 0x71E5, 0x71E5, 0x71C5,
  0x71C5, 0x69C4, 0x69A4, 0x69A4, 0x6984, 0x6183, 0x5963, 0x4923, 0x38E2, 0x30C2, 0x30C2, 0x38E2,
  0x4102, 0x48E2, 0x40C2, 0x30A1, 0x28A1, 0x28A1, 0x28A1, 0x3081, 0x3081, 0x3060, 0x3060, 0x3040,
  0x2840, 0x2840, 0x2020, 0x2040, 0x2041, 0x2861, 0x2861, 0x3081, 0x38C2, 0x30A1, 0x3881, 0x4902,
  0x5103, 0x5143, 0x5984, 0x5964, 0x5984, 0x61A4, 0x61C5, 0x69E5, 0x7A26, 0x7226, 0x7A26, 0x8267,
  0xBB48, 0xC326, 0xC2E6, 0xC2C5, 0xBAA5, 0xB244, 0x81E5, 0x4985, 0x49C6, 0x5A69, 0x3966, 0x18A3,
  0x3125, 0x6269, 0x938D, 0x9BEF, 0xA410, 0xAC50, 0xB471, 0xBCD2, 0xBCF3, 0xBD13, 0xBCF3, 0xACB2,
  0x9C30, 0x7B4C, 0x5A69, 0x4186, 0x2904, 0x1882, 0x1041, 0x1862, 0x20A3, 0x3104, 0x3945, 0x3985,
  0x41A6, 0x3965, 0x20E3, 0x3944, 0x3965, 0x3944, 0x28C2, 0x1881, 0x0841, 0x0021, 0x0021, 0x0021,
  0x0021, 0x0041, 0x0861, 0x0882, 0x0862, 0x0861, 0x0841, 0x0820, 0x30E2, 0x28C2, 0x1861, 0x5985,
  0x61A5, 0x59A5, 0x5984, 0x5964, 0x5143, 0x4902, 0x38C2, 0x38C2, 0x4103, 0x4923, 0x4923, 0x4123,
  0x38E2, 0x2082, 0x0841, 0x0021, 0x0001, 0x0021, 0x0021, 0x0021, 0x0021, 0x0021, 0x0041, 0x0041,
  0x0042, 0x0042, 0x0041, 0x0021, 0x0021, 0x0021, 0x0021, 0x0021, 0x0021, 0x0021, 0x0021, 0x0021,
  0x0020, 0x0000, 0x0000, 0x0020, 0x0020, 0x0000, 0x0041, 0x0883, 0x0883, 0x0883, 0x0021, 0x0021,
  0x0021, 0x0021, 0x0021, 0x0021, 0x0021, 0x0021, 0x0021, 0x0021, 0x0021, 0x0021, 0x0021, 0x0021,
  0x0021, 0x0021, 0x0041, 0x0021, 0x0021, 0x0041, 0x0021, 0x0041, 0x0021, 0x0021, 0x0021, 0x0041,
  0x0041, 0x0021, 0x0021, 0x0021, 0x0021, 0x0021, 0x0021, 0x0021, 0x0021, 0x0021, 0x0021, 0x0021,
  0x0021, 0x0021, 0x0021, 0x0842, 0x1062, 0x1882, 0x28A2, 0x38E3, 0x4123, 0x4124, 0x4144, 0x4123,
  0x30E2, 0x28A2, 0x2081, 0x2081, 0x2081, 0x2081, 0x1881, 0x1861, 0x1061, 0x1061, 0x1881, 0x18A2,
  0x1081, 0x0841, 0x0841, 0x0861, 0x1061, 0x0861, 0x0841, 0x0841, 0x1061, 0x1881, 0x30C2, 0x4943,
  0x61C5, 0x7206, 0x7206, 0x7206, 0x7206, 0x7206, 0x7205, 0x7205, 0x7205, 0x71E5, 0x71E5, 0x71E5,
  0x71C5, 0x71C4, 0x71C4, 0x69A4, 0x6984, 0x5963, 0x4923, 0x38E2, 0x30C2, 0x30C2, 0x3902, 0x4103,
  0x4102, 0x38E2, 0x30A2, 0x28A1, 0x28A1, 0x28A1, 0x38A1, 0x38A1, 0x3881, 0x3881, 0x3860, 0x3840,
  0x3040, 0x3040, 0x2020, 0x1820, 0x2841, 0x2861, 0x2861, 0x2041, 0x2861, 0x38C2, 0x40C2, 0x40A2,
  0x40C2, 0x5123, 0x5984, 0x61C5, 0x6184, 0x5984, 0x69C5, 0x69E5, 0x61C5, 0x61C5, 0x7206, 0x7A67,
  0x8225, 0xC347, 0xCB06, 0xCAC5, 0xC264, 0xC202, 0xBA23, 0xAB6B, 0x730B, 0x41E7, 0x49E8, 0x39A7,
  0x20E4, 0x2104, 0x41E7, 0x8BAD, 0xC553, 0xCDB5, 0xC554, 0xB4F2, 0xB4D2, 0xB4D1, 0xB4D2, 0xBCF2,
  0xBD33, 0xCDB5, 0xCE17, 0xC5D6, 0xB4D2, 0x9C50, 0x730B, 0x5228, 0x3965, 0x28C3, 0x1882, 0x1061,
  0x0821, 0x0821, 0x0021, 0x0821, 0x0841, 0x0841, 0x0841, 0x0841, 0x0841, 0x0021, 0x0021, 0x0041,
  0x0862, 0x0862, 0x0862, 0x0861, 0x0861, 0x1041, 0x0020, 0x20A1, 0x4144, 0x1020, 0x4123, 0x61A5,
  0x5984, 0x5964, 0x5143, 0x4902, 0x40E2, 0x40E2, 0x4903, 0x4944, 0x5123, 0x4903, 0x38C3, 0x20A2,
  0x1062, 0x0041, 0x0021, 0x0021, 0x0021, 0x0021, 0x0021, 0x0041, 0x0042, 0x0042, 0x0042, 0x0041,
  0x0041, 0x0021, 0x0021, 0x0021, 0x0021, 0x0021, 0x0021, 0x0021, 0x0021, 0x0021, 0x0021, 0x0021,
  0x0021, 0x08A3, 0x2187, 0x10E4, 0x1947, 0x1126, 0x10E4, 0x0862, 0x0041, 0x0041, 0x0021, 0x0021,
  0x0021, 0x0021, 0x0021, 0x0021, 0x0021, 0x0021, 0x0021, 0x0021, 0x0021, 0x0021, 0x0021, 0x0021,
  0x0021, 0x0021, 0x0041, 0x0021, 0x0021, 0x0021, 0x0041, 0x0041, 0x0021, 0x0041, 0x0041, 0x0041,
  0x0041, 0x0041, 0x0041, 0x0021, 0x0041, 0x0041, 0x0041, 0x0021, 0x0021, 0x0021, 0x0021, 0x0041,
  0x0041, 0x0021, 0x0021, 0x0021, 0x0021, 0x0042, 0x0862, 0x1083, 0x20C3, 0x30E3, 0x4103, 0x4124,
  0x4144, 0x4123, 0x3903, 0x3903, 0x3903, 0x3902, 0x30E2, 0x28C2, 0x1881, 0x1061, 0x1061, 0x1881,
  0x1081, 0x0841, 0x0841, 0x0841, 0x0841, 0x0841, 0x0841, 0x1881, 0x28C2, 0x30E2, 0x30E2, 0x4123,
  0x5984, 0x61E5, 0x7206, 0x7205, 0x7206, 0x7A06, 0x7A05, 0x7A05, 0x7A05, 0x7A05, 0x7205, 0x71E5,
  0x71E5, 0x71E5, 0x71C4, 0x69A4, 0x5964, 0x4923, 0x38E2, 0x28C2, 0x30E2, 0x3902, 0x4102, 0x3902,
  0x30C2, 0x28A1, 0x20A2, 0x28A2, 0x28C2, 0x38C2, 0x40C1, 0x40A1, 0x40A1, 0x4081, 0x4080, 0x3860,
  0x3840, 0x3040, 0x3040, 0x2020, 0x2020, 0x2861, 0x2881, 0x3061, 0x2861, 0x3081, 0x38A1, 0x38A2,
  0x40C2, 0x4902, 0x5123, 0x5143, 0x61A5, 0x61A5, 0x61A4, 0x7206, 0x69E5, 0x69E5, 0x7226, 0x7226,
  0x1882, 0x71C5, 0xC306, 0xCAC5, 0xC243, 0xC202, 0xD3AA, 0xE593, 0xDDF6, 0xB4F2, 0x732C, 0x41C7,
  0x3186, 0x2946, 0x18E4, 0x18C4, 0x3966, 0x7B4C, 0xBD54, 0xDE78, 0xE6D9, 0xEF1A, 0xEF3A, 0xF73B,
  0xF75B, 0xEF3B, 0xEEFA, 0xE6D9, 0xEEFA, 0xE6B9, 0xDE78, 0xCDD5, 0xB533, 0xA4B1, 0x9450, 0x7B4C,
  0x5228, 0x5248, 0x6268, 0x6268, 0x51E6, 0x3964, 0x28E3, 0x1082, 0x0041, 0x0041, 0x0041, 0x0841,
  0x0061, 0x0841, 0x0841, 0x1882, 0x30E3, 0x0820, 0x1861, 0x4984, 0x1861, 0x30C2, 0x61A5, 0x5984,
  0x5944, 0x5103, 0x4903, 0x4903, 0x4923, 0x5144, 0x5124, 0x4903, 0x38E3, 0x2905, 0x18E4, 0x0883,
  0x0042, 0x0021, 0x0021, 0x0021, 0x0021, 0x0021, 0x0042, 0x0042, 0x0042, 0x0021, 0x0041, 0x0041,
  0x0041, 0x0021, 0x0021, 0x0021, 0x0021, 0x0021, 0x0021, 0x0021, 0x0021, 0x0021, 0x0021, 0x08A3,
  0x29A7, 0x10E4, 0x0062, 0x0021, 0x0021, 0x0021, 0x0021, 0x0021, 0x0041, 0x0021, 0x0021, 0x0021,
  0x0021, 0x0021, 0x0021, 0x0021, 0x0021, 0x0021, 0x0021, 0x0021, 0x0021, 0x0021, 0x0021, 0x0021,
  0x0021, 0x0021, 0x0041, 0x0021, 0x0021, 0x0041, 0x0041, 0x0021, 0x0021, 0x0021, 0x0041, 0x0041,
  0x0041, 0x0041, 0x0041, 0x0041, 0x0841, 0x0041, 0x0041, 0x0041, 0x0021, 0x0021, 0x0021, 0x0021,
  0x0041, 0x0042, 0x0021, 0x0021, 0x0021, 0x0021, 0x0042, 0x0062, 0x08A3, 0x10C4, 0x20E4, 0x30E3,
  0x38E3, 0x4103, 0x4924, 0x4944, 0x4944, 0x4944, 0x4944, 0x4123, 0x30E2, 0x1881, 0x0841, 0x0841,
  0x0841, 0x0841, 0x0841, 0x0841, 0x0841, 0x0841, 0x1061, 0x20C2, 0x4123, 0x4963, 0x4123, 0x3902,
  0x4923, 0x5184, 0x69C5, 0x7205, 0x7205, 0x7206, 0x7A05, 0x7A05, 0x7A05, 0x7A05, 0x7A05, 0x71E5,
  0x71E5, 0x69C5, 0x6184, 0x5143, 0x4103, 0x30E2, 0x28C2, 0x28C2, 0x30E2, 0x30E2, 0x30C2, 0x28A2,
  0x2082, 0x20A2, 0x28A2, 0x30C2, 0x38E2, 0x40E2, 0x48C2, 0x48C1, 0x48C1, 0x48A1, 0x4081, 0x4080,
  0x3860, 0x3860, 0x3040, 0x2840, 0x2020, 0x2861, 0x2861, 0x38C2, 0x3061, 0x2861, 0x3881, 0x38A2,
  0x48E2, 0x5103, 0x5123, 0x5964, 0x5964, 0x5964, 0x5964, 0x5944, 0x69C5, 0x7A26, 0x7A26, 0x7A26,
  0x28C3, 0x1862, 0x69C4, 0xC2C5, 0xC263, 0xCB06, 0xE510, 0xEE16, 0xEE77, 0xEE77, 0xE657, 0xC533,
  0x72CB, 0x3966, 0x3166, 0x2945, 0x20E4, 0x18E4, 0x2104, 0x5207, 0x8BAD, 0xBD32, 0xD616, 0xE677,
  0xE6B9, 0xE6B9, 0xE6D9, 0xEF1A, 0xEEFA, 0xEEF9, 0xE6D9, 0xDE77, 0xDE57, 0xD616, 0xB533, 0x93EE,
  0x93AD, 0x93AC, 0x7AEA, 0x51E6, 0x3103, 0x1081, 0x0841, 0x0041, 0x0041, 0x0041, 0x0041, 0x0041,
  0x0041, 0x0820, 0x28E2, 0x4144, 0x1861, 0x1040, 0x4964, 0x30E2, 0x1881, 0x5984, 0x5964, 0x5123,
  0x5124, 0x5144, 0x5124, 0x5124, 0x4923, 0x48E3, 0x40E3, 0x3925, 0x2946, 0x1926, 0x08C4, 0x0062,
  0x0042, 0x0021, 0x0021, 0x0041, 0x0021, 0x0042, 0x0042, 0x0021, 0x0021, 0x0021, 0x0041, 0x0041,
  0x0042, 0x0041, 0x0041, 0x0021, 0x0021, 0x0021, 0x0021, 0x0021, 0x0021, 0x0021, 0x0041, 0x0041,
  0x0021, 0x0021, 0x0021, 0x0021, 0x0021, 0x0021, 0x0021, 0x0021, 0x0021, 0x0041, 0x0021, 0x0021,
  0x0021, 0x0021, 0x0021, 0x0021, 0x0021, 0x0021, 0x0021, 0x0021, 0x0021, 0x0021, 0x0021, 0x0021,
  0x0021, 0x0021, 0x0021, 0x0021, 0x0041, 0x0041, 0x0041, 0x0021, 0x0041, 0x0041, 0x0021, 0x0041,
  0x0041, 0x0041, 0x0041, 0x0841, 0x0041, 0x0041, 0x0041, 0x0041, 0x0041, 0x0021, 0x0021, 0x0021,
  0x0041, 0x0041, 0x0042, 0x0021, 0x0021, 0x0021, 0x0041, 0x0042, 0x0063, 0x08A4, 0x1105, 0x2126,
  0x2925, 0x30E4, 0x38C3, 0x4103, 0x4144, 0x4964, 0x4964, 0x4964, 0x4944, 0x30E2, 0x1861, 0x1041,
  0x0841, 0x0841, 0x0841, 0x0841, 0x0841, 0x0841, 0x0841, 0x1881, 0x30E2, 0x4943, 0x4943, 0x3903,
  0x30E2, 0x4123, 0x5984, 0x69C5, 0x71E5, 0x7205, 0x7205, 0x7205, 0x7205, 0x71E5, 0x71E5, 0x69C5,
  0x61A4, 0x5164, 0x4923, 0x38E2, 0x28C2, 0x20A2, 0x20A2, 0x20A2, 0x20A2, 0x20A2, 0x20A1, 0x20A2,
  0x20A2, 0x28C2, 0x30E2, 0x38E2, 0x48E2, 0x50E2, 0x50E2, 0x50E1, 0x50C1, 0x48C1, 0x48A1, 0x4081,
  0x4080, 0x3860, 0x3060, 0x2840, 0x2840, 0x2061, 0x2861, 0x2041, 0x40E2, 0x2040, 0x3061, 0x38A1,
  0x38A2, 0x40C2, 0x5123, 0x5123, 0x5964, 0x61C5, 0x69E5, 0x61A5, 0x61A5, 0x5984, 0x61C5, 0x7226,
  0x4965, 0x28C3, 0x1041, 0x6143, 0xB2C7, 0xDC8E, 0xEDD4, 0xEE57, 0xEE98, 0xF698, 0xEEB8, 0xEEB8,
  0xE657, 0xAC91, 0x6248, 0x3144, 0x3165, 0x41A7, 0x3165, 0x2104, 0x18A2, 0x20A2, 0x4186, 0x6A89,
  0x8B6C, 0xA40E, 0xAC90, 0xBD13, 0xC553, 0xC553, 0xBCF1, 0xBCD1, 0xAC4F, 0x938C, 0x6AA9, 0x51E7,
  0x4165, 0x20C2, 0x1061, 0x0821, 0x0020, 0x0021, 0x0041, 0x0041, 0x0041, 0x0041, 0x0041, 0x0041,
  0x0820, 0x3903, 0x51A5, 0x1861, 0x1040, 0x4144, 0x4964, 0x1041, 0x4944, 0x5944, 0x5944, 0x5944,
  0x5944, 0x5144, 0x5123, 0x48E3, 0x40C3, 0x4125, 0x3966, 0x3187, 0x2167, 0x10E5, 0x0883, 0x0042,
  0x0021, 0x0021, 0x0042, 0x0042, 0x0042, 0x0041, 0x0021, 0x0021, 0x0021, 0x0021, 0x0021, 0x0041,
  0x0042, 0x0042, 0x0042, 0x0041, 0x0042, 0x0042, 0x0041, 0x0041, 0x0021, 0x0041, 0x0041, 0x0041,
  0x0021, 0x0021, 0x0021, 0x0021, 0x0021, 0x0021, 0x0021, 0x0021, 0x0021, 0x0041, 0x0041, 0x0021,
  0x0021, 0x0021, 0x0021, 0x0021, 0x0021, 0x0021, 0x0021, 0x0021, 0x0021, 0x0021, 0x0021, 0x0021,
  0x0021, 0x0021, 0x0021, 0x0021, 0x0041, 0x0041, 0x0041, 0x0041, 0x0041, 0x0041, 0x0021, 0x0041,
  0x0041, 0x0041, 0x0041, 0x0841, 0x0841, 0x0041, 0x0862, 0x0862, 0x0041, 0x0021, 0x0021, 0x0041,
  0x0041, 0x0041, 0x0041, 0x0062, 0x0021, 0x0021, 0x0021, 0x0041, 0x0042, 0x0083, 0x08C4, 0x1126,
  0x2167, 0x2987, 0x3146, 0x3904, 0x38E3, 0x4103, 0x4944, 0x4964, 0x4964, 0x4944, 0x30E3, 0x1881,
  0x1061, 0x1061, 0x1061, 0x1881, 0x1081, 0x1061, 0x0861, 0x0861, 0x1061, 0x20A2, 0x30E2, 0x30E2,
  0x28C2, 0x30C2, 0x4103, 0x4943, 0x5984, 0x61A4, 0x61A4, 0x61A4, 0x61A4, 0x5984, 0x5964, 0x5143,
  0x4123, 0x30E2, 0x28C2, 0x1882, 0x1061, 0x1061, 0x1061, 0x1882, 0x20A2, 0x20A2, 0x28C2, 0x28C2,
  0x30E2, 0x30E2, 0x4102, 0x4902, 0x5122, 0x5902, 0x5102, 0x50E2, 0x50E1, 0x50C1, 0x48C1, 0x48A1,
  0x40A1, 0x3880, 0x3860, 0x2861, 0x2861, 0x2061, 0x2040, 0x2841, 0x2841, 0x38C2, 0x3061, 0x3081,
  0x38A1, 0x40C2, 0x40C2, 0x5123, 0x5123, 0x5944, 0x6184, 0x5964, 0x69C5, 0x69C5, 0x61A5, 0x61A5,
  0x59C6, 0x51A6, 0x3104, 0x1041, 0x4123, 0xB42E, 0xE616, 0xEE77, 0xF698, 0xF6B8, 0xF6D9, 0xF6D9,
  0xF6F9, 0xEEFA, 0xE657, 0xAC91, 0x5A48, 0x28E4, 0x3145, 0x49E7, 0x4A08, 0x3986, 0x20E4, 0x1082,
  0x1062, 0x1882, 0x20C2, 0x28E3, 0x28E3, 0x28E3, 0x28E4, 0x28E3, 0x2082, 0x1061, 0x0841, 0x0820,
  0x0841, 0x1882, 0x20C2, 0x1081, 0x0861, 0x0861, 0x0021, 0x0021, 0x0021, 0x0041, 0x0041, 0x0820,
  0x4923, 0x59C5, 0x1861, 0x0820, 0x3903, 0x5185, 0x1861, 0x4103, 0x5964, 0x5964, 0x5944, 0x5944,
  0x5123, 0x48E2, 0x40A2, 0x4104, 0x3966, 0x3987, 0x3987, 0x2987, 0x1947, 0x08C4, 0x0062, 0x0041,
  0x0021, 0x0042, 0x0042, 0x0062, 0x0042, 0x0021, 0x0021, 0x0021, 0x0021, 0x0021, 0x0021, 0x0021,
  0x0042, 0x0062, 0x0042, 0x0042, 0x0042, 0x0042, 0x0042, 0x0041, 0x0041, 0x0041, 0x0041, 0x0041,
  0x0041, 0x0041, 0x0021, 0x0021, 0x0021, 0x0041, 0x0041, 0x0021, 0x0021, 0x0041, 0x0041, 0x0021,
  0x0021, 0x0021, 0x0041, 0x0021, 0x0021, 0x0021, 0x0021, 0x0021, 0x0021, 0x0021, 0x0021, 0x0021,
  0x0021, 0x0021, 0x0021, 0x0021, 0x0041, 0x0041, 0x0041, 0x0041, 0x0041, 0x0041, 0x0041, 0x0041,
  0x0041, 0x0041, 0x0041, 0x0041, 0x0041, 0x0862, 0x0862, 0x0862, 0x0862, 0x0021, 0x0041, 0x0041,
  0x0041, 0x0041, 0x0021, 0x0021, 0x0062, 0x0041, 0x0041, 0x0021, 0x0042, 0x0062, 0x00A4, 0x10E5,
  0x1947, 0x2988, 0x31A8, 0x31A7, 0x3966, 0x3904, 0x40E3, 0x4123, 0x4944, 0x4964, 0x4964, 0x3903,
  0x2081, 0x1861, 0x1061, 0x20A1, 0x20C2, 0x18A1, 0x1881, 0x1061, 0x0841, 0x0841, 0x0861, 0x1061,
  0x1881, 0x1881, 0x20A2, 0x28C2, 0x30E2, 0x38E2, 0x3902, 0x3903, 0x3903, 0x30E2, 0x28C2, 0x20C2,
  0x1882, 0x1061, 0x0861, 0x0861, 0x1061, 0x1882, 0x20A2, 0x28C2, 0x28E2, 0x28E2, 0x30E3, 0x30E3,
  0x38E3, 0x4103, 0x4923, 0x5943, 0x6143, 0x6122, 0x5922, 0x5902, 0x58E1, 0x50E1, 0x50C1, 0x48C1,
  0x40A1, 0x40A1, 0x3081, 0x3081, 0x2861, 0x3060, 0x2040, 0x2840, 0x2020, 0x3081, 0x30A2, 0x3061,
  0x3061, 0x40A1, 0x48E2, 0x40C2, 0x48E3, 0x5123, 0x5143, 0x5943, 0x5964, 0x5984, 0x61A5, 0x69C5,
  0x8A88, 0x51A6, 0x5A07, 0x3965, 0x1062, 0x28C3, 0x8B0B, 0xE5D5, 0xF6B8, 0xF6D9, 0xF6D9, 0xF6D9,
  0xF6F9, 0xF6FA, 0xF6FA, 0xF6F9, 0xE657, 0xB4B1, 0x6A8A, 0x3104, 0x20C3, 0x3165, 0x4A08, 0x41C7,
  0x20E4, 0x20E3, 0x18C3, 0x10A2, 0x1081, 0x1061, 0x1061, 0x1882, 0x18A2, 0x20C2, 0x3103, 0x4985,
  0x6227, 0x5A27, 0x20C2, 0x0841, 0x0841, 0x0021, 0x0021, 0x0021, 0x0041, 0x0041, 0x0020, 0x4123,
  0x61E5, 0x1861, 0x0820, 0x3903, 0x4924, 0x1861, 0x4103, 0x5964, 0x5964, 0x5964, 0x5944, 0x5103,
  0x48C3, 0x40E4, 0x4146, 0x4186, 0x3987, 0x39A7, 0x31A8, 0x2188, 0x1106, 0x08A3, 0x0042, 0x0021,
  0x0042, 0x0042, 0x0062, 0x0042, 0x0021, 0x0021, 0x0021, 0x0041, 0x0041, 0x0042, 0x0042, 0x0042,
  0x0042, 0x0062, 0x0062, 0x0062, 0x0042, 0x0062, 0x0062, 0x0062, 0x0062, 0x0041, 0x0042, 0x0042,
  0x0042, 0x0041, 0x0021, 0x0021, 0x0021, 0x0041, 0x0041, 0x0041, 0x0021, 0x0041, 0x0041, 0x0041,
  0x0021, 0x0041, 0x0041, 0x0021, 0x0021, 0x0021, 0x0041, 0x0021, 0x0041, 0x0041, 0x0021, 0x0021,
  0x0041, 0x0041, 0x0021, 0x0041, 0x0041, 0x0041, 0x0041, 0x0041, 0x0041, 0x0041, 0x0841, 0x0041,
  0x0021, 0x0041, 0x0041, 0x0841, 0x0862, 0x0862, 0x0862, 0x0862, 0x0042, 0x0021, 0x0042, 0x0041,
  0x0862, 0x0021, 0x0021, 0x0021, 0x0041, 0x0062, 0x0041, 0x0041, 0x0041, 0x0042, 0x0083, 0x08C4,
  0x1126, 0x2188, 0x29C8, 0x31C8, 0x39C8, 0x39A8, 0x3986, 0x3904, 0x40E3, 0x4124, 0x4965, 0x4944,
  0x30E2, 0x2081, 0x2082, 0x1881, 0x20A2, 0x20A2, 0x1881, 0x1081, 0x1061, 0x0861, 0x0841, 0x0841,
  0x0841, 0x0861, 0x0841, 0x0841, 0x0841, 0x0841, 0x1041, 0x0841, 0x0841, 0x0841, 0x0841, 0x0841,
  0x0841, 0x0862, 0x0882, 0x10A2, 0x20C2, 0x28E3, 0x2903, 0x3103, 0x3103, 0x3103, 0x3103, 0x38E3,
  0x4103, 0x5143, 0x6163, 0x6163, 0x6143, 0x6142, 0x6122, 0x5922, 0x5902, 0x5902, 0x50E1, 0x48C1,
  0x40C1, 0x38A1, 0x30A1, 0x3081, 0x3081, 0x3060, 0x2840, 0x2020, 0x3061, 0x2020, 0x38C2, 0x3061,
  0x3061, 0x3881, 0x40A2, 0x48E2, 0x40C2, 0x48E2, 0x5943, 0x5964, 0x6184, 0x61A5, 0x69C5, 0x69E5,
  0xBB27, 0x8248, 0x51C7, 0x7AEA, 0x5248, 0x10A3, 0x1061, 0x51A6, 0xBCB0, 0xEE98, 0xF6D9, 0xF6F9,
  0xF6F9, 0xF6F9, 0xF6FA, 0xF6FA, 0xF6FA, 0xF6F9, 0xEEB8, 0xCD95, 0x93CE, 0x5207, 0x28E3, 0x1882,
  0x1082, 0x3165, 0x5248, 0x6ACA, 0x7B2B, 0x7B4C, 0x834B, 0x7B4B, 0x7B0A, 0x7288, 0x5A07, 0x49A5,
  0x28E3, 0x0841, 0x0021, 0x0021, 0x0021, 0x0021, 0x0021, 0x0861, 0x0041, 0x0021, 0x30E2, 0x61E5,
  0x1861, 0x0820, 0x4123, 0x38E3, 0x1861, 0x4103, 0x5964, 0x5964, 0x5944, 0x5123, 0x48E2, 0x48E3,
  0x4145, 0x4166, 0x4187, 0x41A7, 0x41C8, 0x39C8, 0x31C9, 0x1967, 0x08E5, 0x0083, 0x0042, 0x0042,
  0x0042, 0x0062, 0x0042, 0x0042, 0x0042, 0x0021, 0x0041, 0x0042, 0x0041, 0x0042, 0x0042, 0x0042,
  0x0042, 0x0062, 0x0083, 0x0063, 0x0062, 0x0062, 0x0062, 0x0042, 0x0041, 0x0021, 0x0042, 0x0042,
  0x0062, 0x0042, 0x0041, 0x0041, 0x0021, 0x0041, 0x0041, 0x0062, 0x0021, 0x0041, 0x0041, 0x0041,
  0x0021, 0x0041, 0x0041, 0x0021, 0x0041, 0x0021, 0x0041, 0x0021, 0x0041, 0x0041, 0x0021, 0x0021,
  0x0041, 0x0041, 0x0021, 0x0041, 0x0041, 0x0041, 0x0041, 0x0041, 0x0041, 0x0041, 0x0862, 0x0041,
  0x0021, 0x0041, 0x0041, 0x0862, 0x0862, 0x0862, 0x0862, 0x0862, 0x0042, 0x0062, 0x0062, 0x0862,
  0x0041, 0x0041, 0x0041, 0x0041, 0x0041, 0x0041, 0x0042, 0x0041, 0x0041, 0x0042, 0x0062, 0x08A4,
  0x1106, 0x1987, 0x29C8, 0x31C9, 0x31E9, 0x39E9, 0x39C8, 0x39A8, 0x3946, 0x38E4, 0x4103, 0x4964,
  0x4144, 0x28C2, 0x20A2, 0x28C2, 0x18A1, 0x1061, 0x1040, 0x0840, 0x0861, 0x0861, 0x0861, 0x0861,
  0x0861, 0x0861, 0x0861, 0x0861, 0x0841, 0x0841, 0x0841, 0x0841, 0x0041, 0x0841, 0x0861, 0x0862,
  0x0882, 0x10A2, 0x18C3, 0x20C3, 0x28E3, 0x28E3, 0x3103, 0x3103, 0x3103, 0x3103, 0x3903, 0x4923,
  0x5963, 0x6983, 0x6983, 0x6983, 0x6963, 0x6943, 0x6142, 0x6122, 0x6122, 0x5902, 0x50E1, 0x48E1,
  0x38C1, 0x30A1, 0x38A1, 0x38A1, 0x3881, 0x3060, 0x3060, 0x2820, 0x2820, 0x3081, 0x2841, 0x40E3,
  0x2841, 0x3881, 0x40A2, 0x40C2, 0x48E2, 0x4903, 0x48E3, 0x5123, 0x5944, 0x6184, 0x69C5, 0x7206,
  0xCAC5, 0xC285, 0x7228, 0x5A48, 0xA42E, 0x7B4C, 0x2124, 0x1082, 0x18A3, 0x5A48, 0xB4B0, 0xE657,
  0xF6F9, 0xF6F9, 0xF6F9, 0xF6FA, 0xF71A, 0xF71A, 0xF719, 0xF719, 0xEEF9, 0xE677, 0xBD32, 0xA44F,
  0x834C, 0x5207, 0x3945, 0x30E3, 0x30E3, 0x3103, 0x3124, 0x3103, 0x2082, 0x0840, 0x0020, 0x0020,
  0x0020, 0x0841, 0x1061, 0x0041, 0x0020, 0x0021, 0x0861, 0x0041, 0x0021, 0x20A2, 0x4984, 0x1040,
  0x1041, 0x30E2, 0x20A2, 0x28A2, 0x5164, 0x5985, 0x5965, 0x5944, 0x5103, 0x48C3, 0x4924, 0x4145,
  0x4166, 0x41A7, 0x41C8, 0x41E8, 0x4209, 0x3A09, 0x29C9, 0x1147, 0x08C4, 0x0062, 0x0042, 0x0042,
  0x0062, 0x0042, 0x0042, 0x0042, 0x0021, 0x0042, 0x0041, 0x0042, 0x0042, 0x0042, 0x0042, 0x0042,
  0x0062, 0x0042, 0x0083, 0x00A3, 0x0083, 0x0083, 0x0062, 0x0062, 0x0042, 0x0041, 0x0042, 0x0042,
  0x0062, 0x0062, 0x0042, 0x0041, 0x0041, 0x0041, 0x0061, 0x0862, 0x0841, 0x0842, 0x08A3, 0x10C3,
  0x0882, 0x08E3, 0x08E3, 0x08A3, 0x1104, 0x08A2, 0x1104, 0x08A3, 0x08A3, 0x0882, 0x0041, 0x0041,
  0x0041, 0x0041, 0x0041, 0x0041, 0x0041, 0x0041, 0x0041, 0x0041, 0x0041, 0x0862, 0x0841, 0x0021,
  0x0021, 0x0041, 0x0041, 0x0862, 0x0862, 0x0882, 0x0882, 0x0862, 0x0062, 0x0062, 0x0062, 0x0862,
  0x0041, 0x0062, 0x0042, 0x0042, 0x0041, 0x0041, 0x0041, 0x0042, 0x0041, 0x0042, 0x0062, 0x0083,
  0x08E5, 0x1147, 0x21C8, 0x31E9, 0x31E9, 0x39E9, 0x39E9, 0x39E8, 0x39C8, 0x39A7, 0x3924, 0x4103,
  0x4944, 0x4144, 0x28C2, 0x28C2, 0x3103, 0x28C2, 0x1861, 0x1020, 0x0840, 0x0841, 0x0841, 0x0861,
  0x0841, 0x0841, 0x0861, 0x0861, 0x0861, 0x0861, 0x0861, 0x0861, 0x0862, 0x1082, 0x1082, 0x18A2,
  0x20C3, 0x20E3, 0x2903, 0x28E3, 0x2903, 0x3103, 0x3103, 0x3103, 0x3903, 0x4123, 0x5964, 0x69A4,
  0x71A4, 0x71A3, 0x71A3, 0x7183, 0x7183, 0x6963, 0x6963, 0x6142, 0x6122, 0x5902, 0x48E2, 0x38C1,
  0x38A1, 0x38A1, 0x38A1, 0x40A1, 0x40A1, 0x4080, 0x3040, 0x3040, 0x2800, 0x2820, 0x30A2, 0x2881,
  0x4903, 0x3061, 0x3081, 0x38A2, 0x40C2, 0x48E2, 0x5123, 0x5123, 0x5123, 0x5164, 0x5984, 0x69C5,
  0xCA63, 0xCAA4, 0xCC2E, 0x832C, 0x6269, 0x9C0E, 0x93CD, 0x3145, 0x18C3, 0x28E4, 0x3104, 0x4165,
  0x830B, 0xBCF2, 0xE657, 0xEED9, 0xF6FA, 0xF71A, 0xF71A, 0xF71A, 0xF71A, 0xEEB8, 0xEEB8, 0xF6D9,
  0xEEB8, 0xE656, 0xDDF5, 0xCD52, 0xBC90, 0x93AD, 0x51E6, 0x1882, 0x1061, 0x1082, 0x0841, 0x0020,
  0x1061, 0x28E2, 0x0841, 0x0021, 0x0021, 0x0861, 0x0841, 0x0021, 0x1882, 0x3903, 0x1041, 0x0820,
  0x1041, 0x28A2, 0x5144, 0x6185, 0x6185, 0x5964, 0x5943, 0x48E3, 0x4904, 0x4945, 0x4166, 0x4186,
  0x41A7, 0x41C8, 0x4209, 0x420A, 0x424A, 0x322B, 0x21C9, 0x1126, 0x08A4, 0x0063, 0x0062, 0x0062,
  0x0042, 0x0042, 0x0042, 0x0042, 0x0021, 0x0021, 0x0042, 0x0042, 0x0042, 0x0062, 0x0042, 0x0042,
  0x0062, 0x0083, 0x0063, 0x0083, 0x00A3, 0x0083, 0x0082, 0x0062, 0x0062, 0x0041, 0x0041, 0x0062,
  0x0862, 0x0062, 0x0862, 0x0862, 0x0041, 0x10E3, 0x1924, 0x29E7, 0x29E7, 0x0062, 0x1186, 0x19C7,
  0x08E4, 0x1165, 0x1145, 0x08E4, 0x1986, 0x08E3, 0x11A6, 0x1145, 0x1145, 0x1166, 0x1104, 0x10E4,
  0x08C3, 0x0882, 0x0861, 0x0041, 0x0861, 0x0041, 0x0041, 0x0041, 0x0041, 0x0862, 0x0041, 0x0021,
  0x0041, 0x0041, 0x0862, 0x0862, 0x0862, 0x0882, 0x0882, 0x0882, 0x0862, 0x0042, 0x0062, 0x0042,
  0x0062, 0x0042, 0x0062, 0x0062, 0x0042, 0x0041, 0x0041, 0x0042, 0x0042, 0x0042, 0x0062, 0x0083,
  0x08C4, 0x1126, 0x19A8, 0x29E9, 0x3209, 0x3A09, 0x3A09, 0x39E9, 0x39E9, 0x39E8, 0x41C8, 0x4166,
  0x3904, 0x4144, 0x4124, 0x28C2, 0x28C2, 0x3923, 0x3903, 0x28C2, 0x1881, 0x1041, 0x0841, 0x0841,
  0x0841, 0x0841, 0x0841, 0x0841, 0x0861, 0x0861, 0x1081, 0x1082, 0x18A2, 0x20C2, 0x20E3, 0x28E3,
  0x3103, 0x3103, 0x3103, 0x3103, 0x3103, 0x3103, 0x3903, 0x4123, 0x5964, 0x69A4, 0x71E4, 0x79E4,
  0x79C4, 0x79C4, 0x79A3, 0x71A3, 0x71A3, 0x7183, 0x6963, 0x6142, 0x5922, 0x48E2, 0x38C1, 0x38C1,
  0x38C1, 0x48E1, 0x48E1, 0x48A1, 0x40A1, 0x4080, 0x3860, 0x3040, 0x2820, 0x2020, 0x2861, 0x2881,
  0x3082, 0x40C2, 0x3081, 0x3061, 0x38A2, 0x40C2, 0x4902, 0x4902, 0x5123, 0x5143, 0x5964, 0x6184,
  0xC223, 0xD368, 0xE572, 0xE5F5, 0x93CF, 0x5208, 0x8BCE, 0xAC6F, 0x5A28, 0x28E3, 0x3986, 0x6ACA,
  0x49C7, 0x30E3, 0x3904, 0x6228, 0x8B6C, 0xAC70, 0xC553, 0xDDD5, 0xDE16, 0xD5D5, 0xDE16, 0xD5D4,
  0xCD53, 0xBCB1, 0x9BCD, 0x72CA, 0x4986, 0x28C3, 0x3124, 0x4185, 0x28E3, 0x0841, 0x0841, 0x3123,
  0x4164, 0x0841, 0x0020, 0x0021, 0x1061, 0x1081, 0x0021, 0x0841, 0x1061, 0x0821, 0x1020, 0x28A2,
  0x5144, 0x6185, 0x6185, 0x6165, 0x6144, 0x5923, 0x48E3, 0x4925, 0x4965, 0x4186, 0x49A7, 0x49C8,
  0x49E8, 0x4A09, 0x4A4A, 0x4A6B, 0x42AC, 0x326C, 0x19C9, 0x0905, 0x00A3, 0x0063, 0x0062, 0x0042,
  0x0062, 0x0042, 0x0042, 0x0042, 0x0042, 0x0042, 0x0042, 0x0062, 0x0062, 0x0062, 0x0062, 0x0062,
  0x0062, 0x0083, 0x00A3, 0x00A3, 0x00A3, 0x00A3, 0x0083, 0x0082, 0x0062, 0x0062, 0x0042, 0x0042,
  0x0062, 0x10C3, 0x10C3, 0x21A6, 0x0882, 0x1924, 0x1103, 0x3A8A, 0x3A69, 0x0882, 0x1186, 0x19A7,
  0x1124, 0x1145, 0x1166, 0x0904, 0x1186, 0x08E3, 0x11C6, 0x1145, 0x1145, 0x1166, 0x0925, 0x1166,
  0x1125, 0x21E7, 0x1125, 0x10E4, 0x08E3, 0x0882, 0x0041, 0x0041, 0x0862, 0x0862, 0x0021, 0x0041,
  0x0041, 0x0862, 0x0862, 0x0862, 0x0882, 0x0882, 0x0882, 0x10A3, 0x0882, 0x0042, 0x0021, 0x0042,
  0x0062, 0x0062, 0x0082, 0x0062, 0x0042, 0x0042, 0x0042, 0x0042, 0x0042, 0x0042, 0x0042, 0x0062,
  0x08A3, 0x0905, 0x1168, 0x21E9, 0x320A, 0x3A2A, 0x3A2A, 0x3A2A, 0x3A09, 0x3A09, 0x39E9, 0x39E8,
  0x41A7, 0x3925, 0x4124, 0x4124, 0x30C2, 0x28C2, 0x3903, 0x4144, 0x3944, 0x30E2, 0x1881, 0x0841,
  0x0841, 0x0841, 0x0841, 0x0841, 0x0841, 0x0841, 0x0841, 0x1061, 0x18A2, 0x28E2, 0x3123, 0x3924,
  0x3944, 0x3123, 0x3103, 0x30E3, 0x30E3, 0x4123, 0x5164, 0x69C4, 0x7A05, 0x8205, 0x8205, 0x8204,
  0x81E4, 0x79C4, 0x79C4, 0x79C3, 0x71A3, 0x7183, 0x6163, 0x5122, 0x48E2, 0x38C1, 0x38C1, 0x40C2,
  0x5102, 0x5102, 0x5101, 0x50E1, 0x48C1, 0x40A1, 0x3880, 0x3860, 0x3040, 0x2820, 0x2800, 0x3061,
  0x38C2, 0x3061, 0x38C2, 0x38C2, 0x3881, 0x40A2, 0x48E2, 0x4923, 0x4923, 0x5143, 0x5964, 0x5964,
  0xCAA4, 0xDC8D, 0xEE14, 0xF697, 0xEE77, 0xAC70, 0x5209, 0x62AA, 0xAC90, 0x838C, 0x3144, 0x2944,
  0x7B2B, 0xB470, 0x9BEE, 0x6A89, 0x4165, 0x28E3, 0x28A2, 0x28C2, 0x28E3, 0x30E3, 0x30E3, 0x28C3,
  0x20A2, 0x28A2, 0x3103, 0x51E6, 0x72A9, 0x72A9, 0x4185, 0x1061, 0x0021, 0x1882, 0x49C5, 0x3103,
  0x0841, 0x0021, 0x0021, 0x20C2, 0x3944, 0x0841, 0x0021, 0x0021, 0x0821, 0x30C2, 0x5964, 0x6185,
  0x6984, 0x6184, 0x6164, 0x6144, 0x5103, 0x48E3, 0x4945, 0x4966, 0x4986, 0x49A7, 0x49E8, 0x4A09,
  0x4A4A, 0x528B, 0x52CD, 0x534F, 0x4B50, 0x32AD, 0x19A8, 0x08E5, 0x0083, 0x0062, 0x0062, 0x0042,
  0x0042, 0x0042, 0x0042, 0x0042, 0x0042, 0x0062, 0x0042, 0x0042, 0x0063, 0x0062, 0x0062, 0x0062,
  0x0083, 0x00A3, 0x00A3, 0x00A4, 0x00A4, 0x00A3, 0x00A3, 0x0083, 0x0062, 0x0062, 0x0062, 0x0062,
  0x3208, 0x18E4, 0x2186, 0x2186, 0x2186, 0x10C3, 0x2165, 0x3249, 0x42AA, 0x10E3, 0x1145, 0x19C7,
  0x1166, 0x0904, 0x1165, 0x0924, 0x1965, 0x08E3, 0x11A6, 0x1145, 0x1145, 0x1166, 0x0924, 0x11A6,
  0x1124, 0x21E8, 0x08E3, 0x1186, 0x11E8, 0x1166, 0x08C3, 0x08A2, 0x08A3, 0x0041, 0x0041, 0x0041,
  0x0862, 0x0862, 0x0862, 0x0882, 0x0882, 0x10A3, 0x10A3, 0x10A3, 0x0882, 0x0042, 0x0021, 0x0021,
  0x0062, 0x0882, 0x0062, 0x0062, 0x0062, 0x0062, 0x0062, 0x0062, 0x0062, 0x0042, 0x0062, 0x0062,
  0x0083, 0x08E5, 0x1147, 0x21C9, 0x322A, 0x3A4A, 0x3A4A, 0x3A4A, 0x422A, 0x422A, 0x4209, 0x4209,
  0x41E9, 0x41C8, 0x4166, 0x4124, 0x4144, 0x38E3, 0x28A2, 0x30C2, 0x3923, 0x4144, 0x3103, 0x1882,
  0x0861, 0x0861, 0x0861, 0x0841, 0x0841, 0x0841, 0x0841, 0x0841, 0x1061, 0x1881, 0x20C2, 0x28C2,
  0x30C2, 0x30C2, 0x38E2, 0x4103, 0x5164, 0x69C4, 0x7A05, 0x8245, 0x8A46, 0x8A45, 0x8A25, 0x8A25,
  0x8204, 0x81E4, 0x79E4, 0x71C4, 0x6983, 0x5943, 0x4902, 0x40C2, 0x38A1, 0x38C2, 0x48E2, 0x5922,
  0x6122, 0x5922, 0x5102, 0x48E1, 0x48C1, 0x40A1, 0x38A1, 0x3880, 0x3840, 0x3040, 0x2820, 0x2820,
  0x2881, 0x30C2, 0x3041, 0x38A2, 0x40E3, 0x38A2, 0x40A2, 0x40C2, 0x5122, 0x5103, 0x5123, 0x59A5,
  0xD40A, 0xE593, 0xEE57, 0xF698, 0xF6D8, 0xF6D9, 0xD594, 0x72EB, 0x3986, 0x6ACB, 0x8B8D, 0x51E7,
  0x1882, 0x3945, 0x7B2B, 0xBCF2, 0xD5D5, 0xD594, 0xBD12, 0x9C50, 0x836C, 0x834B, 0x93AC, 0xA42E,
  0xBCB0, 0xC4D0, 0xAC2D, 0x7AC9, 0x3964, 0x0841, 0x0021, 0x0841, 0x0861, 0x20A2, 0x0841, 0x0021,
  0x0021, 0x0841, 0x28E3, 0x28E3, 0x0821, 0x0020, 0x0821, 0x20A2, 0x5964, 0x69A5, 0x6185, 0x6184,
  0x6984, 0x6164, 0x5944, 0x50E3, 0x4903, 0x4945, 0x4966, 0x4986, 0x49A7, 0x49E8, 0x522A, 0x526B,
  0x52CD, 0x534F, 0x5BF1, 0x6C94, 0x5413, 0x2A8D, 0x1167, 0x08C4, 0x0063, 0x0062, 0x0042, 0x0042,
  0x0042, 0x0042, 0x0042, 0x0042, 0x0042, 0x0062, 0x0062, 0x0062, 0x0062, 0x0063, 0x08E5, 0x00C4,
  0x00A4, 0x00C4, 0x00C4, 0x00A4, 0x00C4, 0x00C4, 0x00A3, 0x0083, 0x0082, 0x08C3, 0x1987, 0x10C3,
  0x3229, 0x21A6, 0x3A49, 0x1945, 0x29E8, 0x10C3, 0x2185, 0x29A6, 0x3A68, 0x31E6, 0x08E3, 0x19E7,
  0x19C6, 0x08E3, 0x1186, 0x1124, 0x1964, 0x10E2, 0x1985, 0x1144, 0x1145, 0x1165, 0x1145, 0x1986,
  0x19A6, 0x19A6, 0x08C3, 0x11C7, 0x11E8, 0x0925, 0x1186, 0x19C7, 0x1125, 0x0041, 0x0862, 0x0842,
  0x0882, 0x0062, 0x0882, 0x0882, 0x10A2, 0x10A3, 0x08A3, 0x08A3, 0x08A3, 0x0862, 0x0042, 0x0021,
  0x0021, 0x0042, 0x0062, 0x0082, 0x0882, 0x0062, 0x0082, 0x0062, 0x0062, 0x0062, 0x0062, 0x0062,
  0x0083, 0x08C4, 0x1126, 0x19A9, 0x2A2A, 0x3A4B, 0x3A6B, 0x424B, 0x424B, 0x424A, 0x422A, 0x422A,
  0x4209, 0x4209, 0x49E9, 0x41A7, 0x3945, 0x4124, 0x4124, 0x3903, 0x30C2, 0x30C2, 0x30E3, 0x28C2,
  0x1881, 0x1081, 0x1061, 0x0861, 0x0861, 0x0861, 0x0841, 0x0841, 0x0841, 0x1061, 0x2081, 0x28C2,
  0x3923, 0x4964, 0x61A4, 0x69C5, 0x7205, 0x8225, 0x8A46, 0x8A66, 0x8A66, 0x8A45, 0x8A45, 0x8225,
  0x8204, 0x79C4, 0x69A4, 0x6163, 0x5122, 0x40E2, 0x38C2, 0x30A2, 0x38E2, 0x5123, 0x5943, 0x6143,
  0x5942, 0x5122, 0x4902, 0x48E1, 0x40C1, 0x40A1, 0x40A1, 0x4081, 0x3880, 0x3840, 0x3020, 0x2820,
  0x2820, 0x30A1, 0x38C2, 0x40E2, 0x40A2, 0x4944, 0x4944, 0x5185, 0x5985, 0x59A5, 0x61C5, 0x5984,
  0xDD71, 0xE635, 0xEE97, 0xF6B8, 0xF6D9, 0xF6D9, 0xF6F9, 0xEE98, 0xB4B1, 0x6A8A, 0x3966, 0x3966,
  0x2905, 0x1883, 0x1061, 0x1061, 0x20E2, 0x49C5, 0x6A88, 0x7B0A, 0x8B8C, 0x9C2E, 0x8BCD, 0x7B0B,
  0x5207, 0x2904, 0x1062, 0x0841, 0x0041, 0x0841, 0x0841, 0x0841, 0x0841, 0x0841, 0x0841, 0x0021,
  0x0021, 0x0841, 0x0841, 0x0020, 0x0021, 0x0841, 0x4103, 0x61A5, 0x69A5, 0x69A5, 0x6985, 0x6984,
  0x6164, 0x5943, 0x50E3, 0x4904, 0x4945, 0x4966, 0x4987, 0x49C7, 0x51E8, 0x524A, 0x52AC, 0x5B2E,
  0x6390, 0x6432, 0x7515, 0x7557, 0x4BF2, 0x224C, 0x1127, 0x00A3, 0x0062, 0x0062, 0x0042, 0x0042,
  0x0042, 0x0042, 0x0042, 0x0062, 0x0062, 0x0062, 0x0063, 0x0063, 0x0083, 0x0083, 0x1A4B, 0x0967,
  0x00A4, 0x00C4, 0x00E5, 0x00C4, 0x00C4, 0x00C4, 0x00C3, 0x00A3, 0x1105, 0x2A28, 0x42EB, 0x21A6,
  0x2165, 0x3A89, 0x2165, 0x21A6, 0x2165, 0x2165, 0x29A6, 0x1903, 0x4268, 0x3A89, 0x08A2, 0x19C6,
  0x21C6, 0x08E3, 0x1965, 0x1944, 0x1923, 0x18E2, 0x1964, 0x1944, 0x1944, 0x1923, 0x1944, 0x1103,
  0x2206, 0x08E3, 0x0925, 0x11C7, 0x0966, 0x0945, 0x19A6, 0x19C7, 0x08A3, 0x08C3, 0x0904, 0x08E4,
  0x0842, 0x0862, 0x0882, 0x08A3, 0x10A3, 0x08C3, 0x0882, 0x08A3, 0x10A3, 0x08A3, 0x0042, 0x0021,
  0x0021, 0x0021, 0x0062, 0x0082, 0x0882, 0x0883, 0x0062, 0x0062, 0x0062, 0x0062, 0x0062, 0x0062,
  0x0083, 0x08A4, 0x0905, 0x1988, 0x2A0A, 0x326B, 0x3A8B, 0x428B, 0x426B, 0x426B, 0x424A, 0x424A,
  0x424A, 0x422A, 0x4209, 0x4209, 0x41C8, 0x4166, 0x3924, 0x4124, 0x4144, 0x3903, 0x38E3, 0x38E3,
  0x30E2, 0x28C2, 0x1882, 0x1061, 0x1061, 0x0861, 0x0861, 0x0841, 0x0841, 0x0840, 0x1861, 0x28A2,
  0x3923, 0x5164, 0x59C4, 0x69E5, 0x7205, 0x7A25, 0x7A25, 0x7A05, 0x7A05, 0x7A05, 0x79E5, 0x69C4,
  0x6184, 0x5963, 0x5143, 0x4102, 0x38C2, 0x30A1, 0x38C2, 0x4922, 0x5963, 0x5963, 0x5943, 0x5122,
  0x5102, 0x4902, 0x48E2, 0x48E2, 0x48E1, 0x48E1, 0x48C1, 0x48A1, 0x48A1, 0x4061, 0x3840, 0x2820,
  0x2820, 0x2840, 0x3881, 0x3040, 0x3881, 0x3881, 0x3881, 0x38A1, 0x48E2, 0x48E2, 0x5123, 0x5964,
  0x9BAC, 0xE5F4, 0xF697, 0xF6B8, 0xF6D9, 0xF6D9, 0xF6D9, 0xF6F9, 0xF6F9, 0xEE98, 0xC553, 0x8B8D,
  0x49E7, 0x2905, 0x18A3, 0x18A3, 0x20A3, 0x1882, 0x1062, 0x0841, 0x0821, 0x0820, 0x0820, 0x0821,
  0x0821, 0x0841, 0x0821, 0x0821, 0x0821, 0x0021, 0x0841, 0x0882, 0x0882, 0x0841, 0x0021, 0x0020,
  0x0021, 0x0021, 0x0021, 0x0841, 0x1062, 0x5164, 0x69C5, 0x69A5, 0x69A5, 0x6985, 0x6984, 0x6164,
  0x6123, 0x50E3, 0x5104, 0x4945, 0x4966, 0x49A7, 0x49C8, 0x5209, 0x524A, 0x5AED, 0x6390, 0x6C32,
  0x6C73, 0x74F5, 0x8597, 0x7557, 0x43B1, 0x1A0B, 0x0906, 0x0083, 0x0062, 0x0062, 0x0042, 0x0062,
  0x0062, 0x0042, 0x0042, 0x0062, 0x0062, 0x0062, 0x0063, 0x00C5, 0x09E9, 0x0946, 0x09A8, 0x0926,
  0x00C5, 0x00E5, 0x00E5, 0x00E5, 0x00E5, 0x00E4, 0x00E4, 0x0925, 0x1145, 0x21E8, 0x32CA, 0x3ACB,
  0x1904, 0x29A6, 0x29C6, 0x3248, 0x2145, 0x2186, 0x18E3, 0x2144, 0x4289, 0x3A69, 0x10C3, 0x21A5,
  0x21A5, 0x10E3, 0x1964, 0x1944, 0x1923, 0x1903, 0x1944, 0x2144, 0x1943, 0x1903, 0x2164, 0x1903,
  0x21C5, 0x08A2, 0x1186, 0x11A7, 0x0945, 0x1165, 0x21E7, 0x1166, 0x0062, 0x1125, 0x11C8, 0x1A08,
  0x08C4, 0x0882, 0x0882, 0x10C3, 0x08A3, 0x0882, 0x08A3, 0x10C3, 0x10C3, 0x10A3, 0x0062, 0x0042,
  0x0041, 0x0021, 0x0021, 0x0062, 0x08A3, 0x0883, 0x0883, 0x0883, 0x0062, 0x0062, 0x0062, 0x0062,
  0x0082, 0x08A3, 0x08E5, 0x1167, 0x21EA, 0x326B, 0x3A8C, 0x42AC, 0x428C, 0x428B, 0x428B, 0x426B,
  0x426A, 0x424A, 0x422A, 0x422A, 0x4209, 0x41E8, 0x41A8, 0x4145, 0x4104, 0x4944, 0x4944, 0x4944,
  0x4944, 0x4944, 0x30E3, 0x1061, 0x0861, 0x0861, 0x0861, 0x1082, 0x1082, 0x1061, 0x1041, 0x1061,
  0x1860, 0x2881, 0x30A2, 0x38C2, 0x4103, 0x4923, 0x4923, 0x4943, 0x4943, 0x4943, 0x4923, 0x4923,
  0x4103, 0x30E2, 0x30C2, 0x28C2, 0x30C2, 0x4123, 0x5143, 0x5943, 0x5143, 0x4922, 0x4902, 0x40E2,
  0x48E2, 0x4902, 0x5102, 0x5902, 0x5902, 0x5902, 0x50E1, 0x50C1, 0x48A1, 0x48A1, 0x3860, 0x3040,
  0x2820, 0x2820, 0x3081, 0x3040, 0x3061, 0x38C1, 0x38A1, 0x38A1, 0x40C2, 0x48E2, 0x4923, 0x5123,
  0x1082, 0x3924, 0x8B2B, 0xD594, 0xF6B8, 0xF6F9, 0xF6F9, 0xF6F9, 0xF6F9, 0xF6F9, 0xF6F9, 0xEED9,
  0xDE37, 0xBCF2, 0x834C, 0x49C7, 0x28E4, 0x20C3, 0x20E4, 0x18C3, 0x10A3, 0x1082, 0x0862, 0x0841,
  0x0841, 0x1041, 0x18A2, 0x2903, 0x3984, 0x49A5, 0x3144, 0x1062, 0x0021, 0x0021, 0x0020, 0x0021,
  0x0041, 0x0041, 0x1082, 0x18A2, 0x5964, 0x71A5, 0x69A5, 0x6985, 0x6984, 0x6984, 0x6964, 0x6123,
  0x50C3, 0x5124, 0x5145, 0x4966, 0x49A7, 0x51E8, 0x5209, 0x526B, 0x5B0E, 0x6C11, 0x7CB4, 0x7D15,
  0x74D5, 0x7D36, 0x8598, 0x64F6, 0x3350, 0x19A9, 0x08C5, 0x0083, 0x0062, 0x0062, 0x0062, 0x0062,
  0x0062, 0x0042, 0x0062, 0x0062, 0x0062, 0x0083, 0x1146, 0x11E9, 0x0A6C, 0x0A2B, 0x0927, 0x00E5,
  0x00C4, 0x00E5, 0x0106, 0x0105, 0x0106, 0x0126, 0x09C8, 0x1A6B, 0x1987, 0x1125, 0x2A49, 0x430B,
  0x3A69, 0x1924, 0x3A28, 0x29E6, 0x29E6, 0x2986, 0x1903, 0x29A6, 0x29C6, 0x3A89, 0x1944, 0x1965,
  0x1985, 0x10E3, 0x1944, 0x1944, 0x1943, 0x1923, 0x1964, 0x2143, 0x2143, 0x1923, 0x2164, 0x1944,
  0x1943, 0x08E3, 0x11A6, 0x1185, 0x1165, 0x1986, 0x19E7, 0x08A2, 0x1125, 0x1186, 0x224A, 0x1186,
  0x1124, 0x1145, 0x1125, 0x10C4, 0x0062, 0x08A3, 0x10C4, 0x10C4, 0x10E4, 0x10C3, 0x0883, 0x0042,
  0x0042, 0x0042, 0x0021, 0x0042, 0x0882, 0x0883, 0x0883, 0x0883, 0x0883, 0x0062, 0x0082, 0x0062,
  0x0062, 0x0883, 0x08C4, 0x1147, 0x19C9, 0x2A4B, 0x3AAC, 0x42AC, 0x42AC, 0x4AAC, 0x4AAC, 0x4A8C,
  0x4A8B, 0x4A6B, 0x4A4A, 0x424A, 0x422A, 0x4209, 0x41E9, 0x41E8, 0x49A7, 0x4104, 0x4903, 0x5144,
  0x5164, 0x5164, 0x4944, 0x28C2, 0x1061, 0x0841, 0x0841, 0x0861, 0x1081, 0x20A2, 0x20A1, 0x28A1,
  0x28C1, 0x20A1, 0x2081, 0x2061, 0x2081, 0x2081, 0x28A2, 0x28C2, 0x30E2, 0x30E2, 0x28C2, 0x20C2,
  0x20A2, 0x20A2, 0x28C2, 0x3903, 0x4143, 0x4943, 0x4923, 0x4103, 0x4102, 0x4102, 0x4102, 0x4902,
  0x5122, 0x5922, 0x6142, 0x6142, 0x6122, 0x5922, 0x5901, 0x50E1, 0x50C1, 0x48A1, 0x4081, 0x3860,
  0x3040, 0x2840, 0x3060, 0x3061, 0x3040, 0x3061, 0x38A2, 0x38A1, 0x40C2, 0x40C2, 0x5103, 0x5923,
  0x18C3, 0x0862, 0x0862, 0x18A2, 0x51E6, 0x9BCD, 0xD594, 0xEE97, 0xF6D8, 0xF6D8, 0xF6D9, 0xF6D9,
  0xEED9, 0xEED8, 0xEED8, 0xEE76, 0xDDB4, 0xA40E, 0x6248, 0x2924, 0x20E3, 0x3944, 0x7268, 0x934B,
  0xA3ED, 0xA3CC, 0x7288, 0x4143, 0x4143, 0x1881, 0x0020, 0x0020, 0x0020, 0x0020, 0x0841, 0x0862,
  0x0882, 0x18A2, 0x1061, 0x5164, 0x71A5, 0x71A5, 0x7184, 0x6985, 0x6964, 0x6964, 0x6123, 0x50C3,
  0x5124, 0x5165, 0x5186, 0x51A7, 0x51E8, 0x522A, 0x5A8B, 0x632E, 0x6C32, 0x7D15, 0x8577, 0x8556,
  0x7CF6, 0x7D57, 0x7D77, 0x5C95, 0x2AEE, 0x1188, 0x08C4, 0x0063, 0x0062, 0x0062, 0x0062, 0x0062,
  0x0062, 0x0042, 0x0062, 0x0062, 0x0083, 0x1167, 0xA618, 0x1A2A, 0x0A8C, 0x0A4B, 0x0967, 0x00C4,
  0x00E5, 0x0105, 0x0126, 0x0147, 0x0126, 0x0167, 0x09A9, 0x22ED, 0x22AB, 0x1986, 0x1105, 0x3269,
  0x42EB, 0x29C7, 0x29A6, 0x29C6, 0x4269, 0x2165, 0x2185, 0x1965, 0x1104, 0x3289, 0x2A48, 0x1165,
  0x19A6, 0x0904, 0x1103, 0x1123, 0x1923, 0x1943, 0x1964, 0x1943, 0x2143, 0x1923, 0x1943, 0x21A4,
  0x10E2, 0x1185, 0x1185, 0x1985, 0x1144, 0x19C6, 0x1124, 0x1104, 0x11A6, 0x2249, 0x11A7, 0x0925,
  0x1987, 0x224A, 0x19E9, 0x08E4, 0x08E4, 0x08C4, 0x10E4, 0x10C4, 0x10E4, 0x10E4, 0x08A3, 0x0062,
  0x0062, 0x0042, 0x0042, 0x0021, 0x0042, 0x0883, 0x08A3, 0x0883, 0x0883, 0x0883, 0x0883, 0x0082,
  0x0083, 0x0883, 0x08C4, 0x1126, 0x19A9, 0x2A4B, 0x3AAC, 0x42CD, 0x4ACD, 0x4ACD, 0x4ACC, 0x4AAC,
  0x4AAC, 0x4A8C, 0x4A8B, 0x4A6B, 0x4A4A, 0x422A, 0x4229, 0x4209, 0x49E9, 0x49C8, 0x4166, 0x4103,
  0x4924, 0x5164, 0x5164, 0x4944, 0x2081, 0x0841, 0x0841, 0x0841, 0x0841, 0x1081, 0x18A2, 0x20A2,
  0x30E2, 0x3902, 0x3903, 0x4123, 0x4123, 0x4144, 0x4164, 0x3944, 0x3944, 0x3103, 0x28E3, 0x20C2,
  0x20A2, 0x20C2, 0x30E3, 0x3903, 0x3903, 0x3903, 0x38E2, 0x40E2, 0x4902, 0x5122, 0x5943, 0x6163,
  0x6983, 0x7183, 0x6963, 0x6962, 0x6142, 0x5922, 0x5902, 0x50E1, 0x48C1, 0x40C1, 0x40A1, 0x3880,
  0x3060, 0x3020, 0x3040, 0x3061, 0x3040, 0x3040, 0x38A1, 0x38C2, 0x40A1, 0x48C2, 0x48E2, 0x50E2,
  0x6269, 0x3125, 0x18A3, 0x1062, 0x0862, 0x1061, 0x1882, 0x3944, 0x6ACA, 0x9C2F, 0xC553, 0xD5F5,
  0xDE37, 0xDE16, 0xD574, 0xA450, 0x72CA, 0x5A48, 0x7B4B, 0xAC2E, 0xC4F0, 0xC4F0, 0xAC6E, 0x8309,
  0x4984, 0x1081, 0x0841, 0x1881, 0x0841, 0x0021, 0x0020, 0x0021, 0x0841, 0x0862, 0x0862, 0x0883,
  0x10A2, 0x1041, 0x4123, 0x71C5, 0x71A5, 0x7184, 0x7165, 0x6964, 0x6944, 0x6103, 0x50E3, 0x5124,
  0x5145, 0x5186, 0x51C7, 0x5209, 0x5A6A, 0x5AAB, 0x630E, 0x6BF1, 0x7CD5, 0x8D77, 0x8D97, 0x8557,
  0x7D16, 0x7D57, 0x7557, 0x5433, 0x228D, 0x1147, 0x08A4, 0x0063, 0x0062, 0x0062, 0x0062, 0x0062,
  0x0062, 0x0062, 0x0062, 0x0083, 0x1105, 0x430D, 0xCF1C, 0x1A4B, 0x0A4B, 0x0968, 0x0906, 0x0926,
  0x0906, 0x0106, 0x0147, 0x0967, 0x09C9, 0x0A0A, 0x09E9, 0x0988, 0x22ED, 0x22EC, 0x19E7, 0x19A6,
  0x32CA, 0x3AAA, 0x1924, 0x21C6, 0x2208, 0x432D, 0x43B0, 0x4C32, 0x4C53, 0x4C33, 0x4413, 0x3BF3,
  0x3BD2, 0x33B2, 0x3371, 0x22EE, 0x1A2B, 0x11A8, 0x1145, 0x1145, 0x1144, 0x1144, 0x1144, 0x21A5,
  0x10E3, 0x11A5, 0x1144, 0x1964, 0x19A5, 0x1985, 0x08C2, 0x1185, 0x1A28, 0x19C7, 0x1145, 0x0945,
  0x1A49, 0x1A4A, 0x1187, 0x120A, 0x11A8, 0x0926, 0x08C4, 0x10E4, 0x10E4, 0x18E4, 0x08C4, 0x0083,
  0x0062, 0x0062, 0x0042, 0x0021, 0x0021, 0x0062, 0x08A3, 0x08A3, 0x08A3, 0x0883, 0x0883, 0x0882,
  0x0083, 0x0883, 0x08A4, 0x0905, 0x1988, 0x2A2B, 0x3AAD, 0x42ED, 0x4AED, 0x4AED, 0x4AED, 0x4ACD,
  0x4ACC, 0x4ACC, 0x4AAC, 0x4A8B, 0x4A6B, 0x4A4A, 0x4A4A, 0x4A29, 0x4209, 0x41E8, 0x49C8, 0x49A7,
  0x4925, 0x4903, 0x4944, 0x5164, 0x4123, 0x2081, 0x0841, 0x0841, 0x0841, 0x0041, 0x0841, 0x0861,
  0x1061, 0x2082, 0x28C2, 0x30E3, 0x3903, 0x3923, 0x3923, 0x3103, 0x28E3, 0x20C2, 0x1882, 0x1882,
  0x18A2, 0x20A2, 0x28C2, 0x30E3, 0x30E3, 0x4103, 0x4923, 0x5143, 0x6183, 0x71A3, 0x79A4, 0x79C4,
  0x71A3, 0x7183, 0x6963, 0x6142, 0x5922, 0x5102, 0x48E2, 0x48E2, 0x40E2, 0x40C1, 0x40A1, 0x40A1,
  0x3860, 0x3040, 0x3020, 0x3881, 0x40E2, 0x40C2, 0x40A1, 0x40C2, 0x40C2, 0x48E2, 0x48E2, 0x5102,
  0xEE56, 0xBD32, 0x72EA, 0x3945, 0x18A3, 0x1062, 0x0842, 0x0862, 0x0842, 0x0841, 0x1041, 0x1882,
  0x20A2, 0x20A2, 0x20A2, 0x20E3, 0x41A6, 0x5A27, 0x49E6, 0x3985, 0x2903, 0x1882, 0x0841, 0x0820,
  0x0821, 0x0821, 0x0021, 0x0021, 0x0821, 0x0041, 0x0862, 0x0882, 0x0861, 0x0861, 0x0862, 0x1061,
  0x20A2, 0x1861, 0x69A4, 0x71A4, 0x7185, 0x6964, 0x6944, 0x6943, 0x60E3, 0x58E3, 0x5124, 0x5145,
  0x5186, 0x51C7, 0x5A29, 0x5AAC, 0x62ED, 0x630D, 0x638F, 0x7453, 0x8536, 0x8D97, 0x8D97, 0x8557,
  0x7D16, 0x7D36, 0x6D16, 0x43F2, 0x224C, 0x1126, 0x00A4, 0x0063, 0x0062, 0x0062, 0x0063, 0x0062,
  0x0062, 0x0062, 0x0063, 0x00A3, 0x19A7, 0x538F, 0xDF9E, 0x224B, 0x0106, 0x00E5, 0x0126, 0x0127,
  0x0168, 0x0188, 0x0967, 0x09A8, 0x0A0A, 0x0A2A, 0x0A2A, 0x09C9, 0x0967, 0x22AB, 0x1A8B, 0x19C7,
  0x1986, 0x2A49, 0x3B0C, 0x4C12, 0x5CF6, 0x5495, 0x4C54, 0x4413, 0x3BF2, 0x3BB2, 0x3391, 0x3371,
  0x2B50, 0x2B30, 0x2B30, 0x2B30, 0x2B30, 0x2330, 0x1AEF, 0x122B, 0x0967, 0x0945, 0x0965, 0x1144,
  0x1185, 0x1185, 0x1165, 0x1144, 0x19C6, 0x10E3, 0x1185, 0x19A6, 0x2249, 0x1165, 0x0944, 0x2249,
  0x228A, 0x1186, 0x122A, 0x12AD, 0x1AEE, 0x09A8, 0x08E4, 0x10E4, 0x10E4, 0x1904, 0x10E4, 0x0083,
  0x0883, 0x0042, 0x0042, 0x0022, 0x0022, 0x0042, 0x0883, 0x08A3, 0x08A3, 0x08A3, 0x0883, 0x0883,
  0x0883, 0x0883, 0x08A3, 0x08E5, 0x1167, 0x220A, 0x32AD, 0x42ED, 0x4B0D, 0x4B0D, 0x530D, 0x530D,
  0x52ED, 0x52ED, 0x52CC, 0x4AAC, 0x4AAB, 0x4A8B, 0x4A6A, 0x4A4A, 0x4A29, 0x4A09, 0x49E8, 0x49C8,
  0x49A7, 0x4966, 0x4903, 0x5124, 0x5164, 0x4123, 0x1061, 0x0841, 0x0841, 0x0841, 0x0841, 0x0041,
  0x0041, 0x0041, 0x0841, 0x0841, 0x1061, 0x1061, 0x1061, 0x0841, 0x0841, 0x0861, 0x1062, 0x18A2,
  0x20C2, 0x28E3, 0x3903, 0x4123, 0x4943, 0x5184, 0x61A4, 0x69C4, 0x69C4, 0x69C4, 0x6983, 0x6163,
  0x6143, 0x5943, 0x5922, 0x5122, 0x4902, 0x4902, 0x48E2, 0x48E2, 0x48E2, 0x48E1, 0x48C1, 0x48A1,
  0x4081, 0x3860, 0x3040, 0x2820, 0x3040, 0x3040, 0x40A1, 0x3881, 0x40A1, 0x40A1, 0x48C2, 0x50E2,
  0xF6D8, 0xF6D9, 0xF6B8, 0xD5D5, 0xA42F, 0x6269, 0x4165, 0x20C3, 0x1882, 0x1062, 0x1062, 0x1062,
  0x1062, 0x1082, 0x1082, 0x1082, 0x0861, 0x0841, 0x0842, 0x0842, 0x0841, 0x0841, 0x0841, 0x0841,
  0x0821, 0x1061, 0x3123, 0x1081, 0x0862, 0x10C3, 0x0862, 0x0041, 0x0041, 0x0841, 0x1061, 0x38E2,
  0x2061, 0x5123, 0x7184, 0x7184, 0x7164, 0x6964, 0x6923, 0x60E3, 0x58E3, 0x5924, 0x5145, 0x5986,
  0x59C7, 0x5A29, 0x62ED, 0x638F, 0x636F, 0x636F, 0x6BD1, 0x7C94, 0x8556, 0x8D97, 0x8D98, 0x8577,
  0x7D16, 0x74F5, 0x64B5, 0x3B91, 0x1A0B, 0x1106, 0x0883, 0x0063, 0x0062, 0x0062, 0x0083, 0x0062,
  0x0063, 0x0083, 0x08E4, 0x00A4, 0x19A8, 0x538F, 0xDF7E, 0x19C8, 0x00E5, 0x0106, 0x0147, 0x0188,
  0x0188, 0x09C9, 0x0A4B, 0x0A4C, 0x0A2A, 0x0A2A, 0x11E9, 0x122A, 0x09C9, 0x0967, 0x1A29, 0x1A08,
  0x224A, 0x5473, 0x6DF9, 0x6DD9, 0x6537, 0x5454, 0x4413, 0x3BD2, 0x3391, 0x2B51, 0x2B30, 0x230F,
  0x22EF, 0x22CE, 0x22AE, 0x1A8D, 0x1A8D, 0x126D, 0x128D, 0x1AAD, 0x1ACD, 0x1A4B, 0x0987, 0x0945,
  0x0966, 0x0965, 0x1165, 0x1185, 0x1185, 0x1124, 0x1185, 0x19E7, 0x1165, 0x0904, 0x2229, 0x1A28,
  0x1166, 0x11E9, 0x126B, 0x1B0E, 0x12AC, 0x120A, 0x11A8, 0x1105, 0x1104, 0x1904, 0x1104, 0x08A3,
  0x0063, 0x0042, 0x0042, 0x0042, 0x0042, 0x0042, 0x0062, 0x10C4, 0x08A3, 0x08A3, 0x0883, 0x08A3,
  0x0883, 0x0883, 0x08A3, 0x08C4, 0x1147, 0x21EA, 0x328C, 0x42EE, 0x4B0E, 0x532E, 0x532E, 0x532E,
  0x530E, 0x530D, 0x52ED, 0x52CC, 0x52CC, 0x4AAB, 0x4A8B, 0x4A6A, 0x4A4A, 0x4A29, 0x4A09, 0x49E8,
  0x49C8, 0x49A7, 0x4986, 0x4904, 0x5124, 0x5164, 0x3903, 0x1041, 0x0821, 0x0841, 0x0861, 0x0841,
  0x0841, 0x0841, 0x0841, 0x0841, 0x0821, 0x0841, 0x0841, 0x0841, 0x0841, 0x1062, 0x1882, 0x18A2,
  0x28C2, 0x30E3, 0x3903, 0x3923, 0x4143, 0x4943, 0x4943, 0x4943, 0x5123, 0x4923, 0x4903, 0x4903,
  0x4903, 0x4903, 0x5123, 0x5102, 0x5122, 0x5122, 0x5122, 0x5102, 0x5902, 0x58E2, 0x50E1, 0x50C1,
  0x4081, 0x4060, 0x3860, 0x2820, 0x3020, 0x3040, 0x3040, 0x40C1, 0x40C2, 0x40A1, 0x40A1, 0x40A1,
  0xF6D8, 0xF6D9, 0xF6F9, 0xF6F9, 0xF719, 0xEEB8, 0xDDF5, 0xB4D1, 0x8B6C, 0x6248, 0x4965, 0x3103,
  0x28C3, 0x20C3, 0x28C3, 0x3104, 0x2904, 0x20C3, 0x1882, 0x18A2, 0x3964, 0x6247, 0x4164, 0x1061,
  0x51C5, 0x6206, 0x18A2, 0x0882, 0x0882, 0x0841, 0x0021, 0x0041, 0x0861, 0x0861, 0x38C2, 0x5103,
  0x3081, 0x7184, 0x7164, 0x7164, 0x7144, 0x6923, 0x60E3, 0x58E3, 0x5924, 0x5945, 0x5986, 0x59C7,
  0x5A09, 0x62ED, 0x6BD0, 0x7411, 0x6BB0, 0x6BB0, 0x7412, 0x7CB4, 0x8556, 0x8D97, 0x8DB8, 0x8577,
  0x7D16, 0x74F5, 0x6494, 0x3350, 0x19EA, 0x10E5, 0x0083, 0x0063, 0x0062, 0x0063, 0x0083, 0x0083,
  0x0083, 0x0083, 0x08E4, 0x00A4, 0x19C8, 0x42EC, 0xC71C, 0x0946, 0x0106, 0x09A9, 0x0988, 0x0188,
  0x01EA, 0x022B, 0x0A6C, 0x132F, 0x134F, 0x128C, 0x122A, 0x11C8, 0x1229, 0x11C8, 0x1187, 0x330D,
  0x96BC, 0xAF9F, 0xB7BF, 0xB7BF, 0xAF7F, 0x865B, 0x4C54, 0x3391, 0x2B30, 0x22EF, 0x22CE, 0x1AAE,
  0x1A8D, 0x1A6C, 0x122C, 0x120A, 0x11E9, 0x11C9, 0x11A9, 0x11A9, 0x11C9, 0x1A0A, 0x1A6C, 0x11EA,
  0x0946, 0x0966, 0x0965, 0x09A6, 0x0945, 0x1186, 0x19C7, 0x1185, 0x1104, 0x21E7, 0x2208, 0x1166,
  0x1209, 0x1A8B, 0x1AED, 0x12AC, 0x0A6B, 0x12AC, 0x124B, 0x1187, 0x1125, 0x1925, 0x1905, 0x08C4,
  0x0083, 0x0062, 0x0042, 0x0042, 0x0042, 0x0042, 0x0082, 0x2124, 0x10E4, 0x08A3, 0x08A3, 0x08A3,
  0x0883, 0x0883, 0x08A3, 0x08C4, 0x1126, 0x19C9, 0x328C, 0x42EE, 0x4B2E, 0x532E, 0x532E, 0x532E,
  0x532E, 0x532E, 0x530D, 0x530D, 0x52ED, 0x52CC, 0x4AAC, 0x4A8B, 0x4A6B, 0x4A4A, 0x4A29, 0x4A09,
  0x4A08, 0x49E8, 0x49A7, 0x4987, 0x4924, 0x5124, 0x5144, 0x30A2, 0x1041, 0x0021, 0x0841, 0x0861,
  0x0841, 0x0841, 0x1881, 0x20A1, 0x1881, 0x20A1, 0x28C2, 0x28C2, 0x28C2, 0x28C2, 0x28C2, 0x28C2,
  0x28C2, 0x28C2, 0x28E3, 0x30E3, 0x38E2, 0x38E2, 0x38E3, 0x4103, 0x4103, 0x4903, 0x4902, 0x4923,
  0x5123, 0x5943, 0x5943, 0x6143, 0x6163, 0x6963, 0x6942, 0x6942, 0x6122, 0x6102, 0x58E1, 0x50C1,
  0x50A1, 0x4081, 0x4060, 0x3040, 0x3020, 0x3840, 0x3040, 0x3860, 0x40C2, 0x40A2, 0x40A1, 0x48E2,
  0xF6D9, 0xF6F9, 0xF6F9, 0xF6F9, 0xF6F9, 0xF6F9, 0xF6F9, 0xF6F9, 0xF6F8, 0xEEB8, 0xE636, 0xD5B5,
  0xC532, 0xBCB0, 0xAC4F, 0xAC2E, 0xA40D, 0xA40D, 0xB44C, 0xC48D, 0x934A, 0x3923, 0x30E3, 0x6A47,
  0x4144, 0x0841, 0x0862, 0x0841, 0x0021, 0x0020, 0x0020, 0x1881, 0x2082, 0x1841, 0x6984, 0x2040,
  0x6943, 0x7963, 0x7163, 0x7143, 0x7123, 0x60C2, 0x58E3, 0x5924, 0x5945, 0x5986, 0x59C7, 0x5A09,
  0x62AB, 0x6BB0, 0x7452, 0x7432, 0x73D1, 0x73D1, 0x7432, 0x7CD5, 0x8556, 0x8DB8, 0x8DB8, 0x8597,
  0x8557, 0x74F6, 0x5C74, 0x2B2F, 0x19C9, 0x08E5, 0x0083, 0x0083, 0x0062, 0x0083, 0x0083, 0x0063,
  0x0083, 0x00A3, 0x08C4, 0x0905, 0x19C8, 0x326B, 0x9DD7, 0x0906, 0x0127, 0x09A9, 0x09EA, 0x09EB,
  0x09EB, 0x0A6C, 0x0B0F, 0x0B0E, 0x1390, 0x1BB0, 0x1B0D, 0x0A2A, 0x11E9, 0x11E9, 0x2A8B, 0x9EFC,
  0xC7BF, 0xD7DF, 0xDFDF, 0xDFDF, 0xC7DF, 0xB79F, 0x8E7B, 0x3B91, 0x2AEF, 0x228E, 0x1A6D, 0x1A2C,
  0x120B, 0x11C9, 0x1147, 0x08C4, 0x0862, 0x0041, 0x0021, 0x0020, 0x0021, 0x0841, 0x0882, 0x1105,
  0x11A8, 0x0966, 0x0966, 0x0965, 0x0986, 0x11C6, 0x11A6, 0x1124, 0x19E7, 0x21E7, 0x1145, 0x1208,
  0x128A, 0x1AAC, 0x128B, 0x124B, 0x0A4B, 0x126C, 0x12CC, 0x1B2F, 0x1A4B, 0x1925, 0x1905, 0x10C4,
  0x00A3, 0x0063, 0x0062, 0x0063, 0x0083, 0x0063, 0x0883, 0x3165, 0x2945, 0x08C4, 0x08A3, 0x08A3,
  0x0883, 0x0883, 0x0883, 0x08C4, 0x1106, 0x19A9, 0x2A6C, 0x42EE, 0x4B2E, 0x534E, 0x534E, 0x5B4F,
  0x5B4F, 0x534E, 0x532E, 0x530E, 0x530D, 0x52ED, 0x52CC, 0x52AC, 0x528B, 0x528B, 0x4A4A, 0x4A29,
  0x4A29, 0x49E8, 0x49C8, 0x49A7, 0x49A6, 0x4945, 0x4923, 0x4923, 0x28A2, 0x0821, 0x0020, 0x0861,
  0x1062, 0x0020, 0x1041, 0x38E2, 0x4122, 0x30A1, 0x4943, 0x5963, 0x5963, 0x5964, 0x5163, 0x5143,
  0x5143, 0x5143, 0x4943, 0x5143, 0x5143, 0x5143, 0x5163, 0x5963, 0x6184, 0x6184, 0x69A4, 0x71A4,
  0x71A4, 0x71C4, 0x79A3, 0x79A3, 0x7183, 0x7183, 0x7162, 0x6942, 0x6942, 0x6922, 0x6101, 0x58E1,
  0x58E1, 0x50A0, 0x4060, 0x4060, 0x3020, 0x3840, 0x3840, 0x3040, 0x3881, 0x48E2, 0x40A1, 0x40C1,
  0xF6F9, 0xFEF9, 0xFEF9, 0xFEF9, 0xFEF9, 0xF6F9, 0xF6F9, 0xF6F9, 0xF6D9, 0xF6D9, 0xF6D8, 0xF6B8,
  0xF6B7, 0xF697, 0xF676, 0xEE55, 0xEE14, 0xE591, 0xABCB, 0x4963, 0x20C2, 0x6247, 0x5A06, 0x1882,
  0x0862, 0x0861, 0x0041, 0x0021, 0x0021, 0x0820, 0x1861, 0x38C2, 0x1020, 0x5943, 0x30A1, 0x40E2,
  0x7963, 0x7943, 0x7123, 0x7102, 0x60C2, 0x58E3, 0x5924, 0x5945, 0x5986, 0x59C7, 0x6208, 0x626A,
  0x6B0D, 0x7411, 0x7C93, 0x7C52, 0x7411, 0x7412, 0x7C53, 0x84D5, 0x8D57, 0x95B8, 0x8DB8, 0x8D97,
  0x85B8, 0x7516, 0x5454, 0x2AEF, 0x1988, 0x08C4, 0x0083, 0x0083, 0x0063, 0x0083, 0x0083, 0x0083,
  0x00A3, 0x00C4, 0x0905, 0x1146, 0x0947, 0x1187, 0x32CB, 0x0106, 0x0147, 0x09C9, 0x0989, 0x01EB,
  0x0A4C, 0x0ACE, 0x0B2F, 0x1370, 0x134F, 0x132E, 0x1B8F, 0x1B90, 0x128B, 0x1209, 0x7E19, 0xC7BF,
  0xE7FF, 0xEFFF, 0xF7FF, 0xF7FF, 0xE7DF, 0xCFBF, 0xAF7E, 0x5D16, 0x22AE, 0x1A4C, 0x19EB, 0x11C9,
  0x1126, 0x0882, 0x0020, 0x0000, 0x0000, 0x0000, 0x0000, 0x0000, 0x0000, 0x0000, 0x0000, 0x0000,
  0x0020, 0x08E4, 0x0946, 0x0966, 0x09A7, 0x09A6, 0x1144, 0x19A6, 0x21C6, 0x1144, 0x1208, 0x126A,
  0x1A8B, 0x1A8B, 0x1208, 0x11E9, 0x0A4B, 0x12CD, 0x1B90, 0x1B2F, 0x1A8C, 0x19A7, 0x2125, 0x10E4,
  0x00A4, 0x00A4, 0x00A4, 0x00A4, 0x0083, 0x0083, 0x08A3, 0x3986, 0x41A6, 0x10E4, 0x08A3, 0x08A3,
  0x08A3, 0x0883, 0x0883, 0x08C4, 0x1105, 0x1988, 0x2A4B, 0x42EE, 0x4B2E, 0x534F, 0x5B6F, 0x5B6F,
  0x5B6F, 0x5B6F, 0x5B4E, 0x5B2E, 0x532E, 0x530D, 0x52ED, 0x52CC, 0x52AC, 0x528B, 0x526B, 0x526A,
  0x4A49, 0x4A09, 0x49E8, 0x49C8, 0x49C7, 0x49A7, 0x4965, 0x4903, 0x4103, 0x20A2, 0x0020, 0x0020,
  0x10A2, 0x0841, 0x0020, 0x1861, 0x5163, 0x4102, 0x38C2, 0x6184, 0x69A4, 0x71C4, 0x71C4, 0x71C4,
  0x71C4, 0x71C4, 0x79C4, 0x79E4, 0x79E4, 0x7A05, 0x8225, 0x8225, 0x8225, 0x8A25, 0x8A25, 0x8A24,
  0x81E4, 0x81C4, 0x81C3, 0x79A3, 0x79A3, 0x7983, 0x7182, 0x7182, 0x6942, 0x6942, 0x6122, 0x6101,
  0x50E1, 0x50C1, 0x48A0, 0x4060, 0x3840, 0x3020, 0x3861, 0x3881, 0x3840, 0x40C1, 0x48C2, 0x40A1,
  0xE636, 0xFED8, 0xFF19, 0xFF19, 0xF6F9, 0xF6F9, 0xF6F9, 0xF6D9, 0xF6D8, 0xF6D8, 0xF6B8, 0xF6B7,
  0xEE76, 0xEE34, 0xEDF3, 0xDD71, 0xA3AB, 0x4943, 0x28C3, 0x5227, 0x5227, 0x10A2, 0x0041, 0x0041,
  0x0041, 0x0021, 0x0021, 0x0021, 0x0841, 0x2061, 0x5963, 0x38C2, 0x38C2, 0x4902, 0x3081, 0x7963,
  0x7943, 0x7922, 0x70E2, 0x60A2, 0x60C3, 0x5924, 0x5945, 0x6186, 0x61C7, 0x6229, 0x6A6A, 0x6ACC,
  0x736F, 0x7C52, 0x7C93, 0x7C52, 0x7C32, 0x7C53, 0x7C74, 0x84D5, 0x8D77, 0x8DB8, 0x8D98, 0x8DB8,
  0x8DD8, 0x7537, 0x5433, 0x2ACE, 0x1968, 0x08C4, 0x0083, 0x0083, 0x0063, 0x0083, 0x0083, 0x0083,
  0x00A3, 0x08E5, 0x0926, 0x11A8, 0x0926, 0x0926, 0x0106, 0x0106, 0x0148, 0x09EA, 0x01AA, 0x09EB,
  0x0A6D, 0x0AEF, 0x0B50, 0x13B1, 0x1350, 0x130E, 0x12CD, 0x130E, 0x1B4E, 0x43D0, 0xAF9E, 0xDFDF,
  0xF7FF, 0xFFFF, 0xFFFF, 0xFFFF, 0xF7FF, 0xD7DF, 0xAF9F, 0x7E5B, 0x226D, 0x19EA, 0x1188, 0x08A3,
  0x0000, 0x0000, 0x0000, 0x0000, 0x0000, 0x0000, 0x0000, 0x0000, 0x0000, 0x0000, 0x0000, 0x0000,
  0x0000, 0x0000, 0x00C3, 0x0166, 0x0187, 0x09A6, 0x11A6, 0x11C6, 0x1165, 0x1208, 0x1249, 0x1AAB,
  0x124A, 0x1187, 0x124A, 0x126B, 0x122A, 0x12ED, 0x1B2F, 0x1ACD, 0x122A, 0x1A4B, 0x19A8, 0x1105,
  0x00E5, 0x00C5, 0x00C5, 0x00C4, 0x00A4, 0x0083, 0x0083, 0x3986, 0x4A07, 0x2125, 0x08A3, 0x08A3,
  0x08A3, 0x0883, 0x08A3, 0x08A4, 0x1105, 0x1988, 0x2A4B, 0x3AEE, 0x4B2E, 0x534F, 0x5B6F, 0x5B8F,
  0x5B8F, 0x5B8F, 0x5B6F, 0x5B4F, 0x5B4E, 0x5B2E, 0x5B0D, 0x530D, 0x52EC, 0x52CC, 0x52AB, 0x528B,
  0x526A, 0x5249, 0x4A09, 0x49E8, 0x49C8, 0x49A7, 0x49A7, 0x4965, 0x4124, 0x30E2, 0x1061, 0x0020,
  0x0041, 0x18A3, 0x0821, 0x0020, 0x2060, 0x5963, 0x40C2, 0x40C2, 0x6983, 0x71A4, 0x79C4, 0x79C4,
  0x79C4, 0x81E4, 0x8204, 0x8A25, 0x8A24, 0x8A25, 0x8A45, 0x9245, 0x9245, 0x9245, 0x9245, 0x8A45,
  0x8A24, 0x81E4, 0x81C3, 0x81C3, 0x81A3, 0x79A3, 0x7983, 0x7162, 0x7162, 0x7142, 0x6942, 0x6122,
  0x6101, 0x58E1, 0x50C1, 0x4881, 0x4060, 0x3840, 0x3040, 0x4081, 0x3860, 0x3881, 0x4102, 0x48C2,
  0x1082, 0x3986, 0x72EA, 0xA46F, 0xCD53, 0xDE15, 0xEE56, 0xEE97, 0xEE97, 0xF697, 0xEE96, 0xEE35,
  0xD572, 0xAC2D, 0x6A47, 0x3124, 0x3186, 0x3A07, 0x2985, 0x0861, 0x0041, 0x0841, 0x0041, 0x0021,
  0x0021, 0x0841, 0x0861, 0x0841, 0x3081, 0x7984, 0x6183, 0x1861, 0x5123, 0x2040, 0x7143, 0x8143,
  0x7922, 0x70C2, 0x60A2, 0x60C3, 0x6103, 0x6144, 0x6165, 0x61A7, 0x6208, 0x6A8A, 0x6ACC, 0x6B2D,
  0x73D0, 0x7C73, 0x7C73, 0x7C73, 0x8494, 0x84B4, 0x84B4, 0x84F5, 0x8D77, 0x8D97, 0x8D97, 0x95F9,
  0x8DD8, 0x7536, 0x4C33, 0x22AE, 0x1168, 0x08C4, 0x0083, 0x0083, 0x0083, 0x0083, 0x0083, 0x00A3,
  0x00C4, 0x0905, 0x0926, 0x11A8, 0x0926, 0x0126, 0x0127, 0x0147, 0x0188, 0x0A0B, 0x020B, 0x0A0B,
  0x0A6D, 0x0B0F, 0x0B91, 0x0B2F, 0x132E, 0x1B6F, 0x134E, 0x12CD, 0x1ACC, 0x8619, 0xBFDF, 0xF7FF,
  0xFFFF, 0xFFFF, 0xFFFF, 0xFFFF, 0xFFFF, 0xE7FF, 0xB7BF, 0x8EFD, 0x2A8C, 0x1946, 0x0041, 0x0000,
  0x0000, 0x0000, 0x0000, 0x0000, 0x0000, 0x0000, 0x0000, 0x0000, 0x0000, 0x0000, 0x0000, 0x0000,
  0x0000, 0x0000, 0x0000, 0x00E4, 0x0187, 0x09A6, 0x09A6, 0x0965, 0x11E7, 0x11E7, 0x1A49, 0x09E7,
  0x0987, 0x1209, 0x09A7, 0x1209, 0x12AD, 0x130E, 0x126B, 0x124A, 0x12EE, 0x0ACD, 0x12EE, 0x19A7,
  0x0906, 0x0106, 0x00E5, 0x00A3, 0x0063, 0x0063, 0x0083, 0x3986, 0x5227, 0x3165, 0x08C3, 0x08A3,
  0x08A3, 0x0883, 0x08A3, 0x08A3, 0x10E5, 0x1167, 0x222B, 0x3AED, 0x4B4E, 0x536F, 0x5B8F, 0x5B8F,
  0x5B8F, 0x5B8F, 0x5B8F, 0x5B8F, 0x5B6F, 0x5B4E, 0x5B2E, 0x5B0D, 0x530D, 0x52EC, 0x52CC, 0x52AB,
  0x528B, 0x524A, 0x5229, 0x5209, 0x49E8, 0x49C7, 0x49A7, 0x4986, 0x4965, 0x4124, 0x28A1, 0x1061,
  0x0020, 0x0862, 0x0861, 0x0840, 0x0820, 0x2061, 0x5123, 0x38A2, 0x40C2, 0x71A4, 0x71A4, 0x79A4,
  0x79C4, 0x81C4, 0x81E4, 0x8204, 0x8A24, 0x8A25, 0x9225, 0x9245, 0x9265, 0x9265, 0x9245, 0x8A45,
  0x9245, 0x8A24, 0x81E3, 0x81C3, 0x81C3, 0x81C3, 0x79A3, 0x7983, 0x7182, 0x7162, 0x6942, 0x6122,
  0x5922, 0x5901, 0x50E1, 0x50C1, 0x4080, 0x4060, 0x3020, 0x3840, 0x3860, 0x3840, 0x4902, 0x48C2,
  0x6AA9, 0x5A07, 0x2903, 0x1062, 0x1062, 0x18A2, 0x28E3, 0x3124, 0x3945, 0x3965, 0x3125, 0x20E3,
  0x18A3, 0x18E4, 0x2125, 0x18E4, 0x0862, 0x0041, 0x0042, 0x0041, 0x0841, 0x0021, 0x0821, 0x0841,
  0x1881, 0x1061, 0x0841, 0x40C1, 0x89A3, 0x81C4, 0x1861, 0x4102, 0x2040, 0x6922, 0x8142, 0x7902,
  0x70C1, 0x6081, 0x58C2, 0x60E3, 0x6124, 0x6165, 0x61A6, 0x6A08, 0x6A8B, 0x730D, 0x734E, 0x736F,
  0x7BF1, 0x8452, 0x8473, 0x84B4, 0x8D15, 0x8CF5, 0x84D5, 0x84F5, 0x8D57, 0x8D57, 0x8D98, 0x95F9,
  0x8DB8, 0x7516, 0x4C13, 0x228D, 0x1147, 0x08A4, 0x0083, 0x0083, 0x0083, 0x00A4, 0x00A3, 0x00A4,
  0x00C4, 0x0905, 0x0967, 0x0947, 0x11A8, 0x0126, 0x0147, 0x0189, 0x09AA, 0x0A0B, 0x0A4C, 0x0AEE,
  0x0AEF, 0x0B0F, 0x0B30, 0x0AEE, 0x0AAC, 0x0AAC, 0x1B0E, 0x1B6F, 0x234D, 0x9F3D, 0xCFFF, 0xFFFF,
  0xFFFF, 0xFFFF, 0xFFFF, 0xFFFF, 0xFFFF, 0xE7FF, 0xB79F, 0x971E, 0x324A, 0x0041, 0x0000, 0x0000,
  0x0000, 0x0000, 0x0000, 0x0000, 0x0000, 0x0000, 0x0000, 0x0000, 0x0000, 0x0000, 0x0000, 0x0000,
  0x0000, 0x0000, 0x0000, 0x0020, 0x0946, 0x01A7, 0x09A7, 0x09C7, 0x1207, 0x1228, 0x0986, 0x11A7,
  0x09A6, 0x09A7, 0x128C, 0x12EE, 0x126B, 0x09E8, 0x126B, 0x12CD, 0x1350, 0x13B1, 0x1B91, 0x230E,
  0x0947, 0x00E5, 0x00A4, 0x0083, 0x0063, 0x0063, 0x0883, 0x39A6, 0x5A48, 0x41C6, 0x10E4, 0x08A3,
  0x08A3, 0x0883, 0x08A3, 0x08A3, 0x10E5, 0x1147, 0x220A, 0x3ACD, 0x4B4E, 0x5B6F, 0x5B8F, 0x5BB0,
  0x63B0, 0x63B0, 0x63B0, 0x6390, 0x638F, 0x5B6F, 0x5B4E, 0x5B4E, 0x5B2E, 0x5B0D, 0x52EC, 0x52CC,
  0x52AB, 0x528B, 0x524A, 0x5229, 0x5208, 0x51E8, 0x51C7, 0x49A7, 0x4986, 0x4986, 0x30C3, 0x28A2,
  0x1061, 0x0020, 0x0861, 0x0021, 0x1041, 0x0841, 0x1840, 0x48E2, 0x2881, 0x48E2, 0x7183, 0x79A3,
  0x79A4, 0x79C4, 0x81C4, 0x81E4, 0x81E4, 0x8A04, 0x8A24, 0x9225, 0x9245, 0x9245, 0x9265, 0x9265,
  0x9245, 0x9265, 0x8A24, 0x81E4, 0x81E4, 0x81C3, 0x81C3, 0x79A3, 0x7983, 0x7182, 0x6942, 0x6122,
  0x5902, 0x50E2, 0x50E1, 0x50C1, 0x48A1, 0x4861, 0x3840, 0x3820, 0x3840, 0x3860, 0x40A1, 0x40C2,
  0x1082, 0x20E3, 0x3144, 0x2904, 0x18A3, 0x1062, 0x0862, 0x0842, 0x0841, 0x0841, 0x0861, 0x0862,
  0x0882, 0x0862, 0x0862, 0x0862, 0x0041, 0x0041, 0x0041, 0x0041, 0x0021, 0x0841, 0x30A1, 0x5163,
  0x1882, 0x0821, 0x40C1, 0x99A3, 0x99C3, 0x38A1, 0x28C2, 0x2040, 0x68E2, 0x8102, 0x78C1, 0x7081,
  0x6081, 0x60C2, 0x58E3, 0x6124, 0x6165, 0x69A6, 0x69E8, 0x726A, 0x7B0D, 0x7B8F, 0x7B8F, 0x7B8F,
  0x7BF1, 0x8452, 0x84B4, 0x8D16, 0x9577, 0x8D56, 0x8CF5, 0x8CF5, 0x8D36, 0x8D56, 0x9597, 0x95D8,
  0x8D98, 0x74F6, 0x4C13, 0x228D, 0x1147, 0x08A4, 0x0083, 0x0083, 0x0083, 0x00A4, 0x00A3, 0x00A4,
  0x00C4, 0x0905, 0x0906, 0x0946, 0x0147, 0x0167, 0x09CA, 0x020B, 0x0A2C, 0x0A6C, 0x0A0B, 0x0A4C,
  0x0ACE, 0x0B91, 0x0B70, 0x0ACD, 0x09E9, 0x09C8, 0x09C8, 0x12AC, 0x232D, 0x9F5D, 0xD7FF, 0xFFFF,
  0xFFFF, 0xFFFF, 0xFFFF, 0xFFFF, 0xFFFF, 0xE7DF, 0xB79F, 0x9F1D, 0x1925, 0x0000, 0x0000, 0x0000,
  0x0000, 0x0000, 0x0000, 0x0000, 0x0000, 0x0000, 0x0000, 0x0000, 0x0000, 0x0000, 0x0000, 0x0000,
  0x0000, 0x0000, 0x0000, 0x0000, 0x0062, 0x01A7, 0x09C7, 0x09C7, 0x11A6, 0x1186, 0x1186, 0x0986,
  0x126A, 0x1AAC, 0x1229, 0x09A7, 0x1209, 0x128B, 0x1B2E, 0x1C33, 0x2494, 0x1C53, 0x1C33, 0x23D1,
  0x09A8, 0x00E5, 0x00A4, 0x00A4, 0x0083, 0x0063, 0x0883, 0x39A6, 0x5A68, 0x5207, 0x1904, 0x08A3,
  0x08A3, 0x08A3, 0x08A3, 0x08A4, 0x08E4, 0x1147, 0x220A, 0x3ACD, 0x4B4E, 0x5B6F, 0x5B8F, 0x63B0,
  0x63B0, 0x63D0, 0x63B0, 0x63B0, 0x63B0, 0x638F, 0x636F, 0x5B6F, 0x5B4E, 0x5B2E, 0x5B0D, 0x5AEC,
  0x5ACC, 0x5AAB, 0x5A8A, 0x524A, 0x5229, 0x5208, 0x51E8, 0x51C7, 0x51A6, 0x5186, 0x4145, 0x20A1,
  0x30C2, 0x1061, 0x0841, 0x0041, 0x0021, 0x1061, 0x1061, 0x1040, 0x30A1, 0x2881, 0x48E2, 0x7163,
  0x7983, 0x79A3, 0x79A4, 0x79C4, 0x81E4, 0x81E4, 0x8A04, 0x8A25, 0x9245, 0x9245, 0x9265, 0x9265,
  0x9265, 0x9265, 0x9265, 0x9265, 0x8A04, 0x8A04, 0x81C3, 0x81C3, 0x7183, 0x6963, 0x6122, 0x5922,
  0x5902, 0x6122, 0x6102, 0x5901, 0x50C1, 0x48A0, 0x4060, 0x4040, 0x3840, 0x4060, 0x4060, 0x4902,
  0xBD12, 0x838D, 0x5228, 0x3144, 0x20E3, 0x18A3, 0x1082, 0x1082, 0x1082, 0x10A3, 0x0862, 0x0862,
  0x0842, 0x0842, 0x0842, 0x0861, 0x0841, 0x0841, 0x0821, 0x1841, 0x4902, 0x79E3, 0x9224, 0x30A2,
  0x0820, 0x38A1, 0x91A3, 0xA1A2, 0x5902, 0x1061, 0x2040, 0x68E1, 0x88E1, 0x78A1, 0x6860, 0x6061,
  0x60A2, 0x60C3, 0x6103, 0x6144, 0x6986, 0x69E7, 0x7249, 0x7AEC, 0x7B8F, 0x7BF0, 0x7BD0, 0x7BD0,
  0x7C11, 0x8473, 0x8CF5, 0x9577, 0x95B7, 0x9577, 0x8D36, 0x8D16, 0x8D16, 0x8D36, 0x8D77, 0x8D98,
  0x8577, 0x74F6, 0x4BF2, 0x226D, 0x1147, 0x08A4, 0x0083, 0x0083, 0x0083, 0x00A4, 0x00A4, 0x00C4,
  0x00E5, 0x0905, 0x0967, 0x0967, 0x0127, 0x0168, 0x0A0B, 0x0A6C, 0x0AEF, 0x0AEF, 0x0AEF, 0x0ACE,
  0x0B0F, 0x0B30, 0x0B0F, 0x0AAD, 0x12ED, 0x12ED, 0x0A4A, 0x09A8, 0x1A29, 0x9F3D, 0xCFDF, 0xF7FF,
  0xFFFF, 0xFFFF, 0xFFFF, 0xFFFF, 0xF7FF, 0xD7DF, 0xAF7E, 0x8E19, 0x0041, 0x0000, 0x0000, 0x0000,
  0x0000, 0x0000, 0x0000, 0x0000, 0x0000, 0x0000, 0x0000, 0x0000, 0x0000, 0x0000, 0x0000, 0x0000,
  0x0000, 0x0000, 0x0000, 0x0000, 0x0000, 0x0125, 0x01C7, 0x09A7, 0x09A6, 0x0986, 0x11E7, 0x1A49,
  0x11E8, 0x09A6, 0x09A7, 0x126A, 0x1B4E, 0x2C12, 0x2473, 0x34B4, 0x2C94, 0x1C12, 0x13D2, 0x1BD2,
  0x122B, 0x0906, 0x00C5, 0x00A4, 0x0083, 0x0083, 0x08A3, 0x39C7, 0x5A68, 0x5A48, 0x2925, 0x08A3,
  0x08A3, 0x08A3, 0x08A3, 0x08C4, 0x08E4, 0x1147, 0x21EA, 0x3ACD, 0x4B4E, 0x5B6F, 0x638F, 0x63B0,
  0x63D0, 0x63D0, 0x63D0, 0x63D0, 0x63B0, 0x63B0, 0x6390, 0x636F, 0x5B6F, 0x5B4E, 0x5B2E, 0x5B0D,
  0x5AEC, 0x5ACC, 0x5A8B, 0x5A8A, 0x5A4A, 0x5229, 0x5208, 0x51E7, 0x51C7, 0x51A6, 0x5186, 0x28A2,
  0x4103, 0x30E2, 0x1861, 0x0861, 0x0041, 0x0041, 0x1882, 0x1881, 0x0820, 0x1840, 0x30A1, 0x48E2,
  0x6963, 0x79A3, 0x79A4, 0x79A4, 0x81C4, 0x81E4, 0x8A04, 0x8A04, 0x8A24, 0x9245, 0x9245, 0x9245,
  0x9265, 0x9AA6, 0x9A85, 0x9AA6, 0x9265, 0x8A24, 0x81E4, 0x6983, 0x6143, 0x5922, 0x5922, 0x5922,
  0x6142, 0x6942, 0x6922, 0x6101, 0x58E1, 0x50C1, 0x50A1, 0x4860, 0x3840, 0x3840, 0x4080, 0x4902,
  0xFF19, 0xFEF8, 0xF6D8, 0xEE76, 0xE615, 0xDDB3, 0xCD31, 0xAC2D, 0x6268, 0x20E3, 0x0862, 0x0041,
  0x0862, 0x1082, 0x1082, 0x0862, 0x0841, 0x28A1, 0x6183, 0x9A44, 0xAA64, 0x9204, 0x30A1, 0x0821,
  0x3081, 0x9982, 0xA1A2, 0x7142, 0x1041, 0x2861, 0x7101, 0x88E1, 0x7880, 0x6040, 0x5860, 0x5881,
  0x60C2, 0x60E3, 0x6124, 0x6965, 0x69C7, 0x7229, 0x72AB, 0x7B4E, 0x8411, 0x8411, 0x83F1, 0x8411,
  0x8432, 0x8CB4, 0x9556, 0x9DB8, 0x9DB8, 0x9597, 0x9556, 0x8D36, 0x8D36, 0x8D36, 0x8D77, 0x8D77,
  0x8557, 0x74F6, 0x4BF2, 0x226D, 0x1147, 0x08A4, 0x00A3, 0x0083, 0x00A3, 0x00A4, 0x00A4, 0x00C4,
  0x00E5, 0x0926, 0x0947, 0x0967, 0x0968, 0x0147, 0x0189, 0x01EA, 0x0AAE, 0x0B30, 0x0B30, 0x0B71,
  0x0BB1, 0x13F2, 0x1350, 0x0A6C, 0x01E9, 0x09E9, 0x126B, 0x1A8C, 0x1A4A, 0x8EBB, 0xBFDF, 0xEFFF,
  0xFFFF, 0xFFFF, 0xFFFF, 0xF7FF, 0xE7DF, 0xBFBF, 0xA75E, 0x53AF, 0x0000, 0x0000, 0x0000, 0x0000,
  0x0000, 0x0000, 0x0000, 0x0000, 0x0000, 0x0000, 0x0000, 0x0000, 0x0000, 0x0000, 0x0000, 0x0000,
  0x0000, 0x0000, 0x0000, 0x0000, 0x0000, 0x00A3, 0x01C8, 0x01C7, 0x09A7, 0x09E8, 0x09C7, 0x0966,
  0x0986, 0x1A6A, 0x236F, 0x2C11, 0x2C11, 0x23F1, 0x23B0, 0x1B90, 0x1BF3, 0x1C54, 0x1C54, 0x2474,
  0x12EE, 0x0926, 0x00C5, 0x00C4, 0x00A4, 0x00A4, 0x08C4, 0x41C7, 0x5A69, 0x5A68, 0x3185, 0x08A4,
  0x08A3, 0x08A3, 0x08A3, 0x08C4, 0x08E4, 0x1126, 0x21E9, 0x3AAD, 0x4B4F, 0x5B8F, 0x638F, 0x63B0,
  0x6BD0, 0x6BF0, 0x6BF1, 0x6BD0, 0x6BD0, 0x63B0, 0x63B0, 0x6390, 0x638F, 0x636F, 0x634E, 0x5B2E,
  0x5B0D, 0x5AEC, 0x5ACB, 0x5A8B, 0x5A6A, 0x5A49, 0x5A29, 0x5208, 0x51E7, 0x51C7, 0x51A6, 0x4144,
  0x2081, 0x5964, 0x3903, 0x20A2, 0x0861, 0x0041, 0x0041, 0x1061, 0x1882, 0x0820, 0x1020, 0x30C2,
  0x48E2, 0x6943, 0x79A4, 0x79A4, 0x81A4, 0x81C4, 0x81E4, 0x8A04, 0x8A24, 0x8A45, 0x9265, 0x9265,
  0x9285, 0x9AE6, 0xA307, 0x9AA5, 0x8A45, 0x71C4, 0x6143, 0x5923, 0x5123, 0x5923, 0x6163, 0x7183,
  0x7182, 0x7162, 0x7142, 0x6921, 0x6101, 0x58C1, 0x50C1, 0x50A0, 0x4060, 0x3840, 0x4060, 0x4081,
  0x93EE, 0x93ED, 0x8BAC, 0x7B2A, 0x6268, 0x41C6, 0x2903, 0x1882, 0x1882, 0x2904, 0x3165, 0x2904,
  0x18A3, 0x1041, 0x2881, 0x5984, 0x92A7, 0xAAC6, 0xB2A5, 0xB264, 0x89E4, 0x2881, 0x1041, 0x40A1,
  0x9161, 0x9982, 0x8162, 0x1841, 0x2881, 0x7101, 0x78C1, 0x7060, 0x5820, 0x5840, 0x5861, 0x58A2,
  0x60E3, 0x6104, 0x6965, 0x69A6, 0x7208, 0x728A, 0x7B2D, 0x83D0, 0x8C52, 0x8432, 0x8432, 0x8452,
  0x8C73, 0x94F5, 0x9D97, 0x9DD8, 0x9DD8, 0x9D97, 0x9577, 0x9557, 0x9557, 0x9557, 0x9577, 0x8D77,
  0x8D77, 0x7516, 0x4BF2, 0x226C, 0x1147, 0x08C4, 0x00A3, 0x0083, 0x00A4, 0x00A4, 0x00A4, 0x00C5,
  0x00E5, 0x0926, 0x0927, 0x0988, 0x0927, 0x09A9, 0x01A9, 0x01CA, 0x0A6D, 0x0A6D, 0x0B0F, 0x0BD2,
  0x1C94, 0x1C95, 0x13F2, 0x0B4F, 0x0ACD, 0x0AAC, 0x0A4A, 0x09E9, 0x09C8, 0x5493, 0xA7BF, 0xD7FF,
  0xEFFF, 0xF7FF, 0xEFFF, 0xDFFF, 0xC7BF, 0xAF9E, 0x9E9B, 0x10A3, 0x0000, 0x0000, 0x0000, 0x0000,
  0x0000, 0x0000, 0x0000, 0x0000, 0x0000, 0x0000, 0x0000, 0x0000, 0x0000, 0x0000, 0x0000, 0x0000,
  0x0000, 0x0000, 0x0000, 0x0000, 0x0000, 0x0020, 0x01A7, 0x09C8, 0x09A7, 0x0986, 0x09C7, 0x1228,
  0x1AAB, 0x1AEC, 0x12AB, 0x126B, 0x12AC, 0x1B2E, 0x1C12, 0x1C53, 0x1C13, 0x1413, 0x1371, 0x1C74,
  0x1B50, 0x0988, 0x0927, 0x00E6, 0x00C5, 0x00C4, 0x08E5, 0x41E7, 0x5A69, 0x5A89, 0x39A6, 0x10C4,
  0x08A3, 0x08A3, 0x08A3, 0x08C4, 0x10E4, 0x1126, 0x21E9, 0x3AAD, 0x4B4F, 0x5B8F, 0x63AF, 0x6BD0,
  0x6BF0, 0x6BF1, 0x6BF1, 0x6BF1, 0x6BF1, 0x6BD0, 0x63D0, 0x63B0, 0x638F, 0x638F, 0x636F, 0x634E,
  0x632D, 0x630D, 0x5AEC, 0x5AAB, 0x5A8B, 0x5A6A, 0x5A49, 0x5A28, 0x5A08, 0x51E7, 0x51C7, 0x51A6,
  0x28C3, 0x28A2, 0x5964, 0x4903, 0x20A2, 0x1081, 0x0041, 0x0041, 0x0841, 0x1061, 0x0021, 0x0820,
  0x2881, 0x48C2, 0x6123, 0x7183, 0x79A4, 0x79A4, 0x81C4, 0x81E4, 0x8A04, 0x8A45, 0x9245, 0x9265,
  0x9245, 0x8A25, 0x7A25, 0x69C4, 0x5943, 0x5122, 0x4922, 0x5143, 0x6163, 0x71A3, 0x79C4, 0x79A3,
  0x7983, 0x7982, 0x7162, 0x6942, 0x6921, 0x5901, 0x58E1, 0x50A0, 0x4860, 0x4060, 0x4060, 0x4080,
  0x10C4, 0x10C4, 0x10A3, 0x10C4, 0x2104, 0x3165, 0x39A6, 0x4186, 0x3965, 0x2904, 0x1882, 0x3923,
  0x7247, 0xA34A, 0xBBCA, 0xC388, 0xBB06, 0xB2A5, 0xB264, 0x79C4, 0x1861, 0x1082, 0x48C2, 0x8961,
  0x99A1, 0x7142, 0x1841, 0x2881, 0x70E1, 0x7880, 0x6020, 0x5800, 0x5820, 0x5840, 0x5881, 0x60C2,
  0x6103, 0x6944, 0x6985, 0x71E7, 0x7A6A, 0x7AEC, 0x838F, 0x8C11, 0x8C52, 0x8C52, 0x8C73, 0x8C93,
  0x8CB4, 0x9536, 0x9DB7, 0x9DD8, 0x9DB8, 0x9D97, 0x9D97, 0x9DB8, 0x9DB8, 0x9598, 0x9598, 0x9598,
  0x8D98, 0x7537, 0x4BF3, 0x226D, 0x1147, 0x08C4, 0x00A4, 0x0083, 0x00A4, 0x00C4, 0x00C4, 0x00C5,
  0x00E5, 0x0127, 0x0127, 0x0147, 0x0189, 0x0168, 0x01A9, 0x01CA, 0x0A6D, 0x024C, 0x026D, 0x0AAE,
  0x0B91, 0x1C54, 0x2494, 0x2433, 0x2411, 0x1BB0, 0x1B6F, 0x1B0D, 0x128B, 0x1A29, 0x867A, 0xB7BF,
  0xCFDF, 0xD7DF, 0xD7DF, 0xC7BF, 0xAF9F, 0xAF3E, 0x428A, 0x0000, 0x0000, 0x0000, 0x0000, 0x0000,
  0x0000, 0x0000, 0x0000, 0x0000, 0x0000, 0x0000, 0x0000, 0x0000, 0x0000, 0x0000, 0x0000, 0x0000,
  0x0000, 0x0000, 0x0000, 0x0000, 0x0000, 0x0000, 0x0966, 0x0A09, 0x0A08, 0x1208, 0x1208, 0x1208,
  0x1229, 0x1A8A, 0x1AEC, 0x1B8F, 0x1BD1, 0x1C12, 0x1C12, 0x1C33, 0x1C54, 0x1C74, 0x1C33, 0x1C74,
  0x1BF2, 0x09A9, 0x0947, 0x0106, 0x00E5, 0x00C5, 0x10E5, 0x4208, 0x5A69, 0x5A89, 0x41E7, 0x10E4,
  0x08A3, 0x08C4, 0x08A3, 0x08C4, 0x10E4, 0x1126, 0x21C9, 0x32AD, 0x4B4E, 0x5B6F, 0x63AF, 0x6BD0,
  0x6BF0, 0x6BF1, 0x6C11, 0x6C11, 0x6BF1, 0x6BF1, 0x6BD0, 0x6BD0, 0x63B0, 0x638F, 0x636F, 0x634E,
  0x634E, 0x630D, 0x62EC, 0x62CC, 0x5AAB, 0x5A8A, 0x5A6A, 0x5A49, 0x5A28, 0x5A08, 0x59E7, 0x59C7,
  0x51A6, 0x2082, 0x2881, 0x5944, 0x4103, 0x10A2, 0x1081, 0x0841, 0x0041, 0x0041, 0x0841, 0x0820,
  0x0020, 0x1020, 0x2861, 0x40C2, 0x5123, 0x6163, 0x6983, 0x69A3, 0x69A4, 0x71A4, 0x69A4, 0x6183,
  0x5943, 0x4923, 0x40E2, 0x40E2, 0x4902, 0x5142, 0x6984, 0x79E4, 0x8A25, 0x9225, 0x8A04, 0x81E3,
  0x81C3, 0x7982, 0x7162, 0x6942, 0x6122, 0x5901, 0x58E2, 0x50E1, 0x50A1, 0x4860, 0x4060, 0x4060,
  0x1882, 0x1882, 0x18A3, 0x20C3, 0x20C3, 0x2903, 0x3965, 0x5A27, 0x830A, 0xA3ED, 0xCCCE, 0xDCCE,
  0xD46C, 0xCBEA, 0xC388, 0xC306, 0xBAC5, 0xAA44, 0x6163, 0x18A3, 0x20E3, 0x4903, 0x8962, 0x9961,
  0x58E1, 0x1041, 0x2841, 0x70C0, 0x7860, 0x5820, 0x5000, 0x5000, 0x5820, 0x5860, 0x6081, 0x60E2,
  0x6923, 0x6965, 0x71C7, 0x7A29, 0x7ACB, 0x834E, 0x8BD0, 0x8C32, 0x8C52, 0x8C73, 0x94D4, 0x94F5,
  0x94F5, 0x9D56, 0x9D97, 0x9DB7, 0x9D97, 0x9D97, 0x9DB8, 0xA5F9, 0xA5F9, 0x9DD9, 0x9DD9, 0x9DD8,
  0x95B8, 0x7D78, 0x4C13, 0x226D, 0x1147, 0x08C4, 0x00A4, 0x00A3, 0x00A4, 0x00C4, 0x00C4, 0x00E5,
  0x0105, 0x0126, 0x0147, 0x0168, 0x01A9, 0x01CA, 0x022C, 0x022C, 0x0AEF, 0x0AAE, 0x0AEF, 0x0B30,
  0x13F3, 0x13F3, 0x0BB2, 0x0B0E, 0x0ACD, 0x12ED, 0x12CC, 0x12CC, 0x1AAB, 0x1A8B, 0x2A8A, 0x8E9A,
  0xAF9F, 0xB79F, 0xB79F, 0xAF7E, 0xA6FC, 0x42AA, 0x0000, 0x0000, 0x0000, 0x0000, 0x0000, 0x0000,
  0x0000, 0x0000, 0x0000, 0x0000, 0x0000, 0x0000, 0x0000, 0x0000, 0x0000, 0x0000, 0x0000, 0x0000,
  0x0000, 0x0000, 0x0000, 0x0000, 0x0000, 0x0000, 0x0105, 0x0A09, 0x09E8, 0x1208, 0x1228, 0x128A,
  0x12CC, 0x1B0D, 0x132E, 0x1B6F, 0x134F, 0x1390, 0x13B1, 0x1C13, 0x1C74, 0x24B5, 0x1434, 0x24D5,
  0x2CB5, 0x120B, 0x0948, 0x0106, 0x00C5, 0x00A4, 0x10E5, 0x4208, 0x5A69, 0x5A89, 0x4A07, 0x1925,
  0x08A3, 0x08A4, 0x08A3, 0x08C4, 0x10E4, 0x1126, 0x21C9, 0x32AD, 0x534E, 0x638F, 0x6BAF, 0x6BD0,
  0x6BF0, 0x73F1, 0x7411, 0x7411, 0x6C11, 0x6BF1, 0x6BF1, 0x6BF1, 0x6BD0, 0x6BB0, 0x6B8F, 0x636F,
  0x634E, 0x632E, 0x630D, 0x62EC, 0x62CC, 0x62AB, 0x5A8A, 0x5A49, 0x5A29, 0x5A08, 0x59E8, 0x59C7,
  0x51C6, 0x51A6, 0x30C3, 0x1841, 0x40E3, 0x20A2, 0x10A2, 0x1082, 0x0862, 0x0862, 0x0861, 0x0841,
  0x0041, 0x0041, 0x0840, 0x1041, 0x1861, 0x2081, 0x2881, 0x30A1, 0x30A1, 0x30A1, 0x30A1, 0x30A1,
  0x30A1, 0x38C1, 0x4902, 0x6163, 0x71E4, 0x8A86, 0x9AC6, 0x9A86, 0x9A85, 0x9A65, 0x9244, 0x81E4,
  0x79A3, 0x7183, 0x6942, 0x6122, 0x5922, 0x5922, 0x5902, 0x5902, 0x58E1, 0x50A0, 0x4840, 0x4040,
  0xBCF1, 0xBD12, 0xBCF1, 0xBD12, 0xC552, 0xCD93, 0xDDB4, 0xEE14, 0xF5F4, 0xEDB1, 0xE50F, 0xD46C,
  0xD40A, 0xCBA8, 0xC327, 0xC2C5, 0xAA64, 0x6984, 0x2104, 0x2966, 0x4144, 0x7142, 0x8922, 0x50A1,
  0x2861, 0x1841, 0x5881, 0x7840, 0x6000, 0x5000, 0x5000, 0x5800, 0x5820, 0x5861, 0x60A2, 0x60E3,
  0x6924, 0x7186, 0x71E7, 0x7A6A, 0x832D, 0x8BAF, 0x8C11, 0x8C52, 0x8C52, 0x9493, 0x9D15, 0x9D15,
  0x9515, 0x9D56, 0x9D97, 0x9D97, 0x9D97, 0x9DB8, 0xA5F9, 0xAE3A, 0xA63A, 0xA619, 0xA5F9, 0x9DF9,
  0x9DF9, 0x7D98, 0x4C34, 0x2A8D, 0x1147, 0x08C5, 0x00C4, 0x00A4, 0x00C4, 0x00C5, 0x00C4, 0x00E5,
  0x0106, 0x0147, 0x0189, 0x01EA, 0x024C, 0x026D, 0x0AAF, 0x0B30, 0x0BB2, 0x0B91, 0x0BD3, 0x0C34,
  0x1CD6, 0x1CD6, 0x1474, 0x1350, 0x12AD, 0x128C, 0x0A6B, 0x0A4A, 0x09E8, 0x11E8, 0x1186, 0x2A89,
  0x7D96, 0x9EBB, 0x9EBB, 0x85B6, 0x3A8A, 0x0020, 0x0000, 0x0000, 0x0000, 0x0000, 0x0000, 0x0000,
  0x0000, 0x0000, 0x0000, 0x0000, 0x0000, 0x0000, 0x0000, 0x0000, 0x0000, 0x0000, 0x0000, 0x0000,
  0x0000, 0x0000, 0x0000, 0x0000, 0x0000, 0x0000, 0x00E4, 0x0A29, 0x0A29, 0x1249, 0x1269, 0x12AB,
  0x12EC, 0x12CC, 0x12CC, 0x12EE, 0x134F, 0x13D1, 0x1412, 0x2474, 0x1CB4, 0x1C95, 0x1413, 0x1434,
  0x2C95, 0x124B, 0x0927, 0x0106, 0x00C5, 0x00A4, 0x1105, 0x4208, 0x5A69, 0x5A89, 0x4A28, 0x2125,
  0x08A3, 0x08C4, 0x08A3, 0x08C4, 0x10E4, 0x1126, 0x21C9, 0x32AD, 0x534E, 0x638F, 0x6BAF, 0x6BD0,
  0x73F0, 0x7411, 0x7411, 0x7411, 0x7411, 0x7411, 0x6C11, 0x6BF1, 0x6BF1, 0x6BD0, 0x6BB0, 0x6B8F,
  0x6B6F, 0x634E, 0x632D, 0x630D, 0x62EC, 0x62AB, 0x628A, 0x626A, 0x5A49, 0x5A28, 0x5A08, 0x59E7,
  0x59C7, 0x59A6, 0x5185, 0x30E3, 0x1861, 0x2081, 0x1081, 0x1082, 0x0862, 0x1082, 0x1082, 0x0861,
  0x0861, 0x0841, 0x0840, 0x0841, 0x1061, 0x2081, 0x2081, 0x28A1, 0x28A1, 0x30A2, 0x30C2, 0x38E2,
  0x5123, 0x6183, 0x79E4, 0x8A66, 0x92C7, 0x9B07, 0xAB67, 0xA307, 0x9286, 0x8A25, 0x81E4, 0x7183,
  0x6163, 0x6143, 0x5923, 0x5922, 0x5942, 0x6142, 0x6942, 0x6122, 0x58E1, 0x58A1, 0x5080, 0x4860,
  0xF6D8, 0xF6B7, 0xF6B7, 0xF696, 0xF696, 0xF675, 0xEE14, 0xEDF3, 0xE591, 0xE50F, 0xDC8D, 0xD42A,
  0xD3A8, 0xC347, 0xBAC5, 0xAA44, 0x5143, 0x3166, 0x39E8, 0x4164, 0x5143, 0x48E2, 0x3881, 0x48E2,
  0x2041, 0x5081, 0x7040, 0x6000, 0x5000, 0x5000, 0x5000, 0x5820, 0x5840, 0x6061, 0x60C2, 0x6903,
  0x7145, 0x71C6, 0x7A49, 0x82EC, 0x8B8F, 0x9411, 0x9432, 0x9452, 0x9472, 0x9CD4, 0x9D36, 0x9D36,
  0x9D36, 0x9D56, 0x9D77, 0x9D97, 0x9D97, 0xA5D8, 0xAE39, 0xAE7A, 0xAE5A, 0xAE5A, 0xAE5A, 0xA63A,
  0x9E3A, 0x85B9, 0x5454, 0x2AAE, 0x1168, 0x08E5, 0x00C4, 0x00A4, 0x00C4, 0x00C4, 0x00C5, 0x00E5,
  0x0106, 0x0147, 0x0189, 0x09EB, 0x0A4D, 0x0AAE, 0x02EF, 0x0B10, 0x0BB3, 0x0B92, 0x0BB3, 0x0BF3,
  0x1495, 0x1CB6, 0x1413, 0x13B1, 0x0B70, 0x0B6F, 0x0B2E, 0x0B0E, 0x12CC, 0x128A, 0x1229, 0x19E7,
  0x21C6, 0x29A5, 0x21A5, 0x2165, 0x0862, 0x0000, 0x0000, 0x0000, 0x0000, 0x0000, 0x0000, 0x0000,
  0x0000, 0x0000, 0x0000, 0x0000, 0x0000, 0x0000, 0x0000, 0x0000, 0x0000, 0x0000, 0x0000, 0x0000,
  0x0000, 0x0000, 0x0000, 0x0000, 0x0000, 0x0000, 0x00C3, 0x0A49, 0x0A29, 0x1208, 0x1208, 0x1249,
  0x12AB, 0x12EC, 0x12ED, 0x132F, 0x1370, 0x1BD1, 0x2433, 0x1C74, 0x1C95, 0x1C75, 0x1413, 0x1C75,
  0x2C95, 0x12AE, 0x0168, 0x0168, 0x0127, 0x00E5, 0x1966, 0x4A28, 0x5269, 0x5A89, 0x5228, 0x2946,
  0x08C4, 0x08C4, 0x08A3, 0x08C4, 0x10E4, 0x1126, 0x21C9, 0x32AC, 0x534E, 0x638F, 0x6BAF, 0x73D0,
  0x73F0, 0x7411, 0x7411, 0x7411, 0x7431, 0x7411, 0x7411, 0x7411, 0x6BF1, 0x6BD0, 0x6BD0, 0x6BAF,
  0x6B8F, 0x6B6E, 0x6B4E, 0x6B2D, 0x630C, 0x62CC, 0x62AB, 0x628A, 0x626A, 0x6249, 0x5A28, 0x5A08,
  0x59E7, 0x59C6, 0x59A6, 0x5185, 0x4945, 0x30C3, 0x1061, 0x1881, 0x1082, 0x0841, 0x1061, 0x1081,
  0x18A2, 0x20A2, 0x1881, 0x1041, 0x1061, 0x2082, 0x30C2, 0x3903, 0x4123, 0x5143, 0x5963, 0x61A4,
  0x7204, 0x8245, 0x8A66, 0x9286, 0x9286, 0x8A86, 0x8245, 0x8205, 0x71A4, 0x6163, 0x5123, 0x5123,
  0x5923, 0x5943, 0x6163, 0x6983, 0x7183, 0x7163, 0x6962, 0x6942, 0x6101, 0x60E1, 0x58A0, 0x5080,
  0xF6D7, 0xF6B7, 0xF696, 0xF675, 0xF655, 0xF634, 0xEDB2, 0xE550, 0xE4EE, 0xDCAC, 0xD42B, 0xCBC9,
  0xCB47, 0xBAC5, 0x81E4, 0x4144, 0x41C6, 0x49E7, 0x3985, 0x38C2, 0x40A1, 0x60E1, 0x6902, 0x2061,
  0x3881, 0x6860, 0x6020, 0x5800, 0x5000, 0x5000, 0x5800, 0x5820, 0x5840, 0x6081, 0x68C2, 0x6924,
  0x7185, 0x7A08, 0x82AB, 0x8B4E, 0x93F0, 0x9432, 0x9452, 0x9452, 0x9493, 0x9CF5, 0x9D36, 0x9D56,
  0x9D56, 0x9D57, 0xA577, 0xA597, 0xA5B8, 0xADF9, 0xB67A, 0xB69B, 0xAE7A, 0xB67B, 0xAE7B, 0xAE5A,
  0xA67B, 0x8DF9, 0x5474, 0x2ACE, 0x1168, 0x08E5, 0x00C4, 0x00A4, 0x00C4, 0x00C5, 0x00C4, 0x00E5,
  0x0126, 0x0148, 0x01A9, 0x020B, 0x0A4D, 0x028E, 0x02CF, 0x0310, 0x0B92, 0x0B72, 0x0B92, 0x0BF4,
  0x1496, 0x1CF7, 0x1475, 0x13F2, 0x13F2, 0x13F1, 0x13B1, 0x1390, 0x136E, 0x1B2D, 0x1AAA, 0x2227,
  0x21C5, 0x29C5, 0x29A4, 0x2985, 0x0861, 0x0000, 0x0000, 0x0000, 0x0000, 0x0000, 0x0000, 0x0000,
  0x0000, 0x0000, 0x0000, 0x0000, 0x0000, 0x0000, 0x0000, 0x0000, 0x0000, 0x0000, 0x0000, 0x0000,
  0x0000, 0x0000, 0x0000, 0x0000, 0x0000, 0x0000, 0x00C3, 0x0A4A, 0x0A29, 0x1229, 0x128A, 0x12AA,
  0x12AB, 0x126B, 0x0A8C, 0x0AEE, 0x0B4F, 0x13F1, 0x1C74, 0x24B5, 0x1CD5, 0x1CB5, 0x1413, 0x1474,
  0x2495, 0x128D, 0x0168, 0x0148, 0x0127, 0x0106, 0x2187, 0x4A28, 0x5269, 0x5A89, 0x5248, 0x3166,
  0x08C4, 0x08C4, 0x08A4, 0x08C4, 0x08E4, 0x1126, 0x21C9, 0x32AC, 0x534E, 0x638F, 0x6BAF, 0x73D0,
  0x7410, 0x7411, 0x7431, 0x7431, 0x7432, 0x7431, 0x7431, 0x7411, 0x7411, 0x73F1, 0x6BD0, 0x6BB0,
  0x6BAF, 0x6B6F, 0x6B4E, 0x6B2D, 0x6B0D, 0x6AEC, 0x62CB, 0x62AB, 0x628A, 0x6269, 0x6249, 0x6208,
  0x59E7, 0x59C7, 0x59C6, 0x59A6, 0x5185, 0x5965, 0x30E3, 0x2081, 0x1881, 0x0841, 0x0041, 0x1061,
  0x2081, 0x4103, 0x3903, 0x28A2, 0x20A2, 0x1882, 0x2082, 0x20A2, 0x28C2, 0x30E2, 0x38E2, 0x4103,
  0x4923, 0x4923, 0x4922, 0x4922, 0x4922, 0x4902, 0x4902, 0x40E2, 0x4902, 0x4923, 0x5143, 0x6163,
  0x71A3, 0x79C4, 0x79C3, 0x81C3, 0x79A3, 0x79A3, 0x7162, 0x7142, 0x6921, 0x6101, 0x60C1, 0x58A0,
  0xF6B6, 0xF6D7, 0xF696, 0xF654, 0xF613, 0xED91, 0xE54F, 0xE4EE, 0xDC8C, 0xD44B, 0xCBC9, 0xCB67,
  0xA285, 0x5164, 0x3986, 0x49C7, 0x51A6, 0x30C3, 0x40A1, 0x70E1, 0x8921, 0x8101, 0x3081, 0x3081,
  0x6060, 0x6020, 0x6000, 0x5800, 0x5800, 0x5800, 0x5800, 0x5820, 0x6040, 0x6881, 0x68E2, 0x7144,
  0x79A6, 0x8249, 0x8AEC, 0x93AF, 0x9411, 0x9452, 0x9452, 0x9C93, 0x9CB4, 0x9D15, 0xA536, 0xA556,
  0xA577, 0xA597, 0xA5B8, 0xA5B8, 0xADD9, 0xAE3A, 0xB69B, 0xB6BB, 0xB69B, 0xB6BB, 0xB69B, 0xB6BB,
  0xAEBB, 0x961A, 0x5C95, 0x32EF, 0x1988, 0x08E5, 0x00C4, 0x00A4, 0x00C4, 0x00C5, 0x00C5, 0x00E5,
  0x0126, 0x0168, 0x01CA, 0x022C, 0x028E, 0x0B10, 0x0B72, 0x0BD3, 0x1435, 0x1495, 0x1CD6, 0x1D17,
  0x2538, 0x24F7, 0x1454, 0x13D2, 0x13B1, 0x0B6F, 0x0B4F, 0x0B2E, 0x0AAC, 0x0A49, 0x1208, 0x11A6,
  0x19C5, 0x29C4, 0x29C4, 0x21A5, 0x0882, 0x0000, 0x0000, 0x0000, 0x0000, 0x0000, 0x0000, 0x0000,
  0x0000, 0x0000, 0x0000, 0x0000, 0x0000, 0x0000, 0x0000, 0x0000, 0x0000, 0x0000, 0x0000, 0x0000,
  0x0000, 0x0000, 0x0000, 0x0000, 0x0000, 0x0000, 0x00C3, 0x0A29, 0x0A6A, 0x0A29, 0x1229, 0x1269,
  0x128B, 0x0A8B, 0x0ACC, 0x0B0E, 0x0B4F, 0x0B70, 0x0BB1, 0x13F2, 0x1413, 0x1434, 0x1413, 0x1454,
  0x1C54, 0x12AD, 0x09A9, 0x0968, 0x0167, 0x0926, 0x29A8, 0x4A28, 0x5249, 0x5A89, 0x5248, 0x31A7,
  0x08C4, 0x08C4, 0x08A4, 0x08C4, 0x10E4, 0x1126, 0x21C9, 0x3AAC, 0x534E, 0x638F, 0x6BAF, 0x73F0,
  0x7C10, 0x7C11, 0x7C31, 0x7C31, 0x7C52, 0x7C32, 0x7432, 0x7431, 0x7411, 0x7411, 0x73F0, 0x73D0,
  0x73AF, 0x6B8F, 0x6B6F, 0x6B4E, 0x6B2D, 0x6B0D, 0x6AEC, 0x6ACB, 0x6AAA, 0x628A, 0x6269, 0x6248,
  0x6208, 0x61E7, 0x59C7, 0x59A6, 0x5985, 0x5985, 0x5165, 0x2082, 0x38E2, 0x1861, 0x0021, 0x0041,
  0x1041, 0x2061, 0x5123, 0x5123, 0x38E2, 0x28A2, 0x20A2, 0x20C3, 0x20C3, 0x20C2, 0x28C2, 0x28A2,
  0x28A2, 0x28A2, 0x30C2, 0x30C2, 0x38C2, 0x40E2, 0x4902, 0x5963, 0x69A4, 0x8205, 0x8A45, 0x9245,
  0x9245, 0x8A44, 0x8A04, 0x81C3, 0x81C3, 0x8183, 0x8183, 0x7162, 0x7142, 0x6921, 0x6901, 0x58C0,
  0xF6B7, 0xF6B6, 0xF675, 0xEE13, 0xEDB1, 0xED4F, 0xE50E, 0xDCAC, 0xDC4A, 0xD3C9, 0xB307, 0x69A5,
  0x4186, 0x49E7, 0x49C6, 0x3924, 0x30A2, 0x6901, 0x9120, 0x9100, 0x8101, 0x38A1, 0x2882, 0x5880,
  0x6040, 0x6800, 0x6000, 0x6000, 0x6000, 0x5800, 0x5800, 0x6020, 0x6040, 0x68A1, 0x70E3, 0x7165,
  0x79E7, 0x828A, 0x8B2D, 0x93B0, 0x9C11, 0x9C52, 0x9C93, 0x9CB4, 0xA4F5, 0xA536, 0xA557, 0xA597,
  0xADB8, 0xADD8, 0xADF8, 0xADF9, 0xAE19, 0xB67A, 0xBEBB, 0xBEBB, 0xB6BB, 0xBEBB, 0xBEBC, 0xBEFC,
  0xB6DC, 0x965A, 0x5CD6, 0x3310, 0x19A9, 0x08E5, 0x08C5, 0x00C4, 0x00C4, 0x00E5, 0x00C5, 0x00E5,
  0x0127, 0x0168, 0x09A9, 0x01EB, 0x0A4D, 0x0AEF, 0x0B51, 0x0B92, 0x1455, 0x1475, 0x1435, 0x1CF7,
  0x1D37, 0x2558, 0x1C75, 0x13F3, 0x13D2, 0x0BD1, 0x0BB0, 0x0B4F, 0x0AED, 0x0A6A, 0x1249, 0x1A48,
  0x2A06, 0x3A05, 0x31E5, 0x29C5, 0x08A3, 0x0000, 0x0000, 0x0000, 0x0000, 0x0000, 0x0000, 0x0000,
  0x0000, 0x0000, 0x0000, 0x0000, 0x0000, 0x0000, 0x0000, 0x0000, 0x0000, 0x0000, 0x0000, 0x0000,
  0x0000, 0x0000, 0x0000, 0x0000, 0x0000, 0x0000, 0x0104, 0x0A6A, 0x0A29, 0x0A29, 0x0A29, 0x1229,
  0x0A8B, 0x0AAC, 0x0B0E, 0x0B6F, 0x0B90, 0x13F2, 0x13F2, 0x1413, 0x1C74, 0x1474, 0x13D2, 0x1433,
  0x2474, 0x12AD, 0x0947, 0x0126, 0x0106, 0x08E5, 0x29A7, 0x4208, 0x4A48, 0x5269, 0x5248, 0x39A6,
  0x10C4, 0x08C4, 0x08C3, 0x08C4, 0x10E5, 0x1126, 0x21C9, 0x3AAD, 0x5B4E, 0x6B8F, 0x73CF, 0x73F0,
  0x7C10, 0x7C31, 0x7C31, 0x7C52, 0x7C52, 0x7C52, 0x7C52, 0x7C32, 0x7C31, 0x7411, 0x73F1, 0x73F0,
  0x73D0, 0x73AF, 0x738F, 0x736E, 0x6B4E, 0x6B2D, 0x6B0C, 0x6AEC, 0x6ACB, 0x6AAA, 0x6A8A, 0x6249,
  0x6228, 0x6208, 0x61E7, 0x59C6, 0x59A6, 0x5985, 0x5985, 0x38E3, 0x30C2, 0x40E2, 0x2061, 0x0020,
  0x0841, 0x1861, 0x1820, 0x48E1, 0x6943, 0x6122, 0x58E2, 0x48C2, 0x40C2, 0x40C2, 0x38C2, 0x38C2,
  0x38E2, 0x40E2, 0x4903, 0x5943, 0x6163, 0x71E4, 0x8225, 0x9286, 0x9AA6, 0xA2E6, 0xA2E6, 0x9AA5,
  0x9244, 0x9224, 0x8A24, 0x89E4, 0x81C3, 0x89A3, 0x81A3, 0x7983, 0x7162, 0x7142, 0x6901, 0x6101,
  0xF6B6, 0xF654, 0xF613, 0xEDD2, 0xED70, 0xE50D, 0xE4AC, 0xDC2B, 0xAB29, 0x7207, 0x49E8, 0x4A29,
  0x41C7, 0x4124, 0x48E2, 0x7122, 0x9941, 0xA100, 0x9900, 0x88E0, 0x38A1, 0x30A2, 0x6081, 0x6840,
  0x6840, 0x6820, 0x6820, 0x6820, 0x6000, 0x6000, 0x6000, 0x6020, 0x6840, 0x68A1, 0x7103, 0x7985,
  0x8228, 0x8ACB, 0x934E, 0x9BD0, 0x9C11, 0x9C72, 0xA4B3, 0xA4F5, 0xAD36, 0xAD77, 0xADB8, 0xADF8,
  0xB619, 0xB639, 0xB63A, 0xB639, 0xB63A, 0xBE9B, 0xBEDC, 0xBEDC, 0xBEBB, 0xBEDC, 0xBEDC, 0xC71D,
  0xBEFC, 0x9E7B, 0x6517, 0x3B50, 0x19CA, 0x0906, 0x08E5, 0x00C4, 0x00C4, 0x00E5, 0x00E5, 0x0126,
  0x0188, 0x09CA, 0x0A0B, 0x0A6D, 0x0ACF, 0x0B30, 0x0B72, 0x13B3, 0x13F3, 0x13F4, 0x0C34, 0x1C96,
  0x1CD7, 0x2D58, 0x2516, 0x1454, 0x1453, 0x13F2, 0x13B1, 0x136F, 0x134F, 0x1B2D, 0x230C, 0x22CA,
  0x3AA8, 0x3A25, 0x3A05, 0x29E5, 0x10E3, 0x0000, 0x0000, 0x0000, 0x0000, 0x0000, 0x0000, 0x0000,
  0x0000, 0x0000, 0x0000, 0x0000, 0x0000, 0x0000, 0x0000, 0x0000, 0x0000, 0x0000, 0x0000, 0x0000,
  0x0000, 0x0000, 0x0000, 0x0000, 0x0000, 0x0000, 0x0946, 0x0A49, 0x0A29, 0x0A49, 0x1229, 0x0A69,
  0x12AB, 0x12CC, 0x0ACD, 0x12EE, 0x134F, 0x13B0, 0x1C53, 0x24B5, 0x1CD5, 0x1454, 0x13F3, 0x1C75,
  0x1CD6, 0x0B2F, 0x01CA, 0x0189, 0x0147, 0x0927, 0x31E8, 0x4228, 0x4A48, 0x5289, 0x5248, 0x41C7,
  0x2145, 0x1905, 0x08C4, 0x08C4, 0x08E5, 0x1126, 0x21C9, 0x3AAD, 0x5B4E, 0x6B8F, 0x73CF, 0x7BF0,
  0x7C10, 0x7C31, 0x7C51, 0x7C52, 0x7C52, 0x7C52, 0x7C52, 0x7C52, 0x7C32, 0x7C31, 0x7411, 0x73F1,
  0x73D0, 0x73CF, 0x73AF, 0x738F, 0x736E, 0x734D, 0x732D, 0x6B0C, 0x6AEB, 0x6ACB, 0x6A8A, 0x6A69,
  0x6A49, 0x6228, 0x6207, 0x61E7, 0x59C6, 0x59A6, 0x5985, 0x5165, 0x2061, 0x5123, 0x40E2, 0x1841,
  0x0020, 0x0841, 0x1881, 0x1020, 0x38A1, 0x6942, 0x7142, 0x6942, 0x7123, 0x7143, 0x7163, 0x7163,
  0x7184, 0x79A4, 0x81C4, 0x8A04, 0x8A25, 0x9245, 0x9A86, 0x9AA6, 0xA2A6, 0xA2E6, 0xA2C6, 0x9A85,
  0x9A65, 0x9265, 0x9264, 0x8A24, 0x89E4, 0x81C3, 0x81C3, 0x81A3, 0x7983, 0x7162, 0x7142, 0x6901,
  0xF675, 0xF613, 0xF5D1, 0xF590, 0xE4EE, 0xCBEC, 0x92CA, 0x59E8, 0x4A09, 0x4A09, 0x3946, 0x38E4,
  0x5922, 0x8162, 0x9961, 0xA100, 0x98E0, 0x98E0, 0x80E0, 0x40A2, 0x38C2, 0x6081, 0x6860, 0x7060,
  0x7060, 0x6860, 0x6840, 0x6840, 0x6820, 0x6820, 0x6000, 0x6820, 0x6840, 0x70A1, 0x7903, 0x79A6,
  0x8A49, 0x92EC, 0x936E, 0x9BF0, 0x9C32, 0xA493, 0xACF5, 0xAD56, 0xB597, 0xB5F8, 0xB619, 0xBE5A,
  0xBE7A, 0xBE7A, 0xBE7A, 0xB65A, 0xB65A, 0xBEBB, 0xC6DC, 0xBEDC, 0xC6DC, 0xBEDC, 0xC71D, 0xC71D,
  0xBF1D, 0xA6BC, 0x7558, 0x3B91, 0x21EB, 0x1126, 0x08E5, 0x00C4, 0x00C4, 0x00E5, 0x00E5, 0x0106,
  0x0168, 0x01A9, 0x09CA, 0x0A2C, 0x0A8E, 0x0AF0, 0x0B10, 0x0B71, 0x0B92, 0x13D3, 0x13B3, 0x1C95,
  0x1D17, 0x2D99, 0x1CD6, 0x1413, 0x1C13, 0x1C33, 0x1BB0, 0x1BF1, 0x132D, 0x1249, 0x11E7, 0x11E6,
  0x21E5, 0x31E4, 0x31E4, 0x31E4, 0x2165, 0x0000, 0x0000, 0x0000, 0x0000, 0x0000, 0x0000, 0x0000,
  0x0000, 0x0000, 0x0000, 0x0000, 0x0000, 0x0000, 0x0000, 0x0000, 0x0000, 0x0000, 0x0000, 0x0000,
  0x0000, 0x0000, 0x0000, 0x0000, 0x0000, 0x0000, 0x09E8, 0x12CB, 0x12AB, 0x12CB, 0x1B2C, 0x1B6E,
  0x23D0, 0x23F1, 0x2432, 0x2473, 0x2494, 0x2CD5, 0x3D56, 0x3537, 0x3577, 0x2D37, 0x24B5, 0x3598,
  0x2D78, 0x13F3, 0x0AEF, 0x0A8D, 0x0A2C, 0x11EA, 0x3A4A, 0x4249, 0x4A49, 0x5269, 0x5248, 0x4A07,
  0x39A6, 0x3186, 0x2125, 0x08C4, 0x10E5, 0x1126, 0x21EA, 0x3ACD, 0x5B6E, 0x6B8F, 0x73CF, 0x7BF0,
  0x7C10, 0x8431, 0x8451, 0x8452, 0x8452, 0x7C52, 0x7C52, 0x7C52, 0x7C52, 0x7C32, 0x7C11, 0x7BF1,
  0x73F0, 0x73D0, 0x73AF, 0x738F, 0x736E, 0x734E, 0x732D, 0x730C, 0x72EC, 0x72CB, 0x6AAA, 0x6A8A,
  0x6A69, 0x6A48, 0x6228, 0x6207, 0x61C7, 0x59C6, 0x59A6, 0x5985, 0x4924, 0x2861, 0x6164, 0x4903,
  0x1841, 0x0020, 0x0841, 0x20A2, 0x1841, 0x2860, 0x6122, 0x7143, 0x7142, 0x7942, 0x7962, 0x8183,
  0x8183, 0x81A3, 0x89C3, 0x89E4, 0x9204, 0x9225, 0x9A45, 0x9A65, 0x9A85, 0xA2A6, 0x9A86, 0x9AA6,
  0xA2C6, 0x9AA5, 0x9A65, 0x9245, 0x9224, 0x8A04, 0x89E3, 0x81C3, 0x79A3, 0x7982, 0x7942, 0x7142,
  0xEDF3, 0xDD30, 0xBC4E, 0x934B, 0x6A49, 0x5209, 0x5229, 0x5A07, 0x5985, 0x71A4, 0x91C3, 0xA9E1,
  0xA9A1, 0xA141, 0xA100, 0xA0C0, 0x98A0, 0x78A0, 0x40E3, 0x4904, 0x68C2, 0x70A1, 0x7081, 0x7881,
  0x70A1, 0x70A1, 0x7081, 0x7080, 0x7060, 0x7040, 0x6820, 0x6820, 0x7040, 0x78A1, 0x7924, 0x81C6,
  0x8A6A, 0x932D, 0x9BAF, 0xA411, 0xA473, 0xACD4, 0xB556, 0xB5B7, 0xBE19, 0xBE5A, 0xBE7A, 0xBE9B,
  0xC69B, 0xBEBB, 0xBEBB, 0xBE7A, 0xBE7B, 0xC6DC, 0xC6FC, 0xC6DC, 0xC6DC, 0xC6FC, 0xCF3D, 0xC73D,
  0xBF1D, 0xAEDC, 0x7DB9, 0x43D2, 0x222B, 0x1147, 0x08E5, 0x00C4, 0x00C4, 0x0105, 0x00E5, 0x0106,
  0x0147, 0x0168, 0x0188, 0x01CA, 0x024D, 0x028E, 0x0B10, 0x0B92, 0x1435, 0x1CD7, 0x1CB6, 0x1D17,
  0x2598, 0x2DB9, 0x1CD6, 0x13D2, 0x0B4F, 0x026B, 0x0A6B, 0x0A8B, 0x128B, 0x128B, 0x1228, 0x11C6,
  0x19C5, 0x3A25, 0x3A25, 0x3A05, 0x29A5, 0x0041, 0x0000, 0x0000, 0x0000, 0x0000, 0x0000, 0x0000,
  0x0000, 0x0000, 0x0000, 0x0000, 0x0000, 0x0000, 0x0000, 0x0000, 0x0000, 0x0000, 0x0000, 0x0000,
  0x0000, 0x0000, 0x0000, 0x0000, 0x0000, 0x0041, 0x0A6A, 0x0A8A, 0x12AB, 0x12CB, 0x1B0C, 0x1B4E,
  0x1B4E, 0x132F, 0x136F, 0x13B1, 0x1C32, 0x24B5, 0x2D16, 0x2D16, 0x24D6, 0x1C95, 0x13F3, 0x3578,
  0x1434, 0x0B50, 0x0A6D, 0x0A2C, 0x01CA, 0x11EA, 0x3A4A, 0x4249, 0x4A49, 0x5A89, 0x5248, 0x4A07,
  0x41C6, 0x3986, 0x2125, 0x10C4, 0x08E5, 0x1147, 0x220A, 0x42ED, 0x636E, 0x73AF, 0x7BCF, 0x7BF0,
  0x8410, 0x8431, 0x8451, 0x8452, 0x8472, 0x8472, 0x8472, 0x8452, 0x7C52, 0x7C32, 0x7C31, 0x7C11,
  0x7BF0, 0x7BF0, 0x7BD0, 0x7BAF, 0x738F, 0x736E, 0x734D, 0x732D, 0x730C, 0x72EC, 0x72CB, 0x72AA,
  0x6A89, 0x6A69, 0x6A28, 0x6207, 0x61E7, 0x61C6, 0x59A6, 0x59A6, 0x5985, 0x30C3, 0x38E2, 0x6164,
  0x4903, 0x1041, 0x0000, 0x0021, 0x1882, 0x2081, 0x1840, 0x48E2, 0x7142, 0x7142, 0x7942, 0x7942,
  0x8183, 0x8183, 0x89A3, 0x89C3, 0x91E4, 0x9204, 0x9224, 0x9A65, 0x9A85, 0x9AA5, 0x9A85, 0xAB07,
  0xA328, 0xA2C6, 0x9A85, 0x9265, 0x9245, 0x9224, 0x9204, 0x89E3, 0x81E3, 0x81A3, 0x7982, 0x7962,
  0x6AAA, 0x5A69, 0x6289, 0x6A89, 0x7268, 0x7A46, 0x9245, 0xAA44, 0xBA23, 0xB9E1, 0xB9A0, 0xB160,
  0xA120, 0x98E0, 0x90C0, 0x88A0, 0x68A1, 0x3904, 0x4124, 0x60E2, 0x70E2, 0x78E2, 0x78E2, 0x78E2,
  0x7903, 0x7903, 0x78E2, 0x78C2, 0x78A1, 0x7081, 0x7060, 0x7040, 0x7040, 0x78A1, 0x8124, 0x89C7,
  0x92AB, 0x9B4E, 0xA3F0, 0xA472, 0xACD4, 0xB556, 0xB5B8, 0xBE19, 0xBE7A, 0xC69B, 0xC6BB, 0xC6DC,
  0xC6DC, 0xC6DC, 0xC6DC, 0xBE9B, 0xBE9B, 0xC6DC, 0xC6FC, 0xC6FC, 0xC6FC, 0xCF3D, 0xCF3D, 0xCF3D,
  0xC73D, 0xB6FC, 0x85FA, 0x4C13, 0x2A4C, 0x1168, 0x0906, 0x00E5, 0x00C4, 0x00E5, 0x00E5, 0x0106,
  0x0147, 0x09A9, 0x09EA, 0x022C, 0x026E, 0x02CF, 0x0B72, 0x13F4, 0x1CB6, 0x1D18, 0x1C96, 0x1CB6,
  0x1CB6, 0x1CB6, 0x0BB2, 0x02CF, 0x0AEF, 0x0B2F, 0x0B70, 0x0B4E, 0x0ACC, 0x126A, 0x1A69, 0x22EB,
  0x330A, 0x3A67, 0x3A25, 0x3205, 0x29E5, 0x10E3, 0x0000, 0x0000, 0x0000, 0x0000, 0x0000, 0x0000,
  0x0000, 0x0000, 0x0000, 0x0000, 0x0000, 0x0000, 0x0000, 0x0000, 0x0000, 0x0000, 0x0000, 0x0000,
  0x0000, 0x0000, 0x0000, 0x0000, 0x0000, 0x00E4, 0x0A8B, 0x0A8A, 0x128A, 0x1ACB, 0x232C, 0x340F,
  0x3410, 0x1390, 0x0B4F, 0x0B2F, 0x1391, 0x1413, 0x2CF6, 0x2D37, 0x2D37, 0x2D37, 0x1C74, 0x3DB9,
  0x1CF6, 0x0B91, 0x022C, 0x01AA, 0x0147, 0x19A8, 0x3A09, 0x4229, 0x4A49, 0x5269, 0x5248, 0x4A07,
  0x41C6, 0x3986, 0x2125, 0x10C4, 0x08E5, 0x1947, 0x2A2A, 0x430D, 0x636F, 0x73AF, 0x7BCF, 0x7BF0,
  0x8410, 0x8431, 0x8451, 0x8472, 0x8472, 0x8472, 0x8472, 0x8472, 0x8452, 0x8452, 0x7C31, 0x7C31,
  0x7C11, 0x7BF0, 0x7BD0, 0x7BCF, 0x7BAF, 0x7B8E, 0x7B6E, 0x734D, 0x732C, 0x730C, 0x72EB, 0x72CB,
  0x728A, 0x6A69, 0x6A49, 0x6A28, 0x6207, 0x61E7, 0x61C6, 0x59A6, 0x59A5, 0x5165, 0x2062, 0x5123,
  0x6164, 0x4903, 0x1041, 0x0021, 0x0021, 0x1882, 0x2881, 0x1861, 0x30A1, 0x6122, 0x7142, 0x7942,
  0x8142, 0x8163, 0x8183, 0x89A3, 0x89C3, 0x91E4, 0x9204, 0x9A44, 0x9A65, 0x9A65, 0xA2C6, 0xAB07,
  0xAB27, 0xA2E7, 0xA2A6, 0xA2A6, 0x9A85, 0x9A65, 0x9A44, 0x9224, 0x89E3, 0x81C3, 0x81A3, 0x7983,
  0xB44E, 0xC42D, 0xCC0B, 0xD3A9, 0xD346, 0xD2E4, 0xCA83, 0xC222, 0xC1C1, 0xB980, 0xB140, 0xA900,
  0x98C0, 0x88A0, 0x88A0, 0x68E2, 0x3966, 0x4965, 0x7123, 0x7923, 0x8123, 0x8144, 0x8144, 0x8164,
  0x8165, 0x8165, 0x8144, 0x8124, 0x7903, 0x78C2, 0x78A1, 0x7860, 0x7860, 0x80A1, 0x8123, 0x89E7,
  0x92CB, 0x9B8E, 0xA411, 0xACB4, 0xB556, 0xBDB8, 0xBE19, 0xC67A, 0xC6BB, 0xCEDC, 0xCEFC, 0xCEFC,
  0xCEFC, 0xCEFC, 0xC6FC, 0xC6BC, 0xC6BB, 0xC6DC, 0xC6FC, 0xC6FC, 0xCF3D, 0xCF3D, 0xCF5D, 0xCF5D,
  0xCF5D, 0xBF1D, 0x8E3B, 0x5475, 0x2A8D, 0x1988, 0x0906, 0x08E5, 0x00C5, 0x0905, 0x0105, 0x0106,
  0x0127, 0x0148, 0x0989, 0x0A0C, 0x0ACF, 0x13B2, 0x1434, 0x1414, 0x1435, 0x1C55, 0x1392, 0x1371,
  0x13D3, 0x1CB6, 0x1CB6, 0x1C95, 0x1C95, 0x1C33, 0x134F, 0x1B6F, 0x2C32, 0x3472, 0x3410, 0x230B,
  0x2AA8, 0x3247, 0x3226, 0x3205, 0x3205, 0x1985, 0x0020, 0x0000, 0x0000, 0x0000, 0x0000, 0x0000,
  0x0000, 0x0000, 0x0000, 0x0000, 0x0000, 0x0000, 0x0000, 0x0000, 0x0000, 0x0000, 0x0000, 0x0000,
  0x0000, 0x0000, 0x0000, 0x0000, 0x0020, 0x0A08, 0x12AB, 0x0A8A, 0x126A, 0x1B0B, 0x236D, 0x1B6E,
  0x1B4E, 0x0B0F, 0x1391, 0x1412, 0x1C54, 0x2D16, 0x3D78, 0x45D9, 0x35B8, 0x2D57, 0x3517, 0x35D9,
  0x2517, 0x13F3, 0x0ACF, 0x026D, 0x01EB, 0x226B, 0x426A, 0x4249, 0x4A49, 0x5289, 0x5248, 0x4A07,
  0x41C6, 0x3986, 0x2125, 0x10C4, 0x10E5, 0x1967, 0x2A4B, 0x4B0E, 0x638F, 0x73AF, 0x7BCF, 0x83F0,
  0x8410, 0x8431, 0x8451, 0x8C72, 0x8472, 0x8472, 0x8472, 0x8472, 0x8472, 0x8472, 0x8452, 0x8431,
  0x8431, 0x7C10, 0x7BF0, 0x7BCF, 0x7BAF, 0x7B8E, 0x7B6E, 0x7B4D, 0x7B4D, 0x7B2C, 0x7B0C, 0x7AEB,
  0x72CA, 0x728A, 0x7269, 0x6A48, 0x6A28, 0x6207, 0x61E7, 0x61C6, 0x59A6, 0x59A6, 0x4144, 0x2081,
  0x5944, 0x5944, 0x4903, 0x1841, 0x0000, 0x0020, 0x1061, 0x28C2, 0x2081, 0x2881, 0x48C2, 0x7122,
  0x7942, 0x8162, 0x8183, 0x8983, 0x89A3, 0x91C3, 0x91E4, 0x9A24, 0x9A44, 0x9A65, 0xA2A5, 0xA2E6,
  0xAAE6, 0xA307, 0xA307, 0xA2E6, 0xA307, 0x9A85, 0x9AA5, 0x9265, 0x8A24, 0x81C4, 0x81C3, 0x81A3,
  0xECED, 0xE44A, 0xDBC7, 0xDB45, 0xD2C3, 0xD262, 0xCA01, 0xC1C0, 0xC180, 0xB140, 0xA8E0, 0x98A0,
  0x8880, 0x80A1, 0x6123, 0x49A8, 0x6185, 0x7943, 0x8143, 0x8164, 0x8984, 0x8985, 0x89A6, 0x89C6,
  0x89C6, 0x89C6, 0x89C6, 0x89A6, 0x8985, 0x8144, 0x8102, 0x80C1, 0x8080, 0x80A1, 0x8923, 0x91E7,
  0x9ACB, 0xA3AF, 0xAC52, 0xB515, 0xBDB7, 0xC619, 0xC65A, 0xCE9B, 0xCEDC, 0xCEFC, 0xCF1C, 0xD71D,
  0xD71D, 0xCF1D, 0xCF1C, 0xC6DC, 0xC6DC, 0xC6DC, 0xCEFC, 0xCF1D, 0xCF3D, 0xD75D, 0xD75D, 0xD77E,
  0xCF7E, 0xC73D, 0x9E9C, 0x5CD6, 0x32EF, 0x19A9, 0x0926, 0x08E5, 0x00E5, 0x0905, 0x0105, 0x0106,
  0x0127, 0x0168, 0x01A9, 0x01EB, 0x026E, 0x0ACF, 0x0ACF, 0x0AAF, 0x0AAF, 0x02CF, 0x0B30, 0x1434,
  0x2517, 0x3DF9, 0x35B9, 0x24B5, 0x1B70, 0x23F2, 0x3536, 0x3515, 0x2C30, 0x1B0C, 0x1ACB, 0x1AEB,
  0x22A9, 0x32C9, 0x3A87, 0x3A46, 0x3A46, 0x29E6, 0x08E3, 0x0000, 0x0000, 0x0000, 0x0000, 0x0000,
  0x0000, 0x0000, 0x0000, 0x0000, 0x0000, 0x0000, 0x0000, 0x0000, 0x0000, 0x0000, 0x0000, 0x0000,
  0x0000, 0x0000, 0x0000, 0x0000, 0x00C4, 0x0ACB, 0x12CB, 0x12CB, 0x1AAA, 0x22CA, 0x1B0C, 0x0AED,
  0x0ACE, 0x026C, 0x02AD, 0x02EF, 0x0BB2, 0x1C74, 0x2D17, 0x3578, 0x2537, 0x24F6, 0x2CD6, 0x2D57,
  0x2495, 0x0B92, 0x028D, 0x0A2C, 0x0A0B, 0x328C, 0x428B, 0x4A4A, 0x4A69, 0x5289, 0x5248, 0x49E7,
  0x41C6, 0x3986, 0x2125, 0x10C4, 0x1105, 0x1988, 0x2A6B, 0x532E, 0x6B8E, 0x73AF, 0x7BCF, 0x83F0,
  0x8430, 0x8C31, 0x8C51, 0x8C72, 0x8C92, 0x8C72, 0x8C92, 0x8C72, 0x8472, 0x8472, 0x8472, 0x8451,
  0x8431, 0x8411, 0x83F0, 0x83D0, 0x7BCF, 0x7BAF, 0x7B8E, 0x7B6E, 0x7B4D, 0x7B2C, 0x7B2C, 0x7B0B,
  0x7ACB, 0x72AA, 0x7289, 0x6A49, 0x6A28, 0x6A07, 0x61E7, 0x61C7, 0x61C6, 0x59A6, 0x59A5, 0x3904,
  0x28A2, 0x5944, 0x6143, 0x5102, 0x1861, 0x0000, 0x0000, 0x1041, 0x30C2, 0x30C2, 0x2881, 0x38A1,
  0x5902, 0x7943, 0x8163, 0x8182, 0x8983, 0x89A3, 0x91C3, 0x9204, 0x9A24, 0x9A45, 0x9A65, 0xA286,
  0xA2C6, 0xA2C6, 0xAB48, 0xAB89, 0xA327, 0xA2C6, 0x9AA6, 0x9AA6, 0x8204, 0x8A04, 0x8A04, 0x89C3,
  0xE44A, 0xE3A7, 0xDB44, 0xD2C3, 0xD261, 0xCA01, 0xC1C0, 0xC160, 0xB120, 0xA0C0, 0x9080, 0x8880,
  0x78C2, 0x5966, 0x51E8, 0x71A5, 0x8964, 0x8964, 0x8985, 0x89A5, 0x89A5, 0x91C6, 0x91E6, 0x91E7,
  0x9207, 0x9227, 0x9228, 0x9208, 0x9207, 0x91C6, 0x8985, 0x8923, 0x88C1, 0x88C1, 0x9122, 0x99C6,
  0x9ACB, 0xABAF, 0xB473, 0xBD56, 0xC5F8, 0xCE5A, 0xCE7B, 0xCEDB, 0xD6FC, 0xD71D, 0xD73D, 0xD73D,
  0xD73D, 0xD73D, 0xCF1D, 0xCEFC, 0xCEFC, 0xCEFC, 0xCEFC, 0xD73D, 0xD75D, 0xD77E, 0xDF7E, 0xD77E,
  0xD77E, 0xCF5E, 0xA6DC, 0x6D37, 0x3B30, 0x19EA, 0x1147, 0x08E5, 0x08E5, 0x0905, 0x0106, 0x0106,
  0x0126, 0x0147, 0x0168, 0x01A9, 0x020C, 0x028E, 0x0ACF, 0x0AF0, 0x0B92, 0x1495, 0x1D18, 0x14B6,
  0x2538, 0x3599, 0x2D58, 0x2D37, 0x3536, 0x2CB4, 0x1BF1, 0x1BD0, 0x1BB0, 0x138F, 0x23CF, 0x33CE,
  0x2BAD, 0x32C9, 0x2A47, 0x3A87, 0x3A66, 0x3A46, 0x21E6, 0x0862, 0x0000, 0x0000, 0x0000, 0x0000,
  0x0000, 0x0000, 0x0000, 0x0000, 0x0000, 0x0000, 0x0000, 0x0000, 0x0000, 0x0000, 0x0000, 0x0000,
  0x0000, 0x0000, 0x0000, 0x0041, 0x0A6A, 0x0AEC, 0x1B0B, 0x2AEA, 0x22A9, 0x2B6C, 0x2B8D, 0x1B6F,
  0x0AEE, 0x0A8D, 0x026D, 0x024D, 0x02AF, 0x0B92, 0x2495, 0x1C95, 0x1C54, 0x13F2, 0x24F6, 0x2D58,
  0x13F3, 0x0B30, 0x0AAE, 0x0A4D, 0x0A0B, 0x324B, 0x3A49, 0x4229, 0x4A69, 0x5289, 0x4A48, 0x41E7,
  0x41C6, 0x3186, 0x2125, 0x08E4, 0x1105, 0x19A8, 0x328C, 0x534E, 0x6B8F, 0x7BAF, 0x83CF, 0x83F0,
  0x8430, 0x8C51, 0x8C51, 0x8C72, 0x8C92, 0x8C92, 0x8C92, 0x8C92, 0x8C72, 0x8C72, 0x8C72, 0x8C51,
  0x8431, 0x8411, 0x8410, 0x83F0, 0x83CF, 0x83AF, 0x7B8E, 0x7B8E, 0x7B6D, 0x7B4D, 0x7B2C, 0x7B0C,
  0x7AEB, 0x7ACA, 0x7289, 0x7269, 0x6A48, 0x6A28, 0x6A07, 0x61E7, 0x61C6, 0x61C6, 0x59A5, 0x5985,
  0x38E3, 0x30A2, 0x6143, 0x6143, 0x5923, 0x2881, 0x0020, 0x0020, 0x0820, 0x2081, 0x4902, 0x40E2,
  0x38A1, 0x38A1, 0x50E2, 0x7122, 0x8163, 0x8983, 0x89A3, 0x91E3, 0x9204, 0x9A24, 0x9A45, 0x9A85,
  0x9AA5, 0xA2E7, 0xAB07, 0xAB28, 0xAB27, 0xA307, 0xA2C6, 0x79E4, 0x9266, 0x9265, 0x9225, 0x92C7,
  0xE3A6, 0xDB24, 0xD2A2, 0xD241, 0xCA00, 0xC1C0, 0xB960, 0xB100, 0xA0C0, 0x90A0, 0x88C1, 0x8123,
  0x69A7, 0x61E7, 0x81A5, 0x9163, 0x9163, 0x9164, 0x8985, 0x91A5, 0x99E5, 0x9A06, 0x9A07, 0x9A27,
  0x9A48, 0x9A68, 0x9A69, 0x9A89, 0x9A69, 0x9A69, 0x9A28, 0x91C6, 0x9143, 0x90E1, 0x9122, 0x99C6,
  0xA2CB, 0xABCF, 0xB493, 0xC556, 0xC619, 0xCE7B, 0xCE9B, 0xD6DC, 0xD71C, 0xD73D, 0xD73D, 0xD75D,
  0xD75D, 0xD75D, 0xD73D, 0xCF1D, 0xCF3D, 0xCF1D, 0xD73D, 0xD75D, 0xD77E, 0xDF9E, 0xDF9E, 0xDF9E,
  0xD77E, 0xCF7E, 0xB71D, 0x7599, 0x43B2, 0x222C, 0x1147, 0x0906, 0x08E5, 0x08E5, 0x0906, 0x0906,
  0x0106, 0x0927, 0x0968, 0x01CA, 0x022C, 0x0A8E, 0x0B10, 0x0BF4, 0x1CD7, 0x1496, 0x1475, 0x1CB7,
  0x2D58, 0x2517, 0x2517, 0x1C54, 0x1C75, 0x2474, 0x2454, 0x13D1, 0x1BD1, 0x2493, 0x3471, 0x2BCE,
  0x1AAA, 0x22CA, 0x2AE9, 0x3247, 0x3A87, 0x3A66, 0x3A46, 0x21C6, 0x0020, 0x0000, 0x0000, 0x0000,
  0x0000, 0x0000, 0x0000, 0x0000, 0x0000, 0x0000, 0x0000, 0x0000, 0x0000, 0x0000, 0x0000, 0x0000,
  0x0000, 0x0000, 0x0020, 0x09A7, 0x0AEC, 0x1B0B, 0x230A, 0x3B4B, 0x43CC, 0x43AD, 0x1B2D, 0x0AAD,
  0x0B2F, 0x0AEF, 0x0AAE, 0x02CF, 0x0310, 0x0B92, 0x13D3, 0x13B2, 0x13D2, 0x13D2, 0x1C75, 0x1414,
  0x1350, 0x0A8D, 0x020B, 0x01A9, 0x120A, 0x3A4A, 0x4249, 0x4249, 0x4A49, 0x5269, 0x4A28, 0x41E7,
  0x39A6, 0x3165, 0x1925, 0x08C4, 0x1126, 0x19A9, 0x3AAC, 0x5B4E, 0x73AF, 0x7BCF, 0x83EF, 0x8410,
  0x8C30, 0x8C51, 0x8C71, 0x8C72, 0x8C92, 0x8C92, 0x8C92, 0x8C92, 0x8C92, 0x8C72, 0x8C72, 0x8C72,
  0x8C51, 0x8431, 0x8410, 0x83F0, 0x83D0, 0x83CF, 0x83AE, 0x838E, 0x836D, 0x834D, 0x834D, 0x832C,
  0x830B, 0x7ACA, 0x7AAA, 0x7289, 0x7249, 0x6A48, 0x6A27, 0x6A07, 0x61E7, 0x61C6, 0x61A6, 0x59A6,
  0x5985, 0x38E3, 0x30A2, 0x5964, 0x5943, 0x5923, 0x38A1, 0x0820, 0x0020, 0x0000, 0x0820, 0x28A1,
  0x5943, 0x6143, 0x58E2, 0x50C1, 0x50A1, 0x58C1, 0x7142, 0x89A3, 0x91C3, 0x9204, 0x9224, 0x9A65,
  0x9A85, 0xA2C6, 0xA2E7, 0xAB07, 0xAB68, 0x8A86, 0x71A4, 0x92A6, 0x9AA6, 0x9A86, 0x9265, 0x9266,
  0xE303, 0xDAA2, 0xD241, 0xC9E0, 0xC1A0, 0xB960, 0xA8E0, 0x98C0, 0x90C0, 0x8902, 0x7985, 0x69C7,
  0x79C5, 0x91A4, 0x9963, 0x9942, 0x9942, 0x9942, 0x9164, 0x91A5, 0x99C5, 0x9A27, 0xA288, 0xAAC9,
  0xAAEA, 0xAB0B, 0xAB0B, 0xAB0B, 0xAB0B, 0xA2EB, 0xA2CA, 0xA289, 0xA207, 0x99A4, 0x9942, 0xA1C5,
  0xAAAA, 0xB3AF, 0xBC93, 0xC556, 0xCE39, 0xD69B, 0xD6DB, 0xD6FC, 0xDF3D, 0xDF3D, 0xDF5D, 0xDF5D,
  0xDF5D, 0xD75D, 0xD73D, 0xD73D, 0xD75D, 0xD75D, 0xD75D, 0xDF7E, 0xDF9E, 0xDF9E, 0xDF9E, 0xDF9E,
  0xDF9E, 0xD77E, 0xBF3D, 0x861A, 0x4C13, 0x2A8D, 0x1988, 0x1146, 0x1126, 0x1946, 0x1966, 0x1987,
  0x21A8, 0x29E9, 0x2A2B, 0x1A2B, 0x0A2C, 0x02AF, 0x0B51, 0x0B93, 0x0B93, 0x1476, 0x2537, 0x1C75,
  0x0B71, 0x1392, 0x2517, 0x3DF9, 0x24F6, 0x1454, 0x1C95, 0x1C94, 0x24D5, 0x34F4, 0x1B6E, 0x0A8B,
  0x1B2D, 0x1B0C, 0x22CA, 0x2AE9, 0x3AC8, 0x3A86, 0x4266, 0x2A26, 0x1986, 0x0020, 0x0000, 0x0000,
  0x0000, 0x0000, 0x0000, 0x0000, 0x0000, 0x0000, 0x0000, 0x0000, 0x0000, 0x0000, 0x0000, 0x0000,
  0x0000, 0x0020, 0x09A6, 0x0AEC, 0x130C, 0x232B, 0x32EA, 0x3B4B, 0x74B0, 0x64B0, 0x3C0F, 0x2390,
  0x0B2F, 0x0B50, 0x0330, 0x0330, 0x0B92, 0x0C14, 0x1434, 0x0B71, 0x02EF, 0x0351, 0x24F7, 0x1391,
  0x0AAE, 0x0A4D, 0x01CA, 0x0189, 0x220A, 0x3A4A, 0x4229, 0x4A29, 0x4A69, 0x5289, 0x4A28, 0x41E7,
  0x39A6, 0x3165, 0x1905, 0x08E4, 0x1126, 0x21EA, 0x42CD, 0x636F, 0x73AF, 0x7BCF, 0x83EF, 0x8C10,
  0x8C30, 0x8C51, 0x8C71, 0x8C72, 0x8C92, 0x8C92, 0x8C92, 0x8C92, 0x8C92, 0x8C92, 0x8C72, 0x8C72,
  0x8C51, 0x8C31, 0x8410, 0x8410, 0x83F0, 0x83CF, 0x83AF, 0x838E, 0x838E, 0x836D, 0x834D, 0x834C,
  0x830B, 0x7AEB, 0x7ACA, 0x7289, 0x7269, 0x7248, 0x6A28, 0x6A07, 0x6207, 0x61E7, 0x61C6, 0x61A6,
  0x59A6, 0x5985, 0x38E3, 0x2881, 0x5143, 0x5944, 0x6103, 0x50C1, 0x2041, 0x0820, 0x0020, 0x0020,
  0x0820, 0x1861, 0x48E1, 0x6942, 0x8183, 0x81A3, 0x8183, 0x8183, 0x89A3, 0x91E3, 0x9204, 0x9A45,
  0x9A65, 0x9AA5, 0x9AC6, 0x8245, 0x5942, 0x7A25, 0xAB28, 0xAB48, 0xAB48, 0xA2C7, 0x9AC7, 0x9AC7,
  0xDA81, 0xD220, 0xC9E0, 0xC1A0, 0xB120, 0xA0C0, 0x98C0, 0x9101, 0x89A5, 0x71E8, 0x71C8, 0x89C5,
  0xA1A3, 0xA182, 0xA162, 0xA183, 0xA1C4, 0xAA05, 0xAA47, 0xAA67, 0xAA68, 0xA268, 0xA289, 0xB32B,
  0xBB8D, 0xBBAE, 0xBBAE, 0xB3AE, 0xB3AE, 0xB38E, 0xAB6D, 0xAB2C, 0xAAEB, 0xAA88, 0xA9C5, 0xA1C5,
  0xAA89, 0xB38E, 0xC473, 0xCD56, 0xD619, 0xD69B, 0xD6DC, 0xDEFC, 0xDF3D, 0xDF5D, 0xDF5D, 0xDF5D,
  0xDF5D, 0xDF5D, 0xD73D, 0xD73D, 0xD75D, 0xDF7E, 0xDF7E, 0xDF9E, 0xDF9E, 0xDF9E, 0xE79E, 0xDF9E,
  0xDF9E, 0xD79E, 0xC75E, 0x967C, 0x5C95, 0x3AEF, 0x21CA, 0x1968, 0x1987, 0x2187, 0x29A7, 0x31C8,
  0x31E9, 0x3A2A, 0x3A6B, 0x328C, 0x124C, 0x0AF0, 0x0B51, 0x1392, 0x0BB3, 0x0BF4, 0x0B93, 0x0B93,
  0x1C75, 0x2D99, 0x2D99, 0x3598, 0x4E1A, 0x2D78, 0x24D6, 0x2D37, 0x34D4, 0x12CD, 0x0ACD, 0x138F,
  0x134D, 0x234D, 0x2BAD, 0x336C, 0x32A8, 0x3AA7, 0x42A7, 0x4287, 0x2A67, 0x1986, 0x0041, 0x0000,
  0x0000, 0x0000, 0x0000, 0x0000, 0x0000, 0x0000, 0x0000, 0x0000, 0x0000, 0x0000, 0x0000, 0x0000,
  0x0041, 0x09C7, 0x12CC, 0x1B0C, 0x232B, 0x334A, 0x2AEA, 0x3B6B, 0x4BEE, 0x85B4, 0x8593, 0x5513,
  0x0B90, 0x0B0F, 0x0B71, 0x0392, 0x0C14, 0x1CB6, 0x1CD6, 0x1475, 0x0B92, 0x1C33, 0x2495, 0x13B2,
  0x0AEF, 0x01EA, 0x0147, 0x0947, 0x2A4B, 0x426A, 0x424A, 0x4A29, 0x4A49, 0x4A49, 0x4A07, 0x41C7,
  0x39A6, 0x3166, 0x1905, 0x08E5, 0x1147, 0x2A0A, 0x42ED, 0x636F, 0x7BAE, 0x7BCF, 0x83EF, 0x8C10,
  0x8C30, 0x8C51, 0x8C71, 0x9472, 0x9492, 0x9492, 0x8C92, 0x8C92, 0x8C92, 0x8C92, 0x8C72, 0x8C72,
  0x8C71, 0x8C51, 0x8C31, 0x8C10, 0x8BF0, 0x83EF, 0x83CF, 0x83AE, 0x838E, 0x836D, 0x836D, 0x834C,
  0x832C, 0x830B, 0x7ACA, 0x7AAA, 0x7289, 0x7268, 0x7248, 0x6A28, 0x6A07, 0x6207, 0x61E6, 0x61C6,
  0x59A6, 0x5985, 0x5985, 0x4924, 0x2881, 0x48E3, 0x5923, 0x5902, 0x60E2, 0x48A1, 0x1840, 0x0820,
  0x0821, 0x0821, 0x0821, 0x0820, 0x2860, 0x40C1, 0x6122, 0x7963, 0x81A3, 0x89C4, 0x89E4, 0x81E4,
  0x71C4, 0x5943, 0x48E2, 0x69A3, 0xA348, 0xB3EA, 0xB389, 0xAB89, 0xAB68, 0xAB68, 0x92C6, 0x79E4,
  0xDA20, 0xD1E0, 0xC180, 0xB100, 0xA8E0, 0x9901, 0x8984, 0x79E6, 0x79E6, 0x91C6, 0xA9C4, 0xB1C3,
  0xB1A2, 0xB1C3, 0xB225, 0xB266, 0xB2C8, 0xBB09, 0xBB2A, 0xBB4B, 0xC38C, 0xC38C, 0xB34B, 0xAB0B,
  0xB38D, 0xC42F, 0xC450, 0xC430, 0xC430, 0xBC30, 0xBBEF, 0xBBCF, 0xB3AE, 0xB34C, 0xB2C9, 0xAA26,
  0xB268, 0xBB6D, 0xC452, 0xCD35, 0xD5D8, 0xD69B, 0xDEDC, 0xDEFC, 0xDF3D, 0xDF5D, 0xDF5D, 0xDF5D,
  0xDF5D, 0xDF5D, 0xD75D, 0xDF5D, 0xDF7E, 0xDF7E, 0xDF9E, 0xDF9E, 0xE79E, 0xE7BE, 0xE7BE, 0xE7BE,
  0xDF9E, 0xDF9E, 0xCF7E, 0xA6DD, 0x6517, 0x4371, 0x2A2B, 0x19A8, 0x1987, 0x2187, 0x29A8, 0x29C8,
  0x31E9, 0x3A29, 0x3A4A, 0x3A8B, 0x126C, 0x0A6D, 0x0A8E, 0x0B31, 0x1393, 0x13B3, 0x1434, 0x2D79,
  0x1CF7, 0x1CD7, 0x3DB9, 0x4E5A, 0x35B9, 0x3579, 0x3577, 0x2433, 0x0AAE, 0x0B6F, 0x1BF1, 0x1BAF,
  0x23D0, 0x2C51, 0x2C0F, 0x2B0B, 0x2248, 0x3AC8, 0x42A7, 0x42C7, 0x3A87, 0x2A47, 0x19E7, 0x08E4,
  0x0021, 0x0000, 0x0000, 0x0000, 0x0000, 0x0000, 0x0000, 0x0000, 0x0000, 0x0000, 0x0020, 0x00E4,
  0x1249, 0x12EC, 0x232B, 0x2B4B, 0x334B, 0x330A, 0x332B, 0x2ACA, 0x43EE, 0x64D2, 0x7D94, 0x6DB6,
  0x6DF7, 0x2473, 0x0BB2, 0x0BD3, 0x14D6, 0x1D37, 0x1C95, 0x1475, 0x1434, 0x1CD6, 0x0BB3, 0x13D3,
  0x1392, 0x0A8E, 0x01EB, 0x11C9, 0x3A4B, 0x3A49, 0x4208, 0x4A29, 0x4A69, 0x4A48, 0x4A07, 0x41C6,
  0x3986, 0x2965, 0x1905, 0x1105, 0x1968, 0x2A4B, 0x4B0E, 0x6B8E, 0x7BAE, 0x83CF, 0x83EF, 0x8C10,
  0x8C30, 0x8C51, 0x9471, 0x9492, 0x9492, 0x9492, 0x9492, 0x94B2, 0x9492, 0x8C92, 0x8C92, 0x8C72,
  0x8C72, 0x8C51, 0x8C31, 0x8C10, 0x8C10, 0x8BEF, 0x8BCF, 0x8BAF, 0x8BAE, 0x8B8E, 0x8B6D, 0x8B6D,
  0x832C, 0x830B, 0x82EB, 0x7AAA, 0x7A89, 0x7269, 0x7248, 0x6A28, 0x6A28, 0x6A07, 0x61E7, 0x61C6,
  0x61A6, 0x59A6, 0x5985, 0x5965, 0x5145, 0x30C3, 0x30A2, 0x50E3, 0x58E2, 0x60E2, 0x60E1, 0x40A1,
  0x2040, 0x0820, 0x0020, 0x0821, 0x0841, 0x1041, 0x1020, 0x1020, 0x1840, 0x2860, 0x3060, 0x38A1,
  0x5102, 0x79E3, 0x9AA5, 0xAB06, 0xAB27, 0xAB47, 0xB368, 0xAB68, 0x92C6, 0x5983, 0x6183, 0xA327,
  0xC9C0, 0xB940, 0xA8E0, 0x9901, 0x8983, 0x8205, 0x79E6, 0x91E5, 0xA9E5, 0xBA05, 0xB9E4, 0xB1E4,
  0xB205, 0xAA47, 0xA268, 0x9A89, 0x9ACA, 0xA2EB, 0xA2EB, 0xA2EB, 0xA2EB, 0xA2EB, 0xAB4C, 0xB38D,
  0xB36D, 0xC3EF, 0xCC91, 0xCC91, 0xCC91, 0xCC91, 0xC471, 0xC451, 0xBC30, 0xBC0F, 0xBBAE, 0xBB2B,
  0xBA89, 0xBB2B, 0xC410, 0xCCF4, 0xD5B8, 0xD65A, 0xDEDC, 0xDF1C, 0xDF3D, 0xDF5D, 0xDF5D, 0xDF5D,
  0xDF3D, 0xDF5D, 0xDF5D, 0xDF7E, 0xDF7E, 0xDF9E, 0xE79E, 0xE7BE, 0xE7BE, 0xE7BE, 0xE7BE, 0xE7BE,
  0xE7BE, 0xDF9E, 0xD79E, 0xB71D, 0x7599, 0x4BF2, 0x328D, 0x21C9, 0x1987, 0x2187, 0x29A7, 0x31C8,
  0x31E8, 0x3209, 0x3A2A, 0x3A6B, 0x222B, 0x0A4D, 0x0ACF, 0x0B10, 0x0B31, 0x0BF4, 0x14B7, 0x2D59,
  0x1CF8, 0x24F8, 0x2558, 0x35DA, 0x3DDA, 0x2517, 0x13B1, 0x0B0F, 0x1C13, 0x1C12, 0x1BF2, 0x1C73,
  0x2493, 0x3471, 0x23AE, 0x1ACB, 0x1AEA, 0x2A67, 0x4309, 0x42A7, 0x3AA7, 0x42A7, 0x3268, 0x2289,
  0x1A28, 0x0925, 0x0082, 0x0041, 0x0000, 0x0000, 0x0020, 0x0021, 0x0061, 0x0104, 0x1208, 0x1ACB,
  0x232C, 0x336C, 0x3309, 0x4329, 0x4B6A, 0x53ED, 0x334B, 0x2AEC, 0x33AE, 0x54F2, 0x5D94, 0x6575,
  0x7616, 0x6E38, 0x2D77, 0x2D57, 0x24F7, 0x2D58, 0x2D99, 0x1C75, 0x1475, 0x2517, 0x1C55, 0x0B31,
  0x0A8E, 0x0AAE, 0x0A2C, 0x222B, 0x3A6A, 0x4229, 0x4229, 0x4A49, 0x4A49, 0x4A28, 0x41E7, 0x39C6,
  0x3986, 0x2145, 0x1105, 0x1126, 0x19A9, 0x328C, 0x534E, 0x738E, 0x7BAE, 0x83CF, 0x8BEF, 0x8C10,
  0x8C30, 0x9451, 0x9471, 0x9492, 0x9492, 0x94B2, 0x94B2, 0x94B2, 0x9492, 0x9492, 0x9492, 0x9472,
  0x8C72, 0x8C51, 0x8C31, 0x8C10, 0x8C10, 0x8BEF, 0x8BEF, 0x8BCF, 0x8BAE, 0x8BAE, 0x8B8D, 0x8B6D,
  0x8B4C, 0x832C, 0x82EB, 0x7ACA, 0x7AAA, 0x7289, 0x7269, 0x7248, 0x6A28, 0x6A27, 0x6A07, 0x61E7,
  0x61C6, 0x61A6, 0x59A5, 0x5985, 0x5965, 0x5165, 0x4924, 0x38C2, 0x40C2, 0x48C2, 0x58C2, 0x60A1,
  0x68C1, 0x58A1, 0x3061, 0x1840, 0x0820, 0x0820, 0x0820, 0x0840, 0x1061, 0x28A2, 0x4902, 0x5943,
  0x71A4, 0x79E4, 0x7A25, 0x8A66, 0x8A66, 0x7A26, 0x6184, 0x5123, 0x69E5, 0xAB6A, 0xC3EB, 0xB3AA,
  0xB940, 0xA921, 0x9963, 0x89C5, 0x8206, 0x91E5, 0xB225, 0xBA65, 0xBA66, 0xBA25, 0xB225, 0xAA67,
  0xA2C9, 0xAB4B, 0xBBAD, 0xC42E, 0xCC4F, 0xCC70, 0xD490, 0xD490, 0xCC70, 0xC42F, 0xBBAD, 0xAB4C,
  0xA32C, 0xB38D, 0xC450, 0xD4D2, 0xD4D2, 0xCCD2, 0xCCD2, 0xCCB2, 0xC4B2, 0xC491, 0xC451, 0xC40F,
  0xC38D, 0xC32B, 0xC3CE, 0xCCD3, 0xD596, 0xDE39, 0xDEBB, 0xDF1C, 0xDF3D, 0xDF3D, 0xDF5D, 0xDF5D,
  0xDF5D, 0xDF5D, 0xDF7E, 0xE79E, 0xE79E, 0xE79E, 0xE7BE, 0xE7BE, 0xE7BF, 0xE7BE, 0xE7BF, 0xE7BF,
  0xE7BE, 0xDFBE, 0xD79E, 0xC75E, 0x8E3A, 0x5C75, 0x3AEF, 0x21EA, 0x21A8, 0x2187, 0x29A7, 0x29C8,
  0x31E8, 0x31E9, 0x3A29, 0x3A4A, 0x2A6B, 0x0A0C, 0x026E, 0x026E, 0x0B11, 0x0C15, 0x1D18, 0x2518,
  0x1476, 0x1415, 0x1497, 0x2538, 0x2517, 0x13B2, 0x0B91, 0x1C95, 0x1C94, 0x1453, 0x24B5, 0x24D4,
  0x2CB3, 0x2C92, 0x1B6D, 0x1AEB, 0x230B, 0x2B2B, 0x32E9, 0x3288, 0x3AC8, 0x42E8, 0x42A8, 0x4B08,
  0x32A8, 0x2AA8, 0x1247, 0x1207, 0x11C7, 0x11C7, 0x11E7, 0x1A28, 0x22CA, 0x22AA, 0x330A, 0x330A,
  0x3B2A, 0x436B, 0x4B6B, 0x2AA9, 0x434A, 0x542E, 0x6CF2, 0x336D, 0x334D, 0x2B8E, 0x5D75, 0x5E17,
  0x4535, 0x4D76, 0x6659, 0x3D98, 0x3E19, 0x35F9, 0x2517, 0x2538, 0x4619, 0x2517, 0x1C75, 0x1455,
  0x1330, 0x01CA, 0x09CA, 0x328C, 0x3A4A, 0x4229, 0x4229, 0x4A49, 0x5269, 0x4A28, 0x41E7, 0x39A6,
  0x3186, 0x2125, 0x10E5, 0x1146, 0x21EA, 0x3AAD, 0x5B4E, 0x738E, 0x7BAF, 0x83EF, 0x8BEF, 0x8C30,
  0x8C50, 0x9451, 0x9471, 0x9492, 0x9492, 0x94B2, 0x94B2, 0x94B2, 0x94B2, 0x9492, 0x9492, 0x9492,
  0x9472, 0x9451, 0x8C31, 0x8C30, 0x8C10, 0x8BF0, 0x8BEF, 0x8BEF, 0x8BCF, 0x8BAE, 0x8B8D, 0x8B6D,
  0x8B4C, 0x8B2C, 0x830B, 0x82CA, 0x7AAA, 0x7A89, 0x7269, 0x7248, 0x6A48, 0x6A28, 0x6A07, 0x69E7,
  0x61E6, 0x61C6, 0x61A6, 0x5985, 0x5985, 0x5965, 0x5944, 0x5124, 0x4903, 0x40C2, 0x48A2, 0x5081,
  0x5880, 0x6080, 0x68A0, 0x68A1, 0x58C1, 0x40A1, 0x3081, 0x2060, 0x1820, 0x1020, 0x0800, 0x0800,
  0x0800, 0x0800, 0x0800, 0x1000, 0x0800, 0x1020, 0x2061, 0x3103, 0x4103, 0x40C2, 0x38E2, 0x4902,
  0x9983, 0x91A4, 0x9184, 0x99C4, 0xAA05, 0xBA66, 0xC2C7, 0xC2C7, 0xB266, 0xB266, 0xB2E9, 0xBB8D,
  0xCC2F, 0xD470, 0xD4B1, 0xDCD1, 0xDD11, 0xE532, 0xE553, 0xE553, 0xE552, 0xE532, 0xDD12, 0xD490,
  0xBBCE, 0xAB8D, 0xBC0E, 0xCCB1, 0xD4F2, 0xD4F2, 0xD4F3, 0xCCF3, 0xCCF3, 0xCCF3, 0xCCD3, 0xCCB2,
  0xCC71, 0xCBEE, 0xCBCD, 0xCC91, 0xDD55, 0xDDF8, 0xDE7A, 0xE6FC, 0xE73D, 0xE73D, 0xE75D, 0xDF5E,
  0xE77E, 0xE79E, 0xE79E, 0xE79E, 0xE79E, 0xE7BE, 0xE7BE, 0xE7BF, 0xE7BF, 0xE7BF, 0xE7BF, 0xE7BF,
  0xE7BF, 0xE7BE, 0xDF9E, 0xCF7E, 0x9E9C, 0x6CF7, 0x4350, 0x2A2B, 0x21A8, 0x2187, 0x29A7, 0x29C8,
  0x3209, 0x3209, 0x3A29, 0x3A4A, 0x326B, 0x0A0B, 0x022D, 0x0331, 0x0BB3, 0x1455, 0x1497, 0x0BF4,
  0x0B93, 0x0BF4, 0x1476, 0x1475, 0x0B51, 0x0B30, 0x1C95, 0x1CB5, 0x1454, 0x24F6, 0x2516, 0x2D16,
  0x34F5, 0x1BCF, 0x1ACB, 0x23AF, 0x2B4D, 0x2B6D, 0x2AAA, 0x2AEA, 0x2AEA, 0x3B09, 0x42E8, 0x5308,
  0x5308, 0x42C8, 0x4328, 0x3AE8, 0x32A7, 0x32E9, 0x22A9, 0x32E9, 0x32E9, 0x3AC9, 0x3B09, 0x3B49,
  0x3B4A, 0x4BAB, 0x230A, 0x2B0B, 0x2AEA, 0x548F, 0x5C71, 0x6534, 0x3BD0, 0x1B2E, 0x23B0, 0x4D55,
  0x5639, 0x3D57, 0x24D5, 0x4DF8, 0x35D8, 0x2578, 0x1CF7, 0x24F8, 0x3DB9, 0x35B9, 0x2517, 0x0C14,
  0x0B31, 0x0A8E, 0x19EA, 0x3A6B, 0x3A4A, 0x4229, 0x4229, 0x4A49, 0x4A28, 0x4A08, 0x41E7, 0x39A6,
  0x3165, 0x2125, 0x1105, 0x1167, 0x2A0A, 0x42ED, 0x636E, 0x7BAE, 0x83CF, 0x83EF, 0x8C0F, 0x8C30,
  0x9450, 0x9451, 0x9471, 0x9492, 0x9492, 0x94B2, 0x94B2, 0x94B2, 0x94B2, 0x94B2, 0x9492, 0x9492,
  0x9472, 0x9471, 0x9451, 0x9430, 0x8C10, 0x9410, 0x93EF, 0x93EF, 0x93CF, 0x93CE, 0x93AE, 0x8B8D,
  0x8B4C, 0x8B2C, 0x830B, 0x82EA, 0x7AAA, 0x7A89, 0x7269, 0x7269, 0x7248, 0x6A28, 0x6A27, 0x6A07,
  0x69E7, 0x61C6, 0x61A6, 0x61A5, 0x5985, 0x5965, 0x5944, 0x5144, 0x5123, 0x4903, 0x48E3, 0x48A2,
  0x4881, 0x5060, 0x6060, 0x6860, 0x6880, 0x70A0, 0x70C1, 0x78C1, 0x78E1, 0x7101, 0x7122, 0x6922,
  0x6922, 0x6142, 0x6963, 0x6983, 0x71A3, 0x81E4, 0x8205, 0x8A66, 0x92A7, 0xA308, 0xAB69, 0xB3CA,
  0xA183, 0xA9A3, 0xB1E3, 0xC265, 0xCB07, 0xD349, 0xC329, 0xA2A8, 0x9ACA, 0x9B0C, 0x9B4D, 0x9B6D,
  0xA36D, 0xA36D, 0x9B8D, 0x9B6D, 0x9B4D, 0x9B4C, 0xA34C, 0xAB8D, 0xC40F, 0xDCF2, 0xE573, 0xE573,
  0xDD12, 0xCC70, 0xC470, 0xD4F2, 0xD512, 0xDD13, 0xD513, 0xD533, 0xD533, 0xD514, 0xD514, 0xD514,
  0xD4F3, 0xD4D2, 0xD42F, 0xD450, 0xD514, 0xDDB7, 0xE659, 0xE6BB, 0xE73D, 0xE75D, 0xE77E, 0xE77E,
  0xE79E, 0xE79E, 0xE79E, 0xE79E, 0xE7BE, 0xE7BE, 0xE7BF, 0xE7BF, 0xE7BF, 0xE7BF, 0xE7DF, 0xE7DF,
  0xE7BF, 0xE7BF, 0xDFBE, 0xD79E, 0xB71D, 0x7599, 0x4BD2, 0x328D, 0x21C9, 0x21A8, 0x29A7, 0x29A8,
  0x31E8, 0x3209, 0x3A09, 0x3A2A, 0x3A6B, 0x226D, 0x0ACF, 0x0AF0, 0x13B3, 0x0C35, 0x0B72, 0x0AF0,
  0x0B93, 0x1435, 0x13B3, 0x0AF0, 0x0B30, 0x1C95, 0x24D6, 0x1454, 0x24F6, 0x2D37, 0x3598, 0x3577,
  0x2C32, 0x1AAB, 0x2411, 0x23AF, 0x2C10, 0x232C, 0x2B8D, 0x2B4C, 0x2B2B, 0x2B2B, 0x4329, 0x42E7,
  0x5B48, 0x3AA8, 0x4B08, 0x42A7, 0x3A87, 0x4B28, 0x32E9, 0x4308, 0x32C8, 0x434A, 0x32C8, 0x438B,
  0x43CC, 0x3BCD, 0x2BAE, 0x33AE, 0x22AA, 0x4C0F, 0x6D33, 0x54F4, 0x6596, 0x3C32, 0x1AED, 0x23B0,
  0x3CF5, 0x5639, 0x45D9, 0x1CB6, 0x1C75, 0x24F6, 0x1414, 0x3598, 0x2578, 0x1D18, 0x1CD7, 0x1C96,
  0x0BB3, 0x0AF0, 0x224C, 0x3A6B, 0x3A29, 0x4229, 0x4249, 0x4A69, 0x4A49, 0x4A08, 0x41C7, 0x39A6,
  0x2945, 0x1905, 0x1105, 0x1988, 0x2A4B, 0x4B0E, 0x6B8E, 0x7BAE, 0x83CF, 0x8BEF, 0x8C10, 0x8C30,
  0x9451, 0x9471, 0x9472, 0x9492, 0x94B2, 0x94B2, 0x94B2, 0x94B2, 0x94B2, 0x94B2, 0x9492, 0x9492,
  0x9472, 0x9472, 0x9451, 0x9451, 0x9430, 0x9410, 0x9410, 0x940F, 0x93EF, 0x93CE, 0x93AE, 0x8B8D,
  0x8B6C, 0x8B4C, 0x8B2B, 0x82EB, 0x7AAA, 0x7AA9, 0x7A89, 0x7269, 0x7248, 0x7228, 0x6A28, 0x6A07,
  0x69E7, 0x61C6, 0x61C6, 0x61A6, 0x5985, 0x5965, 0x5944, 0x5144, 0x5124, 0x50E3, 0x48E3, 0x48C2,
  0x4882, 0x4861, 0x4840, 0x5040, 0x5840, 0x6840, 0x6860, 0x7060, 0x7880, 0x78C0, 0x8101, 0x8921,
  0x8961, 0x91A2, 0x99E3, 0x9A24, 0xA244, 0xA265, 0xAAC6, 0xAAE7, 0xB328, 0xB369, 0xB3A9, 0xBBC9,
  0xC1E2, 0xCA64, 0xD306, 0xCB69, 0xC38B, 0xAB0B, 0x8AAA, 0x82CB, 0x934D, 0xABEF, 0xC470, 0xD4F2,
  0xDD33, 0xE553, 0xE553, 0xE553, 0xE533, 0xDCF2, 0xCC90, 0xB3EE, 0x9B2B, 0x8AAA, 0xA32B, 0xCC50,
  0xE533, 0xDD53, 0xDD12, 0xDD33, 0xDD33, 0xDD33, 0xDD33, 0xD534, 0xD554, 0xD554, 0xD554, 0xD555,
  0xD555, 0xD535, 0xD513, 0xD470, 0xDCB2, 0xDD76, 0xE618, 0xE67A, 0xE6FC, 0xE75D, 0xE77E, 0xE79E,
  0xE79E, 0xE7BE, 0xE7BE, 0xE7BE, 0xE7BE, 0xE7BF, 0xE7BF, 0xE7BF, 0xEFDF, 0xEFDF, 0xEFDF, 0xE7DF,
  0xE7BF, 0xE7BF, 0xE7BE, 0xDF9E, 0xC75E, 0x8E1B, 0x5C55, 0x32EF, 0x220A, 0x19A8, 0x21A8, 0x29A8,
  0x31E8, 0x31E8, 0x3A09, 0x3A29, 0x426B, 0x328C, 0x126D, 0x0AF0, 0x0B31, 0x0ACF, 0x024D, 0x0B31,
  0x0BB3, 0x0B51, 0x0ACF, 0x0B31, 0x1C55, 0x24F7, 0x1474, 0x1CB5, 0x2D57, 0x3DB8, 0x3DB8, 0x34B4,
  0x128B, 0x2C32, 0x1BF1, 0x2C72, 0x236D, 0x2BEF, 0x23AE, 0x236D, 0x2BEF, 0x33AD, 0x33CD, 0x2B0A,
  0x332B, 0x330A, 0x4329, 0x3AC8, 0x32A7, 0x4B69, 0x3309, 0x4349, 0x32C8, 0x43AB, 0x1A69, 0x338C,
  0x440E, 0x3C2F, 0x3C0F, 0x2BEF, 0x4470, 0x2B0C, 0x5CD2, 0x6D54, 0x6D76, 0x65F7, 0x2C74, 0x134F,
  0x23D2, 0x2D37, 0x463A, 0x35B9, 0x1CB6, 0x0BD2, 0x13F3, 0x2517, 0x1455, 0x14B6, 0x14B6, 0x1496,
  0x0BB2, 0x12EF, 0x3ACD, 0x426A, 0x4229, 0x4228, 0x4228, 0x4A29, 0x4A28, 0x4A08, 0x41C7, 0x3986,
  0x2945, 0x1105, 0x1126, 0x21C9, 0x3A8C, 0x5B4E, 0x738E, 0x7BAE, 0x83CF, 0x8BEF, 0x8C10, 0x9430,
  0x9451, 0x9471, 0x9471, 0x9492, 0x94B2, 0x94B2, 0x94B2, 0x94B2, 0x94B2, 0x94B2, 0x94B2, 0x9492,
  0x9472, 0x9472, 0x9451, 0x9451, 0x9430, 0x9430, 0x9430, 0x9C0F, 0x93EF, 0x93CE, 0x93CE, 0x938D,
  0x8B6D, 0x8B4C, 0x8B2B, 0x82EB, 0x82CA, 0x7AAA, 0x7A89, 0x7269, 0x7269, 0x7248, 0x7228, 0x6A27,
  0x6A07, 0x69E6, 0x61C6, 0x61A6, 0x6185, 0x5965, 0x5964, 0x5944, 0x5124, 0x5103, 0x48E3, 0x48C2,
  0x48A2, 0x4861, 0x4841, 0x4820, 0x4820, 0x5020, 0x5840, 0x6840, 0x7060, 0x7080, 0x78C0, 0x80E0,
  0x8921, 0x8961, 0x91A2, 0x99E3, 0x9A04, 0xA245, 0xA285, 0xAAC6, 0xAAE6, 0xB328, 0xB389, 0xBB89,
  0xD307, 0xD3AA, 0xC3AC, 0xA34C, 0x92EC, 0x934D, 0xB40E, 0xD4D1, 0xED73, 0xEDB4, 0xF5B4, 0xF5B4,
  0xF593, 0xF573, 0xED52, 0xED11, 0xECF1, 0xECD0, 0xECF1, 0xE4F1, 0xE4F2, 0xDCD1, 0xB3EF, 0x930C,
  0xB3AD, 0xD4F2, 0xE573, 0xE573, 0xDD53, 0xDD53, 0xDD54, 0xDD54, 0xDD54, 0xDD54, 0xDD75, 0xDD75,
  0xDD75, 0xDD76, 0xDD76, 0xDD34, 0xDCB2, 0xDD34, 0xE5D7, 0xE639, 0xE6BB, 0xE73D, 0xEF7E, 0xEF9E,
  0xEFBE, 0xEFBE, 0xEFBE, 0xEFBF, 0xE7BF, 0xEFBF, 0xEFDF, 0xEFDF, 0xEFDF, 0xEFDF, 0xEFDF, 0xEFDF,
  0xE7DF, 0xE7BF, 0xE7BE, 0xDFBE, 0xCF7E, 0xA69C, 0x6517, 0x4371, 0x2A4B, 0x21A8, 0x2187, 0x21A7,
  0x29A7, 0x31E8, 0x3209, 0x3A09, 0x3A4A, 0x428B, 0x228D, 0x0A2C, 0x020C, 0x01EB, 0x022C, 0x0B31,
  0x0AF0, 0x0A6D, 0x0AD0, 0x13B3, 0x1CF7, 0x2495, 0x13D3, 0x2517, 0x3DD9, 0x3DD9, 0x3557, 0x12AD,
  0x2C73, 0x2412, 0x2C73, 0x2432, 0x23CF, 0x23F0, 0x23F0, 0x2C50, 0x3450, 0x340F, 0x2BCE, 0x2B4C,
  0x234C, 0x334C, 0x2AEA, 0x2AEA, 0x2AC9, 0x3B4A, 0x2AEA, 0x334B, 0x332A, 0x3C0E, 0x1A8A, 0x2B4D,
  0x3C50, 0x2C10, 0x6D94, 0x3410, 0x44B1, 0x2BCF, 0x2B8F, 0x75D5, 0x6D55, 0x75F8, 0x5E39, 0x24D5,
  0x132F, 0x1C34, 0x2517, 0x465A, 0x2D78, 0x1CB6, 0x24F7, 0x13F3, 0x13D3, 0x0C14, 0x13F3, 0x13B3,
  0x1310, 0x1AAD, 0x3A6B, 0x424A, 0x4229, 0x4229, 0x4A29, 0x4A49, 0x4A08, 0x4207, 0x41C7, 0x3186,
  0x2145, 0x1105, 0x1147, 0x2A0A, 0x42CD, 0x636E, 0x7BAE, 0x83CF, 0x83EF, 0x8C0F, 0x8C10, 0x9430,
  0x9451, 0x9471, 0x9492, 0x9492, 0x94B2, 0x94B2, 0x94B2, 0x94B2, 0x94B2, 0x94B2, 0x9CB2, 0x9492,
  0x9492, 0x9472, 0x9471, 0x9451, 0x9C50, 0x9C30, 0x9C30, 0x9C30, 0x9C0F, 0x93CE, 0x93AE, 0x938D,
  0x936D, 0x8B4C, 0x8B2B, 0x82EB, 0x82CA, 0x7AAA, 0x7A89, 0x7A69, 0x7269, 0x7248, 0x7228, 0x6A27,
  0x6A07, 0x69E7, 0x61C6, 0x61A6, 0x6185, 0x6165, 0x5964, 0x5944, 0x5924, 0x5103, 0x50E3, 0x50C2,
  0x48A2, 0x4881, 0x4861, 0x4840, 0x4820, 0x4020, 0x4800, 0x5000, 0x5820, 0x6860, 0x7080, 0x78A0,
  0x80E0, 0x8101, 0x8961, 0x91A2, 0x99E3, 0x9A24, 0xA265, 0xAAA5, 0xAAC6, 0xB307, 0xB348, 0xBB89,
  0xC40C, 0xA3AD, 0x9B6D, 0xABCE, 0xCCD1, 0xED93, 0xF5F4, 0xF5F4, 0xF5D4, 0xF5B4, 0xF5B3, 0xF572,
  0xF551, 0xED11, 0xECF0, 0xECF0, 0xED11, 0xED32, 0xED52, 0xED53, 0xED52, 0xE552, 0xE553, 0xD4F2,
  0xABCE, 0xA36D, 0xD4D1, 0xE573, 0xE574, 0xE574, 0xDD74, 0xDD54, 0xDD54, 0xDD74, 0xDD75, 0xDD75,
  0xDD96, 0xDD96, 0xDDB6, 0xDDB6, 0xDD75, 0xDD13, 0xE575, 0xE5F8, 0xEE7A, 0xEEDC, 0xEF5D, 0xEF9E,
  0xEFBE, 0xEFBE, 0xEFBE, 0xEFBF, 0xEFBF, 0xEFDF, 0xEFDF, 0xEFDF, 0xEFDF, 0xEFDF, 0xEFDF, 0xEFDF,
  0xE7DF, 0xE7BF, 0xE7BE, 0xE7BF, 0xD79E, 0xB73E, 0x7DB9, 0x5413, 0x32AD, 0x21EA, 0x21A8, 0x21A8,
  0x29A8, 0x31E8, 0x3209, 0x31E9, 0x3A4A, 0x424A, 0x324B, 0x09AA, 0x0189, 0x0189, 0x02AF, 0x0A6E,
  0x0A4D, 0x0A6D, 0x0AAF, 0x1434, 0x1C34, 0x0B31, 0x1CD7, 0x2DB9, 0x3DFA, 0x45B8, 0x12CD, 0x2413,
  0x1C53, 0x2433, 0x24B4, 0x1B6F, 0x2432, 0x2411, 0x2410, 0x3492, 0x3472, 0x2C51, 0x3410, 0x2BAE,
  0x232C, 0x33EF, 0x1AEB, 0x234C, 0x230A, 0x33AD, 0x234C, 0x2B4C, 0x33AD, 0x3C70, 0x1ACB, 0x1ACC,
  0x4491, 0x3492, 0x4513, 0x5D94, 0x3C51, 0x5554, 0x232E, 0x4CB3, 0x8638, 0x54D4, 0x5DF8, 0x4DF9,
  0x1CB6, 0x1392, 0x1C95, 0x2D38, 0x3E1A, 0x3599, 0x463B, 0x1C96, 0x0B71, 0x0B11, 0x0B10, 0x0AEF,
  0x0ACF, 0x32AC, 0x3A6A, 0x4229, 0x4229, 0x4228, 0x4A49, 0x4A28, 0x4A08, 0x41E7, 0x39A6, 0x2966,
  0x1925, 0x1106, 0x1988, 0x324B, 0x4B2E, 0x6B8F, 0x7BAF, 0x83CF, 0x8BEF, 0x8C10, 0x9430, 0x9451,
  0x9471, 0x9492, 0x9492, 0x9492, 0x94B2, 0x94B2, 0x94B3, 0x94B2, 0x94B3, 0x94B2, 0x9CB2, 0x9C92,
  0x9492, 0x9C92, 0x9C71, 0x9C51, 0x9C51, 0x9C50, 0x9C50, 0x9C30, 0x9C0F, 0x93CE, 0x93CE, 0x93AD,
  0x936D, 0x8B4C, 0x8B2B, 0x82EB, 0x82CA, 0x7AAA, 0x7A89, 0x7A89, 0x7269, 0x7248, 0x7248, 0x6A28,
  0x6A07, 0x69E7, 0x69C6, 0x61A6, 0x6185, 0x6185, 0x5964, 0x5944, 0x5124, 0x5103, 0x50E3, 0x50C2,
  0x48A2, 0x4881, 0x4861, 0x4840, 0x4820, 0x4020, 0x4000, 0x4800, 0x4800, 0x5000, 0x6040, 0x7060,
  0x78A0, 0x78C0, 0x8101, 0x9141, 0x99A2, 0x99E3, 0xA224, 0xA265, 0xAAA6, 0xAAE6, 0xB327, 0xB369,
  0x9B8E, 0xAC0E, 0xDD32, 0xEDB4, 0xF5F4, 0xF5F4, 0xFDF4, 0xF5F4, 0xF5B4, 0xF592, 0xF530, 0xF510,
  0xF510, 0xED31, 0xED52, 0xF593, 0xF5B4, 0xF5B5, 0xF5B4, 0xEDB4, 0xEDB4, 0xEDB4, 0xE5B4, 0xE5B4,
  0xE574, 0xD4D1, 0xBC50, 0xDD53, 0xE574, 0xE574, 0xE574, 0xE574, 0xDD74, 0xDD74, 0xDD75, 0xDD95,
  0xDDB6, 0xDDB6, 0xDDB7, 0xDDD7, 0xDDD7, 0xE596, 0xE534, 0xE5B6, 0xEE39, 0xEE9B, 0xEEFC, 0xEF7E,
  0xEF9E, 0xEFBE, 0xEFBF, 0xEFBF, 0xEFBF, 0xEFDF, 0xEFDF, 0xEFDF, 0xEFDF, 0xEFDF, 0xEFDF, 0xEFDF,
  0xEFDF, 0xE7DF, 0xE7BF, 0xE7BF, 0xDFBE, 0xC77E, 0x8E7B, 0x5C96, 0x3B2F, 0x2A2B, 0x21A8, 0x21A8,
  0x21A7, 0x31C8, 0x31E8, 0x3A09, 0x3A29, 0x3A4A, 0x3A4A, 0x19C9, 0x0168, 0x01CB, 0x01AA, 0x0A0C,
  0x01CB, 0x026E, 0x1414, 0x13D3, 0x0AAF, 0x1495, 0x2D99, 0x2D99, 0x3DB9, 0x1B50, 0x1BD2, 0x1C94,
  0x1C74, 0x2516, 0x1B90, 0x1C11, 0x1C12, 0x1C72, 0x2C31, 0x2CD3, 0x34D4, 0x2C72, 0x238E, 0x3410,
  0x238D, 0x2C51, 0x1AEB, 0x23AE, 0x236D, 0x340F, 0x23AE, 0x236D, 0x3C4F, 0x3C71, 0x2B4E, 0x12CC,
  0x3C91, 0x4514, 0x3CD4, 0x6E17, 0x3C92, 0x3C92, 0x4514, 0x130E, 0x5DB6, 0x65D7, 0x44B5, 0x4DF9,
  0x45F9, 0x1CD6, 0x1455, 0x1CB6, 0x2496, 0x461B, 0x3DFA, 0x2D79, 0x1475, 0x0B51, 0x026D, 0x0A0B,
  0x1A2B, 0x328C, 0x3A4A, 0x4229, 0x4228, 0x4228, 0x4A28, 0x4208, 0x4207, 0x41C7, 0x39A6, 0x2966,
  0x1925, 0x1126, 0x21C9, 0x3AAC, 0x5B4E, 0x738F, 0x7BCF, 0x83CF, 0x8C0F, 0x8C30, 0x9431, 0x9451,
  0x9472, 0x9492, 0x9492, 0x9492, 0x94B3, 0x94B3, 0x94B2, 0x94B3, 0x9CB2, 0x9CB2, 0x9CB2, 0x9CB2,
  0x9C92, 0x9C92, 0x9C71, 0x9C71, 0x9C71, 0x9C70, 0x9C50, 0xA450, 0x9C0F, 0x9BCE, 0x93CE, 0x938D,
  0x936C, 0x8B4C, 0x8B2B, 0x82EB, 0x82CA, 0x7AAA, 0x7A89, 0x7A89, 0x7269, 0x7248, 0x7248, 0x6A28,
  0x6A07, 0x69E7, 0x69C6, 0x61A6, 0x61A5, 0x6185, 0x5964, 0x5944, 0x5924, 0x5103, 0x50E3, 0x50A2,
  0x4881, 0x4861, 0x4860, 0x4840, 0x4820, 0x4820, 0x4800, 0x4800, 0x4800, 0x4800, 0x5000, 0x5800,
  0x6840, 0x7880, 0x78C0, 0x88E0, 0x8941, 0x9982, 0x99E3, 0xA224, 0xAA85, 0xAAC6, 0xB307, 0xB348,
  0xD4F1, 0xEDD3, 0xF5F4, 0xF5F4, 0xF615, 0xFE15, 0xFE14, 0xF5D3, 0xF572, 0xF530, 0xF510, 0xF532,
  0xF573, 0xF5B4, 0xF5D5, 0xF5F6, 0xF5F5, 0xF5F5, 0xF5F5, 0xF5D5, 0xEDB5, 0xED94, 0xE574, 0xE574,
  0xED94, 0xF5B5, 0xED94, 0xE573, 0xE594, 0xE594, 0xE574, 0xE594, 0xE574, 0xE574, 0xDD95, 0xDD95,
  0xDDB6, 0xDDB6, 0xDDD7, 0xDDF7, 0xE5F8, 0xE5F7, 0xE5B6, 0xE575, 0xEDD7, 0xEE59, 0xEEBB, 0xEF3D,
  0xEF9E, 0xEFBF, 0xEFBF, 0xEFBF, 0xEFBF, 0xEFDF, 0xEFDF, 0xEFDF, 0xEFDF, 0xEFDF, 0xEFDF, 0xEFDF,
  0xEFDF, 0xEFDF, 0xE7BF, 0xE7BF, 0xE7BF, 0xD79E, 0xA6FD, 0x6D58, 0x4BD2, 0x328D, 0x21EA, 0x21A8,
  0x21A8, 0x29A8, 0x31E9, 0x31E8, 0x3A09, 0x422A, 0x424A, 0x322A, 0x0168, 0x0168, 0x01AA, 0x01AA,
  0x028E, 0x0BF3, 0x0B71, 0x026E, 0x1435, 0x2579, 0x2517, 0x35DA, 0x2474, 0x13F3, 0x1C55, 0x1C95,
  0x1CB5, 0x1C12, 0x1BF2, 0x1C33, 0x1C52, 0x2431, 0x34F3, 0x3515, 0x34F4, 0x34B3, 0x2C10, 0x2C10,
  0x2C51, 0x2C31, 0x12EB, 0x2C10, 0x238E, 0x3C71, 0x2C51, 0x23AF, 0x3C91, 0x3430, 0x3C51, 0x130D,
  0x23B0, 0x4D54, 0x3515, 0x5596, 0x6DF7, 0x23F2, 0x34F4, 0x2452, 0x234F, 0x6618, 0x5DD8, 0x3D57,
  0x45D9, 0x3DFA, 0x24F7, 0x1C75, 0x2517, 0x24D6, 0x2518, 0x3599, 0x2517, 0x13D3, 0x0AF0, 0x0A2C,
  0x2A4B, 0x3229, 0x3A2A, 0x3A29, 0x4208, 0x4249, 0x4A28, 0x4208, 0x41E7, 0x41C6, 0x3186, 0x2146,
  0x1126, 0x1168, 0x2A2B, 0x430E, 0x636F, 0x7BAF, 0x83CF, 0x8BEF, 0x8C10, 0x8C30, 0x8C51, 0x8C51,
  0x9472, 0x9492, 0x9492, 0x9493, 0x94B3, 0x94B3, 0x94B3, 0x94B3, 0x9CB3, 0x9CB3, 0x9CB2, 0x9C92,
  0x9C92, 0x9C92, 0x9C91, 0xA471, 0xA471, 0xA470, 0xA450, 0xA430, 0x9C0F, 0x9BCE, 0x93CE, 0x938D,
  0x936C, 0x8B4C, 0x8B2B, 0x82EB, 0x82CA, 0x7AAA, 0x7A89, 0x7A89, 0x7269, 0x7248, 0x7248, 0x7228,
  0x6A07, 0x69E7, 0x69C6, 0x61A6, 0x6185, 0x6165, 0x5944, 0x5944, 0x5923, 0x5103, 0x50E2, 0x50A2,
  0x4881, 0x4861, 0x4860, 0x4840, 0x4820, 0x4800, 0x4800, 0x4800, 0x4800, 0x4800, 0x4800, 0x4800,
  0x5000, 0x5820, 0x7060, 0x78A0, 0x88C0, 0x9121, 0x9982, 0xA1E3, 0xA244, 0xAA85, 0xB2E6, 0xB327,
  0xF5F3, 0xF614, 0xFE14, 0xFE35, 0xFE35, 0xFE15, 0xFDF4, 0xF572, 0xF531, 0xF552, 0xF593, 0xF5D4,
  0xF616, 0xF616, 0xF636, 0xF616, 0xEDB5, 0xCCD2, 0xB3EE, 0xA34C, 0x92EB, 0x92EB, 0x92EB, 0x8B0B,
  0x930B, 0x9B4C, 0xB3EE, 0xCCD1, 0xE553, 0xE574, 0xE574, 0xE594, 0xE594, 0xE574, 0xE574, 0xE595,
  0xDDB5, 0xDDB6, 0xDDD7, 0xDDF7, 0xE5F8, 0xE618, 0xE618, 0xE5D7, 0xE595, 0xEDF8, 0xEE79, 0xEEDB,
  0xEF3D, 0xEF9E, 0xEFBF, 0xEFBF, 0xEFDF, 0xEFDF, 0xEFDF, 0xEFDF, 0xEFDF, 0xEFDF, 0xEFDF, 0xEFDF,
  0xEFDF, 0xEFDF, 0xEFDF, 0xE7BF, 0xE7BF, 0xDF9F, 0xBF5E, 0x861A, 0x5475, 0x3B0F, 0x222B, 0x19A8,
  0x21A8, 0x2187, 0x31C8, 0x3209, 0x31E9, 0x3A09, 0x3A29, 0x424A, 0x19A9, 0x0148, 0x01AA, 0x026E,
  0x0B72, 0x0AEF, 0x024D, 0x0BB3, 0x2D58, 0x24B6, 0x3DDA, 0x3517, 0x1414, 0x1C96, 0x1CD6, 0x1C95,
  0x1433, 0x13F2, 0x1C32, 0x13D1, 0x1C73, 0x2C52, 0x3514, 0x3556, 0x2CD4, 0x34F4, 0x3492, 0x23AF,
  0x34F4, 0x2431, 0x12EC, 0x2C72, 0x238E, 0x44F3, 0x34B2, 0x1BAF, 0x3CD2, 0x2C31, 0x4D34, 0x132E,
  0x136F, 0x34F5, 0x3D15, 0x4556, 0x6E59, 0x44F4, 0x2C12, 0x1CF5, 0x1B70, 0x2493, 0x5659, 0x3DB9,
  0x3DB9, 0x3599, 0x2D99, 0x24F7, 0x1C55, 0x2517, 0x1BF4, 0x1CB6, 0x2D17, 0x1C34, 0x12CF, 0x22AD,
  0x326B, 0x3209, 0x3A08, 0x3A28, 0x4229, 0x4A29, 0x4208, 0x41E7, 0x41C7, 0x39A6, 0x3166, 0x1926,
  0x1126, 0x19A9, 0x328C, 0x534E, 0x738F, 0x7BAF, 0x83CF, 0x8BF0, 0x8C10, 0x8C31, 0x8C51, 0x8C72,
  0x9472, 0x9492, 0x9492, 0x94B3, 0x94B3, 0x94B3, 0x94B3, 0x94B3, 0x94B3, 0x9CB3, 0x9CB2, 0x9CB2,
  0x9C92, 0x9C92, 0xA492, 0xA471, 0xA471, 0xA470, 0xA450, 0xA42F, 0x9C0F, 0x9BEE, 0x93AE, 0x938D,
  0x936C, 0x8B4C, 0x8B0B, 0x82EB, 0x82CA, 0x82AA, 0x7A89, 0x7A89, 0x7A69, 0x7248, 0x7248, 0x7228,
  0x6A07, 0x69E7, 0x69C6, 0x61A6, 0x6185, 0x6165, 0x5944, 0x5924, 0x5903, 0x50E3, 0x50C2, 0x50A2,
  0x5081, 0x4881, 0x4861, 0x4840, 0x4820, 0x4820, 0x4800, 0x4800, 0x4800, 0x5000, 0x5000, 0x5000,
  0x5000, 0x5000, 0x5800, 0x6040, 0x7880, 0x88C0, 0x9121, 0x99A2, 0xA203, 0xA264, 0xAAA6, 0xB307,
  0xF614, 0xFE34, 0xFE35, 0xFE35, 0xFE35, 0xFDF4, 0xFD92, 0xF572, 0xF5B3, 0xF5D4, 0xF615, 0xF616,
  0xFE36, 0xF5F5, 0xCCD2, 0x9B6D, 0x7A8B, 0x7AAB, 0x8AEB, 0x934D, 0x938E, 0x9B8D, 0xAC0F, 0xC4D2,
  0xD533, 0xD533, 0xBC70, 0x9B6D, 0x930B, 0xBC2F, 0xE553, 0xE594, 0xE594, 0xE594, 0xE594, 0xE595,
  0xE5B5, 0xDDB6, 0xDDD6, 0xE5D7, 0xE5F7, 0xE618, 0xE618, 0xE618, 0xEDF7, 0xE596, 0xEE18, 0xEE9A,
  0xEEDB, 0xEF5D, 0xEF9E, 0xEFBF, 0xEFDF, 0xEFDF, 0xEFDF, 0xEFDF, 0xEFDF, 0xEFDF, 0xEFDF, 0xEFDF,
  0xEFDF, 0xEFDF, 0xEFDF, 0xE7DF, 0xE7BF, 0xDFBF, 0xD79E, 0xA6BD, 0x6D37, 0x4BB2, 0x2A8D, 0x19C9,
  0x2188, 0x2188, 0x29A8, 0x31E8, 0x31E9, 0x3A09, 0x3A09, 0x4229, 0x3A4B, 0x0989, 0x022C, 0x0AAE,
  0x024C, 0x020C, 0x0B31, 0x24F7, 0x1C75, 0x2D59, 0x2D38, 0x1C34, 0x1C96, 0x2537, 0x1C54, 0x13F3,
  0x0B91, 0x1C33, 0x1390, 0x13D1, 0x1BD1, 0x2CD5, 0x3D56, 0x2D56, 0x3556, 0x2452, 0x4514, 0x1C11,
  0x3576, 0x23F0, 0x1B2D, 0x34B3, 0x23AF, 0x4514, 0x3D14, 0x1BB0, 0x34B2, 0x2C31, 0x55D6, 0x136F,
  0x1390, 0x24B4, 0x3536, 0x4577, 0x4597, 0x55F8, 0x2473, 0x1433, 0x2D37, 0x1370, 0x2D98, 0x4E5A,
  0x3DDA, 0x35B9, 0x3578, 0x24D6, 0x3578, 0x1C55, 0x2475, 0x1414, 0x1413, 0x1BB2, 0x1B0F, 0x328C,
  0x3229, 0x3A09, 0x39E8, 0x39E8, 0x4228, 0x4208, 0x41E7, 0x41E7, 0x41C6, 0x3986, 0x2966, 0x1125,
  0x1147, 0x220A, 0x3AED, 0x636F, 0x73AF, 0x83CF, 0x83EF, 0x8C10, 0x8C30, 0x8C51, 0x8C72, 0x9472,
  0x9492, 0x9493, 0x9493, 0x94B3, 0x94B3, 0x94B3, 0x94B3, 0x94B3, 0x9493, 0x9493, 0x9493, 0x9C92,
  0x9C92, 0x9C92, 0xA491, 0xA471, 0xA471, 0xA450, 0xA430, 0x9C2F, 0x9C0F, 0x9BCE, 0x93AD, 0x938D,
  0x936C, 0x8B4C, 0x8B0B, 0x82EB, 0x82CA, 0x7AAA, 0x7A89, 0x7A89, 0x7268, 0x7248, 0x7228, 0x7207,
  0x69E7, 0x69E6, 0x69C6, 0x61A6, 0x6185, 0x6164, 0x5944, 0x5924, 0x5903, 0x50E3, 0x50C2, 0x50A2,
  0x50A2, 0x50A2, 0x5061, 0x5041, 0x5020, 0x5020, 0x5000, 0x5000, 0x5000, 0x5000, 0x5000, 0x5020,
  0x5020, 0x5820, 0x5820, 0x5820, 0x6040, 0x7860, 0x88C0, 0x9121, 0x99A2, 0xA203, 0xAA65, 0xB2E6,
  0xFE34, 0xFE34, 0xFE55, 0xFE35, 0xFE14, 0xFDB2, 0xF572, 0xF5B3, 0xFDF5, 0xFE15, 0xFE15, 0xE594,
  0xABEF, 0x7A8B, 0x6A09, 0x7249, 0x8ACB, 0x934D, 0xAC0F, 0xB450, 0xBC70, 0xBC70, 0xB40F, 0xA36C,
  0x92EB, 0x932C, 0xB470, 0xE5D5, 0xDD74, 0xABCF, 0x930B, 0xD4B2, 0xE594, 0xE574, 0xE594, 0xE595,
  0xE5B5, 0xDDB5, 0xE5D6, 0xE5D7, 0xDDF7, 0xE618, 0xE618, 0xE638, 0xE639, 0xEDF8, 0xE5B6, 0xEE38,
  0xEE9A, 0xEEDC, 0xEF5D, 0xF7BE, 0xEFDF, 0xEFDF, 0xEFDF, 0xEFDF, 0xEFDF, 0xEFDF, 0xEFDF, 0xEFDF,
  0xEFDF, 0xEFDF, 0xEFDF, 0xEFDF, 0xE7BF, 0xE7BF, 0xDF9E, 0xBF3E, 0x861A, 0x5C75, 0x3B0F, 0x220B,
  0x19A8, 0x21A8, 0x21A8, 0x31C8, 0x31E8, 0x31E8, 0x3A08, 0x3A09, 0x426A, 0x326B, 0x09EB, 0x01CB,
  0x01CB, 0x0AAE, 0x1C75, 0x1413, 0x2496, 0x2D38, 0x1C35, 0x1435, 0x2538, 0x1454, 0x1414, 0x0BB2,
  0x1414, 0x13B1, 0x1350, 0x13B1, 0x2473, 0x24F5, 0x2D36, 0x2D16, 0x3577, 0x2411, 0x34F4, 0x24B4,
  0x3DB8, 0x1B8F, 0x132E, 0x34F4, 0x23F0, 0x4D35, 0x3D56, 0x23D0, 0x2C51, 0x3CF4, 0x4DB7, 0x1BD1,
  0x1BB1, 0x24B4, 0x24F6, 0x3557, 0x3556, 0x45F9, 0x3557, 0x13D2, 0x2516, 0x1C13, 0x1C54, 0x3E19,
  0x4E5B, 0x3DB9, 0x2D58, 0x2D37, 0x1C14, 0x2D17, 0x13D3, 0x0B72, 0x1310, 0x12AE, 0x32CE, 0x3A4A,
  0x3A09, 0x3A08, 0x4208, 0x4208, 0x4208, 0x41E8, 0x41E7, 0x41C7, 0x39A6, 0x3186, 0x2146, 0x1126,
  0x1988, 0x2A6C, 0x4B2E, 0x6BAF, 0x7BCF, 0x83CF, 0x8BF0, 0x8C10, 0x8C31, 0x8C51, 0x8C72, 0x9492,
  0x9493, 0x94B3, 0x94B3, 0x94B3, 0x94B3, 0x94B3, 0x94B3, 0x94B3, 0x94B3, 0x9493, 0x9493, 0x9492,
  0x9C92, 0x9C72, 0x9C71, 0xA471, 0xA470, 0xA450, 0xA430, 0x9C0F, 0x9BEF, 0x9BCE, 0x93AD, 0x936D,
  0x934C, 0x8B2C, 0x8B0B, 0x82CB, 0x82CA, 0x7AAA, 0x7A89, 0x7A69, 0x7248, 0x7248, 0x7228, 0x7207,
  0x69E7, 0x69C6, 0x69A6, 0x6185, 0x6165, 0x5944, 0x5924, 0x5903, 0x58E3, 0x50E3, 0x50C2, 0x50E3,
  0x5924, 0x5104, 0x50A2, 0x5061, 0x5040, 0x5020, 0x5000, 0x5000, 0x5000, 0x5020, 0x5020, 0x5841,
  0x5861, 0x5861, 0x5861, 0x5861, 0x5841, 0x6040, 0x7060, 0x88C0, 0x9121, 0x99A2, 0xA224, 0xAA85,
  0xFE34, 0xFE55, 0xFE55, 0xFE35, 0xFDD3, 0xF593, 0xF5D4, 0xF615, 0xFE36, 0xDD53, 0x936D, 0x5A29,
  0x72AB, 0x9BCE, 0xCD12, 0xEDD5, 0xEE16, 0xD553, 0xAC0E, 0x8B2B, 0x7AA9, 0x7AC9, 0x82CA, 0x82CA,
  0x7AA9, 0x7268, 0x6A69, 0x7B0B, 0xBCB2, 0xE5B4, 0xCD13, 0x936D, 0xCCD2, 0xE574, 0xE574, 0xE594,
  0xE595, 0xE5B5, 0xDDB6, 0xE5D6, 0xDDF7, 0xDDF7, 0xE618, 0xE639, 0xE659, 0xE639, 0xEE18, 0xE5D6,
  0xEE38, 0xEE9A, 0xEEFC, 0xEF5E, 0xF7BF, 0xF7DF, 0xEFDF, 0xEFDF, 0xEFDF, 0xEFDF, 0xEFDF, 0xEFDF,
  0xEFDF, 0xEFDF, 0xEFDF, 0xEFDF, 0xE7DF, 0xE7BF, 0xDFBE, 0xD77E, 0xA6DD, 0x6D37, 0x4BB2, 0x328D,
  0x21C9, 0x2188, 0x21A8, 0x29A8, 0x31E8, 0x31E8, 0x39E8, 0x3A08, 0x4229, 0x4A8B, 0x2A2A, 0x0189,
  0x01EC, 0x0B30, 0x1372, 0x13B4, 0x2517, 0x1BF3, 0x1414, 0x1D17, 0x1475, 0x13D4, 0x0BF3, 0x1414,
  0x1434, 0x0B30, 0x0B0F, 0x13B2, 0x1CD5, 0x24F6, 0x2557, 0x2516, 0x3536, 0x2C53, 0x2493, 0x2D15,
  0x3DB7, 0x136F, 0x132E, 0x3D35, 0x1B6F, 0x4D55, 0x3536, 0x23D1, 0x13D0, 0x4D76, 0x3D56, 0x2C53,
  0x1BF2, 0x1C54, 0x24F6, 0x1D37, 0x3577, 0x35B8, 0x35B8, 0x1CB5, 0x1C13, 0x2557, 0x13D2, 0x1D17,
  0x467B, 0x3DD9, 0x3578, 0x3599, 0x2517, 0x13B2, 0x2454, 0x0AAE, 0x020C, 0x1AAD, 0x326B, 0x3A2A,
  0x3A09, 0x3A08, 0x41E8, 0x4208, 0x41E7, 0x41C7, 0x41E7, 0x39A6, 0x3986, 0x2966, 0x1925, 0x1147,
  0x21EA, 0x3ACD, 0x636F, 0x7BCF, 0x83CF, 0x83EF, 0x8C10, 0x8C31, 0x8C51, 0x8C72, 0x8C72, 0x9493,
  0x94B3, 0x94B3, 0x94B3, 0x94B3, 0x94B3, 0x94B3, 0x94B3, 0x94B3, 0x94B3, 0x94B3, 0x9493, 0x9492,
  0x9492, 0x9C72, 0x9C71, 0x9C71, 0xA451, 0xA430, 0xA430, 0x9C0F, 0x9BEF, 0x9BCE, 0x938D, 0x936D,
  0x934C, 0x8B2C, 0x8AEB, 0x82CA, 0x82AA, 0x7AAA, 0x7A89, 0x7A69, 0x7248, 0x7248, 0x7227, 0x7207,
  0x69E7, 0x69C6, 0x61A5, 0x6185, 0x6164, 0x5924, 0x5903, 0x5903, 0x58E3, 0x58E3, 0x58E3, 0x5903,
  0x5986, 0x5945, 0x50C2, 0x5081, 0x5041, 0x5020, 0x5020, 0x5000, 0x5020, 0x5841, 0x5882, 0x58A2,
  0x58A2, 0x60A2, 0x60A2, 0x60A2, 0x6082, 0x6081, 0x6061, 0x7080, 0x88E0, 0x9121, 0xA1C2, 0xAA44,
  0xFE55, 0xFE55, 0xFE55, 0xFE14, 0xF5D3, 0xFE14, 0xFE36, 0xD553, 0x8B2D, 0x626A, 0x8B8E, 0xD512,
  0xF5F5, 0xFE56, 0xCD54, 0x834C, 0x72AA, 0x936C, 0xBC91, 0xDD95, 0xEE17, 0xF617, 0xF617, 0xEE16,
  0xEE16, 0xEDF6, 0xDD74, 0xBC91, 0x8B4C, 0x728A, 0xA3EF, 0xE5B5, 0xC4B2, 0xDD53, 0xE574, 0xE595,
  0xE595, 0xE5B5, 0xE5D6, 0xE5D6, 0xDDD6, 0xDDF7, 0xE618, 0xE638, 0xE639, 0xE659, 0xE659, 0xEE39,
  0xEDD7, 0xEE59, 0xEEBB, 0xEEFC, 0xEF5E, 0xF7BF, 0xEFDF, 0xEFDF, 0xEFDF, 0xEFDF, 0xEFDF, 0xEFDF,
  0xEFDF, 0xEFDF, 0xEFDF, 0xEFDF, 0xEFDF, 0xE7BF, 0xE7BE, 0xDF9E, 0xBF5E, 0x861A, 0x5C75, 0x3B2F,
  0x2A2B, 0x19A9, 0x21A8, 0x21A8, 0x29A8, 0x31E8, 0x31E8, 0x39E8, 0x3A09, 0x424A, 0x426B, 0x2A4B,
  0x0A4D, 0x0A6E, 0x0AF0, 0x1C55, 0x13D3, 0x13F4, 0x14B6, 0x1475, 0x13B3, 0x0BD3, 0x0BB3, 0x1414,
  0x0B71, 0x0ACF, 0x0BB2, 0x1C54, 0x1CB6, 0x1D17, 0x2D78, 0x2D57, 0x2453, 0x2CD5, 0x2494, 0x24D5,
  0x3557, 0x132E, 0x130E, 0x3536, 0x132E, 0x4555, 0x2D36, 0x2412, 0x0B70, 0x4D97, 0x2CB4, 0x3D56,
  0x1C32, 0x1C95, 0x1CD6, 0x1D37, 0x2537, 0x35B8, 0x35D9, 0x2D78, 0x1434, 0x24F7, 0x1C96, 0x1435,
  0x2557, 0x4E7B, 0x2D99, 0x2D18, 0x2D38, 0x1C34, 0x0ACF, 0x12EF, 0x09CA, 0x11C9, 0x324B, 0x3A29,
  0x39E8, 0x41E8, 0x4208, 0x41E7, 0x41E7, 0x41E7, 0x39C7, 0x39A6, 0x3166, 0x2146, 0x1126, 0x1988,
  0x2A4B, 0x4B2E, 0x6BAF, 0x7BCF, 0x83EF, 0x8C10, 0x8C30, 0x8C51, 0x8C52, 0x8C72, 0x9493, 0x9493,
  0x94B3, 0x94B3, 0x94D4, 0x94D4, 0x94D4, 0x94B4, 0x94B4, 0x94B3, 0x94B3, 0x94B3, 0x94B3, 0x9492,
  0x9492, 0x9C72, 0x9C72, 0x9C51, 0xA451, 0x9C30, 0x9C10, 0x9BEF, 0x9BCE, 0x9BAE, 0x938D, 0x936D,
  0x8B2C, 0x8B0B, 0x82EB, 0x82CA, 0x82AA, 0x7A89, 0x7A89, 0x7A69, 0x7248, 0x7228, 0x7207, 0x69E7,
  0x69C6, 0x69A6, 0x6185, 0x6165, 0x5944, 0x5924, 0x5924, 0x5924, 0x5903, 0x58E3, 0x58E2, 0x58E3,
  0x5924, 0x5103, 0x50A2, 0x5881, 0x5861, 0x5841, 0x5840, 0x5041, 0x5862, 0x58A3, 0x60E3, 0x6104,
  0x6104, 0x6104, 0x6904, 0x68E4, 0x60E3, 0x68C3, 0x68A2, 0x6881, 0x7080, 0x8900, 0x9141, 0xA1E3,
  0xFE55, 0xFE75, 0xF635, 0xF614, 0xFE34, 0xDD73, 0x7B0C, 0x628B, 0xAC91, 0xE5B5, 0xF615, 0xEE16,
  0xAC70, 0x830B, 0xA3EE, 0xE5B4, 0xFE36, 0xFE37, 0xFE36, 0xFE37, 0xF637, 0xF636, 0xF636, 0xF636,
  0xF636, 0xF636, 0xF636, 0xF636, 0xF616, 0xEDF6, 0xC4B1, 0x82EB, 0x938C, 0xC4B2, 0xE595, 0xE594,
  0xE5B5, 0xE5B5, 0xDDD5, 0xE5D6, 0xDDD6, 0xDDF6, 0xE5F7, 0xE618, 0xE638, 0xE659, 0xE659, 0xE659,
  0xEE59, 0xEDF7, 0xEE38, 0xEEBB, 0xEEFC, 0xEF3D, 0xF7BE, 0xF7DF, 0xEFDF, 0xEFDF, 0xEFDF, 0xEFDF,
  0xEFDF, 0xEFDF, 0xEFDF, 0xEFDF, 0xEFDF, 0xE7DF, 0xE7BF, 0xDFBE, 0xD79E, 0xAEDD, 0x7578, 0x4BF2,
  0x32AE, 0x220A, 0x19A8, 0x21A8, 0x21A8, 0x29C8, 0x3209, 0x31E8, 0x39E8, 0x3A09, 0x424A, 0x428B,
  0x2A6C, 0x0A2C, 0x0B51, 0x0AF0, 0x0B72, 0x1414, 0x1414, 0x1393, 0x0BD3, 0x0B72, 0x0BD3, 0x13D3,
  0x0ACF, 0x0B0F, 0x1434, 0x14B5, 0x2537, 0x2558, 0x2557, 0x2517, 0x1BD1, 0x34F6, 0x1C33, 0x24F6,
  0x24B5, 0x12EE, 0x12CD, 0x3515, 0x0AAD, 0x34F5, 0x2D37, 0x2C53, 0x0B0F, 0x3D97, 0x1C13, 0x3D98,
  0x24D6, 0x1CD6, 0x1CB6, 0x2558, 0x2558, 0x35D9, 0x35D9, 0x2D99, 0x2D58, 0x1C96, 0x2579, 0x1C96,
  0x1CF7, 0x3578, 0x461A, 0x3578, 0x1C54, 0x0B72, 0x0A4D, 0x0A4C, 0x0A6D, 0x19E9, 0x29C8, 0x3A09,
  0x3A08, 0x39E8, 0x41E8, 0x41E7, 0x41C7, 0x39C7, 0x39A6, 0x3186, 0x2966, 0x1926, 0x1167, 0x220A,
  0x3ACD, 0x5B8F, 0x7BCF, 0x83CF, 0x83F0, 0x8C10, 0x8C31, 0x8C51, 0x8C72, 0x9492, 0x9493, 0x94B3,
  0x94D4, 0x94D4, 0x94D4, 0x94D4, 0x94D4, 0x94D4, 0x94D4, 0x94B4, 0x94B3, 0x94B3, 0x94B3, 0x9493,
  0x9492, 0x9C72, 0x9C51, 0x9C51, 0x9C30, 0x9C30, 0x9C0F, 0x9BEF, 0x9BCE, 0x93AE, 0x938D, 0x934C,
  0x8B2C, 0x8B0B, 0x82EB, 0x82CA, 0x82AA, 0x7A89, 0x7A89, 0x7A69, 0x7248, 0x7228, 0x7207, 0x69E7,
  0x69C6, 0x69A5, 0x6165, 0x6144, 0x6124, 0x6164, 0x6144, 0x6123, 0x5903, 0x58E3, 0x58C2, 0x50C2,
  0x50A2, 0x58A2, 0x50A2, 0x58A2, 0x5881, 0x5881, 0x5861, 0x58A2, 0x58E3, 0x6124, 0x6145, 0x6986,
  0x6986, 0x6986, 0x6986, 0x7166, 0x7145, 0x6944, 0x7104, 0x70E3, 0x68A2, 0x70A1, 0x88E1, 0x9941,
  0xFE75, 0xFE55, 0xF614, 0xEDD4, 0xAC30, 0x6AAC, 0xA431, 0xE5F6, 0xFE35, 0xFE55, 0xC4D1, 0x936D,
  0xCCD2, 0xF636, 0xFE36, 0xFE36, 0xFE36, 0xFE37, 0xFE36, 0xFE36, 0xFE36, 0xFE36, 0xFE36, 0xFE36,
  0xFE36, 0xEDF5, 0xBCD1, 0x832B, 0x5A28, 0x51E7, 0x5A08, 0x6249, 0x5A08, 0x4186, 0x6A8A, 0xB491,
  0xE5B5, 0xE5B5, 0xE5D6, 0xDDB5, 0xE5D6, 0xE5D6, 0xDDF7, 0xDE17, 0xE618, 0xE638, 0xE659, 0xE659,
  0xE679, 0xEE59, 0xEE18, 0xEE38, 0xEE9A, 0xEEDC, 0xEF3D, 0xF79E, 0xF7DF, 0xEFDF, 0xEFDF, 0xEFDF,
  0xEFDF, 0xEFDF, 0xEFDF, 0xEFDF, 0xEFDF, 0xEFDF, 0xE7BF, 0xE7BE, 0xDF9E, 0xC75E, 0x965B, 0x64B6,
  0x4351, 0x2A6C, 0x19C9, 0x1988, 0x2187, 0x2187, 0x31C8, 0x31E8, 0x31E8, 0x3A09, 0x3A09, 0x424A,
  0x426B, 0x3AEE, 0x128D, 0x0AAF, 0x1371, 0x0B51, 0x0B31, 0x0B92, 0x0AF0, 0x13B3, 0x0B92, 0x0B30,
  0x024D, 0x0B72, 0x1475, 0x1CD6, 0x1D17, 0x2D98, 0x2538, 0x2517, 0x1BF2, 0x1C33, 0x1413, 0x2517,
  0x1C33, 0x130E, 0x0A8D, 0x2CD5, 0x0A6C, 0x2C94, 0x2D37, 0x2474, 0x0ACF, 0x2D37, 0x1495, 0x2D37,
  0x45D9, 0x3599, 0x1D17, 0x2538, 0x2579, 0x1CF7, 0x35FA, 0x3E1A, 0x2D79, 0x2517, 0x2D78, 0x2517,
  0x1435, 0x3537, 0x3558, 0x1C75, 0x0B51, 0x0AEF, 0x0A8D, 0x0A4C, 0x120B, 0x224B, 0x29E8, 0x39E8,
  0x39E7, 0x39E7, 0x41E7, 0x39C7, 0x39C7, 0x39A6, 0x3186, 0x3186, 0x1946, 0x1126, 0x21A9, 0x326C,
  0x534E, 0x6BAF, 0x7BCF, 0x83EF, 0x8C10, 0x8C31, 0x8C51, 0x8C72, 0x9492, 0x94B3, 0x94B3, 0x94D4,
  0x94D4, 0x94D4, 0x94D4, 0x94D4, 0x94D4, 0x94D4, 0x94D4, 0x94D4, 0x94B3, 0x94B3, 0x94B3, 0x9493,
  0x9492, 0x9C72, 0x9C51, 0x9C51, 0x9C30, 0x9C10, 0x9BEF, 0x9BCF, 0x93AE, 0x938E, 0x936D, 0x8B4C,
  0x8B2C, 0x8B0B, 0x82EB, 0x82AA, 0x7AAA, 0x7A89, 0x7A69, 0x7A48, 0x7228, 0x7208, 0x7207, 0x69E6,
  0x69A6, 0x6185, 0x6164, 0x6144, 0x6164, 0x6164, 0x6103, 0x58E3, 0x58E2, 0x58C2, 0x58C2, 0x58A2,
  0x58A2, 0x58A2, 0x58A2, 0x58A2, 0x58A2, 0x58A2, 0x58C3, 0x6124, 0x6145, 0x6966, 0x726A, 0x9431,
  0x836E, 0x7249, 0x71E8, 0x71C7, 0x71A7, 0x7186, 0x7165, 0x7144, 0x7103, 0x70C2, 0x78C1, 0x88E1,
  0xFE75, 0xF635, 0xCD12, 0x832D, 0x9BD0, 0xE5D5, 0xF656, 0xFE56, 0xE5B4, 0xA3CE, 0xC4B1, 0xF637,
  0xFE57, 0xFE36, 0xFE36, 0xFE36, 0xFE57, 0xFE36, 0xFE37, 0xFE37, 0xFE36, 0xFE37, 0xFE57, 0xD574,
  0x7B0B, 0x51C6, 0x72A9, 0xAC50, 0xD554, 0xE595, 0xE5B5, 0xDD94, 0xDD74, 0xC4F2, 0x8B6D, 0x59E7,
  0x6249, 0xB471, 0xE5B5, 0xE5B5, 0xDDB5, 0xDDD6, 0xDDD6, 0xDDF7, 0xDE18, 0xDE18, 0xE638, 0xE659,
  0xE679, 0xEE7A, 0xEE59, 0xEE18, 0xEE18, 0xEE9A, 0xEEDC, 0xEF3D, 0xEF9E, 0xF7DF, 0xF7DF, 0xEFDF,
  0xEFDF, 0xEFDF, 0xEFDF, 0xEFDF, 0xEFDF, 0xEFDF, 0xE7BF, 0xE7BF, 0xDFBE, 0xD79E, 0xB71E, 0x7DB9,
  0x5434, 0x3B0F, 0x222B, 0x19A9, 0x21A8, 0x2187, 0x2988, 0x31C8, 0x31E8, 0x31E8, 0x39E8, 0x3A29,
  0x424A, 0x428B, 0x3A8C, 0x1ACE, 0x0A4D, 0x024E, 0x0B10, 0x02CF, 0x0B51, 0x1392, 0x1392, 0x026E,
  0x02F0, 0x0BB2, 0x1CF7, 0x1D17, 0x1CF7, 0x2DB9, 0x2D58, 0x1475, 0x1C13, 0x1391, 0x1413, 0x2D37,
  0x1391, 0x0B0F, 0x0ACE, 0x24B5, 0x0A8D, 0x2474, 0x2D37, 0x2474, 0x0ACE, 0x2D16, 0x24D7, 0x3557,
  0x5E3A, 0x3DDA, 0x2D99, 0x2538, 0x2DB9, 0x1CD7, 0x3578, 0x3DFA, 0x3E1A, 0x35B9, 0x1CB6, 0x3579,
  0x13F4, 0x2435, 0x1C55, 0x13B3, 0x0B10, 0x0ACF, 0x0A8E, 0x0A0B, 0x19E9, 0x31E8, 0x39E8, 0x39C8,
  0x39E7, 0x39C7, 0x39C7, 0x41E7, 0x39A6, 0x3186, 0x3186, 0x2166, 0x1126, 0x1988, 0x2A2B, 0x42EE,
  0x638F, 0x7BCF, 0x83EF, 0x83F0, 0x8C30, 0x8C51, 0x8C72, 0x9492, 0x94B3, 0x94B3, 0x94B4, 0x94D4,
  0x94F4, 0x94F4, 0x94F4, 0x94F4, 0x94F4, 0x94D4, 0x94D4, 0x94D4, 0x94B3, 0x94B3, 0x94B3, 0x9493,
  0x9492, 0x9472, 0x9451, 0x9C31, 0x9C10, 0x9C10, 0x9BEF, 0x93CF, 0x93AE, 0x938D, 0x936D, 0x8B2C,
  0x8B0C, 0x82EB, 0x82CA, 0x82AA, 0x7A89, 0x7A89, 0x7A69, 0x7248, 0x7228, 0x7207, 0x69E7, 0x69C6,
  0x69A5, 0x6185, 0x6144, 0x6124, 0x6985, 0x6124, 0x58E3, 0x58E2, 0x58C2, 0x58A2, 0x58A2, 0x58A1,
  0x58A2, 0x58A2, 0x58A2, 0x58A2, 0x58A2, 0x60E3, 0x6145, 0x6186, 0x69C7, 0x69E8, 0xAD35, 0xE77E,
  0xBE58, 0x8BCF, 0x7A49, 0x7A29, 0x7A08, 0x79E7, 0x79C6, 0x7985, 0x7944, 0x7903, 0x70C2, 0x80E2,
  0xF656, 0xA450, 0x8B8F, 0xD574, 0xF676, 0xFE97, 0xFE76, 0xC4D1, 0xA40F, 0xEE16, 0xFE77, 0xFE57,
  0xFE36, 0xFE36, 0xFE56, 0xFE57, 0xFE57, 0xFE57, 0xFE57, 0xFE57, 0xF657, 0xC513, 0x6248, 0x6268,
  0xB470, 0xE5B5, 0xF5F6, 0xEDF5, 0xEDD5, 0xEDD5, 0xEDF5, 0xEDF6, 0xEDF6, 0xEDD6, 0xE595, 0xC4F2,
  0x9B8D, 0x8B4C, 0x832D, 0xD596, 0xDDB5, 0xDDB6, 0xDDD6, 0xDDF6, 0xDE17, 0xE618, 0xE618, 0xE638,
  0xE659, 0xE67A, 0xEE7A, 0xEE7A, 0xEE59, 0xEE18, 0xEE9A, 0xEEDB, 0xEF1C, 0xEF7E, 0xF7DF, 0xEFDF,
  0xEFDF, 0xEFDF, 0xEFDF, 0xEFDF, 0xEFDF, 0xEFDF, 0xE7DF, 0xE7BF, 0xE7BF, 0xDF9E, 0xCF7E, 0x9EBC,
  0x6D37, 0x4BD2, 0x32CE, 0x21EA, 0x1988, 0x21A8, 0x2187, 0x29A8, 0x31E8, 0x31E8, 0x31E8, 0x39E9,
  0x3A2A, 0x3A4A, 0x426B, 0x3AAC, 0x126D, 0x024D, 0x0A8E, 0x028E, 0x0B31, 0x0B72, 0x0AEF, 0x0A6E,
  0x0AF0, 0x1435, 0x1D17, 0x1CD7, 0x2538, 0x35B9, 0x2D78, 0x1413, 0x1C96, 0x0BF3, 0x1475, 0x2537,
  0x0B0F, 0x0B0F, 0x12EE, 0x1C74, 0x0AEE, 0x24B5, 0x2537, 0x1C74, 0x02AE, 0x1CB5, 0x2D78, 0x2D57,
  0x7EBC, 0x563B, 0x35B9, 0x1D38, 0x35DA, 0x2D99, 0x14B6, 0x3E1A, 0x3DFA, 0x2D99, 0x24F7, 0x24D7,
  0x2475, 0x12CF, 0x1310, 0x1331, 0x0ACF, 0x0ACF, 0x0A2C, 0x09EB, 0x21E9, 0x29C8, 0x39E8, 0x39C7,
  0x39C7, 0x39C7, 0x39C7, 0x39A7, 0x3186, 0x3186, 0x2966, 0x1126, 0x1147, 0x21CA, 0x3AAD, 0x536F,
  0x73D0, 0x7BEF, 0x83F0, 0x8C10, 0x8C31, 0x8C52, 0x9472, 0x9493, 0x94B3, 0x94D4, 0x94D4, 0x94F4,
  0x94F4, 0x94F5, 0x94F5, 0x94F4, 0x94F4, 0x94F4, 0x94D4, 0x94D4, 0x94D4, 0x94B3, 0x94B3, 0x9493,
  0x9472, 0x9472, 0x9451, 0x9C31, 0x9C10, 0x93F0, 0x9BEF, 0x93CE, 0x938E, 0x936D, 0x8B4D, 0x8B2C,
  0x8B0B, 0x82EB, 0x82CA, 0x82AA, 0x7A89, 0x7A69, 0x7A48, 0x7228, 0x7207, 0x7207, 0x69C6, 0x69A6,
  0x6185, 0x6164, 0x6124, 0x6144, 0x6964, 0x6103, 0x58E2, 0x58C2, 0x58C2, 0x58A2, 0x58A1, 0x5881,
  0x5881, 0x5882, 0x58A2, 0x58A2, 0x60C3, 0x6125, 0x6987, 0x69E8, 0x7229, 0x724A, 0x8B8E, 0xA4F3,
  0x8BAF, 0x82AB, 0x828A, 0x826A, 0x8249, 0x8228, 0x8208, 0x81C7, 0x79A6, 0x7964, 0x7903, 0x78C2,
  0x836E, 0xACB2, 0xF677, 0xFE96, 0xFE96, 0xF677, 0xAC50, 0xBCB1, 0xFE76, 0xFE76, 0xFE77, 0xFE56,
  0xF635, 0xFE36, 0xFE57, 0xFE77, 0xFE77, 0xFE57, 0xFE57, 0xCD74, 0x5A48, 0x6A89, 0xD554, 0xF616,
  0xF616, 0xF616, 0xF5F6, 0xF5F6, 0xF5F6, 0xEDF6, 0xEDF6, 0xF617, 0xDD95, 0xB491, 0x8BCE, 0x838E,
  0x8B6D, 0x7269, 0x9BAE, 0x9C0F, 0xDDD6, 0xDDD6, 0xDDD6, 0xDDF6, 0xDDF7, 0xDE17, 0xE618, 0xE638,
  0xE638, 0xE659, 0xE679, 0xE67A, 0xEE7A, 0xEE7A, 0xEE18, 0xEE9A, 0xEEDB, 0xEF1C, 0xEF7E, 0xF7DF,
  0xF7DF, 0xEFDF, 0xEFDF, 0xEFDF, 0xEFDF, 0xEFDF, 0xE7DF, 0xE7BF, 0xE7BF, 0xE7BE, 0xD79E, 0xBF3E,
  0x8E3B, 0x64B6, 0x4B91, 0x2A6D, 0x19CA, 0x1988, 0x21A8, 0x2188, 0x29A8, 0x31E8, 0x31E8, 0x3209,
  0x3A09, 0x3A29, 0x3A4A, 0x428B, 0x122C, 0x022C, 0x026D, 0x02AF, 0x0ACF, 0x0B51, 0x028E, 0x028E,
  0x0B72, 0x1CD7, 0x1CD7, 0x14B6, 0x3DFA, 0x2D99, 0x2D79, 0x1414, 0x2517, 0x1455, 0x1CD7, 0x1CF7,
  0x0B30, 0x0ACE, 0x0AEE, 0x1BD2, 0x0A6D, 0x1C74, 0x2578, 0x24B5, 0x028D, 0x1C95, 0x2517, 0x24F6,
  0x76BC, 0x6E7C, 0x3599, 0x1CD7, 0x2579, 0x2579, 0x1CD7, 0x24B6, 0x3DDA, 0x3599, 0x2D58, 0x1BF4,
  0x1372, 0x0A8E, 0x0A6D, 0x0B30, 0x0AEF, 0x0A6D, 0x0A2C, 0x09AA, 0x19A9, 0x31E8, 0x31C7, 0x39C7,
  0x39A7, 0x39A7, 0x31A7, 0x3186, 0x3186, 0x2966, 0x1926, 0x1126, 0x19A9, 0x326C, 0x4B2F, 0x6BB0,
  0x7BCF, 0x83F0, 0x8C10, 0x8C31, 0x8C51, 0x9472, 0x9493, 0x94B3, 0x94D4, 0x94D4, 0x94F4, 0x94F5,
  0x94F5, 0x9515, 0x9515, 0x94F5, 0x94F5, 0x94F5, 0x94F4, 0x94D4, 0x94D4, 0x94B3, 0x94B3, 0x9493,
  0x9472, 0x9472, 0x9451, 0x9C31, 0x9C10, 0x93F0, 0x93CF, 0x93AE, 0x938E, 0x936D, 0x8B4C, 0x8B0C,
  0x8AEB, 0x82CB, 0x82AA, 0x7A8A, 0x7A69, 0x7A69, 0x7A48, 0x7228, 0x7207, 0x69E7, 0x69C6, 0x69A5,
  0x6165, 0x6144, 0x6123, 0x6964, 0x6124, 0x58E2, 0x58C2, 0x58A2, 0x58A1, 0x5881, 0x5881, 0x5881,
  0x5881, 0x5882, 0x58A2, 0x58C3, 0x6104, 0x6986, 0x71E8, 0x724A, 0x7A8B, 0x7AAB, 0x82CC, 0x82CB,
  0x82CB, 0x8ACB, 0x8ACB, 0x82AB, 0x8A8A, 0x8A69, 0x8249, 0x8228, 0x81E7, 0x81A5, 0x7944, 0x7903,
  0xDDF6, 0xFEB7, 0xFE96, 0xFE96, 0xF677, 0xAC2F, 0xD553, 0xFE97, 0xFE97, 0xFE77, 0xFE77, 0xFE56,
  0xFE56, 0xFE77, 0xFE77, 0xFE78, 0xFE77, 0xF657, 0x838D, 0x51E7, 0xC4D2, 0xF5F6, 0xE5D6, 0xBCF2,
  0xA40F, 0x938D, 0x8B6C, 0x8B6C, 0x9B8D, 0xBC70, 0x93AD, 0x51E6, 0x5207, 0x7B0B, 0xA40F, 0xB491,
  0xAC91, 0x9C2F, 0x6ACB, 0x4965, 0x59E7, 0xA471, 0xE5F7, 0xE5D6, 0xDDF7, 0xDE17, 0xDE18, 0xDE18,
  0xE638, 0xE638, 0xE658, 0xE659, 0xE67A, 0xE67A, 0xEE7A, 0xEE38, 0xEE59, 0xEEDB, 0xEEFC, 0xEF5D,
  0xF7BE, 0xF7DF, 0xF7DF, 0xEFDF, 0xEFDF, 0xEFDF, 0xEFDF, 0xE7BF, 0xE7BF, 0xE7BF, 0xDFBE, 0xD79E,
  0xB71D, 0x7DB9, 0x5C54, 0x432F, 0x2A2B, 0x19C9, 0x1988, 0x21A8, 0x2187, 0x29A8, 0x31E8, 0x3A09,
  0x31E8, 0x3A09, 0x3A29, 0x322A, 0x09A9, 0x01CA, 0x022C, 0x022D, 0x0B10, 0x026E, 0x024E, 0x028E,
  0x1414, 0x1CF7, 0x1414, 0x1CB6, 0x35DA, 0x2D78, 0x2538, 0x1434, 0x2518, 0x1475, 0x14D7, 0x1C96,
  0x0B30, 0x0A8D, 0x12CE, 0x1371, 0x0A6D, 0x1C34, 0x1D17, 0x2495, 0x024C, 0x1413, 0x2558, 0x1CB6,
  0x5E1A, 0x6E9B, 0x3DB9, 0x1CD7, 0x1C96, 0x2D79, 0x2518, 0x13D3, 0x35B9, 0x24D6, 0x1C55, 0x0B51,
  0x0B51, 0x0AF0, 0x0A2C, 0x0A6D, 0x0A8E, 0x0A2C, 0x09EB, 0x0989, 0x1188, 0x31C8, 0x31C7, 0x31A7,
  0x31A7, 0x31A6, 0x3186, 0x3186, 0x2966, 0x1926, 0x1126, 0x1988, 0x2A2B, 0x42EE, 0x5B90, 0x73CF,
  0x83F0, 0x8410, 0x8C31, 0x8C51, 0x9472, 0x9493, 0x94B3, 0x94D4, 0x94D4, 0x94F4, 0x94F5, 0x9515,
  0x9515, 0x9515, 0x9515, 0x9515, 0x9515, 0x94F5, 0x94F4, 0x94D4, 0x94D4, 0x94B3, 0x94B3, 0x9493,
  0x9472, 0x9472, 0x9451, 0x9411, 0x9410, 0x93EF, 0x93CF, 0x938E, 0x938E, 0x934D, 0x8B2C, 0x8B0B,
  0x82EB, 0x82CA, 0x82AA, 0x7A89, 0x7A69, 0x7A48, 0x7228, 0x7207, 0x71E7, 0x69C6, 0x69A6, 0x6185,
  0x6144, 0x6123, 0x6123, 0x6964, 0x6103, 0x58C2, 0x58C2, 0x58A2, 0x5881, 0x5881, 0x5861, 0x5861,
  0x5861, 0x5882, 0x60A2, 0x60E3, 0x6125, 0x69C8, 0x726A, 0x7AAB, 0x82EC, 0x82EC, 0x82EC, 0x8B0C,
  0x8B0C, 0x8B0C, 0x8AEC, 0x8AEB, 0x8ACB, 0x8AAA, 0x8A89, 0x8A68, 0x8A28, 0x81E6, 0x81A5, 0x8143,
  0xFEB7, 0xFEB7, 0xFEB6, 0xF676, 0xAC4F, 0xE5D4, 0xFE97, 0xFE97, 0xFE77, 0xFE97, 0xFE77, 0xF656,
  0xFE56, 0xFE77, 0xFE98, 0xFE98, 0xCD95, 0x41C7, 0x93CE, 0xBCD2, 0x834C, 0x6248, 0x7289, 0x9BAD,
  0xB491, 0xC4F2, 0xD553, 0xD594, 0x93EF, 0x3966, 0x5A28, 0xC513, 0xEE37, 0xEDF6, 0xEDF6, 0xE5F6,
  0xE5F6, 0xE5F6, 0xE617, 0xDE17, 0x9BCE, 0x6228, 0x5208, 0xBCF3, 0xDDF7, 0xDE17, 0xDE17, 0xDE18,
  0xDE38, 0xE638, 0xE638, 0xE638, 0xE659, 0xE67A, 0xE67A, 0xE69B, 0xE67A, 0xEE38, 0xEEBB, 0xEEFC,
  0xEF1D, 0xEF9E, 0xF7DF, 0xEFFF, 0xEFDF, 0xEFDF, 0xEFDF, 0xE7DF, 0xE7DF, 0xE7BF, 0xE7BF, 0xDF9E,
  0xCF7E, 0xA6DD, 0x7558, 0x4BF3, 0x32CE, 0x2A2B, 0x19A9, 0x1988, 0x21A8, 0x2187, 0x29C8, 0x31E8,
  0x31E8, 0x31E9, 0x3209, 0x19A8, 0x0148, 0x0169, 0x01AA, 0x020C, 0x026D, 0x0A4D, 0x020B, 0x0B30,
  0x1435, 0x1C76, 0x13D3, 0x1D18, 0x2538, 0x2D58, 0x1496, 0x13F3, 0x1455, 0x1475, 0x14D7, 0x0BF3,
  0x0B51, 0x0AAE, 0x0A8D, 0x1310, 0x024D, 0x13F3, 0x1CD6, 0x2496, 0x024C, 0x0B92, 0x1CF7, 0x1475,
  0x3D78, 0x561A, 0x3558, 0x1CB6, 0x0C55, 0x2558, 0x2D99, 0x0BD3, 0x13D3, 0x1435, 0x13D3, 0x13F3,
  0x0AF0, 0x0AF0, 0x0A4D, 0x01EB, 0x01CA, 0x0A0B, 0x0188, 0x0968, 0x1147, 0x2187, 0x2987, 0x31A7,
  0x3186, 0x3186, 0x3186, 0x2966, 0x1926, 0x0906, 0x1967, 0x21EA, 0x3AAD, 0x536F, 0x73D0, 0x83F0,
  0x8410, 0x8C31, 0x8C51, 0x9472, 0x9493, 0x94B3, 0x94D4, 0x94D4, 0x94F4, 0x94F5, 0x9515, 0x9515,
  0x9515, 0x9D15, 0x9D15, 0x9D15, 0x9515, 0x94F5, 0x94F4, 0x94D4, 0x94D4, 0x94B3, 0x94B3, 0x9493,
  0x9472, 0x9452, 0x9431, 0x9410, 0x93F0, 0x93CF, 0x93AF, 0x938E, 0x8B6D, 0x8B2C, 0x8B0C, 0x8AEB,
  0x82CB, 0x82AA, 0x828A, 0x7A69, 0x7A69, 0x7A48, 0x7228, 0x7207, 0x69E7, 0x69C6, 0x69A5, 0x6165,
  0x6124, 0x5903, 0x6144, 0x6944, 0x60C2, 0x58C2, 0x58A2, 0x5881, 0x5881, 0x5861, 0x5861, 0x5861,
  0x5861, 0x60A2, 0x60E4, 0x6124, 0x6986, 0x7229, 0x7AAB, 0x830D, 0x832D, 0x8B2D, 0x8B2D, 0x8B2D,
  0x932D, 0x930D, 0x930C, 0x930C, 0x92EB, 0x92CB, 0x92AA, 0x9289, 0x9268, 0x8A27, 0x89C6, 0x8164,
  0xFEB7, 0xFEB7, 0xF696, 0xB4B0, 0xE5F4, 0xFEB7, 0xFE97, 0xFE97, 0xFE97, 0xFE97, 0xFE76, 0xFE56,
  0xFE77, 0xFE98, 0xFE98, 0x9C30, 0x3986, 0x72EB, 0x6AAA, 0x9BAD, 0xD533, 0xF616, 0xF636, 0xF616,
  0xF616, 0xF616, 0xD574, 0x6AAA, 0x7B2C, 0xD534, 0xD533, 0xAC30, 0x8B4C, 0x8B8D, 0xBCB2, 0xE5D6,
  0xEE16, 0xE616, 0xE616, 0xE637, 0xE637, 0xB491, 0x93EF, 0x4A29, 0x836D, 0xDDD7, 0xDE17, 0xDE18,
  0xDE38, 0xDE38, 0xDE38, 0xE638, 0xE638, 0xE639, 0xE67A, 0xE67A, 0xE67A, 0xE69B, 0xE659, 0xEE7A,
  0xEEDB, 0xEEFC, 0xEF5D, 0xF7DF, 0xF7FF, 0xEFFF, 0xEFDF, 0xEFDF, 0xE7DF, 0xE7BF, 0xE7BF, 0xDFBE,
  0xD79E, 0xC75E, 0x9E7C, 0x6517, 0x4BB2, 0x32AD, 0x220B, 0x1988, 0x1987, 0x21A8, 0x2167, 0x29A8,
  0x31E8, 0x31E8, 0x29E9, 0x0968, 0x0148, 0x0148, 0x0168, 0x01AA, 0x01EB, 0x01CB, 0x0A0C, 0x0B51,
  0x1476, 0x1351, 0x1475, 0x1CF7, 0x1CB6, 0x2518, 0x13F4, 0x13F3, 0x0BF4, 0x1476, 0x1CB6, 0x0BB2,
  0x0B51, 0x01EB, 0x12CE, 0x0AAE, 0x022C, 0x13B2, 0x1CF7, 0x24B6, 0x0A6D, 0x0B30, 0x1CB7, 0x1455,
  0x1C95, 0x3D99, 0x2D79, 0x1CD7, 0x0BD4, 0x1476, 0x1475, 0x0BB3, 0x0ACF, 0x1414, 0x13F3, 0x13B3,
  0x0B31, 0x0A8E, 0x0A6D, 0x09CA, 0x0989, 0x0989, 0x0968, 0x0947, 0x1147, 0x1146, 0x2987, 0x3186,
  0x2986, 0x2966, 0x2146, 0x1105, 0x0906, 0x1147, 0x21C9, 0x326C, 0x532F, 0x6BD0, 0x7BF0, 0x8410,
  0x8C11, 0x8C51, 0x9472, 0x9493, 0x94B3, 0x94D4, 0x94F4, 0x94F5, 0x9515, 0x9D15, 0x9D15, 0x9D35,
  0x9D35, 0x9D15, 0x9D15, 0x9D15, 0x9D15, 0x9CF5, 0x94F4, 0x94D4, 0x94D4, 0x94B4, 0x9493, 0x9493,
  0x9472, 0x9451, 0x9431, 0x9410, 0x93F0, 0x93CF, 0x938E, 0x936E, 0x8B4D, 0x8B2C, 0x8B0C, 0x82CB,
  0x82AA, 0x828A, 0x7A69, 0x7A69, 0x7A48, 0x7228, 0x7207, 0x71E7, 0x69C6, 0x69A6, 0x6985, 0x6144,
  0x6123, 0x58E3, 0x6964, 0x6103, 0x58C2, 0x58A2, 0x5881, 0x5881, 0x5881, 0x5861, 0x5861, 0x5861,
  0x6082, 0x6925, 0x6987, 0x6966, 0x71E8, 0x7A6A, 0x93CF, 0xA4B3, 0x8B4E, 0x8B4E, 0x8B4D, 0x932D,
  0x932D, 0x932C, 0x930C, 0x930C, 0x92EB, 0x92CA, 0x92CA, 0x92A9, 0x9268, 0x9247, 0x8A06, 0x8984,
  0xFEB7, 0xFE97, 0xBCD1, 0xE5D4, 0xFEB6, 0xFE97, 0xFE97, 0xFE96, 0xFE97, 0xFE97, 0xFE76, 0xFE56,
  0xFE97, 0xEE77, 0x6AEB, 0x3104, 0x830B, 0xD553, 0xF657, 0xF636, 0xF637, 0xF657, 0xF657, 0xF637,
  0xF658, 0xA450, 0x832C, 0xCD14, 0xDD75, 0xD534, 0xC4D2, 0xBC91, 0xBC91, 0xB450, 0x938D, 0x93AD,
  0xC4D2, 0xE5B5, 0xEE16, 0xEE37, 0xE637, 0xE637, 0xB4D3, 0xACF3, 0x93CE, 0x628A, 0xCD95, 0xDE17,
  0xDE18, 0xDE38, 0xDE59, 0xDE58, 0xDE59, 0xDE38, 0xE638, 0xE659, 0xE67A, 0xE67A, 0xE69A, 0xE69A,
  0xE67A, 0xE6BB, 0xE6FC, 0xEF3D, 0xEF9E, 0xF7DF, 0xF7FF, 0xEFFF, 0xEFDF, 0xE7BF, 0xE7BF, 0xE7BF,
  0xDFBE, 0xD79E, 0xBF3E, 0x8E3B, 0x64D6, 0x4391, 0x328D, 0x21EA, 0x1988, 0x1988, 0x21A7, 0x2167,
  0x29A7, 0x29C8, 0x1987, 0x0947, 0x0147, 0x0147, 0x0148, 0x0189, 0x0189, 0x0189, 0x026D, 0x0B71,
  0x0BB3, 0x0AF0, 0x0C15, 0x1455, 0x1435, 0x1414, 0x0B72, 0x1414, 0x0BB3, 0x1496, 0x1455, 0x0BB2,
  0x0B51, 0x020C, 0x12EF, 0x0ACF, 0x026D, 0x1392, 0x1CD7, 0x24D6, 0x02EF, 0x0B51, 0x1CD6, 0x1455,
  0x1C96, 0x1CB6, 0x2518, 0x1476, 0x0B93, 0x1455, 0x1435, 0x1414, 0x0AAE, 0x1392, 0x13B3, 0x0B51,
  0x0ACF, 0x0A6D, 0x020B, 0x09CA, 0x0168, 0x0927, 0x0947, 0x0947, 0x1126, 0x1126, 0x1946, 0x2146,
  0x1925, 0x1105, 0x08E5, 0x0906, 0x1147, 0x21A9, 0x2A4B, 0x430E, 0x63B0, 0x7BF0, 0x83F0, 0x8C11,
  0x8C51, 0x8C72, 0x9492, 0x94B3, 0x94D4, 0x94F4, 0x94F5, 0x9515, 0x9D15, 0x9D35, 0x9D36, 0x9D36,
  0x9D36, 0x9D36, 0x9D15, 0x9D15, 0x9D15, 0x9D15, 0x94F5, 0x94D4, 0x94D4, 0x94B3, 0x9493, 0x9472,
  0x9452, 0x9431, 0x9411, 0x93F0, 0x93CF, 0x93AF, 0x938E, 0x8B6D, 0x8B2D, 0x8B0C, 0x82EB, 0x82CB,
  0x82AA, 0x7A89, 0x7A69, 0x7A48, 0x7228, 0x7207, 0x71E7, 0x71C6, 0x69A6, 0x6985, 0x6165, 0x6124,
  0x58E3, 0x6103, 0x6964, 0x60C2, 0x58A2, 0x58A1, 0x5881, 0x5881, 0x5861, 0x5861, 0x5881, 0x60A2,
  0x6125, 0x69C7, 0x6987, 0x7186, 0x7A29, 0x828B, 0xA4B2, 0xC5D7, 0x936F, 0x932E, 0x932D, 0x930D,
  0x930C, 0x930C, 0x92EC, 0x92EB, 0x9AEB, 0x9ACA, 0x9ACA, 0x92A9, 0x9288, 0x9247, 0x9206, 0x89A5,
  0xFED7, 0xCD32, 0xDDB3, 0xFEB7, 0xFE97, 0xFE96, 0xFE96, 0xFE97, 0xFE97, 0xFE97, 0xFE76, 0xFE97,
  0xDE16, 0x5208, 0x5A49, 0xDD94, 0xFE56, 0xFE77, 0xF677, 0xF657, 0xF657, 0xF657, 0xF657, 0xEE16,
  0x72EA, 0x5A28, 0x830B, 0x8B8D, 0x9BCD, 0x9BEE, 0x9C0E, 0xA42F, 0xA40F, 0xA3EE, 0x938D, 0x72CA,
  0x5A07, 0x49A6, 0x5A48, 0xA430, 0xCD74, 0xE638, 0xE637, 0xBD35, 0xD5B5, 0xC574, 0x6ACB, 0xB4D2,
  0xE637, 0xDE38, 0xDE39, 0xDE58, 0xDE59, 0xDE59, 0xDE59, 0xDE38, 0xE639, 0xE679, 0xE67A, 0xE67A,
  0xE6BB, 0xE6BB, 0xE69A, 0xE6DB, 0xE71C, 0xEF5D, 0xF7DF, 0xF7FF, 0xF7FF, 0xEFDF, 0xE7BF, 0xE7BF,
  0xE7BF, 0xDF9E, 0xD77E, 0xB71E, 0x7DFA, 0x5C95, 0x4370, 0x2A6D, 0x21EA, 0x1988, 0x1987, 0x2188,
  0x2187, 0x21A7, 0x0947, 0x0947, 0x0968, 0x0947, 0x0168, 0x0148, 0x0148, 0x0169, 0x0A0C, 0x0B31,
  0x0AAF, 0x0B10, 0x1414, 0x1414, 0x0BD4, 0x0B72, 0x0B72, 0x1414, 0x0BB3, 0x1455, 0x1455, 0x0BD3,
  0x0B30, 0x022C, 0x1310, 0x0B10, 0x02AE, 0x13F4, 0x1CD7, 0x1C76, 0x0B51, 0x0B92, 0x1C96, 0x1455,
  0x1435, 0x1414, 0x2D58, 0x1496, 0x0BF4, 0x0B72, 0x1414, 0x13F4, 0x0B10, 0x0A6D, 0x0B72, 0x0B10,
  0x0A6D, 0x024C, 0x01A9, 0x0188, 0x0947, 0x0926, 0x0926, 0x1126, 0x1126, 0x1926, 0x1126, 0x0905,
  0x08E5, 0x08E5, 0x0905, 0x1146, 0x19A8, 0x2A4B, 0x42EE, 0x5B90, 0x73F0, 0x83F0, 0x8C11, 0x8C51,
  0x8C72, 0x9492, 0x94B3, 0x94D4, 0x94F4, 0x9D15, 0x9D15, 0x9D35, 0x9D36, 0x9D36, 0x9D56, 0x9D56,
  0x9D56, 0x9D36, 0x9D36, 0x9D35, 0x9D15, 0x9D15, 0x9CF5, 0x94F4, 0x94D4, 0x94B3, 0x9493, 0x9472,
  0x9452, 0x9431, 0x9410, 0x93F0, 0x93CF, 0x93AE, 0x936E, 0x8B4D, 0x8B2C, 0x8AEC, 0x82CB, 0x82AA,
  0x8289, 0x7A69, 0x7A48, 0x7A28, 0x7207, 0x71E7, 0x71C6, 0x69A6, 0x6985, 0x6965, 0x6144, 0x6123,
  0x58E3, 0x6924, 0x6923, 0x58A2, 0x58A2, 0x5881, 0x5861, 0x5861, 0x5861, 0x60A2, 0x60C3, 0x60A2,
  0x6925, 0x6945, 0x6945, 0x71A7, 0x7A29, 0x828B, 0x8AEC, 0x934D, 0x8AEC, 0x92EC, 0x92EC, 0x92EC,
  0x92EB, 0x92EB, 0x92CB, 0x9ACA, 0x92CA, 0x9AAA, 0x9AA9, 0x9A89, 0x9288, 0x9268, 0x9206, 0x91A4,
  0xDDF5, 0xD573, 0xFEB7, 0xFEB6, 0xFEB6, 0xFE96, 0xFE96, 0xFE97, 0xFE97, 0xFE97, 0xFE97, 0xCD94,
  0x4186, 0x93CE, 0xF636, 0xFE56, 0xFE56, 0xFE57, 0xFE57, 0xF656, 0xEDF5, 0xDD74, 0xB4B1, 0x5207,
  0x9C0F, 0xDDB5, 0xF636, 0xF616, 0xF616, 0xF616, 0xF636, 0xF616, 0xF616, 0xF616, 0xF616, 0xEDF6,
  0xEDF6, 0xDDB5, 0xAC91, 0x6AA9, 0x6269, 0x836D, 0xC513, 0xDDF7, 0xCDB6, 0xD5D6, 0xD5F6, 0x7B6D,
  0x8BAE, 0xDE38, 0xDE38, 0xDE58, 0xDE59, 0xDE59, 0xDE59, 0xDE59, 0xDE59, 0xDE38, 0xE659, 0xE679,
  0xE67A, 0xE6BB, 0xEEFC, 0xDE7A, 0xE69A, 0xE6FC, 0xE71C, 0xEF7E, 0xF7DF, 0xF7FF, 0xEFFF, 0xEFBF,
  0xE7BF, 0xDFBE, 0xDF9E, 0xCF7E, 0xAEFD, 0x75BA, 0x5475, 0x4330, 0x2A6C, 0x21C9, 0x1988, 0x1167,
  0x19A8, 0x1967, 0x0947, 0x0947, 0x0947, 0x0988, 0x0988, 0x0989, 0x0127, 0x0168, 0x0A0C, 0x0A6E,
  0x01CB, 0x0ACF, 0x0B31, 0x0B92, 0x0B72, 0x0B71, 0x13B2, 0x13F4, 0x0BB2, 0x1455, 0x1414, 0x0B92,
  0x0AF0, 0x022C, 0x1331, 0x0B30, 0x02CF, 0x13F4, 0x1C96, 0x1C75, 0x0B72, 0x0BB2, 0x1435, 0x0BF4,
  0x0BD3, 0x0BB3, 0x24F7, 0x1476, 0x0BD3, 0x0AF0, 0x1414, 0x0B92, 0x0B52, 0x01EB, 0x0ACF, 0x0AAE,
  0x0A2C, 0x09A9, 0x0989, 0x0947, 0x0127, 0x0926, 0x0926, 0x1125, 0x1126, 0x1126, 0x0905, 0x08C5,
  0x08E5, 0x0905, 0x1146, 0x1988, 0x2A2B, 0x3AEE, 0x5B90, 0x73D0, 0x8410, 0x8C11, 0x8C51, 0x8C72,
  0x9493, 0x94B3, 0x94D4, 0x94F5, 0x9D15, 0x9D15, 0x9D35, 0x9D36, 0x9D56, 0x9D56, 0x9D56, 0x9D56,
  0x9D56, 0x9D56, 0x9D36, 0x9D36, 0x9D35, 0x9D15, 0x9CF5, 0x9CD4, 0x94B4, 0x94B3, 0x9473, 0x9472,
  0x9452, 0x9431, 0x93F0, 0x93CF, 0x93AF, 0x938E, 0x8B4D, 0x8B2C, 0x8AEC, 0x82CB, 0x82AA, 0x828A,
  0x8269, 0x7A48, 0x7A28, 0x7A07, 0x71E7, 0x71C6, 0x71A6, 0x6985, 0x6965, 0x6944, 0x6124, 0x6103,
  0x60E3, 0x6944, 0x60E3, 0x58A1, 0x5881, 0x5861, 0x5861, 0x5841, 0x6081, 0x60E3, 0x60A2, 0x6061,
  0x60A2, 0x68E3, 0x6945, 0x71A7, 0x7A08, 0x824A, 0x8A8A, 0x8A8B, 0x92AB, 0x92AB, 0x92AB, 0x92AA,
  0x92AA, 0x92AA, 0x928A, 0x9A89, 0x9289, 0x9289, 0x9A88, 0x9A68, 0xBC2E, 0xEEB8, 0xA2E9, 0x9164,
  0xCD32, 0xFEB7, 0xFEB7, 0xFEB6, 0xFEB6, 0xFE96, 0xFE96, 0xFE96, 0xFE97, 0xFE97, 0xC573, 0x4186,
  0xBCD1, 0xF656, 0xF656, 0xFE56, 0xFE56, 0xFE36, 0xEDD4, 0xE573, 0xE594, 0xCD94, 0x5A69, 0xD5B5,
  0xF636, 0xF616, 0xF636, 0xF637, 0xF657, 0xF637, 0xF636, 0xF637, 0xF636, 0xF636, 0xF636, 0xF616,
  0xEE17, 0xEE17, 0xEDF6, 0xE5F6, 0xD574, 0x93AE, 0x6269, 0x8B6D, 0xC554, 0xD617, 0xDE17, 0xDE38,
  0xA4B2, 0x7B4D, 0xDE17, 0xDE58, 0xDE58, 0xDE59, 0xDE79, 0xDE79, 0xDE59, 0xDE59, 0xDE38, 0xE618,
  0xDE39, 0xDE59, 0xDE7A, 0xE6FC, 0xEF1C, 0xDE9A, 0xE6BB, 0xE6FC, 0xE73D, 0xEF9E, 0xF7FF, 0xF7FF,
  0xEFDF, 0xE7BF, 0xDF9E, 0xD79E, 0xCF7E, 0xA6DD, 0x7599, 0x5434, 0x4330, 0x2A4C, 0x19CA, 0x1988,
  0x1188, 0x0926, 0x0926, 0x0947, 0x0927, 0x0947, 0x0968, 0x0168, 0x0189, 0x09A9, 0x0189, 0x09CA,
  0x01AA, 0x0A4D, 0x0AAE, 0x0ACF, 0x028E, 0x0ACF, 0x0B51, 0x0B71, 0x0BB3, 0x0BF4, 0x0B92, 0x0B92,
  0x0ACF, 0x024D, 0x0B10, 0x0B10, 0x02CF, 0x0BD3, 0x1455, 0x1C14, 0x0B92, 0x0B92, 0x1455, 0x0BF4,
  0x0BB2, 0x0B51, 0x1C76, 0x13F4, 0x0B72, 0x0AEF, 0x0B51, 0x0B51, 0x0B30, 0x01EB, 0x01CA, 0x0A2C,
  0x09EB, 0x0988, 0x0968, 0x0947, 0x0926, 0x1126, 0x1126, 0x1125, 0x1105, 0x0905, 0x08C5, 0x08E5,
  0x0905, 0x1146, 0x1988, 0x220B, 0x3ACE, 0x5390, 0x6BF0, 0x7C10, 0x8431, 0x8C51, 0x8C72, 0x9493,
  0x94B3, 0x94D4, 0x9515, 0x9D15, 0x9D35, 0x9D36, 0x9D56, 0x9D56, 0x9D56, 0x9D76, 0x9D76, 0x9D76,
  0x9D56, 0x9D56, 0x9D56, 0x9D36, 0x9D15, 0x9CF5, 0x9CF4, 0x94D4, 0x94B4, 0x9493, 0x9473, 0x9452,
  0x9431, 0x9411, 0x93F0, 0x93AF, 0x936E, 0x8B4D, 0x8B2C, 0x8AEC, 0x82CB, 0x82AA, 0x828A, 0x8269,
  0x7A48, 0x7A28, 0x7A07, 0x71E7, 0x71C6, 0x71A6, 0x69A5, 0x6985, 0x6944, 0x6124, 0x6103, 0x58E2,
  0x6103, 0x6924, 0x60A2, 0x5881, 0x5881, 0x5861, 0x5840, 0x6020, 0x6041, 0x6061, 0x6041, 0x6061,
  0x60A2, 0x6904, 0x7165, 0x79A7, 0x79E8, 0x8209, 0x8A49, 0x8A4A, 0x8A6A, 0x926A, 0x9269, 0x9269,
  0x9269, 0x9269, 0x9248, 0x9248, 0x9248, 0x9227, 0x9A27, 0x99E6, 0xAB4B, 0xDDF5, 0x9A88, 0x8923,
  0xF6B8, 0xFED7, 0xFEB7, 0xFEB6, 0xFEB6, 0xFE96, 0xFE96, 0xFEB7, 0xFEB7, 0xC553, 0x41A7, 0xD574,
  0xFE76, 0xF635, 0xFE56, 0xFE56, 0xFE36, 0xF616, 0xF657, 0xFE77, 0xD594, 0x62CB, 0xE637, 0xF657,
  0xF636, 0xF616, 0xFE36, 0xF657, 0xFE57, 0xF657, 0xFE37, 0xFE37, 0xF657, 0xF637, 0xF637, 0xF637,
  0xF637, 0xF637, 0xEE37, 0xEE37, 0xE637, 0xE617, 0xD5D6, 0x93EF, 0x6289, 0x9C0F, 0xDE37, 0xDE17,
  0xDE38, 0xBD75, 0x7B4D, 0xDE38, 0xDE38, 0xDE58, 0xDE79, 0xDE79, 0xDE79, 0xDE59, 0xDE59, 0xDE59,
  0xDE18, 0xDE18, 0xDE59, 0xDE7A, 0xDE7A, 0xE71C, 0xE71C, 0xDEBB, 0xDEDB, 0xDEFC, 0xE71D, 0xEF9E,
  0xF7FF, 0xEFFF, 0xE7DF, 0xDFBE, 0xD79E, 0xC75E, 0x9EBC, 0x7579, 0x5434, 0x3B30, 0x2A4C, 0x19C9,
  0x1188, 0x1188, 0x0906, 0x0106, 0x0947, 0x0947, 0x0927, 0x0967, 0x0989, 0x0989, 0x09CA, 0x0968,
  0x01AA, 0x09EB, 0x0A2C, 0x0A4D, 0x022C, 0x0A8E, 0x0AF0, 0x0B31, 0x0B51, 0x0BB3, 0x0B31, 0x0B52,
  0x0AAF, 0x026D, 0x0B31, 0x0B10, 0x0AF0, 0x13D3, 0x13F4, 0x1392, 0x0B92, 0x0B72, 0x0BF3, 0x13D3,
  0x0B72, 0x0B72, 0x13B3, 0x13D3, 0x0B51, 0x028E, 0x0A8E, 0x0AAF, 0x0A8E, 0x01EB, 0x0147, 0x09CA,
  0x09A9, 0x0989, 0x0927, 0x0926, 0x0905, 0x1126, 0x1105, 0x1125, 0x08E4, 0x08C4, 0x08C5, 0x1105,
  0x1146, 0x1988, 0x220B, 0x3ACE, 0x5370, 0x6BD1, 0x7C11, 0x8431, 0x8C51, 0x8C72, 0x9493, 0x94B3,
  0x94F4, 0x9515, 0x9D15, 0x9D36, 0x9D56, 0x9D56, 0x9D56, 0x9D77, 0xA577, 0x9D77, 0x9D77, 0x9D76,
  0x9D56, 0x9D56, 0x9D36, 0x9D15, 0x9D15, 0x9CF5, 0x9CF4, 0x9CD4, 0x9CB4, 0x9C93, 0x9C72, 0x9452,
  0x9411, 0x93F0, 0x93AF, 0x938E, 0x934D, 0x8B2D, 0x8AEC, 0x8ACB, 0x82AA, 0x828A, 0x8269, 0x8249,
  0x7A28, 0x7A08, 0x79E7, 0x71C6, 0x71A6, 0x7185, 0x6965, 0x6944, 0x6924, 0x6103, 0x60C3, 0x60C2,
  0x6103, 0x60E3, 0x6081, 0x5861, 0x5861, 0x5840, 0x5840, 0x6020, 0x6020, 0x6040, 0x6041, 0x6061,
  0x68A3, 0x7104, 0x7165, 0x79A6, 0x81C7, 0x81E8, 0x8208, 0x8A29, 0x8A29, 0x8A28, 0x8A28, 0x9228,
  0x9228, 0x9227, 0x9207, 0x9206, 0x91E6, 0x91C5, 0x91A5, 0x9184, 0x9143, 0x8923, 0x8902, 0x88C2,
  0xFF18, 0xFED7, 0xFEB7, 0xFEB6, 0xFEB7, 0xFEB6, 0xFEB6, 0xFEB7, 0xCD93, 0x49E7, 0xE616, 0xFE97,
  0xFE56, 0xFE56, 0xFE77, 0xFE77, 0xFE77, 0xFE97, 0xFE97, 0xDDF5, 0x62EB, 0xE636, 0xFE77, 0xFE77,
  0xFE36, 0xF636, 0xF657, 0xFE77, 0xF698, 0xF657, 0xF657, 0xFE57, 0xF678, 0xF657, 0xF657, 0xF657,
  0xF657, 0xEE17, 0xDDB6, 0xD595, 0xD595, 0xCD75, 0xCD75, 0xD5B6, 0xD5B6, 0x8BEE, 0x6AEB, 0xCDB6,
  0xD617, 0xD5F7, 0xBD75, 0x7B6D, 0xD618, 0xDE38, 0xDE58, 0xDE79, 0xDE79, 0xDE79, 0xDE79, 0xDE59,
  0xDE59, 0xDE39, 0xDE18, 0xDE18, 0xDE39, 0xDE5A, 0xDE7A, 0xE71C, 0xE6FC, 0xDEBB, 0xDEBB, 0xDEFD,
  0xE73D, 0xEFBE, 0xF7FF, 0xEFDF, 0xE7BF, 0xD79E, 0xC75E, 0x9E9C, 0x6D78, 0x5434, 0x3B30, 0x2A6D,
  0x19EA, 0x1168, 0x1188, 0x0926, 0x0106, 0x0947, 0x0947, 0x0927, 0x0147, 0x0988, 0x0988, 0x09A9,
  0x09AA, 0x09CA, 0x01CA, 0x01CA, 0x01AA, 0x0A2C, 0x0A6E, 0x0A8E, 0x0ACF, 0x0B10, 0x0B10, 0x0AEF,
  0x024C, 0x024D, 0x0B10, 0x0AEF, 0x02AF, 0x0B51, 0x0B51, 0x1310, 0x0B72, 0x0B51, 0x0B71, 0x0B71,
  0x0AEF, 0x0B51, 0x0ACF, 0x0B71, 0x0ACF, 0x0A6D, 0x0A0B, 0x0A0B, 0x09EB, 0x09EB, 0x0168, 0x0968,
  0x0968, 0x0927, 0x0926, 0x0946, 0x1126, 0x0905, 0x1126, 0x08E4, 0x08C4, 0x08C5, 0x1105, 0x1126,
  0x19A8, 0x222B, 0x3ACD, 0x5370, 0x6BD1, 0x7C11, 0x8431, 0x8C52, 0x8C72, 0x94B3, 0x94D4, 0x94F4,
  0x9515, 0x9D35, 0x9D56, 0x9D56, 0x9D76, 0xA577, 0xA577, 0xA577, 0x9D77, 0x9D77, 0x9D77, 0x9D56,
  0x9D56, 0x9D56, 0x9D36, 0x9D36, 0x9D15, 0x9CF5, 0x9CF4, 0x9CD4, 0x9CB3, 0x9C73, 0x9C52, 0x9411,
  0x93F0, 0x93AF, 0x938E, 0x936D, 0x8B2D, 0x8B0C, 0x8ACB, 0x82AA, 0x828A, 0x8269, 0x8248, 0x7A07,
  0x79E6, 0x79E7, 0x79E7, 0x8207, 0x8208, 0x8207, 0x8207, 0x79E6, 0x71A5, 0x7144, 0x68E3, 0x60C2,
  0x68E2, 0x6081, 0x6061, 0x6040, 0x5820, 0x6040, 0x6040, 0x6020, 0x6040, 0x6040, 0x6841, 0x6882,
  0x70C3, 0x7124, 0x7965, 0x8186, 0x81A7, 0x81C7, 0x89E7, 0x89E8, 0x89E7, 0x89E7, 0x89E7, 0x91E7,
  0x91E6, 0x91C6, 0x91A5, 0x91A5, 0x9184, 0x9164, 0x9143, 0x9122, 0x88E2, 0x88E1, 0x88C1, 0x8880,
  0xFF19, 0xFED7, 0xFEB7, 0xFEB6, 0xFEB6, 0xFEB7, 0xFEB7, 0xDE15, 0x5207, 0xE636, 0xFEB7, 0xFE96,
  0xFE56, 0xFE76, 0xFE97, 0xFE97, 0xFE98, 0xFEB8, 0xE657, 0x5AAA, 0xE617, 0xF677, 0xFE98, 0xFE57,
  0xFE36, 0xFE57, 0xF678, 0xFEB9, 0xFE98, 0xFE98, 0xFE78, 0xF699, 0xC554, 0x93CE, 0x6A8A, 0x6269,
  0x6A89, 0x72CB, 0x838D, 0x93EF, 0x93EF, 0xA40F, 0xA430, 0x93AE, 0x7AEC, 0x7ACB, 0x8B8D, 0x7B4D,
  0xACF4, 0xD5F8, 0xD5F7, 0xC596, 0x9C30, 0xD618, 0xDE38, 0xDE58, 0xDE59, 0xDE59, 0xDE79, 0xDE79,
  0xDE79, 0xDE59, 0xDE59, 0xDE39, 0xDE18, 0xDE18, 0xDE59, 0xDE7A, 0xDE9B, 0xE73D, 0xEF7D, 0xD6BB,
  0xDEBB, 0xDEDC, 0xDF3D, 0xE79E, 0xEFDF, 0xE7DF, 0xDF9F, 0xC75E, 0x96BC, 0x6D78, 0x5455, 0x3B71,
  0x2AAD, 0x19EB, 0x1168, 0x1188, 0x1168, 0x00E5, 0x0926, 0x0947, 0x0947, 0x0947, 0x0947, 0x0968,
  0x0989, 0x09CA, 0x0A0B, 0x09A9, 0x09A9, 0x01CA, 0x020B, 0x020B, 0x026D, 0x026D, 0x026D, 0x0A8E,
  0x01EB, 0x022C, 0x0A8E, 0x0A8E, 0x0A6D, 0x0ACF, 0x0AAF, 0x0A8E, 0x0B10, 0x0ACF, 0x0ACF, 0x0ACF,
  0x026D, 0x028E, 0x024C, 0x0ACF, 0x0A6D, 0x0A0B, 0x09A9, 0x09EA, 0x09CA, 0x09A9, 0x0968, 0x0947,
  0x0927, 0x0947, 0x0946, 0x0925, 0x0905, 0x1105, 0x08C4, 0x08C4, 0x08E5, 0x0905, 0x1147, 0x19A9,
  0x224B, 0x3AEE, 0x5370, 0x6BF1, 0x7C11, 0x8451, 0x8C72, 0x8C92, 0x94B3, 0x94D4, 0x94F5, 0x9D15,
  0x9D36, 0x9D56, 0x9D76, 0x9D77, 0x9D77, 0x9D77, 0x9D77, 0x9D77, 0x9D77, 0xA577, 0xA577, 0xA577,
  0xA577, 0x9D56, 0x9D36, 0x9D36, 0x9D15, 0x9CF5, 0x9CD4, 0x9CB3, 0x9C73, 0x9C52, 0x9C11, 0x9BF0,
  0x9BD0, 0x938E, 0x8B6D, 0x8B0C, 0x8ACB, 0x8ACB, 0x8AEC, 0x930D, 0x9B6D, 0xA3AE, 0xAC10, 0xB492,
  0xBCB3, 0xBCD3, 0xC4D3, 0xBCD3, 0xBCB2, 0xBC91, 0xBC91, 0xBC71, 0xBC71, 0xB430, 0xB3EF, 0xABAE,
  0xAB8D, 0xA32C, 0x9ACA, 0x9A89, 0x928A, 0x8A08, 0x7904, 0x68A2, 0x6841, 0x6840, 0x6841, 0x7082,
  0x70C3, 0x7104, 0x7945, 0x8166, 0x8186, 0x81A6, 0x89A6, 0x89A6, 0x89A6, 0x89A6, 0x89A5, 0x89A5,
  0x9185, 0x9164, 0x9144, 0x9143, 0x9123, 0x9102, 0x90E2, 0x88C1, 0x88A0, 0x8880, 0x8860, 0x8860,
  0xFF19, 0xFED7, 0xFED7, 0xFEB6, 0xFEB6, 0xFEB7, 0xF677, 0x5A48, 0xDDD5, 0xFEB7, 0xFEB7, 0xFE96,
  0xFE76, 0xFE97, 0xFE97, 0xFE98, 0xFEB8, 0xF698, 0x732C, 0xDDF5, 0xF677, 0xFE97, 0xFE98, 0xF636,
  0xFE77, 0xFE98, 0xFEB9, 0xF6B9, 0xEE78, 0xACD2, 0x6AEB, 0x62AA, 0x9C0F, 0xCD74, 0xEE78, 0xF699,
  0xF678, 0xEE58, 0xEE37, 0xEE37, 0xD574, 0x8B8D, 0x6269, 0x6AAA, 0x8B8D, 0x9C10, 0xA430, 0xA430,
  0x838D, 0x7AEB, 0x9410, 0xACB2, 0xBCF3, 0xBD55, 0xDE38, 0xDE38, 0xDE58, 0xDE58, 0xDE59, 0xDE79,
  0xDE79, 0xDE79, 0xDE79, 0xDE59, 0xDE59, 0xDE18, 0xDE18, 0xDE18, 0xDE59, 0xDE5A, 0xD67A, 0xE71C,
  0xEF5D, 0xDEDC, 0xD69B, 0xD6DC, 0xD71D, 0xDF7E, 0xE7DE, 0xE7BF, 0xCF7E, 0x9EDD, 0x7599, 0x5475,
  0x3B92, 0x2AAE, 0x1A0B, 0x1168, 0x1147, 0x11A9, 0x0906, 0x00E5, 0x0927, 0x0947, 0x0947, 0x0947,
  0x0948, 0x0968, 0x0189, 0x09A9, 0x09EA, 0x09EA, 0x09EA, 0x09EB, 0x09EB, 0x09EB, 0x09EB, 0x09EB,
  0x0189, 0x01CA, 0x0A0B, 0x0A0B, 0x01EB, 0x0A2C, 0x0A2C, 0x0A4C, 0x024D, 0x0A6D, 0x0A4D, 0x0A4D,
  0x01EA, 0x020B, 0x09AA, 0x0A4C, 0x0A0B, 0x09EA, 0x09A9, 0x0989, 0x0989, 0x0948, 0x0926, 0x0926,
  0x1147, 0x0926, 0x0905, 0x1125, 0x0905, 0x08C4, 0x08C4, 0x08E5, 0x0926, 0x1147, 0x19C9, 0x2A4C,
  0x3B0F, 0x5390, 0x6BF1, 0x7C11, 0x8451, 0x8C72, 0x8C93, 0x94B4, 0x94D4, 0x9515, 0x9D35, 0x9D36,
  0x9D56, 0x9D77, 0x9D77, 0xA597, 0xA597, 0xA597, 0xA597, 0xA597, 0xA597, 0xA577, 0xA577, 0xA577,
  0xA556, 0xA556, 0xA536, 0xA515, 0x9CF5, 0x9CD4, 0x9C93, 0x9C93, 0x9C52, 0x9C31, 0x9BF0, 0x938F,
  0x936E, 0x9BAF, 0xA410, 0xAC72, 0xBCF4, 0xC555, 0xC596, 0xC596, 0xCD96, 0xCD96, 0xCD96, 0xCD75,
  0xCD55, 0xCD55, 0xC534, 0xC534, 0xC534, 0xC513, 0xC4B2, 0xBC72, 0xB451, 0xBC51, 0xC492, 0xC492,
  0xBC51, 0xBC30, 0xBC30, 0xBC0F, 0xAB6C, 0xAB2B, 0xAB2B, 0xAB2B, 0xA2CA, 0x9A48, 0x89C6, 0x8144,
  0x8103, 0x80E3, 0x8103, 0x8124, 0x8144, 0x8145, 0x8945, 0x8965, 0x9145, 0x8945, 0x8964, 0x8944,
  0x8923, 0x9102, 0x88E2, 0x88C2, 0x88A1, 0x88A1, 0x8880, 0x8860, 0x8860, 0x8840, 0x8860, 0x88A1,
  0xFF39, 0xFED8, 0xFED7, 0xFED7, 0xFEB7, 0xFEB7, 0x836C, 0xB4D1, 0xFE96, 0xFE97, 0xFEB6, 0xFE76,
  0xFE76, 0xFE97, 0xFEB7, 0xFEB8, 0xFED8, 0x8BCE, 0xC574, 0xF677, 0xFE97, 0xFE97, 0xFE98, 0xF657,
  0xFE98, 0xFEB8, 0xE678, 0x9430, 0x730B, 0xA491, 0xE657, 0xFEB8, 0xF698, 0xF678, 0xF678, 0xF698,
  0xF678, 0xF678, 0xD5D5, 0x730B, 0x6AAA, 0xAC71, 0xD595, 0xCD54, 0xB491, 0xA430, 0x93AE, 0x836D,
  0x836E, 0x93EF, 0x9C10, 0xAC71, 0xAC91, 0x8B8E, 0xC5B6, 0xDE58, 0xDE58, 0xDE58, 0xDE58, 0xDE59,
  0xDE79, 0xDE79, 0xDE9A, 0xDE7A, 0xDE79, 0xDE79, 0xDE59, 0xDE39, 0xDE18, 0xDE38, 0xDE59, 0xD65A,
  0xD67A, 0xDEDB, 0xE73D, 0xDF1C, 0xCE9B, 0xCE9C, 0xD6DC, 0xDF3D, 0xDF9E, 0xCF7E, 0xA6FD, 0x7DDA,
  0x5CD6, 0x43F3, 0x2AEF, 0x1A4C, 0x1189, 0x1146, 0x1188, 0x11A8, 0x0906, 0x00E5, 0x0906, 0x0947,
  0x0947, 0x0967, 0x0168, 0x0148, 0x0189, 0x0189, 0x01CA, 0x09CA, 0x0A0B, 0x0A0B, 0x09EA, 0x0A0B,
  0x01A9, 0x09AA, 0x09A9, 0x09A9, 0x09A9, 0x09AA, 0x09EA, 0x0A0B, 0x0A0B, 0x0A0B, 0x0A2C, 0x0A0B,
  0x0A0A, 0x0A0B, 0x09CA, 0x09EA, 0x09C9, 0x0989, 0x0968, 0x0947, 0x0947, 0x0947, 0x0947, 0x0946,
  0x0905, 0x0905, 0x0926, 0x08C4, 0x08C4, 0x08E5, 0x0905, 0x1126, 0x1988, 0x21EA, 0x2A8D, 0x432F,
  0x5BB1, 0x7411, 0x7C31, 0x8452, 0x8C72, 0x8C93, 0x94D4, 0x94F5, 0x9515, 0x9536, 0x9D56, 0x9D77,
  0x9D77, 0x9D97, 0xA597, 0xA5B8, 0xA5B8, 0xA5B7, 0xA5B7, 0xA5B7, 0xA597, 0xA597, 0xA577, 0xA577,
  0xA556, 0xA536, 0x9D15, 0xA4F5, 0xA4D4, 0xA493, 0x9C52, 0x9C11, 0x9C11, 0xA452, 0xACB3, 0xBD55,
  0xC5D7, 0xCDD7, 0xCDD7, 0xCDF7, 0xCDF7, 0xCDF7, 0xD5F7, 0xD5F7, 0xD5D7, 0xD5D7, 0xD5B6, 0xD5B6,
  0xD5B6, 0xD596, 0xBCD2, 0xAC30, 0xABEF, 0xABEF, 0xABEF, 0xB40F, 0xB42F, 0xB3EF, 0xB3EE, 0xB3CE,
  0xB3AD, 0xABAD, 0xAB8D, 0xB3AD, 0xC42F, 0xC450, 0xBBEE, 0xBBCD, 0xB3AD, 0xB38C, 0xB36C, 0xB34B,
  0xAB2B, 0xAB2B, 0xAB0B, 0xAAEA, 0xAACA, 0xA289, 0xA248, 0x9A07, 0x99C5, 0x9184, 0x9144, 0x8923,
  0x88E2, 0x90C1, 0x88C1, 0x88C1, 0x88A0, 0x8080, 0x8860, 0x8880, 0x90E1, 0x90C1, 0x90C1, 0x90E1,
  0xFF5A, 0xFEF8, 0xFED7, 0xFED7, 0xFED7, 0xC553, 0x838C, 0xF696, 0xFE96, 0xFE96, 0xFE96, 0xFE76,
  0xFE76, 0xFE97, 0xFEB7, 0xFEB8, 0xBD33, 0xA491, 0xFE97, 0xF697, 0xFE97, 0xFE97, 0xFE97, 0xF677,
  0xF698, 0x9430, 0x734C, 0xC594, 0xF698, 0xF678, 0xF698, 0xF698, 0xFEB9, 0xFE98, 0xF698, 0xF698,
  0xEE78, 0x9BEF, 0x728A, 0xA40F, 0x9BAD, 0x7ACB, 0x726A, 0x7AAB, 0x938E, 0xA430, 0xAC71, 0xB492,
  0xAC51, 0x93AE, 0x830C, 0x6AAA, 0x5A69, 0x6ACB, 0x834E, 0xACB2, 0xD617, 0xDE58, 0xDE38, 0xDE58,
  0xDE59, 0xDE79, 0xDE79, 0xDE9A, 0xDE9A, 0xDE9A, 0xDE79, 0xDE7A, 0xDE59, 0xDE39, 0xDE18, 0xD618,
  0xD639, 0xD65A, 0xD65A, 0xD6BB, 0xE75D, 0xE73D, 0xCEBC, 0xC67B, 0xCE7B, 0xD6FD, 0xCF5E, 0xB71D,
  0x863B, 0x6518, 0x4434, 0x3351, 0x226D, 0x19CA, 0x1148, 0x0927, 0x1988, 0x1988, 0x0906, 0x00C5,
  0x0906, 0x0926, 0x0926, 0x0947, 0x0968, 0x0968, 0x0968, 0x0988, 0x0988, 0x0989, 0x0989, 0x01C9,
  0x01A9, 0x09CA, 0x09CA, 0x09EA, 0x09EA, 0x09EB, 0x09EA, 0x0A0B, 0x09EB, 0x0A0B, 0x09EA, 0x09CA,
  0x09A9, 0x09A9, 0x0968, 0x0968, 0x0967, 0x0947, 0x0947, 0x0947, 0x0947, 0x0926, 0x0905, 0x08E5,
  0x0906, 0x08E5, 0x08C4, 0x08C4, 0x08E5, 0x0906, 0x1147, 0x19A9, 0x222B, 0x32AE, 0x4350, 0x5BD1,
  0x7412, 0x7C31, 0x8452, 0x8C73, 0x8CB3, 0x94D4, 0x94F5, 0x9515, 0x9536, 0x9D56, 0x9D77, 0x9D97,
  0x9D97, 0xA5B8, 0xA5B8, 0xA5B8, 0xA5B8, 0xA5B8, 0xA5B8, 0xA5B8, 0xA597, 0xA597, 0xA577, 0xA556,
  0xA536, 0xA4F5, 0x9CB4, 0x9C73, 0xA473, 0xACB4, 0xB515, 0xC597, 0xCDF8, 0xCE18, 0xCE18, 0xD618,
  0xD638, 0xD638, 0xD638, 0xD618, 0xD618, 0xD618, 0xD617, 0xD5F7, 0xD5F7, 0xDDF7, 0xDDF7, 0xCD34,
  0xBC92, 0xA410, 0x9BF0, 0xAC51, 0xB471, 0xBCB2, 0xC514, 0xCD54, 0xCD13, 0xCD13, 0xCCF2, 0xD4F2,
  0xD4F2, 0xD4F2, 0xCCD1, 0xCCB1, 0xC450, 0xBBEF, 0xBC0F, 0xC450, 0xC450, 0xC42F, 0xC42F, 0xBC0E,
  0xBBCE, 0xBBCE, 0xBBAD, 0xBBAD, 0xBBAD, 0xBBAD, 0xBBCD, 0xBBAD, 0xBB8C, 0xBB6C, 0xB32B, 0xB2C9,
  0xAA68, 0xAA27, 0xA1C5, 0x9984, 0x9943, 0x9922, 0x9922, 0x9122, 0x9922, 0xA122, 0xA163, 0xA9C4,
  0xFF5A, 0xFF39, 0xFEF8, 0xFED8, 0xF696, 0x732B, 0xEE56, 0xFE96, 0xFE96, 0xFE96, 0xFE96, 0xFE76,
  0xFE76, 0xFEB7, 0xFEB7, 0xE657, 0x83AD, 0xF697, 0xFE98, 0xFE97, 0xFE98, 0xFEB8, 0xFEB8, 0xC554,
  0x734C, 0xC554, 0xF6B9, 0xF698, 0xF6B8, 0xFEB8, 0xF6B9, 0xF698, 0xF6B9, 0xF698, 0xF698, 0xDE17,
  0x5A49, 0x59C6, 0x82EB, 0x93CF, 0x9C30, 0x9C0F, 0x7B0B, 0x6248, 0x6228, 0x5A28, 0x5A08, 0x5A29,
  0x628A, 0x730C, 0x9C0F, 0xBCF3, 0xC513, 0xAC50, 0x72EB, 0x6ACB, 0x7B6E, 0xAC92, 0xD617, 0xDE58,
  0xDE58, 0xDE59, 0xDE79, 0xDE79, 0xDE9A, 0xDE9A, 0xDE9A, 0xDE9A, 0xDE7A, 0xDE79, 0xDE59, 0xDE39,
  0xD618, 0xD5F8, 0xD618, 0xD639, 0xCE39, 0xD67A, 0xDF1C, 0xE77D, 0xDF1D, 0xCE9B, 0xBE7B, 0xBEBC,
  0xAEDD, 0x965C, 0x6D79, 0x5496, 0x3BB2, 0x2ACE, 0x1A2C, 0x1189, 0x0927, 0x1126, 0x19A8, 0x19E9,
  0x19A8, 0x1126, 0x08E5, 0x0906, 0x0106, 0x0126, 0x0947, 0x0947, 0x0967, 0x0968, 0x0968, 0x0968,
  0x0168, 0x0188, 0x0188, 0x0988, 0x0988, 0x0988, 0x0989, 0x09A9, 0x0988, 0x0988, 0x0988, 0x0988,
  0x0968, 0x0968, 0x0947, 0x0967, 0x0967, 0x0947, 0x0926, 0x0906, 0x08E5, 0x08E5, 0x0905, 0x0905,
  0x08C4, 0x08C4, 0x08C4, 0x08E5, 0x1106, 0x1167, 0x19CA, 0x2A6C, 0x3AEF, 0x4B90, 0x63F2, 0x7432,
  0x8452, 0x8472, 0x8C93, 0x8CB4, 0x94F4, 0x9515, 0x9536, 0x9D56, 0x9D77, 0x9D77, 0x9D97, 0xA5B8,
  0xA5B8, 0xA5B8, 0xA5B8, 0xA5D8, 0xA5B8, 0xA5B8, 0xA597, 0xA597, 0xA597, 0xA556, 0xA515, 0xA4D4,
  0xA4D4, 0xAD15, 0xBD76, 0xC5D8, 0xCE19, 0xCE39, 0xD639, 0xD639, 0xD659, 0xD639, 0xD638, 0xDE38,
  0xDE58, 0xDE38, 0xDE38, 0xDE38, 0xDE38, 0xDE38, 0xDE38, 0xDE17, 0xDE17, 0xDDF7, 0xCD54, 0xC513,
  0xAC50, 0xB471, 0xBCB2, 0xC4F2, 0xC4F2, 0xC4B2, 0xB430, 0xB3EF, 0xB40F, 0xC4D2, 0xD533, 0xD513,
  0xCCF2, 0xD4F3, 0xD4F2, 0xCCB1, 0xCCB1, 0xCC91, 0xCC91, 0xCC70, 0xCC50, 0xCC50, 0xCC70, 0xCC70,
  0xCC50, 0xCC4F, 0xCC4F, 0xCC2F, 0xCC0E, 0xC40E, 0xC3EE, 0xC3EE, 0xC3EE, 0xC3EE, 0xC3ED, 0xC3CD,
  0xC3CD, 0xC3CD, 0xC3CC, 0xC38B, 0xC34B, 0xBB4A, 0xBB4A, 0xBB4A, 0xC34B, 0xC36B, 0xC3AB, 0xCC0D,
  0xFF3A, 0xFF5A, 0xFF39, 0xFEF8, 0xAC90, 0xCD94, 0xFEB6, 0xFE96, 0xFE95, 0xFE96, 0xFE96, 0xFE76,
  0xFE96, 0xFEB7, 0xFEB8, 0x83AE, 0xE636, 0xFE97, 0xFEB7, 0xFEB8, 0xFEB8, 0xF6B8, 0x8BEF, 0x9C70,
  0xF698, 0xF6B8, 0xFEB9, 0xF6B8, 0xF6B9, 0xFEB9, 0xFED9, 0xF6B9, 0xF6D9, 0xF699, 0xB4F2, 0x3986,
  0x93AE, 0xACB2, 0x730C, 0x49E7, 0x6269, 0x93AE, 0xBCF3, 0xDDB5, 0xE5D6, 0xEDF6, 0xEDF7, 0xEE17,
  0xE5D6, 0xCD55, 0xA451, 0x834D, 0x8B8E, 0xC534, 0xCD75, 0xC513, 0x8BAE, 0x62AB, 0x626A, 0xAC71,
  0xD638, 0xDE59, 0xDE59, 0xDE79, 0xDE9A, 0xDE9A, 0xDE9A, 0xDE9A, 0xDE9A, 0xDE9A, 0xDE9A, 0xDE7A,
  0xDE59, 0xD639, 0xD618, 0xD5F8, 0xD618, 0xCE39, 0xCE39, 0xCE39, 0xD69B, 0xE75D, 0xEF9E, 0xDF5D,
  0xC6BB, 0xA65B, 0x963B, 0x7DBA, 0x5CF8, 0x4434, 0x3351, 0x228E, 0x19EB, 0x1168, 0x0926, 0x08E5,
  0x0906, 0x1167, 0x19A8, 0x19C9, 0x19C9, 0x19A9, 0x11A8, 0x1188, 0x1168, 0x0947, 0x0967, 0x0947,
  0x0967, 0x0967, 0x0967, 0x0967, 0x0967, 0x0967, 0x0988, 0x0968, 0x0988, 0x0968, 0x0988, 0x0968,
  0x0967, 0x0947, 0x0947, 0x0926, 0x0106, 0x00E5, 0x08E5, 0x00C5, 0x08E5, 0x0905, 0x08E5, 0x08C4,
  0x08C4, 0x08E5, 0x0926, 0x1147, 0x19A9, 0x220B, 0x32AD, 0x4350, 0x5BD1, 0x6C12, 0x7C52, 0x8472,
  0x8C93, 0x8CB3, 0x8CD4, 0x94F5, 0x9516, 0x9D36, 0x9D57, 0x9D77, 0x9D97, 0xA598, 0xA5B8, 0xA5B8,
  0xA5B8, 0xA5B8, 0xADB8, 0xADB8, 0xADB8, 0xAD97, 0xA536, 0xA515, 0xAD15, 0xB556, 0xBDD8, 0xC619,
  0xCE59, 0xD65A, 0xD659, 0xD659, 0xD659, 0xDE59, 0xDE59, 0xDE59, 0xDE59, 0xDE59, 0xDE59, 0xDE79,
  0xDE79, 0xDE79, 0xDE79, 0xDE79, 0xDE59, 0xDE58, 0xDE58, 0xDE38, 0xDE38, 0xDE38, 0xDE17, 0xD595,
  0xDDF6, 0xDDF6, 0xDDD6, 0xDDD6, 0xDDB5, 0xDD95, 0xDD95, 0xDD95, 0xDD74, 0xCCD1, 0xC471, 0xCCD2,
  0xD554, 0xD513, 0xD512, 0xDD53, 0xD4F2, 0xD4F2, 0xD4D2, 0xD4D1, 0xD4D1, 0xD4B1, 0xD4B1, 0xD512,
  0xD4B1, 0xD4B1, 0xD4B0, 0xD490, 0xCC90, 0xD490, 0xCC90, 0xD470, 0xCC6F, 0xD490, 0xD470, 0xD46F,
  0xCC6F, 0xCC4F, 0xCC4F, 0xCC4F, 0xCC2F, 0xD42E, 0xD42E, 0xD44E, 0xD46F, 0xD48F, 0xD4B0, 0xD4F1,
  0xFF39, 0xFF39, 0xFF3A, 0xEEB7, 0x9C50, 0xFED7, 0xFEB6, 0xFE96, 0xFE75, 0xFE75, 0xFE96, 0xFE76,
  0xFE96, 0xFEB7, 0xBD33, 0xB4F2, 0xFE97, 0xFE97, 0xFE98, 0xFEB8, 0xDE16, 0x734C, 0xCDD5, 0xF6B8,
  0xF6B8, 0xFEB8, 0xFED9, 0xFEB9, 0xFEB9, 0xFED9, 0xFEFA, 0xFED9, 0xF6D9, 0x838D, 0x49C7, 0x7B4C,
  0x41A6, 0x6AA9, 0xB491, 0xEE17, 0xF657, 0xF657, 0xF637, 0xF657, 0xF657, 0xF637, 0xF616, 0xF616,
  0xF616, 0xEE37, 0xEE37, 0xEE37, 0xDDD6, 0xAC71, 0xAC71, 0xD5F7, 0xDE38, 0xD637, 0xC596, 0x8BF0,
  0x6AAA, 0x8B8E, 0xCDF7, 0xDE79, 0xDE79, 0xDE79, 0xDE79, 0xDE9A, 0xDE9A, 0xDE9A, 0xDEBA, 0xDEBA,
  0xDE9A, 0xDE7A, 0xD659, 0xD639, 0xD618, 0xD5F8, 0xD5D7, 0xCDF8, 0xCE19, 0xCE3A, 0xC63A, 0xCE7B,
  0xDF1D, 0xEF9E, 0xDF3D, 0xB67B, 0x8DB9, 0x6518, 0x4C96, 0x3BD3, 0x2B10, 0x224D, 0x11CA, 0x1168,
  0x0926, 0x08E5, 0x00C5, 0x00C5, 0x00C4, 0x08C5, 0x08E5, 0x0926, 0x0946, 0x0926, 0x0926, 0x0926,
  0x0927, 0x0927, 0x0927, 0x0947, 0x0947, 0x0947, 0x0947, 0x0947, 0x0927, 0x0926, 0x0926, 0x0926,
  0x0906, 0x0905, 0x0905, 0x08E5, 0x08E5, 0x00E5, 0x08E5, 0x08C4, 0x08C4, 0x08C4, 0x08C5, 0x08E5,
  0x0926, 0x1147, 0x1988, 0x19EA, 0x226D, 0x3AEF, 0x4B91, 0x6412, 0x7453, 0x7C53, 0x8473, 0x8C93,
  0x8CD4, 0x94F5, 0x9516, 0x9536, 0x9D57, 0x9D77, 0x9D97, 0xA598, 0xA5B8, 0xA5D8, 0xA5D8, 0xADD8,
  0xADD8, 0xA598, 0xA556, 0xA536, 0xAD56, 0xAD77, 0xBDD8, 0xC639, 0xCE5A, 0xCE7A, 0xD67A, 0xD67A,
  0xDE79, 0xDE79, 0xDE79, 0xDE79, 0xDE79, 0xDE79, 0xDE79, 0xDE9A, 0xDE9A, 0xDE9A, 0xDE99, 0xDE9A,
  0xE69A, 0xE699, 0xE699, 0xE679, 0xDE79, 0xDE58, 0xDE58, 0xDE38, 0xDE38, 0xDE38, 0xDE17, 0xDDF7,
  0xDDF7, 0xDDF6, 0xDDF6, 0xDDD6, 0xDDD6, 0xDDD5, 0xDDB5, 0xDD95, 0xDD74, 0xDD74, 0xDD74, 0xDD53,
  0xCCD1, 0xD4F2, 0xDD13, 0xDD12, 0xDD12, 0xDD12, 0xDD12, 0xDCF2, 0xDCF2, 0xDD12, 0xD4D1, 0xD4F2,
  0xDCF2, 0xDCF2, 0xD4D1, 0xD4D1, 0xD4D1, 0xD4D1, 0xD4D1, 0xD4D1, 0xD4F1, 0xDCD1, 0xDCD0, 0xDCB0,
  0xDCB0, 0xDCB0, 0xDCB0, 0xD4B0, 0xD4B0, 0xD4D0, 0xD4D1, 0xDCF1, 0xDCF1, 0xDD11, 0xDD32, 0xE573,
  0xFF3A, 0xFF39, 0xFF39, 0xB512, 0xDE36, 0xFED8, 0xFEB6, 0xFE96, 0xFE75, 0xFE75, 0xFE75, 0xFE96,
  0xFE96, 0xF697, 0x83CE, 0xF697, 0xFE97, 0xFE97, 0xFEB7, 0xCDD5, 0x7B8D, 0xEE77, 0xF698, 0xF6B8,
  0xFEB8, 0xFEB8, 0xFEB8, 0xFEB9, 0xFED9, 0xFED9, 0xFED9, 0xF6D9, 0x6269, 0x3145, 0x4185, 0x8BAD,
  0xE5D6, 0xF658, 0xF658, 0xF699, 0xFE78, 0xF678, 0xF658, 0xFE57, 0xF637, 0xF616, 0xF616, 0xF616,
  0xF616, 0xF637, 0xF637, 0xEE57, 0xEE57, 0xE658, 0xDE17, 0xBCF3, 0xD5D7, 0xDE38, 0xD658, 0xD637,
  0xCE17, 0xB534, 0x7B2C, 0x838E, 0xD618, 0xDE79, 0xDE79, 0xDE79, 0xDE99, 0xDE9A, 0xDE9A, 0xDEBA,
  0xDEBB, 0xDEBA, 0xDE9A, 0xDE7A, 0xD659, 0xD659, 0xD638, 0xD5F8, 0xD5D8, 0xCDD8, 0xCDF8, 0xCE19,
  0xC639, 0xBE3A, 0xBE5A, 0xCEBC, 0xDF3D, 0xDF5D, 0xB67A, 0x8557, 0x5434, 0x3351, 0x2AF0, 0x226D,
  0x19CA, 0x1168, 0x0927, 0x0906, 0x00E5, 0x00E5, 0x00C5, 0x00C5, 0x00C5, 0x00C5, 0x00E5, 0x00E5,
  0x00E5, 0x00E5, 0x00E5, 0x00E5, 0x08E5, 0x00E5, 0x0906, 0x00E5, 0x0905, 0x08E5, 0x0905, 0x0905,
  0x08E5, 0x08E5, 0x08C5, 0x08C4, 0x08C4, 0x00A4, 0x08C4, 0x08C4, 0x08E5, 0x0905, 0x1126, 0x1167,
  0x19A9, 0x1A0A, 0x226D, 0x330F, 0x4391, 0x5BF2, 0x6C33, 0x7C73, 0x8473, 0x8494, 0x8CB4, 0x8CF5,
  0x9516, 0x9536, 0x9557, 0x9D77, 0x9D97, 0xA5B8, 0xA5B8, 0xA5B8, 0xA5B8, 0xA577, 0xA556, 0xA536,
  0xA556, 0xB597, 0xBE19, 0xC65A, 0xCE5A, 0xCE5A, 0xD65A, 0xD67A, 0xDE7A, 0xDE79, 0xDE79, 0xDE79,
  0xDE79, 0xDE9A, 0xDE9A, 0xE69A, 0xE6BA, 0xDEBA, 0xE6BA, 0xDEBA, 0xE6BA, 0xE6BA, 0xE6BA, 0xDE99,
  0xE69A, 0xE679, 0xE658, 0xE638, 0xE658, 0xE678, 0xE658, 0xE658, 0xDE38, 0xE637, 0xE617, 0xDE17,
  0xE617, 0xE5F7, 0xE5F6, 0xE5D6, 0xE5D5, 0xE5B5, 0xE5B5, 0xDD95, 0xE594, 0xDD74, 0xE574, 0xE574,
  0xDD74, 0xDD54, 0xDD12, 0xDD33, 0xDD53, 0xDD33, 0xDD33, 0xDD33, 0xDD12, 0xDD32, 0xDD32, 0xDD12,
  0xDD12, 0xDD12, 0xDD12, 0xDD32, 0xDD94, 0xDD12, 0xDD12, 0xDD12, 0xDD12, 0xDD12, 0xDD32, 0xDD11,
  0xDD11, 0xDD11, 0xDD11, 0xDD52, 0xDD31, 0xE511, 0xE531, 0xDD52, 0xDD72, 0xE572, 0xE593, 0xE5D4,
  0xFF5A, 0xFF3A, 0xF719, 0xACF2, 0xFF19, 0xFEF8, 0xFEB7, 0xFEB6, 0xFE95, 0xFE75, 0xFE75, 0xFE75,
  0xFE96, 0xACD1, 0xDDF5, 0xFE97, 0xFE97, 0xFEB7, 0xC594, 0x83AE, 0xF697, 0xF697, 0xFEB8, 0xFEB8,
  0xFEB8, 0xFEB8, 0xFED9, 0xFED9, 0xFEFA, 0xFED9, 0xEE99, 0x4A07, 0x20E3, 0x93EE, 0xEE58, 0xF657,
  0xFE98, 0xF698, 0xF677, 0xF6FA, 0xF657, 0xF678, 0xF678, 0xF657, 0xF616, 0xF5F5, 0xF616, 0xF616,
  0xFE36, 0xF636, 0xF637, 0xF657, 0xEE58, 0xDDB5, 0xB450, 0x82EB, 0x6208, 0x59E8, 0x6A69, 0x72CB,
  0xA451, 0xCDD7, 0xCE17, 0xCDB6, 0x8B8D, 0xACD3, 0xDE58, 0xDE59, 0xDE79, 0xDE79, 0xDE9A, 0xDE9A,
  0xDE9A, 0xDEBA, 0xDEBB, 0xDEBB, 0xDE9A, 0xD69A, 0xD67A, 0xD659, 0xD659, 0xD618, 0xCDF8, 0xCDD7,
  0xCDB7, 0xC5D8, 0xC5F8, 0xBE1A, 0xB61A, 0xADFA, 0xB63A, 0xBE7B, 0xCEDC, 0xCEDC, 0xADF9, 0x8516,
  0x5BF3, 0x32AF, 0x1A0B, 0x118A, 0x0968, 0x0927, 0x08E6, 0x08E5, 0x00C5, 0x00C4, 0x00C4, 0x00C4,
  0x00C4, 0x00C4, 0x00C4, 0x00C5, 0x00C5, 0x00C4, 0x00C4, 0x00C4, 0x00C4, 0x00C4, 0x00C4, 0x00C4,
  0x00C4, 0x00A4, 0x00A4, 0x00C4, 0x08C4, 0x08C5, 0x08E5, 0x0906, 0x1147, 0x1188, 0x19CA, 0x220B,
  0x2A8D, 0x32EF, 0x4371, 0x53F2, 0x6433, 0x7474, 0x7C94, 0x84B4, 0x8CB4, 0x8CF5, 0x8D16, 0x9536,
  0x9557, 0x9D77, 0x9D98, 0x9D97, 0x9D77, 0x9D36, 0x9D15, 0x9D16, 0xA556, 0xB5B8, 0xBE19, 0xC63A,
  0xCE5A, 0xCE5A, 0xD65A, 0xD67A, 0xD679, 0xDE79, 0xDE59, 0xDE79, 0xDE79, 0xDE9A, 0xDEBA, 0xDEBA,
  0xDEBA, 0xDEBA, 0xDEBA, 0xDEBA, 0xE6BA, 0xE6BA, 0xE6BA, 0xE6BA, 0xE6BA, 0xDE59, 0xBCF4, 0xA431,
  0xA431, 0xAC92, 0xB4D3, 0xBCF3, 0xC4F3, 0xC513, 0xCD54, 0xD595, 0xDDF6, 0xE617, 0xE617, 0xE617,
  0xE617, 0xE5F6, 0xE5D6, 0xE5D6, 0xE5D5, 0xE5B5, 0xE5B5, 0xE594, 0xE574, 0xE594, 0xE574, 0xE574,
  0xE573, 0xE573, 0xE573, 0xE553, 0xDD53, 0xDD33, 0xDD33, 0xDD32, 0xDD73, 0xDD53, 0xE533, 0xDD32,
  0xDD32, 0xDD32, 0xE553, 0xE553, 0xDD53, 0xE573, 0xDD52, 0xDD32, 0xDD32, 0xDD52, 0xDD32, 0xE532,
  0xE552, 0xE573, 0xE573, 0xE573, 0xE573, 0xE572, 0xE5B3, 0xE5D4, 0xE5B3, 0xE5B3, 0xEDF4, 0xEDF4,
  0xFF5A, 0xFF5A, 0xD636, 0xDE77, 0xFF39, 0xFEF8, 0xFED7, 0xFEB6, 0xFE96, 0xFE75, 0xFE75, 0xFE75,
  0xEE55, 0xA490, 0xF697, 0xFE97, 0xFE97, 0xCD93, 0x8C0F, 0xF6B8, 0xF6B7, 0xF697, 0xFEB8, 0xFEB8,
  0xFEB8, 0xFEB8, 0xFED9, 0xFED9, 0xFED9, 0xE657, 0x41C6, 0x5A68, 0xE637, 0xFE37, 0xF657, 0xF678,
  0xF698, 0xFE78, 0xF699, 0xF698, 0xF6DA, 0xF678, 0xF678, 0xF637, 0xF5F5, 0xF616, 0xF636, 0xF637,
  0xF637, 0xF678, 0xEE16, 0xA3EE, 0x7249, 0x6A8A, 0x93EF, 0xBD34, 0xD5D7, 0xCDD6, 0xCDB6, 0xCDB6,
  0xACB2, 0x93AE, 0xBD14, 0xD617, 0xD638, 0xB4F3, 0x9C51, 0xDE38, 0xDE59, 0xDE79, 0xDE79, 0xDE99,
  0xDE9A, 0xDE9A, 0xDEBA, 0xDEBA, 0xDEBA, 0xDEBA, 0xD69A, 0xD69A, 0xD67A, 0xD679, 0xD659, 0xD639,
  0xCE18, 0xCDD8, 0xCDB7, 0xC597, 0xC5B7, 0xBDF8, 0xBDF9, 0xB5FA, 0xADFA, 0x9DB9, 0x9D98, 0x9599,
  0x95D9, 0xA61A, 0x9DD8, 0x9557, 0x7CB4, 0x5BB1, 0x3AEE, 0x2A2B, 0x1988, 0x1106, 0x10E6, 0x08E5,
  0x08C5, 0x08C5, 0x08C4, 0x00C4, 0x00C4, 0x00C4, 0x00C4, 0x00A4, 0x00C4, 0x08C4, 0x08C4, 0x08C5,
  0x08C5, 0x08E5, 0x08E5, 0x08E6, 0x0906, 0x1127, 0x1168, 0x1989, 0x19EA, 0x224C, 0x2AAE, 0x3310,
  0x4371, 0x4BD2, 0x5C33, 0x6C74, 0x7494, 0x7CD5, 0x84D5, 0x8CF5, 0x8D15, 0x8D16, 0x8D16, 0x8CF5,
  0x8CD5, 0x8CD5, 0x94F5, 0x9D16, 0xA577, 0xB5D9, 0xBE3A, 0xC65A, 0xCE5A, 0xCE5A, 0xD65A, 0xD659,
  0xD659, 0xD659, 0xDE79, 0xDE79, 0xDE9A, 0xDE9A, 0xDEBA, 0xDEBA, 0xDEBB, 0xDEBB, 0xDEBB, 0xDEDB,
  0xE6DB, 0xE6DA, 0xE6DA, 0xE6DA, 0xE6BA, 0xE6BA, 0xE6BA, 0xD617, 0xAC91, 0xAC92, 0xCDB6, 0xE679,
  0xE678, 0xE658, 0xE658, 0xDE38, 0xE638, 0xE637, 0xE637, 0xE637, 0xE617, 0xE617, 0xE5F6, 0xE5F6,
  0xE5F6, 0xE5F6, 0xE5D6, 0xE5D5, 0xE5B5, 0xE5B5, 0xE595, 0xE594, 0xE594, 0xE594, 0xE574, 0xE574,
  0xE5D5, 0xE573, 0xE573, 0xE553, 0xE533, 0xE552, 0xE553, 0xE553, 0xE553, 0xE533, 0xDD53, 0xE553,
  0xE553, 0xE553, 0xE552, 0xE553, 0xE553, 0xE573, 0xE553, 0xE553, 0xE573, 0xDD93, 0xE573, 0xE573,
  0xE573, 0xE573, 0xE593, 0xE593, 0xE593, 0xE5B3, 0xE5D4, 0xE5D4, 0xEDF4, 0xEE14, 0xEE55, 0xEE35,
  0xFF5A, 0xFF5A, 0xC5B4, 0xFF3A, 0xFF5A, 0xFF18, 0xFEF8, 0xFEB7, 0xFEB6, 0xFE96, 0xFE75, 0xFE96,
  0xBCF1, 0xE5F4, 0xFE96, 0xFE96, 0xDDF5, 0x8BEE, 0xF6B7, 0xF697, 0xFEB7, 0xFE97, 0xF6B7, 0xFEB8,
  0xFEB8, 0xFEB8, 0xFED9, 0xFED9, 0xE678, 0x41A6, 0x83AD, 0xF6D9, 0xFE77, 0xF636, 0xF677, 0xFE98,
  0xF6B9, 0xFE98, 0xF6D9, 0xF6B9, 0xFEB9, 0xFE98, 0xF678, 0xF616, 0xF616, 0xF637, 0xF678, 0xFE58,
  0xE5F6, 0x934C, 0x6A28, 0x938E, 0xAC72, 0x9C10, 0x8B6D, 0x82EB, 0x7AAB, 0x7ACB, 0x7AEC, 0x832D,
  0x8BAE, 0x93F0, 0x93F0, 0xACF3, 0xD658, 0xD658, 0xCDD6, 0xBCF4, 0xDE39, 0xDE58, 0xDE79, 0xDE79,
  0xDE9A, 0xDE9A, 0xDE9A, 0xDE9A, 0xDE9A, 0xDE9A, 0xDEBA, 0xDEBB, 0xDEBA, 0xD69A, 0xD67A, 0xD679,
  0xD659, 0xD659, 0xD639, 0xCE18, 0xCDD8, 0xC5B7, 0xC597, 0xC597, 0xBDB8, 0xBDF8, 0xB5F9, 0xB619,
  0xAE1A, 0x9DD9, 0x8558, 0x6CB5, 0x6454, 0x6413, 0x5BD2, 0x5391, 0x5370, 0x4B0F, 0x3ACE, 0x3A8D,
  0x324B, 0x2A0A, 0x29C9, 0x21A9, 0x2188, 0x2168, 0x1967, 0x1947, 0x1947, 0x1947, 0x1947, 0x1947,
  0x1947, 0x1968, 0x1988, 0x19A9, 0x21EA, 0x220B, 0x2A4C, 0x2AAE, 0x32EF, 0x4350, 0x4B91, 0x53F2,
  0x5C33, 0x6454, 0x6C54, 0x7454, 0x7C74, 0x7C53, 0x7C53, 0x8474, 0x8CB4, 0x8CD5, 0x9D36, 0xA598,
  0xB5F9, 0xBE3A, 0xC65A, 0xC65A, 0xCE5A, 0xCE5A, 0xD659, 0xD659, 0xD659, 0xD659, 0xD659, 0xDE7A,
  0xDE7A, 0xDE9A, 0xDEBA, 0xDEBB, 0xDEDB, 0xDEDB, 0xDEDB, 0xDEDB, 0xDEDB, 0xDEDB, 0xE6DB, 0xE6DB,
  0xE6DB, 0xE6DA, 0xE6DA, 0xE6DA, 0xE6BA, 0xE69A, 0xB4F3, 0xB4F3, 0xDE58, 0xE699, 0xE679, 0xE699,
  0xE679, 0xE678, 0xE678, 0xE658, 0xE638, 0xE637, 0xE637, 0xE617, 0xE616, 0xE5F6, 0xEE16, 0xE5F6,
  0xE5F6, 0xE5D6, 0xE5D5, 0xE5D5, 0xE5B5, 0xE595, 0xE594, 0xE594, 0xE594, 0xE574, 0xE574, 0xE574,
  0xE594, 0xE573, 0xE573, 0xE573, 0xE573, 0xE553, 0xE553, 0xE552, 0xE573, 0xE573, 0xE573, 0xE553,
  0xE573, 0xE573, 0xE573, 0xE573, 0xE573, 0xE573, 0xE573, 0xE593, 0xE593, 0xE593, 0xE593, 0xE593,
  0xE5B4, 0xE5B4, 0xE5B4, 0xE5D4, 0xE5D4, 0xEDD4, 0xE5F4, 0xEE14, 0xEE14, 0xEE35, 0xEE35, 0xEE55,
  0xFF5A, 0xF739, 0xD615, 0xFF39, 0xFF3A, 0xFEF8, 0xFEF8, 0xFED7, 0xFEB7, 0xFE96, 0xFE95, 0xF676,
  0xAC8F, 0xFE96, 0xFE96, 0xEE76, 0x8BEE, 0xF697, 0xFE97, 0xFE97, 0xFEB7, 0xFE97, 0xFEB7, 0xFEB8,
  0xFEB8, 0xFEB8, 0xFED8, 0xE657, 0x49A6, 0x83AD, 0xFEB8, 0xFED9, 0xF5F5, 0xF637, 0xFE77, 0xFED9,
  0xF6D9, 0xF699, 0xFE98, 0xF6DA, 0xFE99, 0xFEB9, 0xFE58, 0xFE16, 0xFE37, 0xFE78, 0xEE37, 0x93AE,
  0x4965, 0x6229, 0x6A8A, 0x72EB, 0x93AE, 0xB4D2, 0xCD75, 0xD5F7, 0xDE17, 0xDE17, 0xDE17, 0xDDF7,
  0xD5D6, 0xCD95, 0xC534, 0xAC92, 0xB4F3, 0xD617, 0xDE38, 0xDE18, 0xDE18, 0xDE79, 0xDE79, 0xDE79,
  0xDE79, 0xDE79, 0xDE9A, 0xDE9A, 0xDE9A, 0xDE9A, 0xDE9A, 0xDE9A, 0xDEBA, 0xDEBB, 0xDEBB, 0xD6BA,
  0xD69A, 0xD67A, 0xD679, 0xD659, 0xCE59, 0xCE39, 0xCE18, 0xCDF8, 0xC5D7, 0xC5B7, 0xBDB7, 0xBDD8,
  0xBDF8, 0xBDF9, 0xB61A, 0xAE3A, 0xA61A, 0x9E1A, 0x9DFA, 0x95B9, 0x8557, 0x74B5, 0x5C13, 0x5392,
  0x4B50, 0x42EF, 0x32AE, 0x2A6D, 0x2A4C, 0x2A2C, 0x2A0B, 0x220B, 0x21EB, 0x21CA, 0x21EB, 0x21EB,
  0x21EB, 0x220B, 0x2A2C, 0x324D, 0x326D, 0x3AAE, 0x3ACF, 0x430F, 0x4B50, 0x5371, 0x5BB2, 0x6C13,
  0x7434, 0x7C74, 0x84B5, 0x8D16, 0x9D77, 0xADB8, 0xB5F9, 0xB619, 0xBE3A, 0xBE3A, 0xC65A, 0xC65A,
  0xCE5A, 0xCE5A, 0xD65A, 0xD659, 0xD659, 0xD679, 0xDE7A, 0xDE7A, 0xDE9A, 0xDE9A, 0xDEBA, 0xDEBA,
  0xDEBB, 0xDEDB, 0xDEDB, 0xDEDB, 0xDEDB, 0xDEDB, 0xDEDB, 0xDEDB, 0xE6DB, 0xDEDB, 0xE6DB, 0xE6DA,
  0xE6BA, 0xE6BA, 0xE6BA, 0xE6BA, 0xDE79, 0xBD55, 0xDE58, 0xE6BA, 0xE679, 0xE659, 0xE679, 0xE679,
  0xE699, 0xE698, 0xE678, 0xE657, 0xE637, 0xE637, 0xE637, 0xE617, 0xEE17, 0xE5F6, 0xE5F6, 0xEDD6,
  0xEDD5, 0xEDD5, 0xEDD5, 0xE5B5, 0xED94, 0xED94, 0xED74, 0xED74, 0xE553, 0xED53, 0xED73, 0xED73,
  0xED73, 0xED73, 0xED73, 0xE552, 0xE552, 0xE552, 0xE553, 0xE553, 0xE553, 0xE553, 0xE553, 0xE553,
  0xE573, 0xE573, 0xE593, 0xE573, 0xE573, 0xE593, 0xE593, 0xE593, 0xE593, 0xE5B4, 0xE5B3, 0xE593,
  0xEDB3, 0xEDD3, 0xEDB4, 0xE5F4, 0xEDF4, 0xEDF5, 0xEE15, 0xEE15, 0xEE35, 0xEE35, 0xEE35, 0xEE55,
  0xFF5A, 0xE6B8, 0xEEB8, 0xFF18, 0xFF19, 0xFEF8, 0xFEF8, 0xFEF8, 0xFEB7, 0xFEB6, 0xFE96, 0xCD51,
  0xDDD3, 0xFE76, 0xFE96, 0x9C2F, 0xE635, 0xFE96, 0xFE97, 0xFE97, 0xFE97, 0xFE96, 0xFE97, 0xFEB7,
  0xFEB8, 0xFEB8, 0xF6B8, 0x5A48, 0x7B4C, 0xF6B8, 0xFEB8, 0xF657, 0xF5D5, 0xF657, 0xF698, 0xF6D9,
  0xFEB9, 0xFEB8, 0xFE98, 0xFEB9, 0xFEB9, 0xFE78, 0xFE16, 0xFE57, 0xFE57, 0xBC70, 0x4125, 0x3924,
  0x830C, 0xBCF3, 0xE617, 0xEE78, 0xEE58, 0xE5F7, 0xD575, 0xC4F3, 0xB471, 0xAC50, 0xAC31, 0xAC71,
  0xB4D3, 0xC555, 0xD5D6, 0xDE38, 0xDE58, 0xD638, 0xD638, 0xD5B7, 0xBCF3, 0x9BEF, 0x8B4D, 0x830C,
  0x7B0C, 0x834D, 0x93EF, 0xB514, 0xDE9A, 0xE6FB, 0xDEBA, 0xDE9A, 0xD69A, 0xD69A, 0xD69A, 0xD6BA,
  0xD6BA, 0xD6BB, 0xD69A, 0xD69A, 0xD67A, 0xCE7A, 0xCE79, 0xCE59, 0xCE39, 0xCE19, 0xC5F8, 0xC5D8,
  0xC5B7, 0xC5B7, 0xC5B7, 0xBDD8, 0xBDF8, 0xB5F9, 0xB619, 0xB61A, 0xAE1A, 0xAE1A, 0xA61A, 0x9DFA,
  0x9DDA, 0x95D9, 0x8D99, 0x8578, 0x7D38, 0x7517, 0x74F7, 0x6CD7, 0x6CD6, 0x6CB6, 0x6CB6, 0x6CB6,
  0x6CD6, 0x74D6, 0x74F6, 0x7CF7, 0x7D17, 0x8538, 0x8D58, 0x9598, 0x9DB9, 0x9DF9, 0xA5F9, 0xAE1A,
  0xAE1A, 0xB63A, 0xB63A, 0xBE5A, 0xC65A, 0xC63A, 0xC65A, 0xCE5A, 0xCE59, 0xCE59, 0xCE59, 0xD659,
  0xD679, 0xD679, 0xD67A, 0xD69A, 0xDEBA, 0xDEBA, 0xDEBB, 0xDEBB, 0xDEDB, 0xDEDB, 0xDEDB, 0xDEDB,
  0xDEDB, 0xDEDB, 0xDEDB, 0xDEDB, 0xDEDB, 0xDEDB, 0xDEDB, 0xE6DB, 0xDEDA, 0xE6BA, 0xE6BA, 0xE6BA,
  0xE699, 0xE699, 0xE6B9, 0xE699, 0xCDB6, 0xBD14, 0xA410, 0x8B4D, 0x830C, 0x82EB, 0x82CB, 0x82CB,
  0x932C, 0xA3EF, 0xC4D2, 0xD595, 0xE617, 0xE637, 0xE637, 0xE616, 0xEDF6, 0xEDF6, 0xEDD5, 0xEDD5,
  0xEDD5, 0xEDB4, 0xED93, 0xE532, 0xE4F1, 0xE4D0, 0xE4D0, 0xE4D0, 0xE4B0, 0xE4B0, 0xE4B0, 0xE4B0,
  0xDCB0, 0xDCB0, 0xE4F1, 0xE552, 0xED53, 0xE552, 0xE593, 0xE553, 0xE573, 0xE573, 0xE552, 0xE552,
  0xE573, 0xE593, 0xE593, 0xE593, 0xE593, 0xE5B3, 0xE5B4, 0xE593, 0xE593, 0xE5B3, 0xE5B3, 0xEDB3,
  0xEDB3, 0xEE35, 0xEDD3, 0xEDD3, 0xEE36, 0xEE14, 0xEE14, 0xEE14, 0xEE35, 0xF635, 0xEE35, 0xF655,
  0xFF5A, 0xE697, 0xFF39, 0xFF39, 0xFF19, 0xFF19, 0xFEF9, 0xFF18, 0xFED7, 0xFED7, 0xFE96, 0xB4D0,
  0xF696, 0xFE96, 0xC553, 0xCD52, 0xFE76, 0xFE76, 0xFE96, 0xFE96, 0xFE96, 0xFE96, 0xFE97, 0xFEB7,
  0xFEB7, 0xFED8, 0x7B4C, 0x6AEA, 0xF698, 0xFEB8, 0xFE97, 0xF5F5, 0xF636, 0xFE77, 0xF6B9, 0xFED9,
  0xFE98, 0xF6B9, 0xFEB9, 0xFEB8, 0xFEB9, 0xFE57, 0xFE78, 0xE617, 0x6A48, 0x38E4, 0x936D, 0xDDB6,
  0xF679, 0xEE38, 0xC4F2, 0x932C, 0x7249, 0x7A49, 0x8AEB, 0x9B6D, 0xABCE, 0xB430, 0xAC0F, 0xA3EF,
  0x9BAE, 0x936D, 0x8B2C, 0x936D, 0x936E, 0x8B2D, 0x82CC, 0x724A, 0x836D, 0xA492, 0xACF4, 0xACF4,
  0xB514, 0xB514, 0xACD3, 0x9C10, 0x93CE, 0xBD55, 0xEF7D, 0xF7BE, 0xEF3D, 0xDEBB, 0xD69A, 0xD69A,
  0xD69A, 0xD6BA, 0xD6BB, 0xD6DB, 0xD6BB, 0xD6BB, 0xD69A, 0xCE9A, 0xCE9A, 0xCE7A, 0xCE5A, 0xCE59,
  0xCE39, 0xC618, 0xC618, 0xC5F8, 0xC5D8, 0xC5D7, 0xBDD7, 0xBDD8, 0xBDD8, 0xB5F8, 0xB619, 0xB619,
  0xB619, 0xAE1A, 0xAE3A, 0xAE3A, 0xA61A, 0xA61A, 0xA61A, 0xA61A, 0xA61A, 0xA61A, 0xA61A, 0xA61A,
  0xA61A, 0xA61A, 0xAE1A, 0xAE3A, 0xAE3A, 0xAE3A, 0xB63A, 0xB63A, 0xB63A, 0xBE5A, 0xBE39, 0xC639,
  0xC639, 0xC639, 0xCE59, 0xCE59, 0xCE59, 0xCE59, 0xD659, 0xD659, 0xD659, 0xD67A, 0xD67A, 0xD69A,
  0xD69A, 0xDEBA, 0xDEBB, 0xDEBB, 0xDEDB, 0xDEDB, 0xDEDB, 0xDEDB, 0xDEDB, 0xDEFB, 0xDEFB, 0xDEFB,
  0xDEDB, 0xDEDB, 0xDEDB, 0xDEDB, 0xDEDB, 0xDEDA, 0xE6DA, 0xE6BA, 0xDEBA, 0xDE9A, 0xE699, 0xE699,
  0xE679, 0xE699, 0xD5F7, 0x9BCF, 0x8B2D, 0x9BAE, 0xAC51, 0xBCF3, 0xC554, 0xCD75, 0xC554, 0xBD13,
  0xAC51, 0x938E, 0x7A8A, 0x6A08, 0x7A8A, 0xA3AE, 0xCD13, 0xEDF6, 0xEE17, 0xEDF6, 0xEDD5, 0xEDB4,
  0xED52, 0xE532, 0xE512, 0xED32, 0xED53, 0xED73, 0xED53, 0xE552, 0xE552, 0xE552, 0xED73, 0xED52,
  0xE552, 0xE532, 0xE532, 0xDCD0, 0xDC8F, 0xDCD0, 0xE5B4, 0xED73, 0xE553, 0xE553, 0xE552, 0xE552,
  0xE572, 0xE593, 0xE593, 0xE573, 0xE573, 0xE593, 0xE5B3, 0xE593, 0xE593, 0xE5B3, 0xE5B3, 0xEDB3,
  0xEDB3, 0xEDD3, 0xEDD3, 0xEDD3, 0xEDF4, 0xEE76, 0xEDF4, 0xEE14, 0xEE14, 0xEE34, 0xEE34, 0xEE34,
  0xFF5A, 0xEED8, 0xFF3A, 0xFF5A, 0xFF39, 0xFF19, 0xFF19, 0xFF19, 0xFEF8, 0xFED8, 0xEE56, 0xD593,
  0xFE96, 0xEE56, 0xAC8F, 0xFE75, 0xFE55, 0xFE75, 0xFE96, 0xFE96, 0xFE76, 0xF696, 0xFE97, 0xFEB7,
  0xFEB7, 0xACB0, 0x4A07, 0xEE77, 0xFEB7, 0xFE97, 0xF656, 0xF615, 0xF677, 0xFE98, 0xF6D9, 0xF6D9,
  0xFEB9, 0xFEB8, 0xFEB9, 0xFEB9, 0xFE98, 0xFE78, 0xB491, 0x3904, 0x6A8A, 0xCD34, 0xF678, 0xCD75,
  0x82EB, 0x7269, 0x9B8D, 0xCD33, 0xEE17, 0xEE37, 0xEE58, 0xF678, 0xF678, 0xEE78, 0xE678, 0xE658,
  0xDDD6, 0xB471, 0x7ACB, 0x4986, 0x6208, 0x72CB, 0x7AEB, 0x7B2C, 0x61E8, 0x4104, 0x4145, 0x51A7,
  0x6229, 0x6A8A, 0x7AEC, 0x8B8E, 0xA451, 0xA491, 0xB4D3, 0xCDF7, 0xEF5C, 0xFFDF, 0xFFDF, 0xF79E,
  0xE71C, 0xE6DB, 0xDEBA, 0xD69A, 0xD6BA, 0xD6BB, 0xD6BB, 0xD6BB, 0xD6BA, 0xD69A, 0xD69A, 0xCE9A,
  0xCE7A, 0xCE7A, 0xCE79, 0xCE59, 0xCE39, 0xCE39, 0xC619, 0xC5F8, 0xC5F8, 0xC5D8, 0xC5D8, 0xBDD8,
  0xBDD8, 0xBDF8, 0xBDF8, 0xBDF8, 0xBDF8, 0xBDF9, 0xBDF9, 0xBE19, 0xBE19, 0xBE19, 0xBE19, 0xBE19,
  0xBE19, 0xBE19, 0xBE19, 0xBE19, 0xC639, 0xC639, 0xC639, 0xC639, 0xC639, 0xC659, 0xCE59, 0xCE59,
  0xCE59, 0xCE59, 0xD659, 0xD659, 0xD67A, 0xD67A, 0xD69A, 0xD69A, 0xD69A, 0xD6BA, 0xD6BB, 0xDEBB,
  0xDEDB, 0xDEDB, 0xDEDB, 0xDEDB, 0xDEDB, 0xDEFB, 0xDEFB, 0xDEFB, 0xDEFB, 0xDEDB, 0xDEFB, 0xDEFB,
  0xDEDB, 0xDEDB, 0xE6DB, 0xE6BA, 0xE6BA, 0xE6BA, 0xE699, 0xE699, 0xE699, 0xE679, 0xE679, 0xE678,
  0xE678, 0xDE17, 0xB492, 0xC575, 0xDE38, 0xDE58, 0xDE78, 0xE659, 0xE658, 0xE658, 0xE637, 0xE637,
  0xE637, 0xE616, 0xE5D5, 0xD554, 0xBC50, 0x92EC, 0x6987, 0x71E7, 0xABCE, 0xE574, 0xEDB4, 0xE574,
  0xED74, 0xED94, 0xED74, 0xED73, 0xED73, 0xED73, 0xED73, 0xED53, 0xE553, 0xE552, 0xE5B4, 0xED93,
  0xE552, 0xE552, 0xE552, 0xE532, 0xE511, 0xE4F0, 0xDCB0, 0xE532, 0xE4F0, 0xED32, 0xE552, 0xE552,
  0xE551, 0xE552, 0xE572, 0xE593, 0xE572, 0xE572, 0xE5D4, 0xED93, 0xED93, 0xE5B3, 0xE5B3, 0xEDB3,
  0xEDB3, 0xEDD3, 0xEDD4, 0xEDD3, 0xEDD3, 0xEE55, 0xEDF4, 0xEE14, 0xEE14, 0xEE14, 0xEE14, 0xEE34,
  0xFF5A, 0xFF5A, 0xFF5A, 0xFF5A, 0xFF39, 0xFF19, 0xFF39, 0xFF19, 0xFEF8, 0xFED8, 0xD5D4, 0xEE76,
  0xF697, 0xACB0, 0xEE35, 0xFE75, 0xFE54, 0xFE55, 0xFE75, 0xFE76, 0xFE96, 0xFE76, 0xFE96, 0xFEB7,
  0xE615, 0x4185, 0xDE16, 0xFEB8, 0xFEB8, 0xFEB7, 0xF635, 0xFE76, 0xFE98, 0xFEB8, 0xF6D9, 0xFED9,
  0xFEB9, 0xFEB9, 0xFEB9, 0xFEB9, 0xFE98, 0x8B4C, 0x3104, 0xB4B3, 0xF6B9, 0xCD54, 0x7269, 0x8B0B,
  0xD554, 0xF658, 0xF678, 0xF698, 0xF6B9, 0xF678, 0xF658, 0xF699, 0xF679, 0xF6B9, 0xD5B5, 0x8AEB,
  0x5965, 0x82AA, 0xB491, 0xD5B6, 0xDE16, 0xE637, 0xD5D6, 0x7AEB, 0x6A08, 0xA410, 0xC575, 0xCDD7,
  0xBD35, 0xACB2, 0x9C51, 0x8BAF, 0x72CB, 0x6249, 0x834C, 0xCDF8, 0xD659, 0xDE79, 0xE6FB, 0xF79D,
  0xFFFF, 0xFFFF, 0xFFFF, 0xF7BE, 0xEF5D, 0xDEDB, 0xD69A, 0xD6BA, 0xD6DB, 0xD6DB, 0xD6DB, 0xD6BB,
  0xD6BB, 0xD6BB, 0xD69A, 0xD69A, 0xCE9A, 0xCE7A, 0xCE7A, 0xCE59, 0xCE59, 0xCE59, 0xCE59, 0xCE39,
  0xCE39, 0xC639, 0xC619, 0xC618, 0xC618, 0xC618, 0xC618, 0xC618, 0xC619, 0xC619, 0xC619, 0xC619,
  0xC639, 0xC639, 0xC639, 0xCE59, 0xCE59, 0xCE59, 0xCE59, 0xCE5A, 0xCE5A, 0xCE79, 0xD67A, 0xD67A,
  0xD67A, 0xD69A, 0xD69A, 0xD6BA, 0xD6BB, 0xD6BB, 0xD6DB, 0xDEDB, 0xDEDB, 0xDEDB, 0xDEDB, 0xDEDB,
  0xDEFB, 0xDEFB, 0xDEFB, 0xDEFB, 0xDEFB, 0xDEDB, 0xDEDB, 0xDEDB, 0xDEDB, 0xDEDB, 0xDEDB, 0xDEDB,
  0xDEBA, 0xE6BA, 0xE6BA, 0xE6DA, 0xE6BA, 0xDE99, 0xDE59, 0xDE38, 0xDE38, 0xDE58, 0xE658, 0xE658,
  0xE658, 0xE658, 0xE678, 0xE678, 0xE679, 0xE679, 0xE658, 0xE658, 0xEE37, 0xEE37, 0xE617, 0xE5F7,
  0xE5F6, 0xEDB5, 0xED94, 0xED94, 0xE5B4, 0xE593, 0xDD32, 0xB40E, 0x8248, 0x69A6, 0x9B2B, 0xDD33,
  0xEDF5, 0xEDB4, 0xED73, 0xED94, 0xED73, 0xED52, 0xE553, 0xE552, 0xE552, 0xE553, 0xE552, 0xE593,
  0xED52, 0xE552, 0xE532, 0xE531, 0xE572, 0xE532, 0xE531, 0xE511, 0xE531, 0xE510, 0xE4F0, 0xE531,
  0xE531, 0xE552, 0xE552, 0xE551, 0xE572, 0xE572, 0xED92, 0xEDB2, 0xED93, 0xE592, 0xEDB3, 0xE593,
  0xEDB3, 0xEDD3, 0xEDB3, 0xEDD3, 0xEDF3, 0xEDF4, 0xEDF3, 0xEE56, 0xEE14, 0xEE13, 0xEE13, 0xEE13,
  0xFF5A, 0xFF5A, 0xFF5A, 0xFF5A, 0xFF3A, 0xFF19, 0xFF39, 0xFF39, 0xFF19, 0xFEF8, 0xDDD4, 0xF6D8,
  0xDDF4, 0xCD73, 0xFE75, 0xFE55, 0xFE55, 0xFE54, 0xFE75, 0xFE75, 0xFE76, 0xFE76, 0xFE96, 0xFEB7,
  0x5207, 0xBD33, 0xFEB7, 0xFEB8, 0xFE97, 0xF677, 0xFE35, 0xFE97, 0xF6B8, 0xFEB8, 0xFED9, 0xFEFA,
  0xFED9, 0xFEB9, 0xFEB9, 0xEE57, 0x6A48, 0x51C7, 0xDDD6, 0xCD74, 0x7289, 0x936D, 0xE5F6, 0xF678,
  0xF678, 0xF698, 0xF678, 0xFEDA, 0xFF1B, 0xFEB9, 0xFEDA, 0xFEBA, 0xD534, 0x6A08, 0x69C7, 0xB430,
  0xE618, 0xEE78, 0xEE78, 0xEE78, 0xEE78, 0xC4F2, 0x61E7, 0x93CF, 0xD5F7, 0xD618, 0xD638, 0xDE58,
  0xDE79, 0xDE79, 0xDE58, 0xD638, 0xD618, 0xC5B7, 0xACB3, 0x8B8E, 0xC5B6, 0xDE79, 0xDE99, 0xD679,
  0xDE9A, 0xE6DB, 0xEF3D, 0xF79E, 0xFFDF, 0xFFFF, 0xFFDF, 0xEF7D, 0xE71C, 0xDEDB, 0xDEBB, 0xD6BB,
  0xD6BB, 0xD6DB, 0xD6DB, 0xD6DB, 0xD6BB, 0xD6BB, 0xD6BB, 0xD6BB, 0xD6BB, 0xD6BA, 0xD69A, 0xCE9A,
  0xCE9A, 0xCE7A, 0xCE7A, 0xCE7A, 0xCE7A, 0xCE59, 0xCE5A, 0xCE59, 0xCE5A, 0xCE59, 0xCE5A, 0xCE7A,
  0xCE7A, 0xCE7A, 0xCE79, 0xCE7A, 0xCE7A, 0xD69A, 0xD69A, 0xD69A, 0xD69A, 0xD6BA, 0xD6BA, 0xD6BB,
  0xD6DB, 0xDEDB, 0xDEDB, 0xDEDB, 0xDEDB, 0xDEDB, 0xDEDB, 0xDEFB, 0xDEFB, 0xDEFB, 0xDEFB, 0xDEDB,
  0xDEDB, 0xDEDB, 0xDEDB, 0xDEDB, 0xDEDB, 0xDEDB, 0xDEDA, 0xDEBA, 0xDEBA, 0xE6BA, 0xE6BA, 0xE6BA,
  0xE6BA, 0xD638, 0xBCF4, 0x9BEF, 0x8B6D, 0x8B4D, 0x8B6D, 0x832D, 0x7AAB, 0x728A, 0x7ACB, 0x936D,
  0xB492, 0xCD54, 0xCD34, 0xBCD2, 0xBC91, 0xBC71, 0xBC92, 0xC4F3, 0xD575, 0xE5F6, 0xEE16, 0xEDF6,
  0xEDD5, 0xEDB5, 0xEDB4, 0xEDB4, 0xED94, 0xED73, 0xED73, 0xE573, 0xE595, 0xC4B2, 0x82EB, 0x61A7,
  0x9B0B, 0xE5D6, 0xEDB4, 0xED73, 0xE552, 0xE532, 0xE532, 0xE573, 0xE552, 0xE532, 0xE532, 0xE532,
  0xE531, 0xE531, 0xE511, 0xE511, 0xE531, 0xE531, 0xE511, 0xE531, 0xE511, 0xE511, 0xE511, 0xE510,
  0xE510, 0xE531, 0xE531, 0xE552, 0xE592, 0xE592, 0xE572, 0xE572, 0xE572, 0xED72, 0xE592, 0xE592,
  0xED92, 0xEDD4, 0xEDB2, 0xEDB2, 0xEDB2, 0xEDD2, 0xEDD2, 0xEDF3, 0xEDD2, 0xEDF3, 0xEDD2, 0xEDD2,
  0xFF5A, 0xFF5A, 0xFF39, 0xFF5A, 0xFF5A, 0xFF39, 0xFF5A, 0xFF39, 0xFF39, 0xF6F8, 0xE635, 0xF6D8,
  0xB4B0, 0xF6B7, 0xFE96, 0xFE54, 0xFE75, 0xFE54, 0xFE55, 0xFE75, 0xFE75, 0xFE76, 0xFE76, 0xA42F,
  0x7B4C, 0xFEB7, 0xFE97, 0xFE97, 0xFE97, 0xF656, 0xFE56, 0xFE97, 0xF6D8, 0xFED9, 0xF6D8, 0xF6D9,
  0xFEFA, 0xFED9, 0xEE37, 0x51C7, 0x6A8A, 0xE617, 0x9BCE, 0x7ACB, 0xD574, 0xF658, 0xF678, 0xF678,
  0xF678, 0xF678, 0xFE99, 0xFEB9, 0xFF1A, 0xFEDA, 0xEDF7, 0x82AA, 0x59C6, 0xBC91, 0xEE58, 0xF6B9,
  0xEE99, 0xEE78, 0xEE78, 0xEE57, 0xB40F, 0x4965, 0x8B6D, 0xA40F, 0x9BCE, 0x938E, 0x8B4D, 0x8B4C,
  0x938D, 0x9BCF, 0xAC51, 0xB514, 0xCDF7, 0xDE79, 0xDE9A, 0xD659, 0xCDD6, 0xCDD7, 0xC5B6, 0xC596,
  0xC5D7, 0xD658, 0xDE9A, 0xDE9A, 0xDE9A, 0xE6FB, 0xEF5D, 0xF79E, 0xF7BE, 0xFFFF, 0xF7DF, 0xEF9E,
  0xE71C, 0xDEBA, 0xDEBA, 0xD6BB, 0xD6BB, 0xD6BB, 0xD6BB, 0xD6BB, 0xD6BB, 0xD6BB, 0xD6BB, 0xD6BB,
  0xD6BB, 0xD6BB, 0xD6BB, 0xD6BB, 0xD6BB, 0xD6BA, 0xD6BB, 0xD6BB, 0xD6BB, 0xD6BB, 0xD6BB, 0xD6BB,
  0xD6BB, 0xD6BB, 0xD6BB, 0xD6BB, 0xD6BB, 0xD6DB, 0xD6DB, 0xD6DB, 0xD6DB, 0xD6DB, 0xD6DB, 0xDEDB,
  0xDEDB, 0xDEDB, 0xDEDB, 0xDEDB, 0xDEDB, 0xDEDB, 0xDEDB, 0xDEDB, 0xDEFB, 0xDEDB, 0xDEDB, 0xDEDB,
  0xDEDA, 0xDEBA, 0xDEBA, 0xDEBA, 0xDEBA, 0xDE9A, 0xDE9A, 0xDE99, 0xE699, 0xE699, 0xE69A, 0xD5F7,
  0xA430, 0x8B4D, 0x9C30, 0xB534, 0xC5D7, 0xC5B6, 0xACB3, 0x8B6E, 0x830D, 0x836E, 0x8BAE, 0x832C,
  0x6208, 0x4966, 0x6208, 0x936D, 0x9BEF, 0x9BAE, 0x932C, 0x8AAA, 0x8248, 0x8248, 0x9B4C, 0xC491,
  0xE594, 0xEDD5, 0xEDB4, 0xED94, 0xED73, 0xED73, 0xED52, 0xED73, 0xED74, 0xED94, 0xE573, 0xC490,
  0x8289, 0x71E6, 0xBC0F, 0xE532, 0xE532, 0xE511, 0xE511, 0xE573, 0xE552, 0xE532, 0xE512, 0xE511,
  0xE511, 0xE511, 0xE511, 0xE4F0, 0xE532, 0xE511, 0xE511, 0xE4F1, 0xE4F0, 0xE531, 0xE531, 0xE510,
  0xE510, 0xDD10, 0xE511, 0xE531, 0xE573, 0xE593, 0xE551, 0xE551, 0xE571, 0xE551, 0xE571, 0xE571,
  0xE592, 0xED92, 0xED92, 0xED91, 0xED91, 0xED91, 0xEDD2, 0xEDD2, 0xEDB1, 0xED91, 0xED91, 0xEDD2,
  0xFF5A, 0xFF7B, 0xFF39, 0xFF5A, 0xFF5A, 0xFF19, 0xFF5A, 0xFF5A, 0xFF39, 0xFEF8, 0xF6D7, 0xDE15,
  0xD5D5, 0xFED7, 0xFEB7, 0xFE75, 0xFE54, 0xFE54, 0xFE54, 0xFE55, 0xFE75, 0xFE76, 0xE614, 0x5A48,
  0xEE56, 0xFE96, 0xFE97, 0xFE76, 0xFE76, 0xF656, 0xFE76, 0xFE97, 0xFEB7, 0xFED9, 0xFED9, 0xFED9,
  0xFF19, 0xEEB9, 0x51E7, 0x830C, 0xDDD6, 0x72CA, 0xAC30, 0xEE16, 0xF657, 0xF678, 0xFE98, 0xF678,
  0xF678, 0xFE78, 0xFED9, 0xFEDA, 0xFEDA, 0xC4D2, 0x5986, 0x9B8D, 0xEE17, 0xF6B9, 0xF6B9, 0xF6FA,
  0xF6DA, 0xE617, 0xCCF3, 0x930B, 0x30A2, 0x51C7, 0x7ACB, 0x936D, 0xA3EF, 0xB471, 0xC4F2, 0xC513,
  0xC533, 0xC534, 0xC513, 0xBCD2, 0xBD13, 0xC595, 0xBD34, 0xA451, 0x832C, 0x7ACB, 0x7AEB, 0x832C,
  0x832C, 0x836D, 0xA491, 0xD658, 0xDEB9, 0xDE79, 0xDE99, 0xDEBA, 0xDEBA, 0xDEDB, 0xE71C, 0xE73C,
  0xDEBB, 0xD69A, 0xD659, 0xCE38, 0xCE39, 0xD659, 0xD69A, 0xD69A, 0xD69A, 0xD6BA, 0xD6BA, 0xD6BA,
  0xD6BA, 0xD6BB, 0xD6BB, 0xD6BB, 0xD6BB, 0xD6DB, 0xD6DB, 0xD6DB, 0xD6DB, 0xD6DB, 0xD6DB, 0xD6DB,
  0xD6DB, 0xD6DB, 0xD6DB, 0xD6DB, 0xD6DB, 0xDEDB, 0xDEDB, 0xDEDB, 0xDEDB, 0xDEDB, 0xDEDB, 0xDEBA,
  0xDEDB, 0xDEDB, 0xDEDA, 0xDEDA, 0xDEDA, 0xDEDB, 0xDEDB, 0xDEDB, 0xE6DB, 0xDEDB, 0xE6BA, 0xDEBA,
  0xDEBA, 0xDE9A, 0xDE9A, 0xDE99, 0xDE99, 0xDE99, 0xDE99, 0xE699, 0xE699, 0xDE79, 0xB4B2, 0x8B6D,
  0xACB3, 0xCDF7, 0xD659, 0xD638, 0xB4F3, 0x93AF, 0x9C10, 0xACD3, 0xB4D3, 0xAC71, 0x9BEF, 0x8B2D,
  0x7A8A, 0x6A08, 0x5166, 0x61E8, 0x9BCE, 0xC574, 0xDE17, 0xDDF7, 0xD596, 0xC4F3, 0xA3AD, 0x8268,
  0x7A27, 0xAB8D, 0xDD54, 0xED94, 0xED73, 0xED53, 0xED94, 0xED73, 0xED32, 0xED32, 0xED32, 0xED11,
  0xE4F1, 0xBBCD, 0x79C7, 0x9A89, 0xDCB0, 0xE511, 0xE4F1, 0xE594, 0xE512, 0xE4F1, 0xE511, 0xE511,
  0xE4F0, 0xE4F0, 0xE4F0, 0xE4F0, 0xE553, 0xE4F0, 0xE4F0, 0xE4F0, 0xE4F0, 0xE511, 0xDD10, 0xE4F0,
  0xE4F0, 0xDD10, 0xDD10, 0xDD10, 0xDD31, 0xE593, 0xE531, 0xE531, 0xE530, 0xE551, 0xE551, 0xE551,
  0xE592, 0xE571, 0xE571, 0xE571, 0xED70, 0xE571, 0xE570, 0xE550, 0xE570, 0xED91, 0xE591, 0xE5B2,
  0xFF5A, 0xFF7B, 0xFF5A, 0xFF5A, 0xFF5B, 0xFF19, 0xFF5A, 0xFF5A, 0xFF19, 0xFEF8, 0xF6F8, 0xC573,
  0xFEF9, 0xFEF8, 0xFED7, 0xFEB7, 0xF654, 0xFE54, 0xFE54, 0xFE55, 0xFE55, 0xFE76, 0x8BAC, 0xB4F2,
  0xFE76, 0xFE75, 0xF676, 0xFE96, 0xFE76, 0xFE56, 0xFE96, 0xFE97, 0xFEB7, 0xFEB8, 0xFEF9, 0xFEF9,
  0xF6D9, 0x6289, 0x7B0C, 0xBCF3, 0x6ACA, 0xCD74, 0xF657, 0xF616, 0xF657, 0xF6B9, 0xFEB9, 0xF698,
  0xFE98, 0xFEB9, 0xFEB9, 0xF699, 0xA38E, 0x69E7, 0xD554, 0xEE99, 0xF6BA, 0xF6B9, 0xEE17, 0xB40F,
  0x8249, 0x8249, 0x6A08, 0x38C3, 0xAC50, 0xE5F7, 0xEE58, 0xEE38, 0xEE37, 0xEE37, 0xEE57, 0xE637,
  0xE657, 0xE658, 0xE657, 0xE658, 0xD5F6, 0xA430, 0x6A69, 0x6229, 0x7ACB, 0x8B6E, 0x93CF, 0x9C10,
  0xA472, 0xA492, 0x9C10, 0x9C10, 0xC5B6, 0xDE99, 0xDE99, 0xDE99, 0xDE99, 0xDE79, 0xD638, 0xC596,
  0xA4B2, 0x8BAE, 0x832D, 0x832D, 0x7B2D, 0x8B8E, 0xA492, 0xC5F7, 0xD679, 0xD699, 0xD69A, 0xD69A,
  0xD69A, 0xD69A, 0xD69A, 0xD69A, 0xD69A, 0xD6BA, 0xD6BA, 0xD6BA, 0xD6BA, 0xD6BA, 0xD6BA, 0xDEBA,
  0xDEBA, 0xDEBA, 0xD6BA, 0xD6BA, 0xDEBA, 0xDEBA, 0xDEBA, 0xDEBA, 0xDE9A, 0xDE9A, 0xDEBA, 0xDEBA,
  0xDEBA, 0xDEBA, 0xDEBA, 0xDEBA, 0xDEBA, 0xD659, 0xC596, 0xB4D3, 0xAC93, 0xACB3, 0xB514, 0xCDD6,
  0xDE58, 0xDE99, 0xDE99, 0xDE99, 0xDE99, 0xDE79, 0xE679, 0xE679, 0xDE38, 0xAC91, 0xB4B2, 0xD638,
  0xDE9A, 0xD659, 0xCDD6, 0xA450, 0xA430, 0xACB2, 0x9C30, 0x93CE, 0x93AE, 0xA410, 0xB491, 0xC4F3,
  0xCD34, 0xCD33, 0xC514, 0xAC30, 0x7A6A, 0x61A6, 0x7248, 0x932B, 0x9B8C, 0xB470, 0xCD54, 0xD574,
  0xC491, 0x9AEB, 0x8208, 0xB3EE, 0xE553, 0xED32, 0xE573, 0xE532, 0xE511, 0xECF1, 0xE4F0, 0xE4D1,
  0xE4D0, 0xE4B0, 0xD44F, 0x9269, 0x81A7, 0xCC0E, 0xE4D0, 0xE532, 0xE4F1, 0xDCD0, 0xE4F1, 0xE4D0,
  0xDCD0, 0xDCD0, 0xE4D0, 0xDCD0, 0xDD52, 0xE4F0, 0xE4D0, 0xDCD0, 0xDCD0, 0xDCF0, 0xE4F0, 0xE4CF,
  0xDCF0, 0xDCF0, 0xDCF0, 0xDCF0, 0xDD10, 0xDD52, 0xE510, 0xE510, 0xE510, 0xE530, 0xE530, 0xE551,
  0xE550, 0xE551, 0xE550, 0xE550, 0xE550, 0xE550, 0xE550, 0xE550, 0xE570, 0xE571, 0xE550, 0xE550,
  0xFF5A, 0xFF7B, 0xFF7A, 0xFF5A, 0xFF7B, 0xFF39, 0xFF39, 0xFF5A, 0xFF39, 0xFF19, 0xEEB8, 0xDE15,
  0xFEF8, 0xFF19, 0xFED7, 0xFED7, 0xFE96, 0xFE54, 0xFE55, 0xFE54, 0xFE55, 0xE5F4, 0x6ACA, 0xF696,
  0xFE76, 0xFE75, 0xFE76, 0xFE76, 0xFE76, 0xFE55, 0xFE76, 0xFE97, 0xF6B8, 0xFED8, 0xFED8, 0xFED8,
  0x8B4C, 0x6ACB, 0xBCD3, 0x834C, 0xE657, 0xF698, 0xF637, 0xF636, 0xF677, 0xFEB9, 0xFEB9, 0xFEB9,
  0xFE98, 0xFEB9, 0xEE58, 0x7A8A, 0x9B6D, 0xE637, 0xF6BA, 0xF6DA, 0xCD54, 0x82CA, 0x8289, 0xBC91,
  0xE638, 0xDE17, 0x61E7, 0xBC92, 0xF6B9, 0xF678, 0xF658, 0xF678, 0xF658, 0xEE37, 0xEE37, 0xEE57,
  0xE658, 0xE637, 0xCD74, 0x93AE, 0x51E7, 0x4945, 0x61E7, 0x7AAA, 0x938E, 0xA451, 0xB4D3, 0xBD14,
  0xBD54, 0xBD75, 0xBD75, 0xBD55, 0xBD54, 0xCDD6, 0xDE79, 0xDEBA, 0xDE99, 0xC5D7, 0x8BCF, 0x730C,
  0x834D, 0x836E, 0x8B6E, 0x9C10, 0xACF3, 0xB534, 0xAD13, 0xAD14, 0xC5F8, 0xD659, 0xD679, 0xD679,
  0xD699, 0xDE9A, 0xD699, 0xD699, 0xD69A, 0xD699, 0xD699, 0xD679, 0xD679, 0xD69A, 0xD679, 0xC5D7,
  0xC596, 0xD659, 0xDE9A, 0xD69A, 0xDE99, 0xDE99, 0xDE99, 0xDE99, 0xDE99, 0xDE99, 0xDE99, 0xDE99,
  0xE6BA, 0xDEBA, 0xD638, 0xB514, 0xA452, 0x93F0, 0x93CF, 0x8BAF, 0x836E, 0x7B0C, 0x6A6A, 0x6249,
  0x72EC, 0x9C10, 0xC595, 0xDE58, 0xDE78, 0xDE78, 0xDE58, 0xDE78, 0xCDD6, 0xBD55, 0xB514, 0xAC92,
  0x9C10, 0x8B8E, 0x834D, 0x8BAF, 0xAC92, 0xC554, 0xD5D6, 0xDE17, 0xE617, 0xE617, 0xE617, 0xE616,
  0xE5F6, 0xE5F6, 0xE5F5, 0xE5D5, 0xE574, 0xB3CE, 0x71E7, 0x8A89, 0xAC0F, 0x9B6C, 0x8A69, 0x8A49,
  0x930B, 0xB42F, 0xBC0F, 0x8A89, 0x8A68, 0xD48F, 0xE4F1, 0xE4D0, 0xE4D0, 0xE4B0, 0xE4AF, 0xE48F,
  0xE46F, 0xE46F, 0xE46E, 0xDC4E, 0xAB0B, 0x7186, 0xAB2B, 0xE4F1, 0xE4F1, 0xDCB0, 0xDCAF, 0xDCAF,
  0xDCAF, 0xDCAF, 0xDCAF, 0xDCAF, 0xDD32, 0xDCCF, 0xDCD0, 0xDCCF, 0xDCCF, 0xDCF0, 0xDCCF, 0xDCD0,
  0xDCD0, 0xDCCF, 0xDCCF, 0xDCCF, 0xDCEF, 0xDD10, 0xDD10, 0xE50F, 0xE4F0, 0xE510, 0xDCEF, 0xE530,
  0xE4EF, 0xDCEF, 0xE50F, 0xDD10, 0xE5B2, 0xE530, 0xE52F, 0xE530, 0xE530, 0xE52F, 0xE550, 0xE550,
  0xFF5A, 0xFF9B, 0xFF9B, 0xFF3A, 0xFF5A, 0xFF3A, 0xFF39, 0xFF5A, 0xFF39, 0xFF19, 0xDE36, 0xF6D8,
  0xFED8, 0xFF19, 0xFEB7, 0xFE96, 0xFE96, 0xFE75, 0xFE55, 0xFE55, 0xFE55, 0x834B, 0xD5B4, 0xF675,
  0xFE75, 0xFE75, 0xFE76, 0xFE76, 0xFE76, 0xFE55, 0xFE76, 0xFE97, 0xFEB7, 0xF6B8, 0xF6B8, 0xB491,
  0x51E8, 0xB4D2, 0x838E, 0xEE77, 0xFEB8, 0xF677, 0xF636, 0xF637, 0xF698, 0xFEB9, 0xFED9, 0xFEB9,
  0xFEB9, 0xEE37, 0x6A29, 0xAC50, 0xF678, 0xF6BA, 0xD596, 0x7249, 0x8289, 0xD554, 0xF6B9, 0xF6FB,
  0xF6DA, 0x82CB, 0x834C, 0xF6DB, 0xFF5C, 0xF6DA, 0xF657, 0xF678, 0xF678, 0xF678, 0xEE78, 0xEE37,
  0xCCF2, 0x8ACA, 0x5125, 0x4105, 0x72AB, 0xA451, 0xCDB5, 0xDE58, 0xDE79, 0xDE79, 0xDE58, 0xD638,
  0xD638, 0xD638, 0xD658, 0xD638, 0xDE59, 0xDE59, 0xDE58, 0xD638, 0xACF3, 0x6AAA, 0x836E, 0x8BF0,
  0x7B0C, 0x8B8E, 0xBD54, 0xD638, 0xD679, 0xD659, 0xD638, 0xBD76, 0xA492, 0x93CF, 0x834D, 0x8BAF,
  0x9C32, 0xBD35, 0xD659, 0xD679, 0xD699, 0xDE99, 0xDE79, 0xD679, 0xD679, 0xD679, 0xB515, 0x8BAF,
  0x8BCF, 0xACD4, 0xD67A, 0xD638, 0xD638, 0xDE79, 0xDE79, 0xDE79, 0xDE79, 0xDE79, 0xDE79, 0xDE99,
  0xDE58, 0xB4F4, 0x93D0, 0x8BCF, 0x836E, 0xB514, 0xD658, 0xD658, 0xD658, 0xCE38, 0xCDD6, 0xB4F3,
  0x83AF, 0x628A, 0x6AAB, 0x9BEF, 0xD5F7, 0xDE58, 0xD5F7, 0xC534, 0xAC71, 0xA451, 0xB4B2, 0xBCF3,
  0xBD14, 0xBD14, 0xBCD3, 0xAC10, 0x932D, 0x82AB, 0x9B6E, 0xC4D2, 0xE617, 0xE616, 0xE5F6, 0xE5D5,
  0xE5B5, 0xE5B5, 0xEDB4, 0xED94, 0xED73, 0xE553, 0xC42F, 0x7A08, 0x82AA, 0xC4D1, 0xD532, 0xC490,
  0x9B2C, 0x7A09, 0x7A09, 0x92CB, 0x92AA, 0x79E7, 0xB36C, 0xE490, 0xE48F, 0xE46F, 0xE46E, 0xE44E,
  0xE44E, 0xE42E, 0xE44E, 0xDC2D, 0xDC2D, 0xC36B, 0x71A6, 0xA2CA, 0xDC90, 0xDC8F, 0xDC8F, 0xDC8F,
  0xDC8F, 0xDCAF, 0xDC8F, 0xDC8E, 0xDCB0, 0xDC8F, 0xDCAF, 0xDCAF, 0xDCAF, 0xDCCF, 0xDCCF, 0xDCAF,
  0xDCCF, 0xDCAF, 0xDCAF, 0xDCAE, 0xDCAE, 0xDCCF, 0xDCAF, 0xDCAE, 0xDCAE, 0xDCCF, 0xDCEF, 0xDCEF,
  0xDCEF, 0xDD10, 0xDCEF, 0xDD30, 0xDD92, 0xDD0F, 0xDD0F, 0xDD0F, 0xDD0F, 0xE52F, 0xE50F, 0xDCEE,
  0xFF5A, 0xFFBC, 0xFF9B, 0xFF39, 0xFF5A, 0xFF5A, 0xFF39, 0xFF39, 0xFF39, 0xFF19, 0xE656, 0xFF19,
  0xFEF8, 0xFF19, 0xFEF8, 0xFEB7, 0xFE96, 0xFE96, 0xFE96, 0xFE55, 0xE5B2, 0x8B4B, 0xFE55, 0xFE55,
  0xFE55, 0xFE75, 0xFE55, 0xFE76, 0xFE55, 0xFE55, 0xFE76, 0xFE97, 0xFE97, 0xFEB7, 0xD594, 0x4966,
  0xAC91, 0x836D, 0xEE77, 0xF6B8, 0xF697, 0xF657, 0xF636, 0xF677, 0xF678, 0xFEB9, 0xFED9, 0xFED9,
  0xEE38, 0x6229, 0xBCD2, 0xF6BA, 0xEE58, 0x9B6D, 0x7248, 0xCD33, 0xF699, 0xFF1B, 0xF6FA, 0xF6DA,
  0xBC70, 0x61E8, 0xE638, 0xF6DA, 0xF6DA, 0xF699, 0xF678, 0xF678, 0xF677, 0xEE37, 0xDD33, 0x8A8A,
  0x4904, 0x4125, 0x6269, 0xA430, 0xC513, 0xB4B2, 0xA3EE, 0x932C, 0x82AA, 0x82AA, 0x82CA, 0x8B0B,
  0x932C, 0xA36D, 0xB450, 0xB492, 0xAC30, 0xA3EF, 0xAC71, 0x8BAF, 0x59E7, 0x8BCF, 0x9430, 0x72CB,
  0x9430, 0xB534, 0xC5D6, 0xD638, 0xD638, 0xBD55, 0x938E, 0x6A48, 0x6A69, 0x834D, 0x9410, 0x9C71,
  0xA492, 0xA472, 0xBD55, 0xD658, 0xDE79, 0xD679, 0xCE17, 0xCDF7, 0xD638, 0xD659, 0xB534, 0xC5B6,
  0xACF3, 0x8B8E, 0xB535, 0xAC92, 0x9BEF, 0xBD34, 0xDE78, 0xDE78, 0xDE79, 0xDE79, 0xDE79, 0xCDD6,
  0xA451, 0x9C10, 0xB4D3, 0xBDB6, 0xAD14, 0x9C30, 0xD658, 0xDE99, 0xD658, 0xC595, 0xACD3, 0xA471,
  0x9C71, 0x8C10, 0x6B0C, 0x6269, 0x7AEB, 0xBCF3, 0xCDB6, 0xD5F6, 0xDE17, 0xDE37, 0xDE37, 0xE637,
  0xDE37, 0xE617, 0xE616, 0xE5F6, 0xDDF6, 0xD595, 0xB450, 0x8ACA, 0x8ACA, 0xCCB1, 0xE5D5, 0xE5D4,
  0xE5B4, 0xE594, 0xED73, 0xED52, 0xE532, 0xE531, 0xE511, 0xD44F, 0x8A48, 0x7A08, 0xCC2E, 0xDCF0,
  0xE4D1, 0xDC90, 0xC3CE, 0x92AB, 0x7229, 0x7208, 0x6965, 0x9268, 0xD42E, 0xE44E, 0xE44E, 0xDC2D,
  0xDC0D, 0xDC2D, 0xDC2D, 0xDC0D, 0xDC0D, 0xDC0D, 0xC3AC, 0x8207, 0x9268, 0xD44E, 0xDC6F, 0xD46E,
  0xD44E, 0xDC6F, 0xDC6E, 0xDC6E, 0xDC6F, 0xDC6E, 0xDC6E, 0xDC6E, 0xDC6E, 0xDC8E, 0xDC6E, 0xDC8E,
  0xDC8E, 0xD48E, 0xD4AE, 0xDCAF, 0xDCAE, 0xDCAE, 0xDCAE, 0xDCAE, 0xDCCF, 0xDCEF, 0xDCCE, 0xDCCF,
  0xDCCF, 0xDCCE, 0xDCAE, 0xDCEF, 0xDCCE, 0xDCCE, 0xDCCE, 0xDCCE, 0xDCCE, 0xDCCE, 0xDCCE, 0xDCCE,
  0xFF7A, 0xFFBC, 0xFF7B, 0xFF39, 0xFF7B, 0xFF5A, 0xFF39, 0xFF39, 0xFF19, 0xF719, 0xF6D8, 0xFF18,
  0xFF19, 0xFEF8, 0xFF19, 0xFEF8, 0xFED8, 0xFE96, 0xFED7, 0xFE96, 0xA40D, 0xDD93, 0xFE34, 0xFE54,
  0xFE55, 0xFE55, 0xFE55, 0xFE55, 0xFE75, 0xFE55, 0xFE76, 0xFE96, 0xFE97, 0xF656, 0x51C7, 0x93CF,
  0x93CF, 0xEE77, 0xF698, 0xF697, 0xFE77, 0xF636, 0xF636, 0xF6B8, 0xFEB8, 0xFEB9, 0xFED9, 0xEE78,
  0x6A49, 0xC4D2, 0xF6BA, 0xCD54, 0x7227, 0xABEF, 0xEE99, 0xFEFA, 0xF6B9, 0xF6DA, 0xF6DA, 0xE5F7,
  0x51A6, 0xCD34, 0xFEFA, 0xF6BA, 0xF699, 0xF698, 0xF699, 0xF678, 0xE5D5, 0xABAD, 0x5104, 0x38C3,
  0x59C7, 0x726A, 0x7AAA, 0x7A69, 0x8269, 0x9B0C, 0xB410, 0xC4D3, 0xD555, 0xDDB6, 0xDDF7, 0xE617,
  0xE617, 0xE637, 0xD5D7, 0x9B8E, 0x8B2C, 0xAC71, 0x830C, 0x51A6, 0x836E, 0x7B2D, 0x51C7, 0x6A8A,
  0x832C, 0x9BEF, 0xB513, 0xC575, 0x9BCF, 0x69E8, 0x61A7, 0x7AEB, 0x9C30, 0xAD14, 0xBD76, 0xCDF7,
  0xCE17, 0xCDF7, 0xCE18, 0xD659, 0xD638, 0xACB2, 0x8B8E, 0x9C30, 0xBD95, 0xD638, 0xC5B6, 0xACF3,
  0x9C30, 0x7B0C, 0xA451, 0xCDD6, 0xAC92, 0x93EF, 0xCDD6, 0xDE58, 0xD638, 0xD658, 0xD618, 0xBD13,
  0x9C10, 0x832D, 0x6A8A, 0x836D, 0xACF3, 0x9C30, 0xBD54, 0xD5D6, 0xAC71, 0x8B4D, 0x82CB, 0x728A,
  0x6A29, 0x5A08, 0x6229, 0x626A, 0x5A08, 0x51C7, 0x7AAB, 0x936D, 0xB470, 0xCD54, 0xDDF6, 0xDE16,
  0xE5F6, 0xE5F6, 0xE5F5, 0xE5D5, 0xE5D5, 0xE5D5, 0xE5B5, 0xDD73, 0xB3EE, 0x7A28, 0xA34C, 0xDD53,
  0xE594, 0xE552, 0xE531, 0xE511, 0xE4F0, 0xE4D0, 0xE4AF, 0xE4B0, 0xD42F, 0x9269, 0x8227, 0xCC0D,
  0xE48F, 0xE48F, 0xE46F, 0xDC4E, 0xC3CD, 0x92CB, 0x61A7, 0x5924, 0x81E7, 0xCBCC, 0xDC0D, 0xDC0D,
  0xDBED, 0xDC2D, 0xDC0D, 0xDBEC, 0xDBEC, 0xDBEC, 0xD40D, 0xCBEC, 0x8A68, 0x8A68, 0xD40D, 0xD44D,
  0xD44E, 0xD44E, 0xDC6E, 0xDC4E, 0xDC4D, 0xD42D, 0xD42D, 0xD44D, 0xD46E, 0xD46E, 0xD46E, 0xD48E,
  0xD46E, 0xD48E, 0xD4AF, 0xD46E, 0xD48E, 0xDC8E, 0xD48E, 0xD4CE, 0xD48D, 0xD4AE, 0xDCAE, 0xDCAE,
  0xDCCE, 0xD48D, 0xDCAE, 0xDCCE, 0xD48D, 0xDC8D, 0xDC8D, 0xDCCF, 0xD4AE, 0xDCAD, 0xD48D, 0xDCAD,
  0xFF7B, 0xFFBC, 0xFF7B, 0xFF39, 0xFF7B, 0xFF7B, 0xFF7B, 0xFF5A, 0xFF19, 0xFF39, 0xFF39, 0xFF19,
  0xFEF8, 0xFED8, 0xFEF8, 0xFF19, 0xFEF8, 0xFEB7, 0xFEB7, 0xEE76, 0x93CD, 0xF655, 0xFE54, 0xFE34,
  0xFE55, 0xFE54, 0xFE55, 0xFE54, 0xFE55, 0xFE55, 0xFE75, 0xFE96, 0xFE76, 0x832B, 0x6AAA, 0x9BEF,
  0xDE16, 0xF6B8, 0xF698, 0xFE77, 0xFE56, 0xF636, 0xF656, 0xF698, 0xFED9, 0xFED9, 0xF6B9, 0x82EB,
  0xB492, 0xF6DA, 0xB451, 0x828A, 0xDDD6, 0xF6DA, 0xFEFA, 0xF6DA, 0xF6DA, 0xFEDA, 0xF6FA, 0x8B2C,
  0x934D, 0xF6BA, 0xF6FA, 0xFEDA, 0xFE99, 0xF699, 0xF699, 0xD534, 0x7A28, 0x3882, 0x5145, 0x828A,
  0x82AA, 0x8AEB, 0xABEE, 0xCD33, 0xE5F6, 0xEE37, 0xEE58, 0xEE58, 0xEE58, 0xEE38, 0xEE58, 0xF658,
  0xF678, 0xE5D6, 0x9B4C, 0xA3AE, 0xD5D6, 0xAC30, 0x5186, 0x6ACB, 0x6A89, 0x6208, 0x9BCF, 0xBCF3,
  0xCD95, 0xD5F6, 0xBCD3, 0x7A8A, 0x5966, 0x7249, 0x9B8D, 0xA3EE, 0xA3EE, 0xAC0F, 0xB4B1, 0xC574,
  0xB4B2, 0xA410, 0xB4F3, 0xCDF7, 0xA450, 0x7ACB, 0xAC92, 0xCD95, 0xCDD6, 0xBD54, 0x8B8E, 0x834D,
  0x93AE, 0x830C, 0xA492, 0xD617, 0xCDD6, 0x93AE, 0xA450, 0xC575, 0xAC72, 0xA430, 0xB4F3, 0xCDF6,
  0xD5F7, 0xCDB6, 0xAC92, 0x728A, 0x7AAA, 0x93AE, 0xA430, 0xC533, 0xB492, 0xB471, 0xB450, 0xAC30,
  0x9BAE, 0x8B0C, 0x7269, 0x5A08, 0x6A8A, 0x6228, 0x4965, 0x61C7, 0x61E7, 0x6A08, 0x8AEB, 0xBC4F,
  0xD573, 0xE5D5, 0xE5B5, 0xE5B4, 0xE5B4, 0xE594, 0xE593, 0xE594, 0xE573, 0xD4D1, 0x92AA, 0x8A49,
  0xD490, 0xE532, 0xE4F1, 0xE4D0, 0xE48F, 0xE46F, 0xE46F, 0xE46F, 0xDC6F, 0xD40E, 0x9A89, 0x8A07,
  0xCBED, 0xDC4E, 0xDC2D, 0xDC0D, 0xDC2D, 0xDC0D, 0xCBCC, 0x9AA9, 0x6145, 0x7186, 0xBB4A, 0xD3ED,
  0xD3ED, 0xDC6E, 0xD3ED, 0xDBCC, 0xD3CC, 0xD3EC, 0xD3EC, 0xD40D, 0xCBED, 0x9268, 0x9268, 0xD40D,
  0xD46E, 0xD46F, 0xD44E, 0xD42D, 0xD42D, 0xD44E, 0xD44D, 0xD44D, 0xD44D, 0xD44D, 0xD46E, 0xD46E,
  0xD46E, 0xD46D, 0xD48E, 0xD46D, 0xD46D, 0xD46D, 0xD48E, 0xD46D, 0xD48D, 0xD48E, 0xD48D, 0xD48D,
  0xD48D, 0xD46D, 0xD46D, 0xD46D, 0xD44C, 0xD44C, 0xDC8D, 0xD46D, 0xD46C, 0xD44C, 0xD44C, 0xD46C,
  0xFF7B, 0xFF9B, 0xFF7B, 0xFF39, 0xFF5A, 0xFF5A, 0xFF7B, 0xFF7B, 0xFF39, 0xFF19, 0xFF5A, 0xFF39,
  0xFF18, 0xFED7, 0xFED7, 0xFF19, 0xFF3A, 0xFEF8, 0xFEB7, 0xACB0, 0xD594, 0xFE75, 0xFE75, 0xFE34,
  0xFE34, 0xFE34, 0xFE54, 0xFE55, 0xFE55, 0xFE55, 0xFE75, 0xFE75, 0xC4F1, 0x4186, 0x9C0F, 0xC533,
  0xFEB7, 0xF6B7, 0xF697, 0xF697, 0xFE56, 0xFE36, 0xF677, 0xFE97, 0xFED8, 0xFED8, 0x938D, 0xA430,
  0xEEB9, 0x8B6D, 0x9BCE, 0xEE78, 0xF6DA, 0xF6B9, 0xFED9, 0xFED9, 0xF6FA, 0xFEFA, 0xDDB5, 0x61E7,
  0xEE37, 0xFEFA, 0xF6FA, 0xFED9, 0xFED9, 0xF698, 0xBC30, 0x5166, 0x38C3, 0x7A8A, 0xBC70, 0xD490,
  0xD4D1, 0xEE17, 0xEE38, 0xEE37, 0xF637, 0xF699, 0xF699, 0xF679, 0xF678, 0xF658, 0xF678, 0xF678,
  0xE5D5, 0x930B, 0xA3CE, 0xDDF6, 0xBCF3, 0x5186, 0x51E7, 0x6208, 0x82CA, 0xCD13, 0xDDD5, 0xE5F6,
  0xDDF6, 0xB450, 0x69C7, 0x5986, 0x932B, 0xC490, 0xCCD0, 0xD4B0, 0xD4D1, 0xDD12, 0xDD74, 0xAC10,
  0x82CB, 0xB470, 0xCD94, 0xBCF2, 0x7A69, 0xA3EF, 0xD5B5, 0xDDF6, 0xBD13, 0x7ACB, 0x72AA, 0xACB1,
  0xA450, 0x830C, 0xBD13, 0xD5D6, 0xDE17, 0xAC71, 0x8B2C, 0xC534, 0xD575, 0xB4B2, 0x8B2D, 0x9BCF,
  0xCD74, 0xD5B5, 0xD574, 0xB450, 0x6A08, 0x7289, 0x9B4C, 0xCD33, 0xDD94, 0xDD74, 0xDD53, 0xDD53,
  0xDD32, 0xD511, 0xC490, 0x9B6C, 0x7269, 0x6208, 0x5186, 0x6A08, 0xA3AD, 0x930B, 0x69E7, 0x59A6,
  0x7A48, 0xA38D, 0xCCD1, 0xDD53, 0xE573, 0xE573, 0xE553, 0xE552, 0xE552, 0xDD52, 0xDCD1, 0x9AEA,
  0x8208, 0xCC2F, 0xE4B0, 0xE48F, 0xE46F, 0xDC4E, 0xE44E, 0xDC4E, 0xDC2E, 0xDC2E, 0xD3CD, 0x9A48,
  0x8A27, 0xCBCD, 0xDC0D, 0xDBEC, 0xDBEC, 0xDBEC, 0xDBEC, 0xD3EC, 0xBB6B, 0x79E7, 0x6965, 0xAB0A,
  0xD3ED, 0xD3EC, 0xD3ED, 0xD3CC, 0xD3CC, 0xD3EC, 0xD3EC, 0xD3EC, 0xD3ED, 0xCBCC, 0x8A47, 0x9268,
  0xCC0D, 0xCC0D, 0xD42D, 0xD42D, 0xCC0D, 0xCC2D, 0xD42D, 0xD44D, 0xD42D, 0xD44D, 0xD44E, 0xD44D,
  0xD44D, 0xD44D, 0xD44D, 0xD44D, 0xD44D, 0xD44D, 0xD46D, 0xD46D, 0xD46D, 0xD44C, 0xD44C, 0xD44C,
  0xD44C, 0xD44C, 0xD44C, 0xD42C, 0xD42C, 0xD46D, 0xCC4C, 0xD40B, 0xCC0B, 0xCC0B, 0xCBEB, 0xCC2C,
  0xFF9B, 0xFF5A, 0xFF5A, 0xFF3A, 0xFF5A, 0xFF5A, 0xFF7B, 0xFF9C, 0xFF7B, 0xFF19, 0xFF5A, 0xFF39,
  0xFF19, 0xFEF8, 0xFED8, 0xFF19, 0xFF3A, 0xFF19, 0xF6B7, 0x8BCE, 0xF6B8, 0xFE96, 0xFE75, 0xFE55,
  0xFE34, 0xFE34, 0xFE34, 0xFE54, 0xFE55, 0xFE55, 0xFE55, 0xF635, 0x49C7, 0x9BEE, 0xA430, 0xF697,
  0xF697, 0xFE96, 0xF677, 0xF676, 0xFE56, 0xFE56, 0xFE97, 0xF698, 0xFEB8, 0xBCB2, 0x8B8E, 0xE638,
  0x82EC, 0xBCB2, 0xF6B9, 0xFF3B, 0xF6FA, 0xFEB9, 0xFEB9, 0xFEB9, 0xF6D9, 0xFEDA, 0x8B0C, 0xB491,
  0xFEFB, 0xFEFA, 0xFEFA, 0xFEFA, 0xEE16, 0x9B2C, 0x30C3, 0x5186, 0xB471, 0xE617, 0xEDD5, 0xED12,
  0xEDD6, 0xF6DA, 0xF658, 0xF5F6, 0xF617, 0xF699, 0xF73C, 0xF6BA, 0xF699, 0xF679, 0xF699, 0xEE17,
  0x930C, 0x9BAE, 0xDE17, 0xD595, 0x6A28, 0x28C3, 0x5165, 0x9B4C, 0xDD95, 0xE5F5, 0xE5F5, 0xDDB5,
  0xABCE, 0x5965, 0x69A6, 0xB3CD, 0xD4D1, 0xDCB0, 0xDC8F, 0xDC8F, 0xDCD0, 0xDD12, 0xCC70, 0x8269,
  0xB40E, 0xDD53, 0xD553, 0x930B, 0x8269, 0xCD13, 0xDDB5, 0xCD12, 0x7AAA, 0x61E8, 0xAC0F, 0xC512,
  0xA3CE, 0x8B0B, 0xCD33, 0xDDB5, 0xD5D5, 0xC512, 0x8ACA, 0xB450, 0xDDB5, 0xDDB5, 0xC4F2, 0x932C,
  0x932C, 0xCD33, 0xDDB4, 0xD553, 0xA34C, 0x61A6, 0x7A28, 0xBC2F, 0xDD52, 0xDD32, 0xDCF1, 0xDCF0,
  0xDCD0, 0xDCD0, 0xDCF0, 0xD4F1, 0xC44F, 0x92EB, 0x59A6, 0x4104, 0x82CA, 0xC48F, 0xBC4F, 0x8ACA,
  0x59A6, 0x5165, 0x69E7, 0x930B, 0xCC4F, 0xDD11, 0xDD32, 0xE512, 0xE511, 0xE511, 0xE511, 0xDCB0,
  0xA2EA, 0x8207, 0xCC0E, 0xE48F, 0xDC6E, 0xDC2E, 0xDC2E, 0xDC0D, 0xDBED, 0xDBED, 0xDBEC, 0xCB8C,
  0x9208, 0x9248, 0xCBCC, 0xD3EC, 0xD3CC, 0xDBEC, 0xD3CC, 0xD3CC, 0xD3CC, 0xC3AB, 0x9269, 0x6985,
  0x9AA9, 0xD3ED, 0xD3CC, 0xD3CC, 0xCBCC, 0xD3CC, 0xD3CC, 0xD3CC, 0xCBEC, 0xCBEC, 0xCBEC, 0x92A9,
  0x9AA9, 0xCC0D, 0xCC0D, 0xCC0C, 0xCC0C, 0xCC0C, 0xCC0C, 0xCC0C, 0xCC0C, 0xCC4D, 0xCC2D, 0xD42D,
  0xD42D, 0xD42C, 0xD42C, 0xD42C, 0xD40C, 0xD42C, 0xCC2C, 0xCC4C, 0xD42C, 0xD42C, 0xD42C, 0xD40B,
  0xD40B, 0xD40B, 0xD40B, 0xCBEB, 0xCC0B, 0xCC0B, 0xCBEB, 0xCBEB, 0xCBCA, 0xCBEB, 0xCBCA, 0xCBEB,
  0xFF7B, 0xFF5A, 0xFF7B, 0xFF5A, 0xFF5A, 0xFF5A, 0xFF7B, 0xFF9C, 0xFF7B, 0xFF19, 0xFF5A, 0xFF5A,
  0xFF19, 0xFEF8, 0xFEF8, 0xFF19, 0xFF3A, 0xFF3A, 0xC573, 0xC533, 0xF6B8, 0xFED8, 0xF676, 0xFE96,
  0xFE54, 0xFE34, 0xFE34, 0xFE34, 0xFE54, 0xFE34, 0xFE55, 0x9BED, 0x832C, 0x8B6D, 0xEE15, 0xF696,
  0xFE96, 0xFE76, 0xF676, 0xF676, 0xF656, 0xFE56, 0xFE97, 0xFEB8, 0xE616, 0x832C, 0xDE17, 0x830C,
  0xB4B2, 0xF6B8, 0xF6D9, 0xF6D9, 0xFF1A, 0xFED9, 0xFEB9, 0xFEB9, 0xFED9, 0xDDD5, 0x6A69, 0xF6BA,
  0xFF1B, 0xFEDA, 0xFEDA, 0xDD54, 0x7A29, 0x2882, 0x6A49, 0xD575, 0xEE98, 0xF657, 0xED94, 0xED32,
  0xF5D6, 0xF6B9, 0xFF1B, 0xF699, 0xF617, 0xF637, 0xFEDA, 0xFF3C, 0xFF3C, 0xFF3C, 0xF678, 0xAB6D,
  0x8ACB, 0xE5F6, 0xDDD5, 0x8B0B, 0x2882, 0x5145, 0xB40F, 0xE5F6, 0xEDF6, 0xE5D5, 0xE594, 0xABAD,
  0x5124, 0x69C7, 0xC42F, 0xDD11, 0xDCD0, 0xDC6F, 0xDC6F, 0xDC8F, 0xDCD0, 0xDCF2, 0x9ACA, 0x9AEA,
  0xD4F1, 0xE573, 0xC44F, 0x71C7, 0xA36B, 0xDD73, 0xDD53, 0xAB6C, 0x5965, 0x92EA, 0xCCD0, 0xCCD0,
  0x9B2B, 0x8ACA, 0xCCF1, 0xDD73, 0xDD94, 0xCD33, 0x932B, 0x9B4C, 0xDD32, 0xDD94, 0xDD93, 0xCCF2,
  0x930B, 0x930B, 0xD532, 0xDD73, 0xCC90, 0x8248, 0x5965, 0x9B0B, 0xDCF1, 0xDCF1, 0xDCD0, 0xDCAF,
  0xDC8E, 0xDC8F, 0xDC8F, 0xDCAF, 0xDCB0, 0xD490, 0xA34B, 0x69A6, 0x40E4, 0x9B0B, 0xCCB0, 0xCCD0,
  0x9B2C, 0x8269, 0x7A69, 0x61C7, 0x69C7, 0x92C9, 0xC42E, 0xDCD0, 0xDCF1, 0xDCD0, 0xDCD0, 0xDCD0,
  0xD46F, 0x9AA9, 0x8A28, 0xD42E, 0xDC4F, 0xDC2E, 0xDC0D, 0xDBED, 0xDBED, 0xD3CC, 0xD3CC, 0xD3CC,
  0xC34B, 0x8A27, 0xA2C9, 0xD3CC, 0xD3CD, 0xD3CC, 0xD3CC, 0xD3CD, 0xD3CC, 0xCBCC, 0xC3AC, 0x9AC9,
  0x69A6, 0x8A68, 0xCBCC, 0xD3CC, 0xCBCC, 0xCBCC, 0xCBCC, 0xCBAC, 0xCBEC, 0xCC0D, 0xCBCC, 0xC3CC,
  0x9AA8, 0xA2C9, 0xCBEC, 0xCBEC, 0xCBEC, 0xCBEC, 0xCBEB, 0xCBEB, 0xCC2D, 0xCC0C, 0xCC0C, 0xCC4D,
  0xCC0C, 0xCC0C, 0xCC0C, 0xCBEB, 0xCBEB, 0xCC0C, 0xCC0C, 0xCC0B, 0xCC0B, 0xCC0B, 0xCBEB, 0xCC0C,
  0xCBEB, 0xCBEB, 0xCBCA, 0xCB89, 0xCBAA, 0xCBAA, 0xC389, 0xC3AA, 0xC38A, 0xC3AA, 0xC3AA, 0xC3AA,
  0xFF7B, 0xFF7B, 0xFFBC, 0xFF7B, 0xFF39, 0xFF5A, 0xFF7B, 0xFF9B, 0xFF5A, 0xFF39, 0xFF7A, 0xFF9B,
  0xFF39, 0xFF39, 0xFEF8, 0xFF19, 0xFF3A, 0xFF3A, 0x9C50, 0xF697, 0xF6B7, 0xFEF8, 0xFED8, 0xFEB7,
  0xFE96, 0xFE34, 0xFE34, 0xFE34, 0xFE54, 0xFE54, 0xEDF4, 0x6268, 0xAC30, 0xAC50, 0xFE75, 0xF676,
  0xF676, 0xFE76, 0xFE55, 0xFE56, 0xF635, 0xFE56, 0xFE97, 0xF677, 0x938D, 0xCD75, 0x8B8E, 0xA430,
  0xF698, 0xF6B9, 0xF6B9, 0xFED9, 0xF6B9, 0xFF3A, 0xFED9, 0xFEB9, 0xFEB8, 0x938D, 0xB492, 0xFF1B,
  0xF6FB, 0xF6BA, 0xCCD2, 0x6186, 0x30C3, 0x82CB, 0xE658, 0xF6D9, 0xF678, 0xF616, 0xED73, 0xF573,
  0xF5F6, 0xF658, 0xF699, 0xFEFA, 0xF699, 0xF637, 0xF658, 0xF698, 0xF6D9, 0xFEFB, 0xC4B2, 0x7A69,
  0xDDB5, 0xE637, 0xA3CE, 0x38C3, 0x38C3, 0xABEE, 0xE637, 0xEE37, 0xEDD5, 0xE594, 0xBBCD, 0x5924,
  0x69E7, 0xC470, 0xDD32, 0xDCD0, 0xDC8F, 0xDC6E, 0xDC6E, 0xDCB0, 0xE512, 0xC40F, 0x8227, 0xC42E,
  0xE552, 0xDD32, 0x9AEA, 0x79E6, 0xCC4F, 0xDD52, 0xC44E, 0x71C6, 0x69A5, 0xC3CC, 0xDC8F, 0xD4AF,
  0xAB4B, 0x8269, 0xC490, 0xDD52, 0xDD53, 0xD532, 0xA38C, 0x8AAA, 0xD4B0, 0xDD32, 0xE532, 0xDD52,
  0xC4B0, 0x8AAA, 0xA30B, 0xD511, 0xDD11, 0xB38C, 0x5965, 0x7A07, 0xCC4F, 0xDCD0, 0xDCB0, 0xDC8F,
  0xDC4E, 0xDC2D, 0xDC2E, 0xDC4E, 0xDC6F, 0xDC8F, 0xD46F, 0xB3AD, 0x6186, 0x5145, 0xA34B, 0xCCD0,
  0xC46F, 0x9AEA, 0xAB4B, 0xB3CD, 0x8269, 0x5986, 0x69A6, 0xA30A, 0xCC4F, 0xDCD0, 0xDCB0, 0xDC90,
  0xDC8F, 0xD44F, 0x9248, 0x9248, 0xCC2E, 0xD42E, 0xD40D, 0xD3ED, 0xD3CC, 0xD3AC, 0xD3AC, 0xD3CC,
  0xD3CC, 0xB32A, 0x8A28, 0xB34A, 0xD3CC, 0xCBCC, 0xD3ED, 0xCBEC, 0xCBCC, 0xCBCC, 0xCBCC, 0xC3CC,
  0xAB0A, 0x71C6, 0x8A68, 0xCBAC, 0xCBCC, 0xCBAC, 0xCBAC, 0xCBEC, 0xC3CC, 0xCBCC, 0xCBCC, 0xCBCB,
  0xC3AB, 0x9A88, 0xAAE9, 0xCBCB, 0xCBCB, 0xCBCB, 0xCBCB, 0xCBCB, 0xCBEC, 0xCBEB, 0xCBCB, 0xCC0C,
  0xCBCB, 0xCBCB, 0xCBEB, 0xCBCB, 0xCBEB, 0xCBEB, 0xCBCB, 0xCBCA, 0xCBCA, 0xCBAA, 0xC3CB, 0xC3CB,
  0xC3AA, 0xC389, 0xC369, 0xC368, 0xC369, 0xC348, 0xBB49, 0xBB8A, 0xBB6A, 0xBB8A, 0xBB8A, 0xC3CC,
  0xFF9B, 0xFF7B, 0xFFBC, 0xFF9B, 0xFF5A, 0xFF5A, 0xFF5B, 0xFF9B, 0xFF5A, 0xFF19, 0xFF39, 0xFF7B,
  0xFF19, 0xFF5A, 0xFF18, 0xFED7, 0xFF19, 0xEEB8, 0xB4F1, 0xFED7, 0xF6B7, 0xFEB7, 0xFF19, 0xFED8,
  0xFED7, 0xFE96, 0xFE54, 0xFE34, 0xFE34, 0xFE54, 0x93AC, 0xB470, 0x830C, 0xEE35, 0xF655, 0xF675,
  0xF675, 0xF676, 0xFE55, 0xFE55, 0xFE35, 0xFE76, 0xF676, 0xC512, 0xAC92, 0xA431, 0x9BEF, 0xF697,
  0xF6B8, 0xFED8, 0xF6D8, 0xF6B8, 0xFED9, 0xF6D9, 0xFF3B, 0xF6F9, 0xE637, 0x6A6A, 0xEE99, 0xFF3B,
  0xF6DA, 0xBC70, 0x5166, 0x4125, 0x8B2C, 0xE678, 0xF6B9, 0xF6D9, 0xF677, 0xEDF5, 0xF594, 0xF5D5,
  0xF616, 0xF658, 0xF678, 0xF699, 0xFEFA, 0xF699, 0xF658, 0xF6B9, 0xF699, 0xE5D6, 0x8249, 0xBCD2,
  0xEE57, 0xB450, 0x4104, 0x2061, 0x930C, 0xE617, 0xF678, 0xEE16, 0xE5B5, 0xBC0E, 0x5945, 0x7208,
  0xCCF2, 0xE574, 0xE532, 0xE4D1, 0xDC8F, 0xDC6F, 0xE48F, 0xE4F1, 0xDD12, 0xA2CA, 0x92C9, 0xDCD0,
  0xE532, 0xD490, 0x79C7, 0x92A9, 0xDD11, 0xDCD1, 0x9AC9, 0x5924, 0x9AC9, 0xD42D, 0xDC4D, 0xDC6E,
  0xC3CC, 0x7A27, 0xB3AC, 0xDCF1, 0xDD11, 0xDD11, 0xB3CD, 0x8A48, 0xCC2E, 0xDCF0, 0xDCF1, 0xDD11,
  0xDD11, 0xBBED, 0x8248, 0xBB8C, 0xE552, 0xCC6F, 0x7A27, 0x6165, 0xB38C, 0xDCB0, 0xDCB0, 0xDC6E,
  0xDC2D, 0xDC0C, 0xDBEC, 0xDC0D, 0xDC2D, 0xDC4E, 0xDC6F, 0xDC6F, 0xB38D, 0x6166, 0x71A6, 0xB3ED,
  0xD4B0, 0xBBCD, 0x9AAA, 0xC40D, 0xD46F, 0xB36C, 0x7A08, 0x6165, 0x71E6, 0xB36C, 0xD490, 0xDC90,
  0xDC6F, 0xD46F, 0xC3CD, 0x89C7, 0xA2EA, 0xCC2E, 0xD40E, 0xD3ED, 0xD3AC, 0xD38C, 0xD3CC, 0xCBAC,
  0xD3CC, 0xCBAC, 0xA2EA, 0x8A47, 0xC3AC, 0xCBCC, 0xD3CC, 0xCBCC, 0xCBAC, 0xCBAC, 0xCBCB, 0xCBCC,
  0xC3AC, 0xA2E9, 0x71C6, 0x92A9, 0xCBAC, 0xCB8B, 0xCBCC, 0xC3CB, 0xC3AB, 0xC3AC, 0xC3AB, 0xC38B,
  0xC3CB, 0xC38B, 0x9247, 0xAB09, 0xC38A, 0xC38A, 0xC3AB, 0xC3AB, 0xC3CB, 0xC3CB, 0xCBCB, 0xCBCB,
  0xCBCB, 0xCBAA, 0xC3AA, 0xC3AA, 0xC3AA, 0xC3AA, 0xC3AA, 0xC38A, 0xC369, 0xC38A, 0xC3AA, 0xC369,
  0xC348, 0xC328, 0xBB49, 0xBB28, 0xBB6A, 0xB328, 0xB308, 0xBB6A, 0xB34A, 0xB36A, 0xB38B, 0xBC2E,
  0xFFBC, 0xFF7A, 0xFF9C, 0xFF9C, 0xFF5A, 0xFF7B, 0xFF7A, 0xFF7B, 0xFF7A, 0xFF3A, 0xFF19, 0xFF3A,
  0xFF19, 0xFF5A, 0xFF5A, 0xFED7, 0xFF19, 0xCD94, 0xE677, 0xFED7, 0xF6B6, 0xFED8, 0xFED7, 0xFF3A,
  0xF6D7, 0xFEB8, 0xF655, 0xFE55, 0xFE34, 0xF614, 0x830B, 0xAC2F, 0xC4F1, 0xFE54, 0xFE54, 0xFE55,
  0xF655, 0xFE55, 0xF655, 0xF635, 0xF635, 0xF655, 0xEE35, 0x9BEF, 0xBCF3, 0x8B8E, 0xF677, 0xFEB8,
  0xFEB8, 0xFED8, 0xFED8, 0xFEB8, 0xF6D8, 0xFED8, 0xF6D9, 0xFEF9, 0xAC91, 0x9BF0, 0xFF1B, 0xF6D9,
  0xB40F, 0x5186, 0x59E8, 0x830C, 0xEED9, 0xF6FA, 0xF698, 0xF678, 0xF678, 0xF5F5, 0xED94, 0xF5F6,
  0xF678, 0xF678, 0xF6B9, 0xF6B9, 0xF699, 0xF678, 0xF658, 0xF6B9, 0xF698, 0xA36D, 0xA3CF, 0xE637,
  0xC4F2, 0x5986, 0x2882, 0x5185, 0xD575, 0xF679, 0xF637, 0xEDD6, 0xCC70, 0x6185, 0x69E7, 0xD4F3,
  0xE5D5, 0xE574, 0xE532, 0xE4D1, 0xE490, 0xE48F, 0xE4B0, 0xE511, 0xCC90, 0x81E7, 0xB3AD, 0xE511,
  0xE512, 0xB38D, 0x6985, 0xB3AC, 0xE511, 0xC3EE, 0x6965, 0x6985, 0xC3AC, 0xDC4D, 0xDC0D, 0xDC2D,
  0xD40D, 0x8A68, 0x9AA8, 0xD4AF, 0xDCD0, 0xDCD0, 0xBBED, 0x8207, 0xC3AC, 0xDCAF, 0xDCB0, 0xDCD0,
  0xDCD0, 0xDCB0, 0xA32B, 0x8A28, 0xD46F, 0xDCD1, 0xA32B, 0x5144, 0x92A9, 0xCC6F, 0xDC8F, 0xDC6E,
  0xDC0D, 0xDBEC, 0xDBCC, 0xD3CC, 0xDBEC, 0xDC0D, 0xDC2E, 0xDC4E, 0xCC2E, 0xA30B, 0x5146, 0x8248,
  0xBBED, 0xCC8F, 0xA2EA, 0xA2CA, 0xD44E, 0xD46E, 0xCBED, 0xA2AA, 0x69A6, 0x6165, 0x9AC9, 0xCC0E,
  0xD46F, 0xD44F, 0xD44E, 0xAB0A, 0x81C7, 0xBBAC, 0xCC0E, 0xCBED, 0xCBCD, 0xCBAC, 0xCBED, 0xCBAC,
  0xCBAC, 0xCBAC, 0xC3AC, 0x9AA9, 0x9AA9, 0xC3AC, 0xCBAC, 0xCBCC, 0xC3AB, 0xCBAB, 0xCBAB, 0xC3AB,
  0xC3AC, 0xC3CC, 0x9AC9, 0x71E7, 0x9AC9, 0xCBCD, 0xC3AB, 0xC3AB, 0xC3AB, 0xC38B, 0xC38B, 0xC3AB,
  0xC3AB, 0xC3AB, 0xBB6A, 0x9267, 0xBB49, 0xC3AB, 0xC3AB, 0xC38A, 0xC38A, 0xC38A, 0xC389, 0xC36A,
  0xC369, 0xC369, 0xC3AA, 0xC389, 0xC369, 0xC369, 0xBB49, 0xBB49, 0xC349, 0xBB48, 0xBB08, 0xBB08,
  0xBB08, 0xBB08, 0xB308, 0xB2E8, 0xB36A, 0xB329, 0xB329, 0xB36A, 0xB36A, 0xB36A, 0xB34A, 0xBC2D,
  0xFFBC, 0xFF7A, 0xFF9B, 0xFFBC, 0xFF7A, 0xFF7B, 0xFF9C, 0xFF5A, 0xFF7B, 0xFF5A, 0xFF5A, 0xFF19,
  0xFF19, 0xFF5A, 0xFF7B, 0xFF39, 0xFF19, 0xBD32, 0xFF5A, 0xFED7, 0xFED7, 0xFEB7, 0xFEB7, 0xFED7,
  0xFED7, 0xFEB7, 0xFEB7, 0xFE55, 0xFE55, 0xC4D0, 0xB491, 0x938D, 0xFE55, 0xFE34, 0xFE34, 0xFE35,
  0xF655, 0xFE55, 0xF655, 0xF634, 0xF635, 0xF655, 0xC513, 0xACD3, 0x8B6E, 0xEE36, 0xFE97, 0xFE97,
  0xFEB7, 0xFEB8, 0xFEB8, 0xFEB8, 0xFEB8, 0xFED8, 0xFED8, 0xF6B9, 0x7B0D, 0xE637, 0xF6D9, 0xB471,
  0x51A7, 0x728B, 0x82EC, 0xE658, 0xF6FA, 0xF6D9, 0xF698, 0xF678, 0xF637, 0xF5D5, 0xEDB4, 0xEDF6,
  0xF657, 0xF698, 0xF678, 0xF678, 0xF699, 0xF699, 0xF678, 0xF678, 0xCCF3, 0x8AEB, 0xDDF6, 0xD595,
  0x7249, 0x38E3, 0x38C3, 0x934C, 0xEE99, 0xF699, 0xEE17, 0xD4D2, 0x71E6, 0x61A6, 0xC4D2, 0xE616,
  0xEDB5, 0xE574, 0xE532, 0xE4D1, 0xE46F, 0xE46F, 0xE4F1, 0xE532, 0xB3CE, 0x8207, 0xCC90, 0xE532,
  0xDCF1, 0x92AA, 0x79E7, 0xCC8F, 0xD4D0, 0x9AEA, 0x5903, 0x9269, 0xD44E, 0xDC4E, 0xDC0D, 0xD40C,
  0xD42D, 0xA2EA, 0x8A47, 0xCC4E, 0xDCAF, 0xDCD0, 0xC3ED, 0x8A07, 0xB32B, 0xD46F, 0xDC6F, 0xDC8F,
  0xDC8F, 0xDC90, 0xCC4F, 0x9269, 0xA2EA, 0xDCD1, 0xBBED, 0x5965, 0x69A5, 0xB3AC, 0xD490, 0xDC4F,
  0xD40E, 0xD3CC, 0xD38B, 0xD38B, 0xD3AC, 0xD3ED, 0xD42E, 0xD44E, 0xD44E, 0xC3EE, 0x7A8A, 0x5987,
  0x8AA9, 0xC44E, 0xBBED, 0x9268, 0xBB6C, 0xD44E, 0xD46E, 0xD40D, 0xB32B, 0x8207, 0x6165, 0x8228,
  0xB36C, 0xCC4F, 0xD44F, 0xCC2E, 0x9248, 0x9269, 0xC3ED, 0xCBED, 0xCBCD, 0xCBAC, 0xCB8C, 0xCBAC,
  0xCBAC, 0xCBAC, 0xC3CC, 0xB36B, 0x8A89, 0xAB2B, 0xC3AC, 0xC3AC, 0xC3AB, 0xC3AB, 0xC3AB, 0xC3AB,
  0xCBAB, 0xC3AB, 0xC3AB, 0x9ACA, 0x7207, 0xAB2B, 0xC38B, 0xC3AB, 0xC38B, 0xC38A, 0xC36B, 0xC3AB,
  0xC38A, 0xC38A, 0xC38A, 0xB329, 0x9A87, 0xC36A, 0xC38A, 0xC38A, 0xC369, 0xC369, 0xC369, 0xC369,
  0xC369, 0xC369, 0xBB69, 0xBB49, 0xBB49, 0xBB29, 0xBB28, 0xBB08, 0xB2E7, 0xBB08, 0xB308, 0xB308,
  0xB309, 0xAAE8, 0xB34A, 0xAB09, 0xB3AC, 0xAB29, 0xAB29, 0xB36B, 0xB3AB, 0xB34A, 0xB36B, 0xC4B0,
  0xFFBC, 0xFF7A, 0xFF9B, 0xFF9C, 0xFF7B, 0xFF7A, 0xFF9C, 0xFF5A, 0xFF7B, 0xFF5A, 0xFF7B, 0xFF5A,
  0xFF19, 0xFF5A, 0xFF7B, 0xFF7B, 0xEE97, 0xCD94, 0xFF3A, 0xFF39, 0xFF19, 0xFED8, 0xFEB7, 0xFE96,
  0xFE96, 0xFEB6, 0xFEF8, 0xF697, 0xFE55, 0x93AD, 0xBCB1, 0xC4D0, 0xFE34, 0xFE34, 0xFE34, 0xF634,
  0xFE34, 0xFE54, 0xFE54, 0xF634, 0xF634, 0xEE36, 0xACB4, 0x836D, 0xDDB4, 0xFE97, 0xF697, 0xF676,
  0xFEB8, 0xFE97, 0xFEB7, 0xFEB8, 0xFEB8, 0xFEB8, 0xFED8, 0xDDF6, 0x8B8E, 0xF6F9, 0xC4D2, 0x59E8,
  0x93AF, 0x7ACC, 0xD595, 0xF6D9, 0xF6B9, 0xF6B9, 0xF6B8, 0xF657, 0xF616, 0xF5B4, 0xEE16, 0xF616,
  0xF636, 0xF657, 0xF658, 0xF678, 0xF678, 0xF6DA, 0xFEFA, 0xEE79, 0x930B, 0xBCD2, 0xE658, 0xA3CE,
  0x4104, 0x51C7, 0x61A6, 0xC513, 0xF6B9, 0xEE58, 0xDD54, 0x8A89, 0x5145, 0xB430, 0xE637, 0xEDF6,
  0xE5B5, 0xE574, 0xE553, 0xE4D1, 0xE46F, 0xE4B0, 0xE532, 0xE553, 0xA32B, 0x9ACA, 0xDD12, 0xDD32,
  0xD490, 0x7A28, 0x9ACA, 0xD4D0, 0xCC4E, 0x71C7, 0x6165, 0xBB8D, 0xDC90, 0xDC4E, 0xD3EC, 0xD3EC,
  0xD40D, 0xB36B, 0x8A28, 0xBB8B, 0xD48F, 0xDCB0, 0xC40D, 0x8A07, 0xAAC9, 0xD40D, 0xD42E, 0xDC2E,
  0xDC4E, 0xD46F, 0xD490, 0xB38C, 0x9248, 0xC40E, 0xBC4F, 0x7227, 0x4924, 0x8A68, 0xCC2E, 0xD46F,
  0xD42E, 0xD3ED, 0xD3AB, 0xD38B, 0xD38B, 0xD3CC, 0xD3ED, 0xD40D, 0xD40E, 0xD40E, 0xB3AD, 0x6229,
  0x61E8, 0xA32B, 0xCC4F, 0xA2E9, 0x9A89, 0xCBEE, 0xD42E, 0xD42E, 0xCC0D, 0xC38C, 0x9A89, 0x69A6,
  0x71C6, 0xA2E9, 0xCC0E, 0xCC4E, 0xB36C, 0x79E7, 0xB34C, 0xCBEE, 0xCBCD, 0xCBAC, 0xCBAC, 0xCBAC,
  0xCB8B, 0xCBAC, 0xCBCC, 0xC3AC, 0x9B0B, 0x8AAA, 0xBB8B, 0xC3AC, 0xC38B, 0xC38B, 0xC38B, 0xC38B,
  0xC36B, 0xC38B, 0xC38B, 0xBB8B, 0x8A88, 0x7A27, 0xB36B, 0xBB8B, 0xBB6A, 0xBB4A, 0xC36A, 0xC38A,
  0xC36A, 0xC369, 0xBB49, 0xBB49, 0xAAE8, 0xAAC8, 0xBB49, 0xBB29, 0xC349, 0xBB49, 0xBB29, 0xBB28,
  0xBB49, 0xBB28, 0xBB28, 0xBAE8, 0xB2E7, 0xB2C7, 0xAAC7, 0xB2E8, 0xB2C7, 0xB329, 0xAAE9, 0xAAE8,
  0xAAC8, 0xAB29, 0xAB2A, 0xA2E8, 0xAB8B, 0xAB29, 0xAB4A, 0xAB4A, 0xAB4A, 0xB36A, 0xB3CC, 0xBC6F,
  0xFFBC, 0xFF7B, 0xFF9B, 0xFFBC, 0xFF9B, 0xFF5A, 0xFF7B, 0xFF9B, 0xFF5A, 0xFF5A, 0xFF5A, 0xFF7A,
  0xFF19, 0xFF5A, 0xFF5A, 0xFF5A, 0xCD93, 0xF6F9, 0xFEF9, 0xFF5A, 0xFF3A, 0xFF19, 0xFEF8, 0xFEB7,
  0xFEB6, 0xFEF8, 0xFED7, 0xFEF9, 0xE5B3, 0x9BEE, 0x9BEE, 0xEDF3, 0xFE34, 0xF613, 0xF613, 0xFE14,
  0xF634, 0xFE34, 0xFE34, 0xF634, 0xF635, 0xCDB6, 0x9411, 0xB470, 0xF656, 0xF676, 0xFE76, 0xF676,
  0xF676, 0xFE97, 0xFEB7, 0xFE97, 0xFEB8, 0xFEB8, 0xFED8, 0xAC92, 0xBD14, 0xD5B5, 0x6A29, 0xA471,
  0x8B6E, 0xB451, 0xF6B9, 0xF6B8, 0xF698, 0xF698, 0xF698, 0xF657, 0xF5F5, 0xF5B4, 0xF616, 0xF698,
  0xF636, 0xF657, 0xF678, 0xF678, 0xF678, 0xF698, 0xF6B9, 0xBCB1, 0x8B0B, 0xE658, 0xCD33, 0x5985,
  0x6228, 0x6208, 0x8B0C, 0xE638, 0xEE78, 0xE5D6, 0x9B6C, 0x5124, 0xA38D, 0xE617, 0xEE37, 0xEDF6,
  0xE594, 0xE574, 0xE553, 0xE4D1, 0xE490, 0xE4F1, 0xE553, 0xDD33, 0x9289, 0xB3AD, 0xDD53, 0xDD53,
  0xBC0E, 0x71E7, 0xB3AD, 0xD4D0, 0xAB4B, 0x5924, 0x8248, 0xCC6F, 0xDCB0, 0xDC4E, 0xD3EC, 0xD3CB,
  0xD3EC, 0xC3CD, 0x9268, 0xAAEA, 0xD46F, 0xD48F, 0xCC0E, 0x8A07, 0xA288, 0xCBED, 0xD40D, 0xD42E,
  0xD44F, 0xD470, 0xD470, 0xCC2F, 0x9AAA, 0xA2EA, 0xBC2F, 0x8AEA, 0x5185, 0x69A6, 0xB36B, 0xD44F,
  0xD42F, 0xD40D, 0xD3CC, 0xCB8B, 0xCB6B, 0xD38B, 0xD3AC, 0xD3CD, 0xCBED, 0xD40E, 0xCBEE, 0x932C,
  0x5A29, 0x7A28, 0xB3CD, 0xBBCC, 0x9268, 0xB34C, 0xCC0E, 0xD40E, 0xCC0D, 0xCC0D, 0xC3AC, 0x9ACA,
  0x71E6, 0x6185, 0x92CA, 0xBC0E, 0xC42E, 0x92A9, 0x8A48, 0xC3ED, 0xC3CD, 0xC3AC, 0xC3AC, 0xCBAC,
  0xCB8B, 0xCBAC, 0xC3AC, 0xC38C, 0xB38C, 0x8ACB, 0x9B0B, 0xBBAC, 0xC3CC, 0xC3CC, 0xC3AB, 0xC38B,
  0xC3AB, 0xC3AB, 0xC3AB, 0xC3AB, 0xBB6B, 0x8A68, 0x8A68, 0xB34A, 0xC3AB, 0xBB8A, 0xBB6A, 0xBB49,
  0xBB29, 0xBB29, 0xBB29, 0xBB49, 0xBB49, 0xAAC8, 0xAAE8, 0xBB49, 0xBB28, 0xBB08, 0xBB08, 0xBB08,
  0xBB08, 0xB2C7, 0xB2A6, 0xB286, 0xAAA7, 0xAAA7, 0xAAE8, 0xAAE8, 0xAAA7, 0xAAE9, 0xAAA8, 0xA2A7,
  0xAB29, 0xAB2A, 0xA309, 0xA2E8, 0xAB2A, 0xAB29, 0xAB4A, 0xAB4A, 0xABAC, 0xAB8B, 0xBC2E, 0xBC4F,
  0xFFBC, 0xFF9B, 0xFF9B, 0xFF9C, 0xFFBC, 0xFF7A, 0xFF7B, 0xFFBC, 0xFF7B, 0xFF5A, 0xFF5A, 0xFF5A,
  0xFF19, 0xFF19, 0xFF5A, 0xFF5A, 0xD5D5, 0xFF7B, 0xFEF9, 0xFF39, 0xFEF8, 0xFF3A, 0xFF39, 0xFED7,
  0xFEB7, 0xF6D7, 0xFF19, 0xFEF8, 0xB4B0, 0xBCD2, 0xAC6F, 0xFE75, 0xF634, 0xFE34, 0xF613, 0xF5F3,
  0xFDF3, 0xF614, 0xFE33, 0xFE34, 0xEE36, 0xAD15, 0x836C, 0xF635, 0xF655, 0xF676, 0xFE76, 0xF656,
  0xF676, 0xF676, 0xFE97, 0xFEB7, 0xFEB7, 0xFEB8, 0xF697, 0x8BAF, 0xD5D6, 0x7AEB, 0x9C10, 0xB4F3,
  0x8B6D, 0xEE78, 0xF6D9, 0xF698, 0xF698, 0xF677, 0xF677, 0xF677, 0xF5F5, 0xF5B4, 0xF615, 0xF678,
  0xF677, 0xF637, 0xF657, 0xF698, 0xF699, 0xF6B9, 0xE617, 0x8ACB, 0xC534, 0xDDF7, 0x82CA, 0x51A6,
  0x8B6D, 0x6A07, 0xBCB2, 0xEEB9, 0xEE37, 0xBC70, 0x5966, 0x82CB, 0xD5B5, 0xEE78, 0xEE38, 0xE616,
  0xE5B5, 0xE574, 0xE533, 0xE4D1, 0xE4B0, 0xE4F1, 0xE553, 0xCCD2, 0x8A49, 0xC44F, 0xDD74, 0xDD53,
  0xAB6D, 0x7A07, 0xC42E, 0xC48F, 0x8228, 0x6145, 0xAB8C, 0xDCF1, 0xDCD1, 0xD46F, 0xD40D, 0xD3CC,
  0xD3CC, 0xCC0E, 0x9AC9, 0x9A88, 0xCC2E, 0xD48F, 0xCC0E, 0x8A27, 0x9A68, 0xCBEC, 0xD40D, 0xD40E,
  0xD42E, 0xD42F, 0xD44F, 0xD46F, 0xB36C, 0x8A48, 0xB3AD, 0x9B4C, 0x61E7, 0x61C7, 0x9268, 0xCBEE,
  0xD44F, 0xD40E, 0xCBED, 0xCBAC, 0xCB6B, 0xCB6B, 0xCB8B, 0xCBAC, 0xCBCD, 0xCBED, 0xCC0E, 0xB3CD,
  0x72CB, 0x6A49, 0x92EA, 0xBBED, 0xA30A, 0x9A8A, 0xC3EE, 0xCBED, 0xCBED, 0xCBED, 0xCBED, 0xC3ED,
  0xAB4B, 0x7A07, 0x6185, 0x8A68, 0xB3CD, 0xB3CD, 0x8207, 0xB36C, 0xC3CD, 0xC3CC, 0xC3AC, 0xC3AC,
  0xC3AC, 0xC3AC, 0xC3AC, 0xC3AC, 0xC3AC, 0xA36C, 0x82EB, 0xB3AC, 0xBBAC, 0xBBAB, 0xC38B, 0xC38B,
  0xC38B, 0xC38B, 0xC38B, 0xC3AB, 0xC3AB, 0xAB29, 0x8A67, 0x9AA8, 0xBB6A, 0xBB4A, 0xBB49, 0xBB4A,
  0xBB49, 0xBB29, 0xBB09, 0xBB49, 0xBB29, 0xB308, 0xAAA7, 0xB2E8, 0xB2E8, 0xB2C7, 0xB2C7, 0xB2A7,
  0xB2A7, 0xAA66, 0xAA87, 0xAAA7, 0xAAA8, 0xAAC8, 0xA2C8, 0xA2A8, 0xA287, 0xAB29, 0xA287, 0xA309,
  0xA309, 0xA34B, 0xA32A, 0xA309, 0xAB4A, 0xA32A, 0xAB4A, 0xABCC, 0xAB8B, 0xB3CD, 0xBC6F, 0xBC4F,
  0xFF9C, 0xFFBC, 0xFF9B, 0xFF9C, 0xFF9C, 0xFF9B, 0xFF5A, 0xFFBC, 0xFF9B, 0xFF5A, 0xFF9B, 0xFF5A,
  0xFF5A, 0xFF39, 0xFF3A, 0xF719, 0xE677, 0xFF9C, 0xFF5A, 0xFF19, 0xFEF8, 0xFEF8, 0xFED8, 0xFEF8,
  0xFED8, 0xFEB7, 0xFED8, 0xFED8, 0xA42F, 0xBCB1, 0xDDD4, 0xFEF8, 0xFE55, 0xFE34, 0xFE13, 0xF613,
  0xF5F3, 0xF613, 0xF613, 0xF635, 0xD5F7, 0x6B2D, 0xD593, 0xF655, 0xF655, 0xFE55, 0xFE76, 0xF675,
  0xF656, 0xFE96, 0xFE76, 0xFE97, 0xFE97, 0xFEB7, 0xE636, 0x9431, 0x9430, 0x8B4D, 0xD5D5, 0x834D,
  0xDDB5, 0xF6B8, 0xF6B8, 0xF6D9, 0xF6B8, 0xF677, 0xF657, 0xF636, 0xF615, 0xF5D4, 0xF616, 0xF677,
  0xF698, 0xF677, 0xF657, 0xF657, 0xF678, 0xF6B9, 0xBC71, 0x938D, 0xE638, 0xB430, 0x5165, 0x938E,
  0x8B4D, 0x7A8A, 0xE617, 0xEEB8, 0xDD74, 0x7228, 0x7229, 0xCD34, 0xEE98, 0xEE57, 0xEE17, 0xE5F6,
  0xE5B5, 0xE5B4, 0xE553, 0xE4D1, 0xE4D1, 0xE532, 0xDD74, 0xBC50, 0x8A69, 0xCCF1, 0xE594, 0xD513,
  0x930B, 0x8A89, 0xCCB0, 0xABCD, 0x6165, 0x7A27, 0xCC90, 0xDD12, 0xDCD1, 0xD4B0, 0xD44E, 0xD3ED,
  0xD3EC, 0xD40E, 0xAB2B, 0x8A48, 0xBBCD, 0xD46F, 0xC40E, 0x8A48, 0x9A68, 0xCBCD, 0xD3ED, 0xD40E,
  0xD40E, 0xD42E, 0xD44E, 0xD44F, 0xCC2F, 0x92A9, 0x92A9, 0xA34C, 0x7A27, 0x7269, 0x7207, 0xB34B,
  0xCC2F, 0xCC2E, 0xCC0E, 0xCBCD, 0xCB8B, 0xCB6B, 0xCB6B, 0xCB6B, 0xCBAC, 0xCBCD, 0xCBED, 0xC3ED,
  0x936D, 0x6ACC, 0x7269, 0xAB6B, 0xABAC, 0x8A69, 0xBB8C, 0xCBED, 0xCBCD, 0xC3CD, 0xC3ED, 0xC3ED,
  0xC3ED, 0xB34B, 0x8247, 0x61A6, 0x8A69, 0xABAD, 0x930A, 0x92A9, 0xC3CD, 0xC3CC, 0xC3CC, 0xC3AC,
  0xC3AC, 0xC3CC, 0xC3AC, 0xC3AC, 0xC3AC, 0xB3AC, 0x932C, 0x9B4C, 0xBB8B, 0xBBAB, 0xBB8B, 0xBB8B,
  0xBB6A, 0xC38A, 0xC38A, 0xC38A, 0xBB8A, 0xBB6A, 0xA2C8, 0x8A47, 0xAB09, 0xBB6A, 0xBB49, 0xBB29,
  0xBB28, 0xBB08, 0xBB08, 0xB2E8, 0xB2E8, 0xB2E8, 0xB2C7, 0xAAA7, 0xB2A7, 0xAA86, 0xA267, 0xAAC8,
  0xAAA8, 0xA2A7, 0xA2A7, 0xA287, 0xA2C8, 0xA2C8, 0xA2C9, 0xA267, 0xA287, 0xAB6B, 0x9AC8, 0xA34A,
  0xA309, 0xA36B, 0xA34B, 0xA309, 0xA34B, 0xAB8C, 0xABAC, 0xABAC, 0xAB6B, 0xBC4F, 0xBC4F, 0xB40D,
  0xFF9B, 0xFF9B, 0xFF9B, 0xFFBC, 0xFF9C, 0xFF9B, 0xFF5A, 0xFF9B, 0xFF9B, 0xFF5A, 0xFF9C, 0xFF5A,
  0xFF5A, 0xFF7B, 0xFF3A, 0xE677, 0xF719, 0xFF7B, 0xFF9B, 0xFF19, 0xFF5A, 0xFF19, 0xFF3A, 0xFED8,
  0xFED7, 0xFED7, 0xFEB7, 0xEE56, 0xBCB0, 0xBCB1, 0xF697, 0xF6D8, 0xFEF9, 0xF655, 0xF634, 0xF613,
  0xF634, 0xF5F3, 0xF613, 0xEE15, 0x9C92, 0xAC50, 0xF634, 0xF634, 0xFE34, 0xFE55, 0xF655, 0xFE75,
  0xF655, 0xF676, 0xFE76, 0xFE76, 0xFE97, 0xFEB7, 0xC575, 0x9411, 0x72EC, 0xDDD5, 0xAC71, 0xB4B2,
  0xF697, 0xF697, 0xF697, 0xF6B8, 0xF6D9, 0xF6B8, 0xF677, 0xF636, 0xF5F5, 0xF5F4, 0xF636, 0xF657,
  0xF6B9, 0xF6B8, 0xF698, 0xF698, 0xF698, 0xEE58, 0x8B0C, 0xC554, 0xD5B6, 0x6A28, 0x72CB, 0xB4B2,
  0x7ACB, 0xA3EE, 0xEEB9, 0xE616, 0x9B4C, 0x61A7, 0xB430, 0xEE78, 0xEE78, 0xEE57, 0xEE37, 0xEDF6,
  0xE5D5, 0xE5D5, 0xE553, 0xE4F1, 0xE4F1, 0xE553, 0xE595, 0xB40F, 0x92CA, 0xD553, 0xDDB5, 0xCCF2,
  0x8AEB, 0x9B0B, 0xCCD1, 0x8ACA, 0x5944, 0xA32C, 0xD512, 0xDD12, 0xDCD1, 0xD4B1, 0xD46F, 0xD42E,
  0xD3ED, 0xD40E, 0xBB8C, 0x8A68, 0xB36C, 0xD46F, 0xC40E, 0x8A68, 0x9268, 0xCBCD, 0xCBED, 0xCBED,
  0xD3ED, 0xD40E, 0xD40E, 0xD46F, 0xCC90, 0xA34C, 0x8248, 0x92EA, 0x8248, 0x8AEB, 0x7289, 0x9289,
  0xCC2E, 0xCC2F, 0xCC0E, 0xCBED, 0xCBAC, 0xCB6B, 0xC34B, 0xC36B, 0xC38C, 0xCBAC, 0xCBCD, 0xC3ED,
  0xB3AD, 0x7B2D, 0x6AEC, 0x82CA, 0xAB8C, 0x92AA, 0xA2EA, 0xC3CD, 0xC3CD, 0xC3EE, 0xC40E, 0xC3ED,
  0xC3CC, 0xBBCC, 0xB36B, 0x8248, 0x61A6, 0x7A48, 0x930B, 0x8269, 0xB38C, 0xC3CD, 0xBBAC, 0xC3AC,
  0xC3CC, 0xC3CC, 0xC3AB, 0xC38B, 0xC3AB, 0xBBCB, 0xA36B, 0x8B0B, 0xAB8B, 0xBB8B, 0xBB8B, 0xBB8B,
  0xBB6A, 0xC38A, 0xBB6A, 0xBB6A, 0xBB29, 0xBB49, 0xB329, 0x9AC8, 0x9A87, 0xB2E8, 0xB329, 0xB308,
  0xB2E8, 0xB2C7, 0xB2C8, 0xB2E8, 0xB2C7, 0xB2A7, 0xAAA7, 0xAA46, 0xA246, 0xA2A8, 0xA2A8, 0xA2C9,
  0xA2A8, 0xA287, 0xA288, 0x9A87, 0xA30A, 0xA2E9, 0x9A88, 0x9A87, 0xA309, 0xA34B, 0x9B0A, 0xA32A,
  0xA30A, 0xA38C, 0xA36B, 0xA309, 0xABEE, 0xAC0E, 0xABAC, 0xAB8B, 0xABAC, 0xBC90, 0xC4F2, 0xBC4F,
  0xFFBC, 0xFF9B, 0xFF9B, 0xFFDC, 0xFFBC, 0xFF7A, 0xFF5A, 0xFF7B, 0xFF9B, 0xFF5B, 0xFF9B, 0xFF7A,
  0xFF39, 0xFF7B, 0xFF5B, 0xEED8, 0xFF39, 0xFF3A, 0xFF9C, 0xFF3A, 0xFF39, 0xFF3A, 0xFF5B, 0xFF19,
  0xFF3A, 0xFED8, 0xFED7, 0xD593, 0xCD73, 0xCD31, 0xFE97, 0xFEB7, 0xFEF9, 0xF676, 0xF655, 0xF634,
  0xF613, 0xF634, 0xF5F3, 0xE5B4, 0x8B6D, 0xEDF4, 0xF614, 0xFE34, 0xFE34, 0xFE35, 0xFE34, 0xFE54,
  0xF655, 0xFE55, 0xFE76, 0xFE76, 0xFE76, 0xF697, 0xACD3, 0x6ACB, 0xBCD2, 0xDDD5, 0x93AE, 0xEE57,
  0xF697, 0xF697, 0xF697, 0xF697, 0xF697, 0xF6B8, 0xFEB8, 0xF656, 0xF5F4, 0xF5D5, 0xF656, 0xF657,
  0xF678, 0xF698, 0xF677, 0xF698, 0xF6B9, 0xC533, 0x936D, 0xDE38, 0xA3CE, 0x59E7, 0xB4F2, 0xB492,
  0x72AA, 0xCD33, 0xEEB9, 0xBC50, 0x6186, 0x934D, 0xE5F6, 0xEE78, 0xEE58, 0xEE37, 0xEE17, 0xEDF6,
  0xEDF6, 0xEDF5, 0xE574, 0xE512, 0xE511, 0xE553, 0xDD94, 0xA3AE, 0x9B2C, 0xDD94, 0xDDB5, 0xC4B2,
  0x82EB, 0xABAD, 0xBC6F, 0x7207, 0x69C6, 0xC430, 0xDD33, 0xDD12, 0xDCD1, 0xDCB1, 0xD490, 0xD44F,
  0xD40D, 0xD40D, 0xC3CD, 0x92CA, 0xA30B, 0xCC70, 0xC42E, 0x8A68, 0x9288, 0xC3ED, 0xCBED, 0xCBED,
  0xCBED, 0xCBED, 0xD44F, 0xD490, 0xD4B0, 0xBBEE, 0x8289, 0x8248, 0x8268, 0x932B, 0x832C, 0x8268,
  0xB38C, 0xCC4F, 0xCC0E, 0xCBEE, 0xCBCD, 0xC3AC, 0xC36B, 0xC36B, 0xC36B, 0xC38C, 0xC3AC, 0xC3CC,
  0xBBCD, 0x9B8D, 0x7B6E, 0x7AEB, 0x9B2A, 0x9B0B, 0x92AA, 0xC3CD, 0xC3ED, 0xC3ED, 0xC3CD, 0xC3CC,
  0xC3CD, 0xC3ED, 0xBBED, 0xB38B, 0x8A68, 0x61A6, 0x6A28, 0x7A69, 0x9AEA, 0xBBCC, 0xC3CC, 0xC3CC,
  0xBBCC, 0xC3AB, 0xC3AB, 0xC38B, 0xBBAB, 0xBBAB, 0xAB6B, 0x932B, 0x9B2A, 0xBB6A, 0xBB6A, 0xBB6A,
  0xBB6A, 0xBB4A, 0xBB49, 0xBB49, 0xBB6A, 0xBB6A, 0xB329, 0xAAE9, 0x9267, 0xA287, 0xB2C8, 0xB2C7,
  0xB2A7, 0xB2A7, 0xB2C7, 0xB2A7, 0xAA87, 0xA246, 0xA287, 0xA266, 0xA2A8, 0x9AA8, 0x9A88, 0x9A88,
  0x9AC8, 0x9A87, 0x9A88, 0x9AA8, 0x9AC9, 0xA2C9, 0x9A88, 0xA2A8, 0xABCD, 0x9B2B, 0x9B2B, 0xA32A,
  0xA30A, 0xA34A, 0xA34B, 0xA30A, 0xBCB1, 0xAC0E, 0xAB8B, 0xB3CC, 0xB42F, 0xC533, 0xCD54, 0xBC4F,
  0xFFDC, 0xFF9B, 0xFF9B, 0xFFDD, 0xFFBC, 0xFF7A, 0xFF5A, 0xFF5A, 0xFF9C, 0xFF9B, 0xFF7A, 0xFF7A,
  0xFF39, 0xFF5A, 0xFF5A, 0xFF7B, 0xFF5A, 0xFF39, 0xFF5A, 0xFF3A, 0xFEF9, 0xFF19, 0xFF39, 0xFF39,
  0xFF3A, 0xFF19, 0xF6B7, 0xC512, 0xDDD5, 0xE5F4, 0xF675, 0xFEB7, 0xF697, 0xF6D8, 0xF655, 0xF654,
  0xF613, 0xF634, 0xF5F4, 0x9BEE, 0xC4D0, 0xF614, 0xF613, 0xF614, 0xF613, 0xF634, 0xF634, 0xF634,
  0xF635, 0xF634, 0xFE55, 0xFE76, 0xF676, 0xEE36, 0x7B6E, 0x832C, 0xEE17, 0xAC50, 0xC533, 0xF6B7,
  0xF697, 0xF676, 0xF656, 0xF676, 0xF677, 0xF677, 0xF656, 0xF636, 0xF5F4, 0xF5F5, 0xF615, 0xF657,
  0xF698, 0xF698, 0xF698, 0xF697, 0xEE57, 0xA3CE, 0xBCF3, 0xCD54, 0x61E7, 0x93EF, 0xDE37, 0x9BCF,
  0x832C, 0xDE16, 0xD594, 0x7229, 0x7269, 0xCD74, 0xEEB9, 0xEE99, 0xEE57, 0xEE17, 0xEE16, 0xEE16,
  0xEDF6, 0xEDB5, 0xE573, 0xE532, 0xE512, 0xE553, 0xDD74, 0x9B8D, 0xAB8D, 0xDDB4, 0xDDB5, 0xBC91,
  0x82EB, 0xB42F, 0xA38D, 0x61A5, 0x8AA9, 0xD512, 0xDD53, 0xDD12, 0xDCD1, 0xDCD1, 0xD490, 0xD46F,
  0xD42E, 0xD40E, 0xCBEE, 0x9B0B, 0x9AEA, 0xC46F, 0xC42E, 0x8A89, 0x9AA9, 0xC3ED, 0xCBED, 0xCBCD,
  0xCBCD, 0xCC0D, 0xCC2E, 0xD42F, 0xD44F, 0xCC4F, 0x930B, 0x7248, 0x8268, 0x9B2B, 0x9BCE, 0x82CB,
  0x9AEA, 0xC40E, 0xCC0E, 0xC3EE, 0xC3CD, 0xCBAC, 0xCB8B, 0xC36B, 0xC34A, 0xC36B, 0xC38C, 0xC3CC,
  0xC3CD, 0xB3AD, 0x83AF, 0x7BAF, 0x932B, 0x930B, 0x8AA9, 0xB38C, 0xC3CC, 0xC3CC, 0xC3CD, 0xC3CD,
  0xC3ED, 0xC3CD, 0xBBCD, 0xBBCC, 0xB38B, 0x8A89, 0x59C7, 0x61E7, 0x8269, 0xBBAC, 0xBBCC, 0xBBAB,
  0xBBAB, 0xBBAB, 0xC38B, 0xBB8B, 0xBBAB, 0xBB8A, 0xBB6A, 0x9B2B, 0x8AEA, 0xB34B, 0xBB6A, 0xBB6A,
  0xBB6A, 0xBB49, 0xBB29, 0xBB49, 0xBB29, 0xBB29, 0xB329, 0xB328, 0x9A88, 0x9226, 0xA286, 0xAAA7,
  0xAAA7, 0xAA87, 0xAA86, 0xA246, 0x9A46, 0x9A67, 0x9A67, 0x9A67, 0x9AA8, 0x9A88, 0x9A88, 0x9AC9,
  0x9AA9, 0x9A87, 0x9A88, 0x9AC9, 0x9AE9, 0x9AA8, 0xA2E9, 0x9AC9, 0xA3CD, 0x9B2A, 0x9B4B, 0xA32B,
  0x9B09, 0xA38C, 0xAB8C, 0xA38C, 0xBCD1, 0xABED, 0xABCC, 0xB42E, 0xBCD1, 0xBCD1, 0xBC4F, 0xBC6F,
  0xFFBC, 0xFF9B, 0xFF9B, 0xFFDD, 0xFF9B, 0xFF7B, 0xFF9B, 0xFF7B, 0xFF9B, 0xFFBC, 0xFF7B, 0xFF7B,
  0xFF39, 0xFF5A, 0xFF5A, 0xFF7A, 0xFF5A, 0xFF5A, 0xFF59, 0xFF39, 0xFF39, 0xFEF8, 0xFF5B, 0xFF7B,
  0xF719, 0xFF3A, 0xF719, 0xC4F1, 0xE615, 0xF676, 0xFEB7, 0xFE76, 0xF696, 0xF6F8, 0xF6F9, 0xF655,
  0xFE55, 0xF634, 0xE5D4, 0x8B8C, 0xF614, 0xF614, 0xF614, 0xF613, 0xFE34, 0xF613, 0xF634, 0xFE34,
  0xF614, 0xF634, 0xFE54, 0xFE55, 0xF676, 0xD574, 0x6ACC, 0xCD33, 0xDDD5, 0x9C0F, 0xEE77, 0xF697,
  0xF676, 0xF676, 0xF656, 0xF656, 0xF676, 0xF656, 0xF656, 0xF615, 0xF5D4, 0xF615, 0xF677, 0xF636,
  0xF656, 0xF677, 0xF698, 0xF6B8, 0xDDB5, 0x938D, 0xC595, 0x9B4C, 0x6A69, 0xD5D6, 0xDDF6, 0x8B4D,
  0x9C30, 0xDE37, 0x9B8D, 0x61C7, 0xAC50, 0xE677, 0xEE98, 0xEE78, 0xEE78, 0xEE57, 0xEE57, 0xEE16,
  0xEDD6, 0xEDB4, 0xE553, 0xE512, 0xE512, 0xE553, 0xD533, 0x9B6D, 0xB3EE, 0xDDB5, 0xDD94, 0xAC50,
  0x830C, 0xB44F, 0x8AAA, 0x61C6, 0xABAD, 0xDD74, 0xDD53, 0xDD32, 0xDD12, 0xDCD1, 0xD490, 0xD490,
  0xD46F, 0xD42E, 0xCC0E, 0xA36C, 0x92EA, 0xC44F, 0xC42F, 0x8A89, 0x9ACA, 0xCC2E, 0xCC0E, 0xCBED,
  0xCBCD, 0xCBED, 0xCBED, 0xCC0E, 0xCC4E, 0xCC6F, 0xA38D, 0x72AB, 0x7A69, 0x9B0A, 0xAC2F, 0x8B4D,
  0x8AA9, 0xBBAD, 0xC40E, 0xC3EE, 0xC3CD, 0xCBCD, 0xC3AC, 0xC36B, 0xC34A, 0xC36B, 0xC38B, 0xC3AC,
  0xC3CC, 0xBBCD, 0x93CF, 0x8C52, 0x93CE, 0x8B2C, 0x8AA9, 0xAB2B, 0xBBCC, 0xC3CC, 0xC3CD, 0xBBAC,
  0xC3CD, 0xC3CC, 0xBBCC, 0xC3CC, 0xBBCC, 0xB38B, 0x8268, 0x61C7, 0x61E7, 0xA34B, 0xBBAC, 0xBBAB,
  0xBBAB, 0xBB8B, 0xBB8B, 0xC38B, 0xBB6A, 0xC38A, 0xBB6A, 0xAB2A, 0x8B0B, 0x9B0A, 0xBB6A, 0xB34A,
  0xBB49, 0xBB49, 0xB308, 0xB309, 0xBB08, 0xB308, 0xB2E8, 0xAAC7, 0xA2C8, 0x9246, 0xA287, 0xAA66,
  0xA266, 0xAA66, 0xA246, 0x9A47, 0x9A87, 0x9A87, 0x9A88, 0x9AC9, 0x9AEA, 0x9267, 0x9AA9, 0x9A88,
  0x9AA8, 0x9AA8, 0x9AA9, 0x9AEA, 0x9AA8, 0x9AA8, 0x92A8, 0xA3CD, 0x9B4B, 0x9B2A, 0xA36B, 0x9B0A,
  0xA34B, 0xABED, 0xA34B, 0xAC2F, 0xB44F, 0xB40E, 0xB42E, 0xB3ED, 0xBCF2, 0xC512, 0xC4B0, 0xC4F1,
  0xFFBC, 0xFFBC, 0xFF9B, 0xFFBC, 0xFF9B, 0xFF7B, 0xFFBC, 0xFF9B, 0xFF9B, 0xFF7B, 0xFF7B, 0xFF9C,
  0xFF7B, 0xFF39, 0xFF7B, 0xFF5A, 0xFF3A, 0xFF5A, 0xFF9B, 0xFF7B, 0xFF19, 0xFF18, 0xFF39, 0xFF7B,
  0xFF5A, 0xF6F8, 0xF71A, 0xCD73, 0xF6D8, 0xF676, 0xFF19, 0xFE96, 0xF696, 0xF676, 0xF719, 0xF696,
  0xF675, 0xF676, 0xAC91, 0xCD11, 0xFE34, 0xF634, 0xF634, 0xF613, 0xFE13, 0xFE34, 0xFE13, 0xF634,
  0xFE34, 0xF614, 0xFE54, 0xFE55, 0xF655, 0xAC71, 0x9C30, 0xE636, 0xAC91, 0xD574, 0xF696, 0xF696,
  0xFE76, 0xF656, 0xF656, 0xF656, 0xF655, 0xF656, 0xF635, 0xF615, 0xF5F4, 0xF5F5, 0xF636, 0xF677,
  0xF656, 0xF676, 0xF697, 0xF697, 0xBC91, 0xA471, 0xBD13, 0x6A29, 0xAC2F, 0xF6D8, 0xC513, 0x830D,
  0xB513, 0xC574, 0x6A29, 0x8B2C, 0xDDF6, 0xEE98, 0xEE98, 0xEE77, 0xEE57, 0xEE36, 0xEE16, 0xEDF6,
  0xEDD5, 0xEDB4, 0xE573, 0xE532, 0xE512, 0xE552, 0xD513, 0x9B6D, 0xBC50, 0xDDD5, 0xDD94, 0xA40F,
  0x936D, 0xAC0F, 0x7A49, 0x7A68, 0xC490, 0xDD53, 0xDD32, 0xDD12, 0xDCF1, 0xDCD1, 0xDCB0, 0xD4B0,
  0xD4B0, 0xD46F, 0xCC2E, 0xB3AE, 0x930B, 0xBC4F, 0xBC2E, 0x8A89, 0xA2EA, 0xCC4F, 0xCC4E, 0xCC0D,
  0xCBED, 0xCBCC, 0xCBCD, 0xCC0D, 0xCC2E, 0xCC4E, 0xABEF, 0x834E, 0x7A8A, 0x930B, 0xB42F, 0x9BCF,
  0x82CB, 0xAB4C, 0xC40E, 0xC3EE, 0xCC0E, 0xC3ED, 0xC3AC, 0xC3AC, 0xC36B, 0xC36B, 0xC36B, 0xC38B,
  0xC3AC, 0xC3CC, 0xB3CD, 0x94B3, 0x9493, 0x8B8E, 0x82A9, 0xA2C9, 0xBBCC, 0xC3CC, 0xBBAC, 0xBBCC,
  0xBBCC, 0xC3CC, 0xBBCC, 0xBBCC, 0xBBAB, 0xBBEC, 0xAB6B, 0x7A68, 0x59E7, 0x7269, 0xAB6B, 0xBB8B,
  0xBB8B, 0xBB8B, 0xBB6A, 0xBB6A, 0xBB6A, 0xBB6A, 0xBB4A, 0xB329, 0x9B0A, 0x92EA, 0xAB2A, 0xB34A,
  0xB329, 0xB309, 0xB2E8, 0xBB08, 0xB2C7, 0xB2A7, 0xAA87, 0xAAC7, 0xA287, 0x9A67, 0x9226, 0xA246,
  0x9A25, 0x9A46, 0x9A87, 0x9A88, 0x9A67, 0x9A68, 0x9A67, 0x9B2B, 0x92C9, 0x9AA8, 0x9AA9, 0x9267,
  0x9B0A, 0x9B0A, 0x9AC9, 0x9AE9, 0x9AA8, 0x9AE9, 0x9B0A, 0xA40E, 0x9B4B, 0xA36B, 0x9B4B, 0x9B4B,
  0xABCD, 0xA36B, 0xABED, 0xAC0E, 0xABED, 0xABCC, 0xB40D, 0xBC4F, 0xCDD6, 0xCD53, 0xC4D1, 0xCD32,
  0xFFBC, 0xFFBC, 0xFF9B, 0xFFBC, 0xFFBC, 0xFF7A, 0xFFBC, 0xFFBC, 0xFFBC, 0xFF7B, 0xFF5A, 0xFF9C,
  0xFFBC, 0xFF5A, 0xFF7B, 0xFF7A, 0xFF5A, 0xFF3A, 0xFF5A, 0xFF9B, 0xFF5A, 0xFF18, 0xFF5A, 0xFF3A,
  0xFF7B, 0xF719, 0xF6D8, 0xDDF4, 0xFF19, 0xF6D8, 0xFEF8, 0xFED8, 0xF676, 0xF6B7, 0xF696, 0xF6F9,
  0xF6B8, 0xEE36, 0x93EE, 0xF614, 0xFE55, 0xF614, 0xF655, 0xF613, 0xF5F3, 0xFE13, 0xFE13, 0xFE13,
  0xF613, 0xFE33, 0xFE13, 0xFE55, 0xE5D4, 0x93CF, 0xCD53, 0xDDD5, 0x9C2F, 0xF635, 0xF675, 0xFE76,
  0xF676, 0xF655, 0xF655, 0xF655, 0xF655, 0xF635, 0xF635, 0xF614, 0xF5D4, 0xF614, 0xF635, 0xF656,
  0xF676, 0xF676, 0xF676, 0xEE15, 0x9BEF, 0xB534, 0x8B6D, 0x7AEB, 0xDDB5, 0xF6D8, 0xAC50, 0x834E,
  0xC575, 0x938E, 0x72AA, 0xBCF2, 0xEE37, 0xEE57, 0xEE77, 0xEE57, 0xEE36, 0xEE16, 0xEE16, 0xEDF5,
  0xEDD5, 0xEDB4, 0xE573, 0xE553, 0xE532, 0xE552, 0xCCF2, 0x9B6D, 0xC491, 0xE5D5, 0xD574, 0x9BCF,
  0x9BF0, 0x9C10, 0x728A, 0x932B, 0xD532, 0xDD53, 0xDD33, 0xDD12, 0xDCF1, 0xDCD1, 0xDCB0, 0xD4D1,
  0xD4D1, 0xD490, 0xD44F, 0xB3EF, 0x934D, 0xB42F, 0xBC2F, 0x8AA9, 0xA30B, 0xCC6F, 0xCC4F, 0xCC2E,
  0xCBED, 0xCBCC, 0xCBCC, 0xCBED, 0xCC0D, 0xCC4E, 0xB42F, 0x8BD0, 0x7AEC, 0x932B, 0xB40E, 0xA430,
  0x8B2C, 0x9AEA, 0xBBED, 0xC42F, 0xC40E, 0xC3ED, 0xC3CC, 0xC3AC, 0xC38B, 0xC36B, 0xC36B, 0xC38B,
  0xC38B, 0xC3AC, 0xBBAC, 0xA492, 0x9CF5, 0x9410, 0x82EB, 0x9289, 0xB3AC, 0xBBAC, 0xBBAC, 0xBBAC,
  0xBBCC, 0xBBCC, 0xBBCC, 0xBBCC, 0xBBAB, 0xBBCB, 0xBBAB, 0x9B2A, 0x7269, 0x6228, 0x82A9, 0xAB6B,
  0xB36B, 0xBB6A, 0xBBCC, 0xBB8B, 0xBB6A, 0xBB6A, 0xB349, 0xB329, 0xA30A, 0x92C9, 0xA309, 0xAB09,
  0xB308, 0xB2E8, 0xB2C8, 0xB2A7, 0xAA86, 0xAA87, 0xAAA7, 0xA287, 0xA2A7, 0xA2A8, 0x9226, 0x9226,
  0x9247, 0x9288, 0x9AA9, 0x9288, 0x9A88, 0x9268, 0x9268, 0x9B4C, 0x92C9, 0x9AC9, 0x9288, 0x9268,
  0x9AC9, 0x9B4B, 0x9AC9, 0x9AC8, 0x9AC9, 0x9AEA, 0xA40F, 0xA38D, 0x9B4B, 0x9B4B, 0xA38C, 0xA3CD,
  0xAB8C, 0xA34A, 0xB4B1, 0xAC0D, 0xB44F, 0xB46F, 0xBCD1, 0xBCB0, 0xCE37, 0xCD94, 0xC512, 0xD5F6,
  0xFF9B, 0xFFBC, 0xFF9B, 0xFFBC, 0xFFBC, 0xFF7B, 0xFF9B, 0xFFBC, 0xFFBC, 0xFFBC, 0xFF5A, 0xFF5A,
  0xFF9C, 0xFF7B, 0xFF5A, 0xFF7A, 0xFF7B, 0xFF5A, 0xFF5A, 0xFF5A, 0xFF7B, 0xFF19, 0xFF3A, 0xFF9C,
  0xFF7B, 0xFF5A, 0xEE97, 0xEE97, 0xF6F9, 0xFF3A, 0xFED8, 0xFF19, 0xF6B6, 0xF696, 0xFEB7, 0xFED8,
  0xF719, 0xC553, 0xB4D1, 0xF635, 0xFE55, 0xF634, 0xF614, 0xF676, 0xF654, 0xF5F3, 0xFDD2, 0xFE13,
  0xFE13, 0xF613, 0xF634, 0xF613, 0xBCD1, 0xA450, 0xDDB5, 0xBCB1, 0xC512, 0xFE75, 0xFE76, 0xF655,
  0xF635, 0xF635, 0xF635, 0xF655, 0xF635, 0xF635, 0xF614, 0xF5F4, 0xF5D3, 0xF5F4, 0xF635, 0xF676,
  0xF656, 0xF676, 0xF676, 0xD553, 0x9C31, 0xACF4, 0x7269, 0xAC4F, 0xEE77, 0xEE98, 0x9C10, 0x93CF,
  0xACB2, 0x7ACB, 0xA430, 0xE616, 0xEE57, 0xEE37, 0xEE36, 0xEE36, 0xEE36, 0xEE16, 0xEE15, 0xEDF5,
  0xEDD5, 0xE5B4, 0xE593, 0xE573, 0xE552, 0xE552, 0xC4B1, 0x9B6D, 0xC4D1, 0xE5D5, 0xCD33, 0x93AE,
  0x9C92, 0x9471, 0x7B0C, 0xABEE, 0xDDB4, 0xDD94, 0xDD53, 0xDD32, 0xDD12, 0xDCF1, 0xDCB0, 0xD4B0,
  0xD4B0, 0xD490, 0xD46F, 0xBC4F, 0x93CF, 0xAC50, 0xB42F, 0x8ACA, 0xA32B, 0xCC6F, 0xCC6F, 0xCC4E,
  0xCC0D, 0xCBED, 0xCBED, 0xCBED, 0xCC0D, 0xCC2E, 0xBC4F, 0x9431, 0x838F, 0x9B4B, 0xB3CD, 0xAC30,
  0x8BAE, 0x8ACA, 0xB3CD, 0xC40E, 0xC40D, 0xC3ED, 0xC3ED, 0xC3AC, 0xC3AC, 0xC38B, 0xBB6B, 0xBB6B,
  0xBB8B, 0xBB8B, 0xBBAC, 0xAC2F, 0x9CD4, 0x9472, 0x8B6D, 0x8A69, 0xB36B, 0xBBAC, 0xBBAC, 0xBBAC,
  0xBBAC, 0xBBCC, 0xBBCC, 0xBBAB, 0xBB8B, 0xBBAB, 0xBB8B, 0xB38B, 0x8AEA, 0x6A69, 0x6A49, 0x8AC9,
  0xAB4A, 0xB34A, 0xB36B, 0xB34A, 0xB349, 0xB329, 0xB329, 0xB309, 0xAB4A, 0x92C9, 0x9AC9, 0xB309,
  0xB2E8, 0xAAA7, 0xAA87, 0xAA87, 0xA287, 0xA2A8, 0xA287, 0xA287, 0xA287, 0xA2A7, 0x9226, 0x8A27,
  0x92A9, 0x92A8, 0x9288, 0x92A8, 0x92A8, 0x9288, 0x9288, 0x9B6C, 0x92C9, 0x9288, 0x9288, 0x92C9,
  0x9AEA, 0x9B0A, 0x9AC9, 0x9AE9, 0x9AE9, 0x9B0A, 0xAC30, 0x9B4B, 0xA36C, 0xA3AC, 0xA38C, 0xABAC,
  0xAB6B, 0xAB8C, 0xB491, 0xAC2E, 0xBD13, 0xBCB1, 0xBCF2, 0xBD12, 0xCDF7, 0xCD53, 0xCDF6, 0xDE57,
  0xFF9B, 0xFFBC, 0xFFBC, 0xFFBC, 0xFFBC, 0xFF9B, 0xFF7A, 0xFFBC, 0xFF9B, 0xFF9C, 0xFF7B, 0xFF9B,
  0xFF7B, 0xFFBC, 0xFF7A, 0xFF39, 0xFF39, 0xFF5A, 0xFF5A, 0xFF9C, 0xFF5A, 0xFF5A, 0xFF18, 0xFF7B,
  0xFF7B, 0xF73A, 0xEE97, 0xF719, 0xFF19, 0xF6D8, 0xFEF8, 0xF6D7, 0xFEB7, 0xFE96, 0xF696, 0xFED8,
  0xFEF8, 0xA450, 0xE656, 0xF676, 0xF655, 0xF634, 0xF614, 0xF634, 0xF676, 0xF613, 0xF5F3, 0xF5D2,
  0xFDD2, 0xF5F3, 0xF5F3, 0xEDB2, 0x9C0F, 0xBCF2, 0xD574, 0xA430, 0xEDF4, 0xF634, 0xF655, 0xF655,
  0xF634, 0xF634, 0xF634, 0xF635, 0xF635, 0xF634, 0xF614, 0xF5F3, 0xF5D3, 0xF5F4, 0xF614, 0xF635,
  0xF676, 0xF6B7, 0xF697, 0xB4B1, 0xA4B3, 0x8BCF, 0x8B2C, 0xD5B4, 0xF6D7, 0xDE16, 0x93AE, 0x9BEF,
  0x836D, 0x8B6E, 0xD594, 0xF6D8, 0xF6D9, 0xF698, 0xEE36, 0xEE36, 0xEE36, 0xEE16, 0xEE15, 0xEDF5,
  0xEDD4, 0xE593, 0xE573, 0xE573, 0xE552, 0xE552, 0xBC91, 0x9B8E, 0xCCF2, 0xE5D5, 0xC4F2, 0x93CF,
  0xAD14, 0x94B2, 0x8B4D, 0xC490, 0xDD94, 0xDD73, 0xDD53, 0xDD52, 0xDD12, 0xDD12, 0xDCD1, 0xD4D0,
  0xD4B0, 0xD4B0, 0xD490, 0xC470, 0x9C31, 0xA450, 0xAC30, 0x8B0B, 0xAB6C, 0xCC6F, 0xCC6F, 0xCC4F,
  0xCC2E, 0xCC0D, 0xCBED, 0xCBED, 0xCC0D, 0xCC2E, 0xC44F, 0x9C51, 0x9431, 0xA38C, 0xB3AC, 0xABEE,
  0x93CF, 0x830C, 0xAB6C, 0xC40D, 0xC40D, 0xC3ED, 0xC3ED, 0xC3CC, 0xC3AC, 0xC3AC, 0xBB8B, 0xBB6B,
  0xBB6B, 0xBB8B, 0xBB8B, 0xB3CD, 0x9C51, 0x9C71, 0x93CE, 0x8A89, 0xAB2A, 0xBB8C, 0xBB8B, 0xBB8B,
  0xBBAB, 0xBBAB, 0xBBAB, 0xBB8B, 0xBB8B, 0xBB8B, 0xBB8A, 0xBB6A, 0x9B0A, 0x7A89, 0x6A49, 0x6A48,
  0x92C9, 0xAB2A, 0xB34A, 0xB329, 0xB308, 0xB309, 0xB309, 0xB2E8, 0xAB09, 0xA2C9, 0x9288, 0xAAC8,
  0xAA87, 0xA226, 0xA266, 0xA2A8, 0xA287, 0xA287, 0x9A67, 0x9A67, 0x9A46, 0x9226, 0x9267, 0x8A88,
  0x92A9, 0x92A8, 0x9268, 0x92C9, 0x9AC9, 0x9268, 0x92A9, 0x92EA, 0x92A9, 0x92A9, 0x92A9, 0x92E9,
  0x9AC9, 0x92A8, 0x9AE9, 0x9B0A, 0x9B4B, 0x9B4B, 0xAC50, 0xA38C, 0xAC0F, 0xA36B, 0xA36B, 0xABAC,
  0xAB2A, 0xAC0E, 0xB470, 0xC533, 0xCDB6, 0xB470, 0xB490, 0xD617, 0xD5D5, 0xC4D1, 0xDEBA, 0xD5F6,
  0xFF9B, 0xFF9B, 0xFFBC, 0xFF9C, 0xFFBC, 0xFF9B, 0xFF9B, 0xFF9B, 0xFF7B, 0xFF9B, 0xFF7B, 0xFFBC,
  0xFF9B, 0xFF9B, 0xFF7A, 0xFF39, 0xFF5A, 0xFF7B, 0xFF5A, 0xFF7B, 0xFF9B, 0xFF39, 0xFEF8, 0xFF39,
  0xFF9B, 0xFF7C, 0xF6D8, 0xFF5A, 0xFF3A, 0xFF19, 0xFEF8, 0xFF3A, 0xFED8, 0xFEB7, 0xFE96, 0xFEB7,
  0xEE56, 0xB4D1, 0xF697, 0xF6B7, 0xF719, 0xF6B7, 0xF634, 0xF614, 0xF655, 0xF676, 0xF613, 0xF614,
  0xF614, 0xEDD3, 0xF5F4, 0xD552, 0x9C0F, 0xD533, 0xC4D1, 0xB4B1, 0xF634, 0xF634, 0xF614, 0xF614,
  0xF634, 0xF614, 0xF613, 0xF614, 0xF634, 0xF614, 0xF614, 0xF5F3, 0xF5B3, 0xF5D3, 0xF614, 0xF635,
  0xF635, 0xF676, 0xEE35, 0x9C51, 0xA472, 0x7B0C, 0xBCB1, 0xEE76, 0xF6B7, 0xD5B5, 0x936D, 0x832C,
  0x7AEC, 0xB491, 0xE656, 0xEE77, 0xEE56, 0xEE56, 0xEE56, 0xEE77, 0xEE77, 0xEE56, 0xEDF5, 0xEDD4,
  0xEDB4, 0xE573, 0xE573, 0xE573, 0xE573, 0xE553, 0xBC91, 0x9BAF, 0xCCF2, 0xE5D5, 0xBCB1, 0x9C30,
  0xB575, 0x9472, 0x9BAE, 0xCD12, 0xDD93, 0xDD73, 0xDD53, 0xDD32, 0xDD32, 0xDD12, 0xDCF1, 0xD4B0,
  0xD4B0, 0xD4B0, 0xD490, 0xC470, 0xAC71, 0xA430, 0xAC50, 0x932B, 0xB3AD, 0xCC8F, 0xCC6F, 0xCC4F,
  0xCC4E, 0xCC2E, 0xCC0D, 0xCBED, 0xCBED, 0xCC0D, 0xC44E, 0xAC72, 0x9CB3, 0x9BCE, 0xBBAC, 0xB3AD,
  0x9BEF, 0x832D, 0x9B0B, 0xC3ED, 0xC3ED, 0xBBED, 0xC3ED, 0xC3CC, 0xC3CC, 0xC3CC, 0xBBAB, 0xBB6B,
  0xBB6A, 0xBB6A, 0xBB8B, 0xB38B, 0x9BAE, 0x93EF, 0x93CE, 0x8ACA, 0xA30A, 0xB38B, 0xBB8B, 0xBB8B,
  0xBB8B, 0xBB8B, 0xBBAB, 0xBB6A, 0xBB6A, 0xBB6A, 0xBB6A, 0xBB8B, 0xA309, 0x8288, 0x82A9, 0x7249,
  0x7A48, 0x9AC9, 0xAAE8, 0xB2E8, 0xB309, 0xB2E8, 0xB2E9, 0xB2C8, 0xAAE8, 0xA2C8, 0x9A87, 0xA267,
  0xA226, 0xA246, 0xA2C9, 0x9A88, 0x9A88, 0x9A67, 0x9A47, 0x9A26, 0x9A67, 0x9AA9, 0x9267, 0x92A9,
  0x92A9, 0x9288, 0x92A9, 0x9AC9, 0x9267, 0x9268, 0x9B2B, 0x9AEA, 0x92C9, 0x92C9, 0x92C9, 0x9AEA,
  0x92C9, 0x9AE9, 0x9AE9, 0xA36B, 0xA38C, 0xA3AD, 0xAC0F, 0xA3EE, 0xA3AD, 0xA36B, 0xAB8B, 0xAB4A,
  0xAB8C, 0xBD13, 0xBCF2, 0xC574, 0xC575, 0xB46F, 0xC512, 0xDEDA, 0xCD94, 0xCD94, 0xDE58, 0xD5F6,
  0xFFBC, 0xFF9B, 0xFF9B, 0xFF9B, 0xFFDC, 0xFFBC, 0xFFBC, 0xFFBC, 0xFF7B, 0xFF9B, 0xFF7B, 0xFF9B,
  0xFFBC, 0xFFBD, 0xFF7A, 0xFF39, 0xFF39, 0xFF9B, 0xFF9C, 0xFF5A, 0xFFBC, 0xFF9B, 0xFF19, 0xFF19,
  0xFF7B, 0xFFBD, 0xF739, 0xFF19, 0xFF7B, 0xF719, 0xFEF8, 0xFED8, 0xFEF8, 0xFF19, 0xFED8, 0xFEB7,
  0xCD32, 0xDDD4, 0xF6B7, 0xF6F9, 0xF676, 0xF73A, 0xF6D7, 0xF635, 0xF614, 0xF635, 0xF635, 0xF614,
  0xF614, 0xF676, 0xEDF4, 0xBCB0, 0xB491, 0xD552, 0xAC30, 0xDD93, 0xFE34, 0xF634, 0xF613, 0xF613,
  0xF614, 0xF614, 0xF613, 0xF613, 0xF5F4, 0xF614, 0xF5F4, 0xF5F3, 0xF5D3, 0xF5D3, 0xF5F4, 0xF614,
  0xF635, 0xF655, 0xDDB4, 0x9C51, 0x8BF1, 0x93CF, 0xE5F4, 0xF696, 0xF677, 0xCD33, 0x82EB, 0x6A8A,
  0x93AE, 0xDDB5, 0xEE77, 0xEE56, 0xEE56, 0xEE36, 0xEE36, 0xEE36, 0xEE36, 0xEE15, 0xEDF5, 0xEDF4,
  0xEDD4, 0xE5B4, 0xE5D4, 0xE5D4, 0xE5D4, 0xE5B4, 0xBCB2, 0xA3EF, 0xCD12, 0xDDB4, 0xB491, 0x9C71,
  0xAD35, 0x9410, 0xAC0F, 0xD552, 0xDD73, 0xDD73, 0xDD73, 0xDD73, 0xDD53, 0xDD12, 0xDCF1, 0xD4D0,
  0xD4B0, 0xD4B0, 0xD48F, 0xCC90, 0xB491, 0x9C30, 0xA430, 0x934C, 0xB3ED, 0xCC6F, 0xCC6F, 0xCC6F,
  0xCC4E, 0xCC2E, 0xCC0D, 0xCBED, 0xCBED, 0xCC0D, 0xC42E, 0xB4B2, 0xA515, 0xA430, 0xBBCC, 0xBBCC,
  0xA3AE, 0x8B4D, 0x8AEA, 0xBBCD, 0xC3ED, 0xC3ED, 0xBBEC, 0xC3EC, 0xC3EC, 0xBBCC, 0xBBAC, 0xBB6B,
  0xBB6A, 0xBB6B, 0xBB8B, 0xB38B, 0xA36C, 0x8B8D, 0x938D, 0x8AEA, 0x9AC9, 0xB38B, 0xBB8B, 0xBB8B,
  0xB36B, 0xB38B, 0xBB8A, 0xBB6A, 0xBB8A, 0xBB8B, 0xBB6A, 0xB34A, 0xA2E9, 0x8A68, 0xA30A, 0x8289,
  0x7228, 0x8267, 0xA2C8, 0xAAE8, 0xAAC8, 0xAAE8, 0xAAC8, 0xAAA7, 0xAAC8, 0xA2A7, 0x9A46, 0x9A05,
  0xA246, 0x9267, 0x9AE9, 0x9A67, 0x9A67, 0x9246, 0x9226, 0x9A88, 0x9AC9, 0x9288, 0x9247, 0x92A9,
  0x8A68, 0x92C9, 0x9AC9, 0x9288, 0x9B0A, 0x9268, 0x9B4B, 0x9AEA, 0x92C9, 0x92A8, 0x9B6C, 0x9B0A,
  0x9AEA, 0x9B4B, 0x9AC9, 0xA38D, 0xA38D, 0xAC50, 0xA3CE, 0xA3AD, 0xAB8C, 0xAB6B, 0xAB8B, 0xB42F,
  0xB42F, 0xBD74, 0xC574, 0xC553, 0xC4F1, 0xC533, 0xCD94, 0xD5D5, 0xC511, 0xD616, 0xD616, 0xE6DA,
  0xFFBC, 0xFFBC, 0xFF9B, 0xFF9B, 0xFFDC, 0xFFDC, 0xFFBC, 0xFFDC, 0xFF9B, 0xFFBC, 0xFF7B, 0xFF9B,
  0xFFBC, 0xFFBC, 0xFF9B, 0xFF5A, 0xFF39, 0xFF7B, 0xFFBC, 0xFF7B, 0xFF9C, 0xFFBC, 0xFF5A, 0xFF18,
  0xFF39, 0xFF9C, 0xFF9C, 0xF718, 0xFF9B, 0xF739, 0xF6F8, 0xFED7, 0xFED7, 0xFF39, 0xFF19, 0xFED8,
  0xBCF1, 0xEE35, 0xF697, 0xFF19, 0xF6D8, 0xF696, 0xFEF8, 0xF676, 0xF655, 0xF635, 0xF634, 0xF634,
  0xF614, 0xEE13, 0xEE14, 0xA44F, 0xD532, 0xD512, 0xA42F, 0xEDF3, 0xF634, 0xF613, 0xF614, 0xF5F3,
  0xF614, 0xF655, 0xF634, 0xF614, 0xF5F3, 0xF5F3, 0xF5F3, 0xF5D3, 0xF5F3, 0xF5D3, 0xF5D3, 0xF614,
  0xF634, 0xF635, 0xD574, 0x9431, 0x83B1, 0xBCD2, 0xEE56, 0xF676, 0xF656, 0xC4F2, 0x6A8A, 0x6A8B,
  0xAC70, 0xEE16, 0xF656, 0xEE56, 0xEE56, 0xEE36, 0xEE35, 0xEE15, 0xEE15, 0xEE15, 0xEDF5, 0xEDD4,
  0xEDB4, 0xE593, 0xE5B3, 0xE5B4, 0xE5B4, 0xE593, 0xBCD2, 0xA410, 0xD532, 0xDD94, 0xAC91, 0x9C71,
  0xA4B3, 0x93CF, 0xBC90, 0xDD93, 0xDD73, 0xDD94, 0xDDB4, 0xDD73, 0xDD52, 0xDD32, 0xDCF1, 0xD4D0,
  0xD4B0, 0xD48F, 0xD48F, 0xCC90, 0xB491, 0x9C30, 0x9BF0, 0x936D, 0xBC0E, 0xCC8F, 0xCC6F, 0xCC6F,
  0xCC4E, 0xCC2E, 0xCC0D, 0xCC0D, 0xCBED, 0xCC0D, 0xCC2E, 0xB4B1, 0xA535, 0xA451, 0xBBCC, 0xC3CC,
  0xABAD, 0x8B4D, 0x82EB, 0xB38C, 0xBBED, 0xC3ED, 0xC3ED, 0xBBEC, 0xBBCC, 0xBBCC, 0xBBAB, 0xBB8B,
  0xBB6A, 0xBB8B, 0xBBAB, 0xBB8B, 0xAB4B, 0x8B4C, 0x936C, 0x930A, 0x92A9, 0xB36B, 0xB36B, 0xB36A,
  0xBB8B, 0xBB8B, 0xBB4A, 0xBB4A, 0xBB6A, 0xBB6A, 0xBB4A, 0xB349, 0xA2E9, 0x8A68, 0xA2E9, 0x92E9,
  0x7A48, 0x7A47, 0x92A8, 0xA2C8, 0xAAC8, 0xAAC8, 0xAAA7, 0xAA87, 0xA287, 0xA266, 0x9A26, 0x9A26,
  0x9A67, 0x9AA9, 0x9AA8, 0x9A88, 0x9267, 0x9247, 0x92A8, 0x9288, 0x92A9, 0x9289, 0x9267, 0x92EA,
  0x92A9, 0x9B4C, 0x9AA9, 0x9AEA, 0x92C9, 0x9288, 0xA36C, 0x92E9, 0x9AEA, 0x8AA8, 0x9B2B, 0x9B2A,
  0x9B0A, 0xA34B, 0x9B2A, 0xA38C, 0xA38C, 0xB4B1, 0xA3EE, 0xA38C, 0xABAC, 0xAB6B, 0xB42E, 0xB4B1,
  0xB46F, 0xCDD6, 0xC574, 0xCDF6, 0xBC90, 0xD617, 0xCDD5, 0xD594, 0xC4F1, 0xD616, 0xE6B9, 0xEF1A,
  0xFF9B, 0xFFDC, 0xFF9B, 0xFF9B, 0xFFBC, 0xFFBC, 0xFFBC, 0xFFBC, 0xFF9B, 0xFFBC, 0xFF9B, 0xFF7B,
  0xFFBC, 0xFF9B, 0xFF7B, 0xFF5A, 0xFF7A, 0xFF3A, 0xFF7B, 0xFFBC, 0xFF7B, 0xFFBC, 0xFF7A, 0xFF39,
  0xFF39, 0xFF7B, 0xFFBD, 0xFF7B, 0xFF5A, 0xFFBD, 0xF719, 0xFF18, 0xFEF8, 0xFEF8, 0xF6F8, 0xEEB8,
  0xD5B4, 0xF6B7, 0xF697, 0xF696, 0xFF5B, 0xF6B7, 0xF697, 0xFED8, 0xF696, 0xF697, 0xF676, 0xF635,
  0xF614, 0xF634, 0xE593, 0xA44F, 0xE5B3, 0xCCD1, 0xBC70, 0xF5F3, 0xF634, 0xF635, 0xF5F3, 0xF5F3,
  0xF5F3, 0xF613, 0xF613, 0xF634, 0xF634, 0xF614, 0xF5F3, 0xF5D3, 0xF5D3, 0xF5F3, 0xF5D3, 0xF5F3,
  0xF614, 0xEE15, 0xBCF3, 0x83D1, 0x9411, 0xDDB4, 0xEE76, 0xF676, 0xF655, 0xBC91, 0x6249, 0x834D,
  0xCD33, 0xEE56, 0xF636, 0xEE36, 0xEE35, 0xEE35, 0xEE15, 0xEE15, 0xEDF5, 0xEDF5, 0xEDF4, 0xEDD4,
  0xEDB3, 0xE593, 0xE593, 0xE5B3, 0xE593, 0xE593, 0xB4D2, 0xA410, 0xD532, 0xD573, 0xA450, 0x9431,
  0x93F0, 0x9BCE, 0xCD11, 0xDD93, 0xDD93, 0xDD93, 0xDD73, 0xDD52, 0xDD32, 0xDD11, 0xDCF1, 0xD4D0,
  0xD4B0, 0xD48F, 0xD48F, 0xCC90, 0xBC91, 0x9C30, 0x8B8F, 0x9B6D, 0xBC2E, 0xCC8F, 0xCC8F, 0xCC6F,
  0xCC6E, 0xCC4E, 0xCC4E, 0xCC2D, 0xCC0D, 0xCC0D, 0xC40D, 0xBC90, 0xA4F4, 0xA451, 0xBBCC, 0xC3EC,
  0xBBAC, 0x8B4C, 0x82EB, 0xA34B, 0xBBED, 0xBBED, 0xBBEC, 0xBBCC, 0xBBCC, 0xBBCC, 0xBBAB, 0xBB6B,
  0xBB8B, 0xBB8B, 0xBB8B, 0xB36B, 0xB36B, 0x9B4B, 0x8B2B, 0x930A, 0x9288, 0xAB4A, 0xB34A, 0xB36A,
  0xB36A, 0xBB4A, 0xBB4A, 0xBB6A, 0xBB4A, 0xB329, 0xB329, 0xB329, 0xA2E9, 0x8A68, 0xA2E9, 0xAB09,
  0x92A8, 0x7A48, 0x8247, 0x9A87, 0xA2A7, 0xA287, 0xA287, 0xA246, 0xA246, 0xA287, 0x9A87, 0x9246,
  0x9AEA, 0x9288, 0x92A8, 0x9247, 0x9267, 0x9288, 0x9288, 0x92A9, 0x92A9, 0x9268, 0x92C9, 0xA34C,
  0x9AE9, 0x9AC9, 0x9AC9, 0x9AC9, 0x9AC9, 0x9B0A, 0xA36B, 0x9B2B, 0x92EA, 0x92E9, 0xA36C, 0x9B2B,
  0x9B2A, 0xA36C, 0xA34B, 0xA36B, 0xA3CD, 0xB4F2, 0xABEE, 0xABAC, 0xAB8C, 0xABAC, 0xC554, 0xB470,
  0xB470, 0xCE58, 0xC595, 0xC595, 0xBC6F, 0xD658, 0xD616, 0xD5B4, 0xD594, 0xE6FA, 0xEEFA, 0xE698,
  0xFF9B, 0xFFDC, 0xFFBC, 0xFF9B, 0xFF9B, 0xFFBC, 0xFFBC, 0xFFBC, 0xFF9B, 0xFF9B, 0xFF7B, 0xFF9B,
  0xFF9C, 0xFFBC, 0xFF9B, 0xFF5A, 0xFF7B, 0xFF5A, 0xFF5A, 0xFF7B, 0xFF7A, 0xFF7B, 0xFF5A, 0xFF5A,
  0xFF39, 0xFF9C, 0xFF7B, 0xFF7B, 0xFF39, 0xFF7B, 0xFF3A, 0xFEF8, 0xFF19, 0xFF5B, 0xF73A, 0xDE16,
  0xF6B7, 0xF6F9, 0xF696, 0xF696, 0xF6B7, 0xFF3B, 0xF696, 0xF6B7, 0xF676, 0xF697, 0xF71A, 0xF6D9,
  0xF6B8, 0xEE77, 0xCD31, 0xBCD1, 0xF5D3, 0xBC90, 0xD4F1, 0xFDF3, 0xF5F3, 0xF5F3, 0xF5F3, 0xF5F3,
  0xF5D2, 0xF5D3, 0xF5F3, 0xF613, 0xF5F3, 0xF5F3, 0xF5F3, 0xF5D3, 0xF5D2, 0xF5D2, 0xF5D3, 0xF5D3,
  0xF5F3, 0xEDF4, 0xAC92, 0x83D0, 0xB4B1, 0xEE14, 0xEE55, 0xEE35, 0xF635, 0xAC50, 0x6AAB, 0xA410,
  0xE5F5, 0xEE56, 0xF635, 0xEE15, 0xEE15, 0xEE15, 0xEE15, 0xEE15, 0xEDF4, 0xEDF4, 0xEDF4, 0xEDD4,
  0xE5B3, 0xE592, 0xE593, 0xE593, 0xE5B3, 0xE593, 0xBCD2, 0xAC30, 0xD552, 0xD552, 0x9C10, 0x93EF,
  0x8B6E, 0xAC0F, 0xDD52, 0xDD93, 0xDD72, 0xDD72, 0xDD52, 0xDD52, 0xDD32, 0xDD11, 0xDD11, 0xDD11,
  0xD4D0, 0xD4B0, 0xD4AF, 0xD4AF, 0xBCB1, 0x9C51, 0x836E, 0x9B8D, 0xC44E, 0xCC8F, 0xCC8F, 0xCC8F,
  0xCC6F, 0xCC6E, 0xCC4E, 0xCC2D, 0xCC0D, 0xCC0C, 0xC40D, 0xBC4F, 0xA4B2, 0xA430, 0xBBCC, 0xC40C,
  0xC3CC, 0x9B6C, 0x830B, 0x9B0B, 0xBBCC, 0xBBEC, 0xBBCC, 0xBBCC, 0xBBAB, 0xBBAB, 0xBBAB, 0xBB6A,
  0xBB8B, 0xBB6A, 0xBB6A, 0xB36A, 0xB38B, 0x9B2A, 0x8AEA, 0x92EA, 0x9288, 0xAB29, 0xB34A, 0xB36A,
  0xB36A, 0xB34A, 0xB329, 0xB329, 0xB329, 0xB308, 0xB309, 0xAB09, 0x9AC8, 0x8A68, 0xA2E8, 0xAB08,
  0xA2C8, 0x8A88, 0x7A27, 0x8A46, 0xA267, 0xA246, 0x9A46, 0x9A66, 0x9A67, 0x9A87, 0x9A47, 0x92CA,
  0x9AC9, 0x9288, 0x8A67, 0x92A9, 0x92A8, 0x9288, 0x92A9, 0x92A9, 0x9267, 0x9268, 0x9B0A, 0x9B2B,
  0x9AC9, 0x9AA9, 0x92A8, 0x92E9, 0x9AEA, 0x9B4B, 0xA38C, 0x9B4B, 0x92C9, 0x9B8C, 0x9B2B, 0x9B2B,
  0x9B2B, 0xA38C, 0xA38C, 0xA38C, 0xB4B1, 0xAC70, 0xA38C, 0xAB8C, 0xAB6B, 0xB44F, 0xC554, 0xB42E,
  0xC554, 0xD679, 0xC574, 0xC4F2, 0xC4F1, 0xDE78, 0xDE16, 0xD573, 0xEEFA, 0xEF3B, 0xE6DA, 0xE657,
  0xFFBC, 0xFFDC, 0xFFBC, 0xFFBC, 0xFF9B, 0xFF9B, 0xFFBC, 0xFFDD, 0xFFDC, 0xFF9B, 0xFF7A, 0xFFBC,
  0xFFBC, 0xFF9C, 0xFFBC, 0xFFBC, 0xFF5A, 0xFF9B, 0xFF5A, 0xFF5A, 0xFF9B, 0xFF9B, 0xFF9C, 0xFF5A,
  0xFF19, 0xFF5A, 0xFF5B, 0xFF5A, 0xFF7B, 0xFF19, 0xFF5A, 0xFF5A, 0xFED8, 0xFEF8, 0xFF3A, 0xDE15,
  0xFF39, 0xF6D8, 0xF6D7, 0xFED8, 0xF6B7, 0xF6D8, 0xF719, 0xF676, 0xF6B7, 0xF655, 0xF676, 0xF6B7,
  0xEEB8, 0xEEFA, 0xC4F2, 0xD552, 0xF5F4, 0xBC70, 0xE593, 0xF613, 0xF5D2, 0xF5F3, 0xF5D2, 0xF5D2,
  0xF5D3, 0xF5D2, 0xF5B2, 0xF5B2, 0xF5D3, 0xF5D2, 0xF5D2, 0xF5B2, 0xF5B2, 0xF5B2, 0xF5B2, 0xF5D2,
  0xF5F3, 0xDD93, 0x9431, 0x8BEF, 0xD552, 0xEE34, 0xEE34, 0xEE34, 0xEE15, 0xA430, 0x836E, 0xC4F2,
  0xEE56, 0xF656, 0xF656, 0xEE35, 0xEE35, 0xEE15, 0xEDF4, 0xEDD4, 0xEDF4, 0xEDF4, 0xEDF4, 0xEDD4,
  0xE5B3, 0xE572, 0xE592, 0xE5B3, 0xE5B4, 0xE5B4, 0xBCF2, 0xAC50, 0xD552, 0xD532, 0x9BEF, 0x8B8E,
  0x8B4D, 0xBC90, 0xDD73, 0xDD72, 0xDD52, 0xDD52, 0xDD32, 0xDD32, 0xDD11, 0xDD11, 0xDD11, 0xD511,
  0xD4F0, 0xD4D0, 0xD4AF, 0xD4AF, 0xC4B0, 0xA472, 0x838E, 0x9B8D, 0xC46F, 0xCC8F, 0xCC8F, 0xCC6F,
  0xCC6E, 0xCC6E, 0xCC4E, 0xCC2D, 0xCC0D, 0xCBEC, 0xC3EC, 0xBC0E, 0xA470, 0xA40F, 0xBBCC, 0xC40C,
  0xC3EC, 0xAB6C, 0x8B0C, 0x930B, 0xB3AC, 0xBBCC, 0xBBAB, 0xBBAB, 0xBB8B, 0xBBAB, 0xBB8A, 0xBB8A,
  0xBB8A, 0xBB6A, 0xBB6A, 0xB38A, 0xB36A, 0xA32A, 0x8AEA, 0x92C9, 0x92A9, 0xAB09, 0xB34A, 0xB34A,
  0xB329, 0xB329, 0xB308, 0xB2E8, 0xB2E8, 0xB309, 0xAAE8, 0xAAE8, 0xA2A8, 0x8A68, 0xA2C8, 0xAA87,
  0xAAA7, 0x9A87, 0x8247, 0x81E6, 0x9227, 0x9A67, 0x9A67, 0x9A88, 0x9247, 0x9A88, 0x9267, 0x9B0A,
  0x9268, 0x8A27, 0x9AEA, 0x92A9, 0x92A9, 0x92A9, 0x92C9, 0x9289, 0x9288, 0x930A, 0x9AEA, 0x92C9,
  0x92A9, 0x92A9, 0x92C9, 0x9B2B, 0x9B0A, 0x9B6C, 0xA3AD, 0x9B0A, 0x9AEA, 0x9B0A, 0x9B4B, 0x9B4B,
  0xA38C, 0xA34B, 0xAB8C, 0xA34B, 0xBCF2, 0xABED, 0xABCD, 0xAB8C, 0xB490, 0xBD33, 0xB4B1, 0xB46F,
  0xD617, 0xC594, 0xCDB6, 0xC4F1, 0xD5F6, 0xDE57, 0xD593, 0xDE16, 0xE6FA, 0xDE98, 0xEEFA, 0xEED9,
  0xFFBC, 0xFFDC, 0xFFBC, 0xFFDD, 0xFFBC, 0xFF7A, 0xFFBC, 0xFFDC, 0xFFDD, 0xFFDC, 0xFF9B, 0xFF9B,
  0xFFDD, 0xFF9B, 0xFFBC, 0xFFDC, 0xFF7B, 0xFF9B, 0xFF7B, 0xFF39, 0xFF5A, 0xFF9B, 0xFFDD, 0xFF9B,
  0xFF19, 0xFF19, 0xFF19, 0xFF3A, 0xFF9C, 0xFF5A, 0xFF19, 0xFF5A, 0xFF19, 0xFEF8, 0xF6D8, 0xF6B7,
  0xFF3A, 0xFF5B, 0xFEB7, 0xFED8, 0xFEB7, 0xFEB7, 0xFED8, 0xF697, 0xF676, 0xFE96, 0xF676, 0xF696,
  0xF697, 0xF6B8, 0xB490, 0xE615, 0xEDD4, 0xC4D1, 0xEDF4, 0xF655, 0xF614, 0xF5D2, 0xF5D2, 0xF5D2,
  0xF5D2, 0xF5B2, 0xF5D2, 0xF5B2, 0xF5B1, 0xF5B2, 0xF5D3, 0xF5D2, 0xF5D2, 0xF5D2, 0xF5B2, 0xF5D2,
  0xF5D3, 0xC533, 0x8C11, 0xA430, 0xE5D3, 0xEE34, 0xF614, 0xEE14, 0xE5D5, 0x9C11, 0x93EF, 0xDDB3,
  0xEE14, 0xEE14, 0xEE14, 0xEE14, 0xEDF4, 0xEDF4, 0xEDF4, 0xEDD3, 0xEDB3, 0xEDD3, 0xEDB3, 0xEDB3,
  0xED92, 0xE572, 0xE572, 0xE593, 0xE5B3, 0xE5B3, 0xBCF2, 0xAC50, 0xD532, 0xCCF1, 0x93CF, 0x836E,
  0x938D, 0xCCF1, 0xDD73, 0xDD72, 0xDD72, 0xDD52, 0xDD32, 0xDD31, 0xDD11, 0xDD11, 0xDD11, 0xDD11,
  0xD4F0, 0xD4D0, 0xD4AF, 0xD48F, 0xC4B0, 0xA471, 0x8BCF, 0x9B8D, 0xCC6E, 0xCC8F, 0xCC8F, 0xCC6E,
  0xCC4E, 0xCC6E, 0xCC4E, 0xCC2D, 0xCC0D, 0xCC0C, 0xC40C, 0xBBED, 0xA40F, 0xA3CE, 0xBBAC, 0xC40C,
  0xC40C, 0xB38B, 0x932C, 0x8B0B, 0xAB6B, 0xBB8B, 0xBB8A, 0xBBAB, 0xBBCB, 0xBB8B, 0xBB6A, 0xBB6A,
  0xBB49, 0xB36A, 0xBB8B, 0xB36A, 0xB34A, 0xAB2A, 0x92EA, 0x8AC9, 0x9289, 0xA2E9, 0xB329, 0xB329,
  0xB308, 0xB2E8, 0xB2E8, 0xB308, 0xB2E8, 0xAAE8, 0xAAE8, 0xAAE8, 0xA2A8, 0x8A47, 0xA287, 0xAA87,
  0xA287, 0x9A67, 0x8A26, 0x8227, 0x8247, 0x9267, 0x9267, 0x9267, 0x9247, 0x9247, 0x92A9, 0x9267,
  0x8A68, 0x9AC9, 0x92E9, 0x92C9, 0x9288, 0x9B0A, 0x92C9, 0x92A9, 0x8A68, 0x9B6C, 0x9B4B, 0x92E9,
  0x92C9, 0x92C9, 0x9B0B, 0x9B6C, 0x9AEA, 0x9B8C, 0x9B6C, 0x9AEA, 0x9B2A, 0xA3AD, 0xA3AC, 0xA36C,
  0xA36B, 0xAB8B, 0xA34B, 0xAB8C, 0xBCD2, 0xABCD, 0xAB8C, 0xB470, 0xBD33, 0xC533, 0xB44F, 0xCD74,
  0xCDD6, 0xCDD6, 0xD638, 0xCD11, 0xDE37, 0xCD73, 0xE6B9, 0xE6B9, 0xE6DA, 0xF77D, 0xEEFA, 0xEF7C,
  0xFFBC, 0xFFDD, 0xFFBC, 0xFFDC, 0xFFDD, 0xFF9B, 0xFFBC, 0xFFBC, 0xFFBC, 0xFFDC, 0xFFBB, 0xFF9B,
  0xFFDD, 0xFFBC, 0xFFBC, 0xFFDD, 0xFFBC, 0xFF9B, 0xFF9B, 0xFF7A, 0xFF7A, 0xFF5A, 0xFF7B, 0xFFDD,
  0xFF5A, 0xFF39, 0xFF5A, 0xFF5A, 0xFF39, 0xFF7B, 0xFF7A, 0xFF39, 0xFF7B, 0xFF19, 0xFF19, 0xFF7B,
  0xF719, 0xF75B, 0xFEF8, 0xFED8, 0xFF3A, 0xFF3A, 0xF6B7, 0xFF19, 0xF6B7, 0xF696, 0xF675, 0xFE96,
  0xF676, 0xEE56, 0xC532, 0xEEB7, 0xEE15, 0xD552, 0xF6B8, 0xF6B6, 0xEEB8, 0xEE14, 0xF5F3, 0xF5D2,
  0xF5D3, 0xF5D2, 0xF5B1, 0xF5B1, 0xF5D2, 0xF5B2, 0xF5B2, 0xF5B2, 0xF5D2, 0xF5B2, 0xF5D2, 0xF5D2,
  0xEDB3, 0xACF3, 0x8C11, 0xB470, 0xEDF3, 0xF613, 0xF613, 0xEE14, 0xD553, 0x8BCF, 0xAC2F, 0xEDD3,
  0xEDF4, 0xEDF3, 0xEDD3, 0xEDD3, 0xEDD3, 0xEDD3, 0xEDD3, 0xEDD3, 0xEDD3, 0xEDD3, 0xEDB3, 0xEDB3,
  0xE592, 0xE572, 0xE572, 0xE572, 0xE592, 0xDD72, 0xBCF2, 0xAC50, 0xD511, 0xC4B0, 0x8BAE, 0x834D,
  0xA3EE, 0xD531, 0xDD72, 0xDD72, 0xDD52, 0xDD52, 0xDD52, 0xDD31, 0xDD11, 0xDD11, 0xD511, 0xD4F0,
  0xD4F0, 0xD4D0, 0xD4AF, 0xD4AF, 0xCCAF, 0xA450, 0x8BCF, 0x9B6C, 0xC44E, 0xCC6E, 0xCC6E, 0xCC4E,
  0xCC4E, 0xCC4E, 0xCC4D, 0xCC2D, 0xCC2D, 0xC40D, 0xC40C, 0xBBEC, 0xA3CE, 0xA3AD, 0xB3AC, 0xC3EC,
  0xC40C, 0xBBCB, 0x9B4B, 0x8B2B, 0xA34B, 0xBBCC, 0xBBEC, 0xBBCB, 0xBB8B, 0xB34A, 0xBB4A, 0xBB4A,
  0xB329, 0xBB8B, 0xB36A, 0xB36A, 0xB36A, 0xB329, 0x9AE9, 0x8AA9, 0x9288, 0x9AC8, 0xAB08, 0xAAE8,
  0xB2E8, 0xB2E8, 0xB2E8, 0xAAE8, 0xAAC8, 0xAAC8, 0xAAC8, 0xA2A7, 0x9A67, 0x8A27, 0xA267, 0xA246,
  0xA246, 0x9A26, 0x92A8, 0x8A68, 0x7A47, 0x8A67, 0x9A67, 0x9267, 0x8A27, 0x92A9, 0x9268, 0x92A9,
  0x92E9, 0x92A9, 0x92C9, 0x92A9, 0x92A9, 0x92EA, 0x92E9, 0x92A9, 0x9B0B, 0x9B4B, 0x930A, 0x9AEA,
  0x92C9, 0x92C9, 0x9B2A, 0x9B4B, 0x9AE9, 0xA3AD, 0x9B0A, 0x9B0A, 0xAC70, 0xA38C, 0xA36B, 0xA36B,
  0xABAC, 0xAC2F, 0xABEE, 0xAC0E, 0xBCF2, 0xB3EE, 0xABED, 0xC574, 0xBCD2, 0xB42E, 0xBCF2, 0xCD74,
  0xDE78, 0xCDB5, 0xC532, 0xCD11, 0xD5D5, 0xE699, 0xEF1B, 0xEF7C, 0xEF5C, 0xF7BE, 0xEEFA, 0xF7DE,
  0xFFBC, 0xFFDD, 0xFFBC, 0xFFDC, 0xFFBC, 0xFFBC, 0xFFBC, 0xFFBC, 0xFFBC, 0xFFBC, 0xFF9B, 0xFF7B,
  0xFFBC, 0xFFBC, 0xFF9B, 0xFFDD, 0xFFBC, 0xFFBC, 0xFF9C, 0xFF9B, 0xFF5A, 0xFF9B, 0xFF7A, 0xFF7B,
  0xFF7B, 0xFF18, 0xFF5A, 0xFF9C, 0xFF9C, 0xFF5A, 0xFF3A, 0xFF7B, 0xFF19, 0xFEF8, 0xFEF8, 0xFF7B,
  0xFF9C, 0xFF19, 0xFF19, 0xFEB6, 0xFEF8, 0xFF7B, 0xFF9C, 0xF6D8, 0xF6F9, 0xF6B7, 0xF675, 0xF675,
  0xF676, 0xE615, 0xD552, 0xF6D9, 0xEE76, 0xE593, 0xEE35, 0xF6D8, 0xF697, 0xF6F9, 0xEE97, 0xEE35,
  0xF5D2, 0xF5F3, 0xF5D2, 0xF5B2, 0xF5B2, 0xF5B2, 0xF5B2, 0xF5B2, 0xF5B2, 0xF591, 0xF5D2, 0xF5D2,
  0xE5B4, 0xA492, 0x8BCF, 0xD4D0, 0xF5D3, 0xF5D3, 0xF5D2, 0xEDD3, 0xBCB1, 0x730C, 0xAC0E, 0xEDB2,
  0xEDD3, 0xEDD3, 0xEDD3, 0xEDD3, 0xEDD3, 0xEDB3, 0xEDB2, 0xEDB2, 0xEDB2, 0xEDB2, 0xED92, 0xED92,
  0xE592, 0xE572, 0xE572, 0xE592, 0xE592, 0xE572, 0xC4D1, 0xAC30, 0xCCF1, 0xBC6F, 0x8B6E, 0x834D,
  0xB42F, 0xDD51, 0xDD51, 0xDD51, 0xDD31, 0xDD31, 0xDD31, 0xDD10, 0xDD10, 0xD510, 0xD4F0, 0xD4F0,
  0xD4F0, 0xD4F0, 0xD4AF, 0xD4AF, 0xCCAF, 0xAC0F, 0x8B8E, 0xA36C, 0xC40D, 0xCC4E, 0xCC6E, 0xCC6E,
  0xCC6E, 0xCC6E, 0xCC4E, 0xCC2D, 0xC42D, 0xC40C, 0xC3EC, 0xBBCC, 0xA3AD, 0xA38D, 0xB38B, 0xC3EC,
  0xC3EC, 0xBBCB, 0xA34B, 0x932B, 0x9B4B, 0xBBCC, 0xBB8B, 0xBB6A, 0xBB4A, 0xB329, 0xB329, 0xB349,
  0xB36A, 0xB36A, 0xB34A, 0xB349, 0xB329, 0xAB09, 0x9AE9, 0x82A9, 0x8A88, 0x9A88, 0xAAC8, 0xAAE8,
  0xAAC8, 0xAAE8, 0xAAE8, 0xAAA8, 0xAAC8, 0xAAA7, 0xA287, 0xA266, 0x9246, 0x8A26, 0x9A67, 0xA267,
  0x9A67, 0x9AC9, 0x92C9, 0x8A88, 0x8248, 0x8247, 0x8A47, 0x9268, 0x9288, 0x92EA, 0x92EA, 0x92C9,
  0x92A9, 0x92A9, 0x92A9, 0x9288, 0x92EA, 0x92C9, 0x9B0B, 0x92A9, 0x9B4B, 0xA38D, 0x9AEA, 0x92E9,
  0x92C9, 0x9B4B, 0x9B8C, 0x9B4B, 0x9AEA, 0xA40F, 0x9B0A, 0xAC50, 0xABEE, 0xA38C, 0xA38C, 0xABAC,
  0xAC4F, 0xB4B2, 0xABED, 0xB490, 0xBD12, 0xB46F, 0xB42E, 0xBCF2, 0xBCF1, 0xC4F1, 0xD679, 0xCDD5,
  0xCD74, 0xCD53, 0xD553, 0xD5B4, 0xE6DA, 0xE6FA, 0xF7BE, 0xEF3B, 0xEF7D, 0xF75C, 0xEF3B, 0xF75C,
  0xFFBC, 0xFFDD, 0xFF9B, 0xFFDC, 0xFFBC, 0xFFBB, 0xFFDC, 0xFFBC, 0xFFBC, 0xFF9C, 0xFF9B, 0xFF9B,
  0xFF9B, 0xFF9B, 0xFF9B, 0xFFBC, 0xFF9C, 0xFFBC, 0xFFBC, 0xFF9B, 0xFF9B, 0xFF7A, 0xFFDD, 0xFF9B,
  0xFF7B, 0xFF5A, 0xFF39, 0xFF39, 0xFF7B, 0xFF7A, 0xFF18, 0xFF3A, 0xFF5A, 0xFF7A, 0xFED7, 0xFEF8,
  0xFF9C, 0xFF7B, 0xFF3A, 0xFEF8, 0xF6B6, 0xFED8, 0xFF5B, 0xFFBD, 0xF719, 0xF6F9, 0xFED7, 0xF675,
  0xF676, 0xDD94, 0xE5D3, 0xF676, 0xF6B8, 0xEE35, 0xF655, 0xF613, 0xF696, 0xF696, 0xEE97, 0xF6D9,
  0xEE97, 0xEDF4, 0xF5F4, 0xF5F3, 0xF5B1, 0xED91, 0xF591, 0xF591, 0xF591, 0xED71, 0xED91, 0xEDB2,
  0xCD53, 0x9431, 0x9BCF, 0xE571, 0xEDF4, 0xEDB2, 0xEDD2, 0xE551, 0x9BCF, 0x72AA, 0xABCD, 0xE571,
  0xEDB2, 0xEDB2, 0xEDB2, 0xEDB2, 0xED92, 0xED92, 0xED92, 0xED71, 0xED71, 0xED72, 0xE572, 0xE571,
  0xE571, 0xE551, 0xE551, 0xE571, 0xE592, 0xE572, 0xC4B1, 0xAC0F, 0xCCF1, 0xB42E, 0x834D, 0x8B6D,
  0xBC4F, 0xDD31, 0xDD31, 0xDD31, 0xDD31, 0xDD10, 0xDD10, 0xDCF0, 0xDCF0, 0xD4F0, 0xD4F0, 0xD4F0,
  0xD4F0, 0xD4AF, 0xD4AF, 0xD48F, 0xCC8E, 0xABEE, 0x8B4D, 0xA38D, 0xC40D, 0xCC6E, 0xCC6E, 0xCC4D,
  0xCC4E, 0xCC4E, 0xC42D, 0xCC2D, 0xC42D, 0xC40C, 0xC3EC, 0xBBCB, 0xA38C, 0x9B6C, 0xB36B, 0xC3CB,
  0xC3CB, 0xBBCB, 0xAB6B, 0x932B, 0x930A, 0xB34A, 0xBB6A, 0xB329, 0xB329, 0xBB6A, 0xBB8A, 0xB36A,
  0xB329, 0xB349, 0xB309, 0xB309, 0xB309, 0xAAE8, 0xA2C9, 0x8AA9, 0x8A68, 0x9288, 0xAAC8, 0xAAE8,
  0xAAE8, 0xAAC8, 0xAAC7, 0xAA87, 0xA267, 0xA246, 0xA246, 0x9A25, 0x9226, 0x9247, 0x9A67, 0x9AA8,
  0x9AC9, 0x92C9, 0x9288, 0x8A68, 0x7A27, 0x8247, 0x9268, 0x9288, 0x92EA, 0x92C9, 0x92EA, 0x92C9,
  0x92C9, 0x92A9, 0x9288, 0x92EA, 0x92EA, 0x92A9, 0x92C9, 0x92C9, 0x9B6C, 0x9B4C, 0x9AE9, 0x930A,
  0x9B4C, 0x9B8C, 0x9B2B, 0x9B0A, 0x9B0A, 0xABEE, 0xABEE, 0xAC2F, 0xA3AD, 0xA34B, 0xABCD, 0xABEE,
  0xBD13, 0xB42E, 0xABAC, 0xB490, 0xB44F, 0xB42E, 0xC595, 0xCDF6, 0xBCB0, 0xC512, 0xBD12, 0xCD94,
  0xD5F6, 0xD5D5, 0xD5B4, 0xE6B9, 0xE6B9, 0xE6FA, 0xF77D, 0xF77D, 0xF77D, 0xF75C, 0xEF1B, 0xF77C,
  0xFFBC, 0xFFDC, 0xFF9B, 0xFFBC, 0xFFBC, 0xFF9B, 0xFFBC, 0xFFDC, 0xFFBC, 0xFFDC, 0xFF9B, 0xFF9C,
  0xFFDC, 0xFF9B, 0xFF9B, 0xFF9B, 0xFF7B, 0xFF9B, 0xFFDD, 0xFF9B, 0xFFBC, 0xFF9B, 0xFF9B, 0xFF9C,
  0xFF9B, 0xFF5A, 0xFF39, 0xFF39, 0xFF39, 0xFF7B, 0xFF9C, 0xFF19, 0xFF19, 0xFF7B, 0xFF5A, 0xFED7,
  0xFEF8, 0xFF9C, 0xFF7B, 0xFF19, 0xFEB6, 0xFEB7, 0xF6B7, 0xF719, 0xFF9C, 0xF719, 0xF73A, 0xF6D8,
  0xF676, 0xD573, 0xEDF4, 0xF655, 0xF676, 0xF6D9, 0xF677, 0xF655, 0xF614, 0xF676, 0xF697, 0xEE55,
  0xEE97, 0xF6D8, 0xF614, 0xEDF4, 0xEE35, 0xF5F3, 0xF5B2, 0xED71, 0xED91, 0xF5B2, 0xED91, 0xE592,
  0xB4D1, 0x8B8E, 0xB42E, 0xE570, 0xEDD2, 0xEE14, 0xEDD3, 0xCCD0, 0x8B6D, 0x8B2C, 0xABED, 0xE551,
  0xED91, 0xED71, 0xED71, 0xED71, 0xED71, 0xED71, 0xED71, 0xED71, 0xE591, 0xE592, 0xE571, 0xE571,
  0xE571, 0xE551, 0xE551, 0xE551, 0xE551, 0xE551, 0xC4B0, 0xAC0E, 0xC4D0, 0xA3CD, 0x834D, 0x938D,
  0xC48F, 0xDD31, 0xDD10, 0xDD10, 0xDD10, 0xDD10, 0xDD10, 0xDCF0, 0xDCF0, 0xDCF0, 0xD4CF, 0xD4CF,
  0xD4AF, 0xD48E, 0xD48E, 0xD48E, 0xCC6E, 0xA3CE, 0x8B2C, 0xA38D, 0xC40D, 0xCC2D, 0xCC4D, 0xCC4D,
  0xCC2D, 0xCC2D, 0xC40D, 0xCC0C, 0xC40C, 0xC3EC, 0xC3EC, 0xBBCB, 0xA36C, 0x9B4C, 0xB36A, 0xBBAB,
  0xC3CC, 0xC3EC, 0xBBAB, 0x930A, 0x930A, 0xAB29, 0xB36A, 0xBB6A, 0xB36A, 0xB34A, 0xB329, 0xB329,
  0xB329, 0xB309, 0xB308, 0xB2E8, 0xAAE8, 0xAB09, 0xA2E9, 0x8A88, 0x8A68, 0x9267, 0xA2C8, 0xAAC8,
  0xAAC8, 0xAAA7, 0xA266, 0xA266, 0xA246, 0x9A25, 0x9226, 0x9267, 0x9267, 0x9287, 0x9AEA, 0x9288,
  0x9AC9, 0x9288, 0x8A67, 0x8A68, 0x92A9, 0x8A68, 0x8A48, 0x92A9, 0x930A, 0x930A, 0x92EA, 0x92EA,
  0x9288, 0x92A8, 0x9B4B, 0x9B4B, 0x92C9, 0x92C9, 0x92A9, 0x9B6C, 0x9B8C, 0x9B4B, 0x9B2B, 0x938D,
  0x9B6C, 0x9B2A, 0xA34B, 0x9AE9, 0x9B4B, 0x9B4B, 0xAC70, 0xAC0E, 0xA36B, 0xABCD, 0xAC0E, 0xB4D2,
  0xB44F, 0xB3CD, 0xABAC, 0xB44F, 0xBC90, 0xBCF2, 0xCD95, 0xC4F2, 0xB44F, 0xCD95, 0xD658, 0xE73C,
  0xDE16, 0xCD31, 0xEEFB, 0xEF5C, 0xEF1B, 0xE698, 0xEF1A, 0xF79D, 0xEF1A, 0xEEB8, 0xF75B, 0xFFDE,
  0xFFBC, 0xFFDC, 0xFFDC, 0xFFBC, 0xFF9B, 0xFF9B, 0xFF9B, 0xFFDC, 0xFFBC, 0xFFBC, 0xFFBC, 0xFF9B,
  0xFFDD, 0xFFDD, 0xFFBC, 0xFFBC, 0xFF7B, 0xFF9B, 0xFFBC, 0xFFDD, 0xFF9B, 0xFFBC, 0xFF7B, 0xFF7B,
  0xFF9B, 0xFF7B, 0xFF39, 0xFF3A, 0xFF7B, 0xFF7B, 0xFFBC, 0xFF9C, 0xFF39, 0xFF19, 0xFF9C, 0xFF7B,
  0xFF39, 0xF6F8, 0xFF9C, 0xFF5A, 0xFF19, 0xF6B7, 0xF6D8, 0xF696, 0xFF19, 0xFF5B, 0xF6F9, 0xF73A,
  0xF6D8, 0xDDB4, 0xEE56, 0xF676, 0xF655, 0xF697, 0xF6B7, 0xF697, 0xF676, 0xF614, 0xF655, 0xF6B7,
  0xEE76, 0xF655, 0xF6B8, 0xEE15, 0xEDD3, 0xF614, 0xF5F3, 0xF5D3, 0xF592, 0xED91, 0xED91, 0xDD72,
  0xA450, 0x8B6D, 0xCC8F, 0xE550, 0xED91, 0xED91, 0xE551, 0xB42F, 0x9BCD, 0xABEE, 0xB3ED, 0xE510,
  0xE571, 0xED51, 0xED30, 0xED71, 0xED71, 0xED71, 0xED71, 0xED71, 0xE571, 0xE571, 0xE571, 0xE551,
  0xE550, 0xE530, 0xE530, 0xE530, 0xE551, 0xDD31, 0xC48F, 0xABEE, 0xBC8F, 0x9B8D, 0x8B4D, 0xA3AD,
  0xCC8F, 0xDD10, 0xDD10, 0xDCF0, 0xDCF0, 0xDCF0, 0xDCF0, 0xDCF0, 0xDCCF, 0xD4AF, 0xD4AF, 0xD48E,
  0xD48E, 0xD48E, 0xD48E, 0xD46E, 0xCC4D, 0xA38D, 0x8B2C, 0xA38C, 0xC3EC, 0xC3EC, 0xCC0C, 0xCC2D,
  0xCC2D, 0xC40C, 0xCC0C, 0xC3EC, 0xC3EC, 0xC3CB, 0xC3AB, 0xBBAB, 0xA36B, 0x9B4B, 0xAB6B, 0xBBEC,
  0xBBEC, 0xBBAB, 0xB36A, 0x9B0A, 0x930A, 0xA309, 0xB36A, 0xB36A, 0xB34A, 0xB329, 0xB309, 0xB309,
  0xB329, 0xB309, 0xB309, 0xB309, 0xAAE8, 0xAB09, 0xA2E9, 0x9288, 0x8268, 0x9267, 0xA2C8, 0xA2A7,
  0xA287, 0xA246, 0xA246, 0xA246, 0x9A26, 0x9226, 0x9267, 0x9268, 0x9247, 0x92A9, 0x92A9, 0x9288,
  0x9288, 0x92A9, 0x92C9, 0x92EA, 0x92E9, 0x8A88, 0x8A47, 0x92CA, 0x92EA, 0x930A, 0x8A88, 0x92A9,
  0x92EA, 0x92A9, 0x930A, 0x92EA, 0x92EA, 0x92C9, 0x92EA, 0x9B6C, 0xA38C, 0x9B4B, 0x9B4C, 0x9B6C,
  0x9B4B, 0x9B2B, 0x9B0A, 0xA30A, 0xABEE, 0xAC2F, 0xB4B1, 0xA36B, 0xA3AC, 0xAC2F, 0xB470, 0xB491,
  0xB3ED, 0xB3CC, 0xB44F, 0xC512, 0xBC6F, 0xC553, 0xBCB0, 0xBCB0, 0xD617, 0xDEBA, 0xE6FB, 0xD616,
  0xD573, 0xD5D5, 0xEF1B, 0xE698, 0xE698, 0xEEFA, 0xF7BE, 0xF7BD, 0xE6B8, 0xF73A, 0xFFDE, 0xFFDE,
  0xFFBC, 0xFFBC, 0xFFDD, 0xFFBC, 0xFF9B, 0xFFBC, 0xFF9B, 0xFFBC, 0xFFDD, 0xFFDC, 0xFFBC, 0xFF9B,
  0xFF9C, 0xFFDD, 0xFFDD, 0xFFDC, 0xFF7B, 0xFF9B, 0xFF9B, 0xFFDD, 0xFFBC, 0xFFBC, 0xFFDD, 0xFF9B,
  0xFFBC, 0xFF9C, 0xFF9B, 0xFF39, 0xFF5A, 0xFF5A, 0xFF9C, 0xFFDE, 0xFF5A, 0xFF5A, 0xF6F8, 0xFF5A,
  0xFF5A, 0xFF7B, 0xFF19, 0xF719, 0xFF5A, 0xFEF8, 0xFEF8, 0xF6D7, 0xF6B7, 0xFF19, 0xFF5B, 0xF6F9,
  0xF6F9, 0xDDD4, 0xF73A, 0xF719, 0xEE76, 0xF676, 0xF697, 0xF697, 0xF676, 0xF676, 0xF635, 0xF655,
  0xF6F9, 0xF6B7, 0xF677, 0xF6FA, 0xF676, 0xEDF4, 0xEDF4, 0xEDD3, 0xEDD2, 0xEDB2, 0xED91, 0xD532,
  0x93CF, 0x9BAD, 0xDCEF, 0xE530, 0xE550, 0xED50, 0xDD10, 0xAC0E, 0xC48F, 0xBC6F, 0xBC4E, 0xE571,
  0xE551, 0xED50, 0xE52F, 0xED51, 0xED50, 0xEDB2, 0xEDB3, 0xED92, 0xED92, 0xED92, 0xE571, 0xE551,
  0xE530, 0xE530, 0xE530, 0xE530, 0xE530, 0xDD30, 0xCC8F, 0xABED, 0xB42E, 0x934C, 0x8B6D, 0xA3AD,
  0xCC8F, 0xDD10, 0xDCF0, 0xDCF0, 0xDCEF, 0xDCCF, 0xDCCF, 0xD4AF, 0xD4AE, 0xD48E, 0xD4AE, 0xD48E,
  0xD46E, 0xD46E, 0xD44D, 0xD44D, 0xC42D, 0xA36C, 0x8B0C, 0xA36B, 0xC3CC, 0xC3CC, 0xC3EC, 0xCC0C,
  0xCC0C, 0xC3EC, 0xC3CB, 0xC3CB, 0xC3EC, 0xC3EC, 0xC3EB, 0xBBCC, 0xA34B, 0x9B2B, 0xAB2A, 0xBB8B,
  0xBB8A, 0xBB6A, 0xBB6A, 0xA309, 0x930A, 0xA2EA, 0xB329, 0xB329, 0xB309, 0xB308, 0xB309, 0xB329,
  0xB309, 0xAAE8, 0xAAE8, 0xAAE8, 0xAAE8, 0xAAE8, 0xA2C8, 0x9288, 0x8248, 0x8A47, 0x9A67, 0xA267,
  0xA267, 0xA287, 0x9A67, 0x9A46, 0x9247, 0x92A8, 0x92A8, 0x92A9, 0x9268, 0x92A9, 0x92A9, 0x930A,
  0x930A, 0x92E9, 0x92E9, 0x92EA, 0x92C9, 0x8AA9, 0x8A88, 0x92EA, 0x92C9, 0x92C9, 0x930B, 0x930A,
  0x92EA, 0x92C9, 0x930A, 0x9B2B, 0x930A, 0x92EA, 0x930A, 0xAC0F, 0xA38C, 0x9B6C, 0x9B4B, 0x9B6B,
  0x9B2A, 0x9B2A, 0xA34B, 0xABAC, 0xAC2F, 0xB470, 0xA3AC, 0xABED, 0xB491, 0xAC4F, 0xBCF2, 0xB3ED,
  0xB3ED, 0xB42E, 0xCDB6, 0xBC90, 0xBC6F, 0xD637, 0xCD53, 0xD5D5, 0xDE78, 0xCDF6, 0xDE37, 0xDDF5,
  0xCD73, 0xEEFA, 0xE6D9, 0xE6D9, 0xEF3B, 0xF77C, 0xF7DE, 0xEF3B, 0xF71A, 0xF77C, 0xFFBD, 0xFFDE,
  0xFFBC, 0xFFDC, 0xFFDD, 0xFFDC, 0xFF9B, 0xFFDD, 0xFFBB, 0xFF9B, 0xFFDD, 0xFFFD, 0xFFBC, 0xFF9C,
  0xFFBC, 0xFF9B, 0xFFDC, 0xFFFD, 0xFF9B, 0xFF7B, 0xFF9B, 0xFF9B, 0xFFBC, 0xFF9B, 0xFFBC, 0xFFBC,
  0xFF9C, 0xFF9C, 0xFFBD, 0xFF7A, 0xFF39, 0xFF7A, 0xFF7B, 0xFFBC, 0xFFBD, 0xFF5A, 0xFF5A, 0xFF19,
  0xFF19, 0xFF3A, 0xFF7B, 0xFF3A, 0xF719, 0xF719, 0xFED7, 0xFF3A, 0xF6F8, 0xF6D8, 0xFF19, 0xFF3A,
  0xF73A, 0xE656, 0xF697, 0xFF19, 0xF75B, 0xF6F8, 0xF696, 0xF696, 0xF697, 0xF676, 0xF676, 0xF635,
  0xF634, 0xF676, 0xF697, 0xF676, 0xF6D8, 0xEE97, 0xEDF4, 0xEE15, 0xEDD3, 0xEDD3, 0xEDB2, 0xC4F2,
  0x938E, 0xB40E, 0xE510, 0xED50, 0xED50, 0xE550, 0xCC8F, 0xB3EE, 0xD4F0, 0xC48F, 0xBC0D, 0xE571,
  0xEDB2, 0xED91, 0xED30, 0xED0F, 0xED30, 0xED30, 0xED30, 0xED50, 0xE571, 0xE592, 0xE572, 0xE551,
  0xE550, 0xE50F, 0xE4EF, 0xE50F, 0xE510, 0xDD10, 0xCC8F, 0xABCD, 0xABCD, 0x932B, 0x936D, 0xABAD,
  0xCC6E, 0xDCCF, 0xDCAE, 0xDCAE, 0xDCAE, 0xD4AE, 0xD4AE, 0xD48E, 0xD48E, 0xD48E, 0xD48E, 0xD48E,
  0xD46E, 0xD48E, 0xD48E, 0xD4AE, 0xCC6E, 0x9B6C, 0x8B2C, 0xAB6B, 0xC3CC, 0xC3CB, 0xC3CB, 0xC3EC,
  0xC3EB, 0xC3EB, 0xCC2D, 0xCC4E, 0xCC4E, 0xC3EC, 0xC3AB, 0xBB8B, 0xA32A, 0x9B0B, 0xAB2A, 0xBB6A,
  0xBB4A, 0xBB4A, 0xB34A, 0xA309, 0x930A, 0x9AEA, 0xAB09, 0xB309, 0xB309, 0xB2E8, 0xB329, 0xAB29,
  0xB309, 0xAAE8, 0xAAE8, 0xAAC8, 0xAAE8, 0xAAC8, 0xA2A8, 0x9267, 0x8227, 0x8A47, 0x9AA8, 0x9A88,
  0x9A88, 0x9A67, 0x9247, 0x9288, 0x92C9, 0x92EA, 0x92C9, 0x9288, 0x92C9, 0x932B, 0x92EA, 0x930B,
  0x9B0A, 0x92C9, 0x930A, 0x92C9, 0x92C9, 0x92A9, 0x9B6D, 0x930A, 0x92C9, 0x930A, 0x932B, 0x92EA,
  0x92C9, 0x92C9, 0x9B0A, 0x9B2B, 0x9B0A, 0x930A, 0xA3AD, 0xABEE, 0xA3AD, 0x9B4B, 0x9B6B, 0x9B2A,
  0xA32A, 0xABCE, 0xA3CD, 0xA34B, 0xB42F, 0xABEE, 0xB42F, 0xBCD2, 0xB470, 0xB42E, 0xB40E, 0xB40E,
  0xB491, 0xCDB6, 0xC4F2, 0xBC6F, 0xCD74, 0xD617, 0xCD94, 0xCD53, 0xCD94, 0xCDF5, 0xE6B9, 0xD594,
  0xDE57, 0xEF3C, 0xF7BE, 0xEF5C, 0xF75C, 0xF79D, 0xF75C, 0xEEF9, 0xF75C, 0xF79D, 0xF79C, 0xF79C,
  0xFFBB, 0xFFDC, 0xFFDC, 0xFFDC, 0xFF9B, 0xFFDD, 0xFFDC, 0xFF7B, 0xFFBC, 0xFFFD, 0xFFDD, 0xFFBC,
  0xFFDD, 0xFFBB, 0xFF9B, 0xFFDD, 0xFFBC, 0xFFBB, 0xFF9B, 0xFF9B, 0xFF7B, 0xFF9B, 0xFF7A, 0xFFBC,
  0xFF9B, 0xFFBC, 0xFF9C, 0xFFBC, 0xFF59, 0xFF39, 0xFF5A, 0xFF9C, 0xFFBD, 0xFF9C, 0xFF5A, 0xFF5A,
  0xFF7B, 0xFF39, 0xFF3A, 0xFF5A, 0xFF7B, 0xFF7B, 0xF6F8, 0xF6D7, 0xFF5B, 0xF6F9, 0xF6F8, 0xF6D8,
  0xF73A, 0xF73A, 0xF6B7, 0xF6D7, 0xF6D7, 0xF71A, 0xF6F9, 0xF6F9, 0xF696, 0xF676, 0xF676, 0xF676,
  0xF676, 0xF635, 0xF655, 0xF655, 0xF655, 0xEE76, 0xF635, 0xEE35, 0xEE56, 0xEE77, 0xE5F5, 0xAC71,
  0x9BCE, 0xCCF1, 0xE592, 0xE551, 0xE551, 0xE510, 0xBC4F, 0xBC2E, 0xDD10, 0xCC8F, 0xBC0D, 0xDCCF,
  0xED0F, 0xED30, 0xED50, 0xED50, 0xED30, 0xE50F, 0xE4EF, 0xECEF, 0xE50F, 0xE510, 0xE50F, 0xE4EF,
  0xE4EF, 0xE4EF, 0xE4EF, 0xE50F, 0xE510, 0xDD10, 0xCC8F, 0xABCD, 0xA3AD, 0x934B, 0x9B8C, 0xABCD,
  0xCC8E, 0xDCCE, 0xD48E, 0xD48E, 0xD48D, 0xD46D, 0xD48E, 0xD48E, 0xD4AF, 0xDCCF, 0xD48E, 0xD44D,
  0xD46D, 0xD48E, 0xD46E, 0xD46D, 0xC42D, 0x934C, 0x8B2C, 0xB3CD, 0xC42D, 0xC3CC, 0xC3AB, 0xC3CB,
  0xC3EC, 0xC3EB, 0xC3CB, 0xC3CB, 0xC3AB, 0xBBAA, 0xC3AB, 0xBB8A, 0xA32A, 0x92EA, 0xA309, 0xB349,
  0xBB6A, 0xBB6A, 0xB36A, 0xAB2A, 0x92E9, 0x9AE9, 0xAAE9, 0xB329, 0xB2E9, 0xB329, 0xAB09, 0xAAE8,
  0xAAE8, 0xAAC8, 0xAAC8, 0xAAC8, 0xAAA7, 0xA287, 0x9A46, 0x9267, 0x8268, 0x9288, 0x9AA9, 0x9A88,
  0x9AA8, 0x9287, 0x9AC9, 0x930A, 0x92E9, 0x92C9, 0x92A9, 0x92A9, 0x9BAD, 0x930A, 0x92EA, 0x930A,
  0x92EA, 0x930A, 0x92EA, 0x92EA, 0x9AC9, 0x8AA9, 0x9B6C, 0x9AEA, 0x9B0A, 0x92EA, 0x930A, 0x92EA,
  0x92EA, 0x92EA, 0x932A, 0x9B6B, 0x9B0A, 0x9B6C, 0xAC2F, 0xA34B, 0xA34B, 0xA34B, 0xA3AD, 0xA36B,
  0xABAC, 0xABAD, 0xA38C, 0xABCD, 0xB470, 0xB4B1, 0xBCF3, 0xB470, 0xB44F, 0xB3ED, 0xB40E, 0xCDD7,
  0xBD33, 0xC553, 0xC46F, 0xBC6F, 0xD616, 0xC574, 0xD617, 0xD616, 0xD637, 0xEF1B, 0xE678, 0xDE36,
  0xE6FA, 0xF79D, 0xF79D, 0xEF5B, 0xEEB8, 0xF71A, 0xEEF9, 0xFF9D, 0xFFBD, 0xFFDE, 0xF7DE, 0xF77C,
  0xFFBC, 0xFFDC, 0xFFDC, 0xFF9B, 0xFF9B, 0xFFBC, 0xFFFD, 0xFF9B, 0xFFBC, 0xFFFD, 0xFFDC, 0xFF9B,
  0xFFBC, 0xFFDD, 0xFF9B, 0xFFBC, 0xFFDC, 0xFFDC, 0xFFBB, 0xFFBC, 0xFFBC, 0xFFBC, 0xFFBC, 0xFF7A,
  0xFF9C, 0xFF9B, 0xFF9B, 0xFFBC, 0xFF9B, 0xFF38, 0xFF39, 0xFF5A, 0xFF9B, 0xFFDD, 0xFF9C, 0xFF39,
  0xFF7B, 0xFF9C, 0xFF3A, 0xF6F8, 0xFF5A, 0xFF3A, 0xFF7B, 0xF719, 0xF6B7, 0xFF5B, 0xF73A, 0xF73A,
  0xF6B7, 0xF739, 0xF77B, 0xF6B7, 0xFED7, 0xF6B6, 0xF6B7, 0xF75A, 0xFF7C, 0xF6F9, 0xF696, 0xF6B7,
  0xF655, 0xF696, 0xF697, 0xF655, 0xF697, 0xF6B8, 0xF6B8, 0xEE14, 0xEE35, 0xEE56, 0xDDD5, 0xA451,
  0xAC50, 0xDD51, 0xEDD3, 0xEE14, 0xEDD3, 0xDD31, 0xB40E, 0xC46E, 0xDD11, 0xCCAF, 0xBC0D, 0xDCCF,
  0xED10, 0xED0F, 0xE50F, 0xE50F, 0xE50F, 0xED30, 0xED30, 0xED0F, 0xE4EF, 0xE4CE, 0xE4CE, 0xE4CE,
  0xE4EF, 0xE510, 0xE530, 0xE530, 0xE572, 0xE551, 0xD4AF, 0xABCD, 0x9B8C, 0x934B, 0xA38C, 0xB3CD,
  0xD46E, 0xDCAE, 0xD4AE, 0xD4AF, 0xDCCF, 0xD4AE, 0xD48E, 0xD48E, 0xD48E, 0xD44D, 0xD44D, 0xD40C,
  0xD42D, 0xCC4C, 0xD42C, 0xCC2D, 0xC40C, 0x934B, 0x932C, 0xB38B, 0xC3EC, 0xC3AB, 0xC3AB, 0xC3AA,
  0xC3AB, 0xC38A, 0xC38A, 0xC38A, 0xC3CB, 0xC3AB, 0xBB49, 0xB32A, 0xA30A, 0x92EA, 0xA32A, 0xB38B,
  0xB36A, 0xB36A, 0xB34A, 0xAB29, 0x9AC9, 0x9AC9, 0xA2E9, 0xAAE8, 0xAAE8, 0xAAE9, 0xAB09, 0xAAC8,
  0xAAA8, 0xAAA7, 0xA246, 0xA267, 0xA287, 0xA288, 0x9AC8, 0x92A9, 0x8268, 0x8A68, 0x9AA8, 0x9267,
  0x9267, 0x9B6C, 0x9B0A, 0x9AE9, 0x92C9, 0x92C9, 0x92C9, 0xA3AE, 0x9B2B, 0x930A, 0x92C9, 0x92C9,
  0x9B0A, 0x9B2B, 0x9B2B, 0x92E9, 0x9288, 0x9B6C, 0x9B2A, 0x9B2A, 0x92EA, 0x9B0A, 0x92EA, 0x930A,
  0x9B0A, 0x92EA, 0x9B4C, 0x9B2B, 0x9B4B, 0x932B, 0xAC0F, 0xA36B, 0xA34B, 0xA32A, 0xA32A, 0xA36B,
  0xABEE, 0xABCD, 0xAC0E, 0xBCF2, 0xB470, 0xBCD1, 0xB42E, 0xB3ED, 0xB3ED, 0xBCB1, 0xC533, 0xCDD6,
  0xC533, 0xC4B0, 0xBC2E, 0xCD53, 0xCDF6, 0xD637, 0xE71B, 0xD5F5, 0xE698, 0xDE78, 0xD5D5, 0xEF7D,
  0xF75C, 0xF79D, 0xEEFA, 0xE657, 0xF75B, 0xFFBE, 0xF73B, 0xFFDE, 0xFFBD, 0xFFBD, 0xFFBE, 0xFF7C,
  0xFFBC, 0xFFBC, 0xFFDC, 0xFF9B, 0xFF9B, 0xFFBC, 0xFFDD, 0xFFBC, 0xFF9B, 0xFFDD, 0xFFBC, 0xFF9B,
  0xFFBC, 0xFFDD, 0xFFBC, 0xFF9B, 0xFFBC, 0xFFDD, 0xFFDC, 0xFFBB, 0xFFDD, 0xFFDD, 0xFFBC, 0xFFDD,
  0xFF7A, 0xFF9B, 0xFFBC, 0xFF9B, 0xFFDD, 0xFF7B, 0xFF5A, 0xFF3A, 0xFF5A, 0xFF7B, 0xFF7B, 0xFF7B,
  0xFF19, 0xFF7B, 0xFF9C, 0xFF7B, 0xF719, 0xF73A, 0xF6F9, 0xFF3A, 0xF6F8, 0xF6B7, 0xFF5A, 0xF73A,
  0xF719, 0xF719, 0xF73A, 0xF73A, 0xF6B7, 0xF6D7, 0xF696, 0xFED7, 0xF6F8, 0xF75B, 0xF77C, 0xF6B7,
  0xF6F9, 0xF6B7, 0xF675, 0xF655, 0xEE35, 0xF655, 0xF697, 0xF6B8, 0xF635, 0xE5F4, 0xCD32, 0xA430,
  0xCD73, 0xE698, 0xE5F4, 0xE5D4, 0xE615, 0xD552, 0xBC6F, 0xCCD0, 0xDD52, 0xD4CF, 0xBC0D, 0xDCCF,
  0xE510, 0xE4EF, 0xED30, 0xED31, 0xE4EF, 0xE4EF, 0xE4CF, 0xE4EF, 0xE4CF, 0xE4CF, 0xE4AE, 0xDCCE,
  0xE510, 0xE531, 0xE531, 0xDCCF, 0xDCEF, 0xDCEF, 0xD48E, 0xABAC, 0x934B, 0x934B, 0xABAC, 0xBBED,
  0xD46E, 0xDCEF, 0xDD11, 0xDD31, 0xD511, 0xD46D, 0xCC2C, 0xCC2C, 0xCC2C, 0xCC0C, 0xCC0C, 0xCC0C,
  0xCC2D, 0xCC4C, 0xCC2C, 0xCC0C, 0xBBCC, 0x9B2B, 0x932B, 0xB38B, 0xC3CC, 0xBB8A, 0xBB6A, 0xC36A,
  0xC36A, 0xC3AB, 0xC3CB, 0xC38B, 0xBB6A, 0xBB6A, 0xBBAB, 0xBBCC, 0xA34B, 0x9B0A, 0xAB2A, 0xB34A,
  0xB349, 0xB349, 0xB329, 0xAB09, 0x9AC9, 0x92C9, 0x9AC9, 0xA2E9, 0xAB09, 0xAAC8, 0xAAA7, 0xA267,
  0xA266, 0xA267, 0xA288, 0xA2E9, 0xA2C9, 0x9AC9, 0x9AC9, 0x92C9, 0x8A89, 0x8A88, 0x8A88, 0x9AA8,
  0x9B0A, 0x9B0A, 0x92EA, 0x9B0A, 0x9B0A, 0x92EA, 0x9B2B, 0x9B4B, 0x930B, 0x9B0A, 0x9B2B, 0x9B0A,
  0x9B2B, 0x92C9, 0x92C9, 0x9AC9, 0x9B2A, 0x932B, 0x9B4B, 0x92EA, 0x930A, 0x92EA, 0x9B0A, 0x9B2B,
  0x9B2B, 0x9B0A, 0xA36C, 0x9B4B, 0xA38C, 0xABCD, 0xA36B, 0xA32B, 0x9B0A, 0xA38C, 0xABCD, 0xB491,
  0xB470, 0xABCD, 0xABCD, 0xBCF2, 0xB42E, 0xB44F, 0xB44F, 0xBCD1, 0xBCB0, 0xC512, 0xCD74, 0xCD74,
  0xC4D1, 0xBC2E, 0xC533, 0xD5D6, 0xDEBA, 0xDE37, 0xDE57, 0xD616, 0xDE37, 0xD5D5, 0xF75C, 0xF77D,
  0xEF1A, 0xEF3B, 0xE677, 0xEF1A, 0xF7DE, 0xF79D, 0xF75B, 0xF7BD, 0xF77C, 0xF77B, 0xF75B, 0xF73A,
  0xFFBC, 0xFFBC, 0xFFBC, 0xFFBC, 0xFF9B, 0xFFBC, 0xFFDD, 0xFFDD, 0xFF9B, 0xFFDC, 0xFFDC, 0xFF9B,
  0xFFDD, 0xFFDC, 0xFFBC, 0xFFBC, 0xFFBC, 0xFFBC, 0xFFDD, 0xFFBC, 0xFFBC, 0xFFDD, 0xFFBB, 0xFFDD,
  0xFFBC, 0xFF7B, 0xFFBD, 0xFFBC, 0xFF9C, 0xFFBC, 0xFF5A, 0xFF7B, 0xFF9B, 0xFF7B, 0xFF5A, 0xFF7B,
  0xFF5A, 0xFF39, 0xFF5A, 0xFFBD, 0xFF3A, 0xFF5B, 0xFF5A, 0xFF5A, 0xFF5A, 0xF6D7, 0xF6B7, 0xF6F9,
  0xF6D8, 0xF6B7, 0xF6F8, 0xF75A, 0xF6F8, 0xF6D8, 0xF6F8, 0xF6B7, 0xF696, 0xF6B7, 0xF719, 0xFF9D,
  0xF719, 0xF6D8, 0xF6D8, 0xF697, 0xF6D8, 0xF6D7, 0xEE96, 0xEE76, 0xEE97, 0xE615, 0xC4F2, 0xAC71,
  0xD593, 0xEE56, 0xEE77, 0xE635, 0xDD72, 0xBC90, 0xC4D1, 0xDDD4, 0xE5F5, 0xDD93, 0xCCD0, 0xE593,
  0xEDD4, 0xE551, 0xE531, 0xE510, 0xE510, 0xE50F, 0xE50F, 0xE510, 0xE4EF, 0xE551, 0xE572, 0xE572,
  0xE510, 0xDCCF, 0xDCAE, 0xDCAE, 0xDCAE, 0xDCAE, 0xD46D, 0xAB8C, 0x932B, 0x9B6C, 0xB3CC, 0xC40C,
  0xD44D, 0xD44D, 0xD44D, 0xD44D, 0xD44D, 0xD44C, 0xD44D, 0xD42D, 0xD42D, 0xCC0C, 0xD44D, 0xCC4D,
  0xCC4D, 0xCC0C, 0xCBEC, 0xC3EB, 0xBBAB, 0x9B0A, 0x9B0B, 0xB36A, 0xBBAB, 0xC3CC, 0xC3EB, 0xC3EB,
  0xC38A, 0xC38B, 0xBB6A, 0xBBAB, 0xC3EC, 0xBBCB, 0xBBAB, 0xB36A, 0xA32A, 0x9B0A, 0xA309, 0xB329,
  0xB309, 0xB309, 0xB309, 0xAB09, 0xA2E9, 0x9AA9, 0x92A9, 0xA2C8, 0xA2A8, 0xA267, 0xA287, 0xA2A8,
  0xA2C9, 0xA2A9, 0xA30A, 0xA2E9, 0xA32A, 0x9AEA, 0x9AC9, 0x92A9, 0x8A88, 0x92E9, 0x9B2B, 0x9AC9,
  0x9B4C, 0x9B0A, 0x9B6C, 0x9B4B, 0x9B0A, 0x9AE9, 0x9B2B, 0x92EA, 0x9B2A, 0x930A, 0x9B0A, 0x92E9,
  0x9AEA, 0x9B2B, 0x9B2A, 0x9B0A, 0x9B0A, 0x9B6B, 0x9B0A, 0x9B2B, 0x930A, 0x9B2B, 0x9B6B, 0x9B4B,
  0x9B4B, 0xA36C, 0xA36C, 0x9B0A, 0x9B6B, 0xA38C, 0xA3AC, 0xABAC, 0xABAC, 0xB490, 0xAC6F, 0xB4B1,
  0xABCD, 0xABCD, 0xAC0E, 0xBCD1, 0xC553, 0xBD12, 0xBCF2, 0xBC90, 0xBC90, 0xD616, 0xC4F2, 0xC4B0,
  0xBC4E, 0xC4D1, 0xD637, 0xD678, 0xD637, 0xCD94, 0xDE78, 0xE6FA, 0xD5F5, 0xEED9, 0xEF3B, 0xEED9,
  0xE656, 0xEEFA, 0xF75B, 0xFFDE, 0xF7BD, 0xF79D, 0xF77C, 0xFFDE, 0xF79D, 0xFFBD, 0xFF7C, 0xFF9C,
  0xFFBC, 0xFFDC, 0xFFBC, 0xFFDD, 0xFFBC, 0xFFBC, 0xFFDD, 0xFFDD, 0xFFBC, 0xFFBC, 0xFFDC, 0xFFBB,
  0xFFBC, 0xFFFD, 0xFFBC, 0xFFBC, 0xFFDD, 0xFF9B, 0xFFDC, 0xFFDC, 0xFF9C, 0xFFDC, 0xFFBC, 0xFFBC,
  0xFFDD, 0xFF9B, 0xFF9B, 0xFFDD, 0xFF7A, 0xFF9B, 0xFF9C, 0xFF39, 0xFF7A, 0xFFBC, 0xFF9B, 0xFF7B,
  0xFF9C, 0xFF39, 0xFF3A, 0xFF5A, 0xFF7B, 0xFF5A, 0xFF9C, 0xFF5B, 0xFF9C, 0xFFBD, 0xF719, 0xF6F8,
  0xF75A, 0xF6F8, 0xF719, 0xF6F8, 0xF719, 0xF6F8, 0xF6F8, 0xFEF8, 0xFE96, 0xFE96, 0xF6B7, 0xF6F8,
  0xF75B, 0xF77C, 0xF6D8, 0xF6D8, 0xF6B7, 0xF6B7, 0xF6D9, 0xF6F9, 0xEE97, 0xE636, 0xBCD2, 0xBCD2,
  0xE5D4, 0xEE56, 0xEE97, 0xEEB8, 0xE657, 0xCD12, 0xCCD1, 0xDD31, 0xE572, 0xDD10, 0xCCAF, 0xDD31,
  0xEDD3, 0xEDF4, 0xEDB3, 0xE572, 0xEE15, 0xEE15, 0xE5F5, 0xE5D4, 0xE572, 0xDCCF, 0xDCF0, 0xDD10,
  0xDCF0, 0xDC8E, 0xDC8E, 0xDCAE, 0xDC8E, 0xD48E, 0xCC6E, 0xA36B, 0x932B, 0xA36B, 0xBBCC, 0xCC0C,
  0xD42D, 0xD44D, 0xD44D, 0xD44D, 0xD44D, 0xD44D, 0xD44D, 0xD42D, 0xCC0C, 0xCC0D, 0xCBEC, 0xCBEC,
  0xCC0C, 0xCBEC, 0xCBEB, 0xC3CB, 0xBB8B, 0x9B2B, 0xA38C, 0xBC0D, 0xC42D, 0xC3EC, 0xC3AB, 0xC38B,
  0xC36A, 0xC36A, 0xC3AB, 0xC3CC, 0xBB6A, 0xBB6A, 0xBB4A, 0xB34A, 0xA30A, 0x9AEA, 0xAB2A, 0xB36A,
  0xB329, 0xB309, 0xB2E9, 0xAAE8, 0xA2A8, 0x9288, 0x9288, 0x9A88, 0xA2C9, 0xAAE9, 0xAB09, 0xAAE9,
  0xA2E9, 0xA2EA, 0xA30A, 0xA30A, 0x9AEA, 0x9AE9, 0x9AEA, 0x9B6C, 0x92EA, 0x9B0A, 0x9B0A, 0xA3AD,
  0x9B4B, 0xA38C, 0x9B4B, 0x9B0A, 0x9AEA, 0xA36C, 0xA36C, 0xA36C, 0x9B2B, 0x9B4B, 0x9B2A, 0x9B2B,
  0xA36C, 0x9B4B, 0x9B2B, 0x9B2B, 0xA3AD, 0x9B4B, 0x9B2B, 0x9B4B, 0x9B4B, 0xA38C, 0xA36B, 0xA36B,
  0x9B0A, 0x9B2A, 0x9B2B, 0xA36B, 0xAC4F, 0xABCD, 0xABCD, 0xABED, 0xABCD, 0xAC70, 0xB4F2, 0xAC0E,
  0xB3ED, 0xABAC, 0xBD33, 0xBCF2, 0xC595, 0xBCB0, 0xBCD1, 0xBCB0, 0xBCD1, 0xCD53, 0xC4D0, 0xCD52,
  0xD573, 0xD5F5, 0xD637, 0xE6B9, 0xD5D5, 0xE6FA, 0xEF3C, 0xDE37, 0xE678, 0xEF3B, 0xE698, 0xEEFA,
  0xF73B, 0xF79D, 0xF77C, 0xF77C, 0xF73B, 0xEEF9, 0xF79C, 0xFFBD, 0xFF9D, 0xF79C, 0xF73A, 0xF77C,
  0xFFDC, 0xFFBC, 0xFFDD, 0xFFDC, 0xFFDC, 0xFFBC, 0xFFDD, 0xFFDD, 0xFFDD, 0xFFBC, 0xFFBC, 0xFFBC,
  0xFFBC, 0xFFDD, 0xFFDC, 0xFFBC, 0xFFBC, 0xFFBC, 0xFF9B, 0xFFBC, 0xFFDD, 0xFFBC, 0xFF9B, 0xFFDD,
  0xFFBC, 0xFFDD, 0xFF9B, 0xFF9B, 0xFFBC, 0xFF9C, 0xFFDD, 0xFFBC, 0xFF59, 0xFF5A, 0xFF7B, 0xFFBD,
  0xFF7B, 0xFF7B, 0xFF5A, 0xFF9C, 0xFF7B, 0xFF39, 0xFF5A, 0xFF3A, 0xFF5A, 0xFF9B, 0xFFBD, 0xF75A,
  0xF6F8, 0xF73A, 0xF6F8, 0xF75B, 0xFF7B, 0xF73A, 0xF6D8, 0xF6D8, 0xF6D8, 0xFE96, 0xFE96, 0xF696,
  0xF6B6, 0xF6D8, 0xF75B, 0xF6F9, 0xEE76, 0xF6B7, 0xF676, 0xF697, 0xEEB8, 0xE636, 0xBD13, 0xCD53,
  0xE5D4, 0xEE15, 0xEDF4, 0xE5F4, 0xDDD4, 0xD573, 0xE678, 0xE657, 0xE615, 0xE593, 0xDD10, 0xE551,
  0xE571, 0xE551, 0xE551, 0xE551, 0xE551, 0xE551, 0xE572, 0xE572, 0xE551, 0xE572, 0xE5F5, 0xDDB4,
  0xDD31, 0xDCCF, 0xDCD0, 0xE552, 0xDD10, 0xD48E, 0xCC4E, 0xA36B, 0x932B, 0xA36B, 0xBBCC, 0xCC0C,
  0xD42D, 0xD42D, 0xD42C, 0xCC2D, 0xD42C, 0xCC4D, 0xCC4D, 0xD44D, 0xCC2D, 0xD40C, 0xCBCB, 0xCBCB,
  0xCBCB, 0xC3CB, 0xCC4E, 0xCCB0, 0xBC0E, 0x9B4B, 0xAB4B, 0xBB8B, 0xBB8B, 0xBB6A, 0xBB6A, 0xBB4A,
  0xBB6A, 0xC36A, 0xBB49, 0xC349, 0xC34A, 0xBB49, 0xBB6A, 0xB329, 0xAB09, 0x9AE9, 0xAAE9, 0xB2E9,
  0xAAC9, 0xAAC8, 0xAAC8, 0xA287, 0xA2A8, 0x92A9, 0x92C9, 0x9AE9, 0xA2E9, 0xA30A, 0xA30A, 0x9AC9,
  0xA36B, 0xA34B, 0x9AE9, 0xA32A, 0xA34B, 0xA34B, 0x9B2B, 0x9B4B, 0x92EA, 0x92EA, 0x9B0A, 0x9B8C,
  0x9B4B, 0x9B4B, 0x9B6C, 0x9B6C, 0xA3AD, 0xA38C, 0x9B6C, 0xA36C, 0x9B4B, 0x9B2B, 0x9B4B, 0x9B4B,
  0x9B2B, 0xA34B, 0x9B2A, 0xABCE, 0x9B6C, 0x9B6C, 0x9B4B, 0xA3CD, 0xA36B, 0xA36B, 0x9B2A, 0xA32A,
  0xA38C, 0xABCD, 0xA3AC, 0xAC2F, 0xAC0E, 0xABED, 0xABED, 0xB470, 0xAC0E, 0xB4F2, 0xB4B0, 0xB42E,
  0xABED, 0xC554, 0xC513, 0xBCB0, 0xBCF2, 0xC553, 0xC512, 0xBC6F, 0xD617, 0xCD74, 0xCD32, 0xE678,
  0xCD52, 0xD5D5, 0xE6DA, 0xD5F6, 0xE6B9, 0xE6FA, 0xDE15, 0xDDF5, 0xF7BE, 0xF77C, 0xF75B, 0xF79D,
  0xF71A, 0xF77C, 0xFFBE, 0xF77C, 0xF73B, 0xEEF9, 0xFFFE, 0xFFDE, 0xF77C, 0xF73A, 0xF75B, 0xF75B,
  0xFFDD, 0xFFBC, 0xFFDD, 0xFFDC, 0xFFDC, 0xFFBC, 0xFFBC, 0xFFDD, 0xFFDC, 0xFFDD, 0xFF9B, 0xFFBC,
  0xFFBC, 0xFFDC, 0xFFBC, 0xFFBC, 0xFFDD, 0xFFBC, 0xFFBB, 0xFF9B, 0xFF9C, 0xFFBD, 0xFF7B, 0xFFBC,
  0xFFDD, 0xFFBC, 0xFFDD, 0xFFBC, 0xFFBC, 0xFF7B, 0xFF7B, 0xFF9B, 0xFF9B, 0xFF9B, 0xFF39, 0xFF7B,
  0xFFBD, 0xFF7B, 0xFF39, 0xFF5A, 0xFF9B, 0xFF9C, 0xFF19, 0xFF39, 0xFF18, 0xFF39, 0xFF9C, 0xFFDD,
  0xF73A, 0xF6F8, 0xF719, 0xF6F8, 0xF6D8, 0xF719, 0xFF7C, 0xF719, 0xF6D7, 0xFED7, 0xF696, 0xF6B6,
  0xF696, 0xF696, 0xF696, 0xF6D8, 0xF6F9, 0xF697, 0xF6B7, 0xF676, 0xEE35, 0xD552, 0xC533, 0xDDB4,
  0xE635, 0xEE35, 0xEE35, 0xE615, 0xDDB3, 0xD573, 0xE635, 0xEEB8, 0xEEB8, 0xE5F5, 0xE592, 0xE572,
  0xEDD4, 0xEE15, 0xEE15, 0xEDF4, 0xE551, 0xE510, 0xE510, 0xE510, 0xE510, 0xDCEF, 0xDCEF, 0xDCCF,
  0xDCCF, 0xDCAF, 0xDCAF, 0xD48E, 0xDCAE, 0xD4AE, 0xCC6E, 0xA36B, 0x9B4B, 0xAB6B, 0xBC0C, 0xC40D,
  0xD42D, 0xCC2D, 0xD4D0, 0xD511, 0xDD32, 0xD4F1, 0xD4AF, 0xCC0D, 0xCBEC, 0xCBEB, 0xCBEB, 0xCBCB,
  0xC3CC, 0xCC2E, 0xC42D, 0xBBCC, 0xAB6B, 0x9B2A, 0xAB4A, 0xB34A, 0xBB6A, 0xBB4A, 0xBB4A, 0xBB8B,
  0xBB8B, 0xBB6A, 0xBB49, 0xBB08, 0xBB29, 0xB329, 0xB32A, 0xAB29, 0xAB0A, 0xA2E9, 0xA2C9, 0xAAE9,
  0xAAE9, 0xAB2A, 0xAB0A, 0xAB2A, 0xA34B, 0x9AEA, 0x92EA, 0x9B2B, 0xA36C, 0xA34B, 0xA32B, 0xAC0E,
  0xA38C, 0xA34B, 0xA3AD, 0xA36B, 0xA34B, 0xA34B, 0x9B2A, 0x9B2B, 0x92EA, 0x9B0A, 0xA36C, 0xA38C,
  0xA3AD, 0xA38C, 0x9B4B, 0xA3AC, 0xA38C, 0xA38D, 0x9B8C, 0x9B4B, 0x9B2A, 0x9B2A, 0xA38C, 0xA38C,
  0xA36C, 0x9B2A, 0xABEE, 0xA38C, 0xA36C, 0xA38C, 0x9B2B, 0x9B4B, 0xA36B, 0xA3AC, 0xABCD, 0xA38C,
  0xABCD, 0xA38C, 0xABEE, 0xAC6F, 0xABCD, 0xAC0E, 0xB40E, 0xB470, 0xB470, 0xBCD1, 0xB44F, 0xB3ED,
  0xC533, 0xBCF2, 0xBC8F, 0xC574, 0xCD95, 0xC512, 0xBCB0, 0xCD94, 0xD617, 0xCD11, 0xD552, 0xCD12,
  0xD594, 0xDE37, 0xDDF6, 0xDE78, 0xEF7D, 0xDE16, 0xE657, 0xF75C, 0xF7BE, 0xEED9, 0xF77C, 0xF77C,
  0xEEFA, 0xF77C, 0xFFDE, 0xFFBD, 0xF77C, 0xF77C, 0xFFDE, 0xFFBD, 0xF75B, 0xFF7C, 0xF71A, 0xFFBD,
  0xFFDC, 0xFFBC, 0xFFDC, 0xFFDC, 0xFFBC, 0xFFDC, 0xFFBC, 0xFFDD, 0xFFDD, 0xFFFD, 0xFFBC, 0xFFBB,
  0xFFBC, 0xFFDD, 0xFFBC, 0xFFBC, 0xFFDD, 0xFFDC, 0xFF9B, 0xFFDD, 0xFFBB, 0xFF9B, 0xFF7B, 0xFF9B,
  0xFFDC, 0xFFDD, 0xFFDD, 0xFFBC, 0xFFBC, 0xFFBC, 0xFFDD, 0xFFBC, 0xFF7B, 0xFF39, 0xFF7B, 0xFF9B,
  0xFF5A, 0xFFBD, 0xFF7B, 0xFF7A, 0xF75A, 0xFF9C, 0xFF7B, 0xFF39, 0xFF18, 0xFF18, 0xF77B, 0xFFBC,
  0xFFDE, 0xF75B, 0xF719, 0xFEF8, 0xFF3A, 0xF75A, 0xF719, 0xF75A, 0xF73A, 0xF719, 0xF6F8, 0xF696,
  0xF696, 0xF6B6, 0xF6B7, 0xF6B7, 0xF697, 0xF6B7, 0xF676, 0xF6D8, 0xEE77, 0xD594, 0xD5B4, 0xE677,
  0xEE76, 0xEE35, 0xEE15, 0xE5B4, 0xD573, 0xDD93, 0xE5D3, 0xE5F4, 0xE614, 0xEE15, 0xE5F4, 0xDDB3,
  0xE5B3, 0xE5B3, 0xE5B3, 0xE615, 0xEE36, 0xEE16, 0xE5B3, 0xDD31, 0xE531, 0xE510, 0xDD10, 0xDD10,
  0xDD10, 0xDCF0, 0xDCCF, 0xDCCF, 0xDCAF, 0xD4AF, 0xCC4E, 0xA36B, 0xA36C, 0xAB8C, 0xBC2E, 0xCCAF,
  0xD4D0, 0xD46E, 0xCC4E, 0xCC4D, 0xCC2D, 0xCC0D, 0xCBEC, 0xCBEC, 0xCBEC, 0xCC0D, 0xCC0D, 0xC40D,
  0xC40C, 0xCBEC, 0xC3CB, 0xC3AB, 0xB36B, 0xA32A, 0xAB4A, 0xBB8B, 0xBB8B, 0xBB6B, 0xBBCC, 0xBB8B,
  0xBB6B, 0xBB6A, 0xBB8B, 0xBB6B, 0xBB8B, 0xB36B, 0xB38B, 0xB34A, 0xA30A, 0xA2E9, 0xAB2A, 0xB34B,
  0xAB2A, 0xAB6B, 0xA32B, 0xAB6B, 0xA34B, 0x9B0A, 0x9B2A, 0xA34B, 0x9AC9, 0xA3AD, 0xAC0F, 0xA3AD,
  0xA38C, 0xA3AD, 0xA36C, 0xA36C, 0xA36C, 0xA36C, 0xA38D, 0xA36C, 0x9B2A, 0x9B4B, 0xA3EE, 0xA3AD,
  0xA3CE, 0x9B4B, 0xA3AD, 0xA3CD, 0xA38C, 0xA36C, 0xA34B, 0xA36B, 0xA34B, 0xAC0E, 0xA38C, 0xA38C,
  0xA34B, 0xA36B, 0xA3CD, 0xA34B, 0x9B0A, 0xA34B, 0xA36B, 0xABAD, 0xABCD, 0xABEE, 0xA3AC, 0xABEE,
  0xABCD, 0xABCD, 0xAC4F, 0xAC0E, 0xB44F, 0xAC0E, 0xB46F, 0xBC90, 0xB44F, 0xB40E, 0xB40D, 0xBCB0,
  0xBCB0, 0xC4D1, 0xBCB0, 0xCDB5, 0xC532, 0xC4F1, 0xCD74, 0xCDB5, 0xCD73, 0xCCF0, 0xD573, 0xCD52,
  0xE6DA, 0xDE78, 0xE71B, 0xEF7D, 0xE6B9, 0xDE16, 0xF77C, 0xEEFA, 0xE6B9, 0xEEF9, 0xF73B, 0xEE98,
  0xEEF9, 0xF75B, 0xF79D, 0xF77C, 0xF77C, 0xF77C, 0xF75B, 0xF75B, 0xFF9D, 0xF719, 0xFF7B, 0xFFDD,
  0xFFDC, 0xFFBC, 0xFFBC, 0xFFDD, 0xFFDC, 0xFFDC, 0xFF9B, 0xFFBC, 0xFFDD, 0xFFDD, 0xFFBC, 0xFFBC,
  0xFFBC, 0xFFDD, 0xFFBC, 0xFFBC, 0xFFDC, 0xFFDD, 0xFF7B, 0xFFDC, 0xFFDD, 0xFFDC, 0xFF9B, 0xFF5A,
  0xFF9C, 0xFFBC, 0xFFBB, 0xFFBC, 0xFF9A, 0xFF9B, 0xFFBC, 0xFFDD, 0xFFDD, 0xFF9C, 0xFF5A, 0xFF9B,
  0xFF9B, 0xFF5A, 0xFF5A, 0xFF7B, 0xFFBD, 0xFF9B, 0xFF7B, 0xFF5A, 0xFF5A, 0xFEF7, 0xFF18, 0xF75A,
  0xFFBC, 0xFFDD, 0xF77B, 0xF719, 0xF6D8, 0xF73A, 0xF719, 0xF73A, 0xF73A, 0xF77B, 0xF75B, 0xF73A,
  0xF6D8, 0xF6D8, 0xF6F9, 0xF73B, 0xF75B, 0xF75B, 0xF73A, 0xEED8, 0xE656, 0xD594, 0xDDF6, 0xEEFA,
  0xF77C, 0xEEF9, 0xEE77, 0xE635, 0xE5D4, 0xDDB3, 0xEE14, 0xE5D3, 0xEDF4, 0xE615, 0xEE98, 0xEED9,
  0xEEF9, 0xEE76, 0xE5F4, 0xE5B3, 0xE5B3, 0xE5B3, 0xE5D5, 0xE5F6, 0xE615, 0xE5F5, 0xDD31, 0xDCF0,
  0xDD10, 0xDD10, 0xD4F0, 0xDCF0, 0xDCF0, 0xD4D0, 0xC42D, 0xA36C, 0xAB8C, 0xB3CC, 0xBC0D, 0xCC4E,
  0xCC4E, 0xCC4E, 0xCC4E, 0xCC2D, 0xCC2D, 0xCC0C, 0xCC2D, 0xCC2D, 0xCBEC, 0xC3EC, 0xC3EC, 0xCBEC,
  0xC3EC, 0xC3EC, 0xC3CC, 0xBBAC, 0xB34A, 0xAB4B, 0xAB4A, 0xB36A, 0xB38B, 0xBBCC, 0xBB8B, 0xBBAC,
  0xB3ED, 0xBC2F, 0xB3CD, 0xB38B, 0xB36B, 0xB36B, 0xB34A, 0xAB2A, 0xA32A, 0xA34A, 0xA34B, 0xAB8C,
  0xAB8C, 0xAB8C, 0xAB6B, 0xAB6B, 0xA36B, 0x9B4B, 0x9B2B, 0x9B4C, 0xB491, 0xAC71, 0xA3AD, 0xAB8C,
  0xA36C, 0xAB8C, 0xA38C, 0xA3CD, 0xA3CD, 0xA3AD, 0xA36C, 0x9B2A, 0xA38C, 0xA3EE, 0xA3CD, 0xA38C,
  0xA38C, 0xA38C, 0xA3CD, 0xA36B, 0xA34B, 0xA36B, 0xA36C, 0xA38C, 0xA36C, 0xA38C, 0xA36C, 0xA32B,
  0xA34B, 0xAB8C, 0xA36B, 0xABAD, 0xABCD, 0xA3AC, 0xA3AD, 0xABEE, 0xABCD, 0xA3CD, 0xAC0E, 0xABEE,
  0xABED, 0xB42F, 0xAC0E, 0xAC0E, 0xB44F, 0xAC0E, 0xBCB1, 0xB4D1, 0xB46F, 0xBC90, 0xBC90, 0xCDB5,
  0xC4D1, 0xC4D1, 0xC533, 0xD616, 0xD5F6, 0xCD33, 0xCD94, 0xCD11, 0xCD11, 0xD573, 0xD5D5, 0xE678,
  0xE6FB, 0xDE78, 0xEF5C, 0xE699, 0xE636, 0xE698, 0xF75C, 0xF73B, 0xF79D, 0xF7DE, 0xFFBE, 0xEED9,
  0xF73B, 0xFFDE, 0xF75B, 0xF79D, 0xEF1A, 0xFFBD, 0xF79D, 0xF79C, 0xF73A, 0xF71A, 0xFFBD, 0xF77B,
  0xFFDC, 0xFFDC, 0xFFDC, 0xFFBC, 0xFFDD, 0xFFBC, 0xFFBC, 0xFF9B, 0xFFFD, 0xFFDC, 0xFFBC, 0xFFDC,
  0xFFBC, 0xFFBC, 0xFFDD, 0xFFBB, 0xFFDC, 0xFFDD, 0xFF9B, 0xFF9B, 0xFFDD, 0xFFDD, 0xFFDD, 0xFFBC,
  0xFF7B, 0xFF7B, 0xFF9B, 0xFFDD, 0xFF9B, 0xFFBC, 0xFF9C, 0xFFBC, 0xFFBC, 0xFF9C, 0xFF7B, 0xFFBC,
  0xFFBC, 0xFFDD, 0xFFBC, 0xF739, 0xFF7A, 0xFF9C, 0xFFBC, 0xFF9B, 0xFF7A, 0xFF5A, 0xFEF7, 0xFF18,
  0xFF5A, 0xFFBC, 0xFF9C, 0xFF9C, 0xF739, 0xF6D7, 0xFF7B, 0xFF9C, 0xFF9C, 0xF73A, 0xF75A, 0xF75B,
  0xF75B, 0xF6B7, 0xF6B7, 0xF6D8, 0xF6F9, 0xF6F8, 0xF719, 0xF75B, 0xEEB8, 0xEE57, 0xE677, 0xEE96,
  0xF696, 0xF6D7, 0xEED8, 0xF73B, 0xF73B, 0xEED9, 0xF73B, 0xEEB8, 0xEE56, 0xEE35, 0xEDF4, 0xE5D3,
  0xE5D3, 0xEDF4, 0xEE15, 0xEDF4, 0xE5D4, 0xE5F5, 0xE5D3, 0xE5B3, 0xE5B4, 0xDDB3, 0xE5D4, 0xE593,
  0xDD93, 0xDD73, 0xDD73, 0xDD31, 0xDD11, 0xD511, 0xC4B0, 0xABCD, 0xB44F, 0xBC2E, 0xC4B0, 0xCD12,
  0xD511, 0xCCD1, 0xCC8F, 0xD512, 0xCCF1, 0xCC6E, 0xCC2D, 0xCC0C, 0xCC2D, 0xCC2D, 0xCC2D, 0xCC2D,
  0xC3EC, 0xC3CB, 0xC3CC, 0xBBAB, 0xAB8B, 0xAB6B, 0xB3ED, 0xBC2F, 0xBC0E, 0xBBED, 0xBBAC, 0xBBCC,
  0xBC0E, 0xB3CC, 0xB3AC, 0xB38C, 0xAB6B, 0xB3AC, 0xB3AC, 0xAB8C, 0xABAC, 0xB470, 0xB40F, 0xABCD,
  0xB470, 0xABEE, 0xB44F, 0xABCD, 0xAC0E, 0xA3CD, 0x9B8C, 0xAC50, 0xA3AD, 0xABCD, 0xA38C, 0xABAD,
  0xAC0E, 0xABEE, 0xABED, 0xABED, 0xABCD, 0xABAC, 0xA36B, 0xA38C, 0xB42F, 0xABCD, 0xA38C, 0xA36B,
  0xAB6B, 0xAB8C, 0xABCD, 0xABEE, 0xABCD, 0xABED, 0xA3AC, 0xA38C, 0xABCD, 0xAB8C, 0xABAC, 0xABAC,
  0xABCD, 0xABCD, 0xABEE, 0xAC0E, 0xAC0E, 0xABEE, 0xABED, 0xAC0E, 0xA3AC, 0xAC0E, 0xB42F, 0xAC0E,
  0xB4B1, 0xAC0E, 0xB46F, 0xBC70, 0xBC4F, 0xB42E, 0xBCF2, 0xBCB1, 0xBCD1, 0xC4D1, 0xD5D6, 0xC553,
  0xC512, 0xC532, 0xD637, 0xE6FA, 0xCD74, 0xCD32, 0xC4D0, 0xD552, 0xD5F5, 0xE699, 0xD5D5, 0xEF1B,
  0xE6B9, 0xEF3B, 0xEF1B, 0xE636, 0xDE36, 0xF79D, 0xF7DE, 0xF77C, 0xFFDE, 0xF79D, 0xF73B, 0xEED9,
  0xF77C, 0xF75B, 0xF79D, 0xFFDE, 0xF75B, 0xFFBD, 0xFFFE, 0xF77C, 0xF719, 0xF77C, 0xFF9C, 0xF77B,
  0xFFDC, 0xFFBC, 0xFFDC, 0xFFBC, 0xFFDD, 0xFFBC, 0xFFBC, 0xFFBC, 0xFFDD, 0xFFDD, 0xFFBC, 0xFFDD,
  0xFFDD, 0xFFBC, 0xFFDC, 0xFFDC, 0xFFBC, 0xFFDC, 0xFFBC, 0xFF9B, 0xFFBC, 0xFFDD, 0xFFBC, 0xFFDD,
  0xFFDC, 0xFFDD, 0xFFBC, 0xFF7A, 0xFF7A, 0xFFBC, 0xFFBC, 0xFFDD, 0xFFDD, 0xFFBC, 0xFF9B, 0xFF5A,
  0xFF7B, 0xFF9B, 0xFFBC, 0xFFBC, 0xFF5A, 0xFF5A, 0xFF39, 0xFF7B, 0xFF9B, 0xFF7B, 0xFF5A, 0xFEF8,
  0xFF19, 0xFF19, 0xFF5B, 0xF75A, 0xFF9C, 0xF73A, 0xF696, 0xF6D6, 0xF6F8, 0xF75B, 0xF75A, 0xF77B,
  0xF73A, 0xF75B, 0xF6D7, 0xF6D8, 0xF6B7, 0xF6B8, 0xF6D8, 0xEE97, 0xE656, 0xE677, 0xEE98, 0xEED9,
  0xEED8, 0xE677, 0xEE76, 0xE635, 0xE656, 0xEE77, 0xEE77, 0xEE98, 0xEE35, 0xEE35, 0xEE56, 0xEE15,
  0xEE15, 0xEDF4, 0xE615, 0xE5F5, 0xE5D4, 0xE5D4, 0xE5F5, 0xE5D4, 0xE593, 0xE592, 0xDD93, 0xE593,
  0xDD52, 0xDD52, 0xDD72, 0xDD52, 0xDD93, 0xDD52, 0xC490, 0xB42F, 0xBC6F, 0xBC6F, 0xC4D0, 0xCCF1,
  0xCCF1, 0xD532, 0xD532, 0xCCD0, 0xCC8F, 0xCCB0, 0xCC6E, 0xCC6F, 0xCC6F, 0xCC6F, 0xCC4E, 0xC42D,
  0xC44E, 0xC46F, 0xCD12, 0xC4B0, 0xB42E, 0xB42F, 0xB42F, 0xB3ED, 0xBBED, 0xB3AC, 0xBBAC, 0xBBAB,
  0xB3CC, 0xBBED, 0xBC2E, 0xBBED, 0xBC2E, 0xBC70, 0xB40E, 0xB3ED, 0xBCD1, 0xB470, 0xB40E, 0xB40E,
  0xAC0E, 0xABAC, 0xA36B, 0xABEE, 0xA3EE, 0xABEE, 0xAC0E, 0xABCD, 0xB3EE, 0xABCD, 0xAC0E, 0xABEE,
  0xAC0E, 0xAC0E, 0xABED, 0xABED, 0xABCD, 0xAB8B, 0xABCD, 0xB40E, 0xABAC, 0xABED, 0xABED, 0xB42F,
  0xABED, 0xB3EE, 0xABCD, 0xABED, 0xABCD, 0xABCD, 0xABED, 0xABAC, 0xB44F, 0xABEE, 0xB3CD, 0xAC2E,
  0xB42E, 0xAC0E, 0xABED, 0xABEE, 0xABEE, 0xABEE, 0xB450, 0xAC0E, 0xB42F, 0xB470, 0xB42E, 0xB44F,
  0xB490, 0xBCB0, 0xBC90, 0xB42E, 0xBC70, 0xC4F2, 0xBCD1, 0xBCD1, 0xC512, 0xC511, 0xDE99, 0xC553,
  0xC512, 0xC4F1, 0xDE79, 0xDE37, 0xCD31, 0xC4F1, 0xDE16, 0xCD94, 0xEF3B, 0xDE57, 0xE699, 0xEF5C,
  0xDE78, 0xEF1B, 0xE677, 0xE698, 0xF79D, 0xF77C, 0xF73B, 0xEEF9, 0xF75B, 0xEED9, 0xEED9, 0xF6B8,
  0xF77C, 0xFFDE, 0xFFDE, 0xFFBD, 0xF77B, 0xFFDE, 0xFF7C, 0xF73A, 0xF73A, 0xFFBD, 0xF73B, 0xFFBD,
  0xFFBC, 0xFFBC, 0xFFBC, 0xFFDC, 0xFFDC, 0xFFBC, 0xFFBB, 0xFFDC, 0xFFDD, 0xFFDD, 0xFFBB, 0xFFDC,
  0xFFDD, 0xFFBC, 0xFFBC, 0xFFDD, 0xFFDC, 0xFFBC, 0xFFBC, 0xFFDD, 0xFF9C, 0xFFDD, 0xFFDC, 0xFFBC,
  0xFFDC, 0xFFDD, 0xFFDD, 0xFFBC, 0xFFDD, 0xFF7B, 0xFF7B, 0xFF9B, 0xFFBC, 0xFFDD, 0xFFDD, 0xFF7B,
  0xFF9B, 0xFFBC, 0xFF7B, 0xFF7B, 0xFF7A, 0xFFBC, 0xFF9C, 0xFF9C, 0xFF7B, 0xFF7B, 0xFF39, 0xFF39,
  0xFF18, 0xFEF8, 0xFF19, 0xFF5A, 0xF739, 0xFF9B, 0xFF9C, 0xFF3A, 0xF719, 0xF6F7, 0xF6D7, 0xF6F8,
  0xF73A, 0xF719, 0xF719, 0xF6B6, 0xF719, 0xF719, 0xF73A, 0xF73A, 0xE677, 0xEE76, 0xEEF9, 0xF75B,
  0xF73B, 0xF79C, 0xF79D, 0xF79C, 0xEEB8, 0xF6F9, 0xF71B, 0xEEF9, 0xF6D8, 0xEE76, 0xEE34, 0xEE14,
  0xEE56, 0xEEB8, 0xEEB8, 0xEE97, 0xE656, 0xE656, 0xE657, 0xE5F5, 0xE615, 0xE635, 0xE615, 0xE5D4,
  0xE593, 0xDD52, 0xE572, 0xE592, 0xDD93, 0xDD32, 0xC46F, 0xBC6F, 0xC4B0, 0xC4AF, 0xCD12, 0xD593,
  0xDDD5, 0xD573, 0xCCD0, 0xD4D0, 0xD4D0, 0xCC8F, 0xCCB0, 0xCC90, 0xCC8F, 0xCCB0, 0xCCF1, 0xCCF1,
  0xCCD1, 0xD595, 0xC4B1, 0xBC2E, 0xB40D, 0xB3ED, 0xBC6F, 0xC490, 0xBC2E, 0xB40E, 0xBC4F, 0xC4F2,
  0xC554, 0xBCB0, 0xBC4F, 0xBC90, 0xBC6F, 0xB3ED, 0xBC70, 0xC513, 0xB470, 0xB40E, 0xB3CD, 0xB3AC,
  0xB3ED, 0xB44F, 0xBCB1, 0xAC4F, 0xB42E, 0xB470, 0xB40E, 0xB42F, 0xB40E, 0xB44F, 0xB42F, 0xB40E,
  0xB490, 0xB44F, 0xB42E, 0xB3ED, 0xABAC, 0xABCD, 0xB470, 0xAC50, 0xAC2F, 0xAC0E, 0xB42F, 0xB42E,
  0xB40E, 0xABED, 0xABEE, 0xB450, 0xB42F, 0xB42E, 0xABCD, 0xAC0E, 0xABED, 0xB44F, 0xB44F, 0xAC0E,
  0xAC0D, 0xAC0E, 0xB42F, 0xB42F, 0xB490, 0xB490, 0xB42E, 0xB40E, 0xB44F, 0xBC6F, 0xB42E, 0xB490,
  0xBC90, 0xBC90, 0xB42E, 0xBCD1, 0xBCF2, 0xBCB0, 0xCD74, 0xCDB5, 0xC533, 0xC512, 0xD637, 0xC512,
  0xCD94, 0xCD94, 0xDE58, 0xCD32, 0xCD32, 0xDE57, 0xCDB4, 0xE6B9, 0xEF3B, 0xDE78, 0xEF1B, 0xE6B9,
  0xEEDA, 0xEED9, 0xE636, 0xF79D, 0xF75C, 0xEED9, 0xF71A, 0xF75B, 0xF75B, 0xF77C, 0xF73B, 0xF75B,
  0xFFDE, 0xF79C, 0xFFDE, 0xF73A, 0xFFBD, 0xF77C, 0xF75A, 0xF73A, 0xFF7B, 0xF75B, 0xF77B, 0xFFDE,
  0xFFBC, 0xFFDD, 0xFFBC, 0xFFDD, 0xFFBC, 0xFFBC, 0xFF9B, 0xFFBC, 0xFFBC, 0xFFDD, 0xFFBC, 0xFFBC,
  0xFFDD, 0xFFDC, 0xFFBC, 0xFFDD, 0xFFDD, 0xFFBC, 0xFF9B, 0xFFDD, 0xFFDC, 0xFFBC, 0xFFDD, 0xFF7A,
  0xFF9C, 0xFFBC, 0xFFDD, 0xFFDD, 0xFFBC, 0xFFBC, 0xFF9B, 0xFFBC, 0xFF9B, 0xFF9B, 0xFFBC, 0xFFBC,
  0xFF7A, 0xFFBC, 0xFFDD, 0xFFDD, 0xFF7B, 0xFF5A, 0xFFBC, 0xFF9C, 0xFFBC, 0xFFBC, 0xFFBC, 0xFF7B,
  0xFF5A, 0xFF7B, 0xF739, 0xFF39, 0xF6F8, 0xF739, 0xF77B, 0xF73A, 0xF718, 0xFF9C, 0xFF9D, 0xFF9C,
  0xF719, 0xF718, 0xF73A, 0xF719, 0xF6B7, 0xF6B7, 0xF6F8, 0xF6F8, 0xEED8, 0xEEB8, 0xEEB8, 0xF6D8,
  0xF697, 0xF6D8, 0xF71A, 0xF71A, 0xF71A, 0xF73A, 0xEEF9, 0xF6D9, 0xF71A, 0xF75B, 0xF75B, 0xEEB8,
  0xEE76, 0xEE56, 0xEE56, 0xEE98, 0xEE77, 0xEE97, 0xEE56, 0xE615, 0xE5F4, 0xE5D3, 0xE5D3, 0xE615,
  0xE657, 0xE678, 0xEE77, 0xE636, 0xDDD4, 0xDD93, 0xCCD0, 0xCD32, 0xCCF1, 0xCCF1, 0xD4F0, 0xD4F1,
  0xD511, 0xD4F0, 0xD532, 0xCCF1, 0xD532, 0xD594, 0xD573, 0xD511, 0xD512, 0xCCD0, 0xCCB0, 0xCC8F,
  0xCC8F, 0xC490, 0xC46F, 0xC4F1, 0xCD12, 0xC4D1, 0xC4F2, 0xBCB0, 0xBC70, 0xCD74, 0xC575, 0xC575,
  0xC4D1, 0xC4B1, 0xC48F, 0xBC6F, 0xBC0D, 0xBC90, 0xBCB1, 0xBC70, 0xBC6F, 0xBC2E, 0xBC2E, 0xB470,
  0xBCF2, 0xBCB1, 0xBC90, 0xB42F, 0xBCB1, 0xB470, 0xBC6F, 0xBCF2, 0xB46F, 0xB46F, 0xB42E, 0xB4B1,
  0xB470, 0xB42F, 0xB3ED, 0xB3CC, 0xABCD, 0xBCD2, 0xB470, 0xB470, 0xB42F, 0xB40E, 0xABED, 0xB42F,
  0xB3ED, 0xB44F, 0xB44F, 0xB470, 0xB40E, 0xABED, 0xB42F, 0xB40E, 0xB470, 0xBC90, 0xB42F, 0xB44F,
  0xB470, 0xB46F, 0xBCD1, 0xBC90, 0xB44F, 0xB42F, 0xB42E, 0xB44F, 0xBC6F, 0xB42E, 0xBCD1, 0xC4D1,
  0xBC6F, 0xB42E, 0xC4D1, 0xC533, 0xBCD1, 0xC512, 0xCDB5, 0xCD74, 0xCD12, 0xCD74, 0xC532, 0xCD73,
  0xD594, 0xD573, 0xCD53, 0xD552, 0xD5D5, 0xD5F5, 0xCDB5, 0xEF3C, 0xDE98, 0xDE78, 0xEEFA, 0xE656,
  0xEEB9, 0xDE36, 0xF77C, 0xF77C, 0xEEF9, 0xEF1A, 0xFFBE, 0xFFDE, 0xF79C, 0xF77C, 0xEEF9, 0xFFDE,
  0xF79D, 0xF79D, 0xFFDE, 0xF73A, 0xF79C, 0xF73A, 0xFF7B, 0xF719, 0xF77C, 0xFFBD, 0xF75B, 0xFF9D,
  0xFFBC, 0xFFDD, 0xFFBC, 0xFFBC, 0xFFDC, 0xFF9B, 0xFFBC, 0xFFBC, 0xFFDD, 0xFFBC, 0xFFBC, 0xFFBC,
  0xFFDC, 0xFFDC, 0xFFDD, 0xFFDD, 0xFFDD, 0xFFDD, 0xFFBB, 0xFFBC, 0xFFBC, 0xFFBC, 0xFFDD, 0xFFBC,
  0xFF7B, 0xFF9B, 0xFFBC, 0xFFFD, 0xFFBC, 0xFF9B, 0xFF9B, 0xFFBC, 0xFFDD, 0xFFDD, 0xFFBC, 0xFF9B,
  0xFF5A, 0xFF7B, 0xFF9C, 0xFFDD, 0xFFBC, 0xFFBC, 0xFF7B, 0xFF7B, 0xFF7B, 0xFFBD, 0xFFDD, 0xFF7B,
  0xF718, 0xFF9C, 0xFFBC, 0xFFDE, 0xFFDD, 0xFF7B, 0xF739, 0xFF5A, 0xF719, 0xF6F8, 0xF73A, 0xF75A,
  0xF75A, 0xF73A, 0xF739, 0xF73A, 0xF6F8, 0xF696, 0xF6B7, 0xF6B7, 0xF6D9, 0xF6F8, 0xF6F9, 0xF6B7,
  0xF676, 0xF676, 0xF696, 0xF696, 0xF676, 0xF676, 0xF696, 0xEE76, 0xEE56, 0xE656, 0xEE76, 0xEE97,
  0xEEB8, 0xEE97, 0xEE76, 0xEE14, 0xEE14, 0xEDF4, 0xE5D3, 0xE5D4, 0xE615, 0xEE98, 0xEF1B, 0xEED9,
  0xEEDA, 0xE657, 0xE677, 0xE657, 0xE677, 0xDDD5, 0xD552, 0xD573, 0xCD32, 0xCD11, 0xD511, 0xD573,
  0xD552, 0xD511, 0xD552, 0xD5B4, 0xD594, 0xD553, 0xD511, 0xD4F1, 0xCCF1, 0xCCB0, 0xCCAF, 0xCCD0,
  0xCD32, 0xD573, 0xCCF1, 0xC4B0, 0xC4D1, 0xC4D1, 0xCD74, 0xCDD6, 0xD638, 0xCD95, 0xC532, 0xC4B0,
  0xC48F, 0xC46F, 0xC44E, 0xBC2D, 0xBC4F, 0xC4B0, 0xC4B0, 0xBC6F, 0xB42E, 0xB44F, 0xC533, 0xBCF2,
  0xBCD1, 0xB46F, 0xB44F, 0xBCF2, 0xBC6F, 0xBC6F, 0xB46F, 0xBC90, 0xBC90, 0xB46F, 0xB44F, 0xB4D1,
  0xB42E, 0xB40E, 0xB40E, 0xB3ED, 0xBCD1, 0xB4B0, 0xB490, 0xB42F, 0xB42F, 0xB42E, 0xB42F, 0xB42E,
  0xB46F, 0xB46F, 0xB42E, 0xB44E, 0xB42F, 0xB44F, 0xB42E, 0xBCD1, 0xB46F, 0xB46F, 0xB491, 0xB4B1,
  0xB44F, 0xBCF2, 0xB490, 0xB46F, 0xBC6F, 0xB42E, 0xB44F, 0xBC90, 0xBC90, 0xC4F2, 0xBC90, 0xB44E,
  0xBC8F, 0xBCD1, 0xCDB5, 0xC553, 0xCD53, 0xC574, 0xCD32, 0xC4D0, 0xC4F1, 0xD5B5, 0xCD32, 0xCD52,
  0xD573, 0xD573, 0xD573, 0xEEFA, 0xDE78, 0xDE78, 0xE6B9, 0xE6DA, 0xDE37, 0xE6B8, 0xE677, 0xEED9,
  0xE656, 0xF71B, 0xF77C, 0xEF1A, 0xEEF9, 0xF73B, 0xFFBE, 0xF79D, 0xF77C, 0xF73B, 0xF71A, 0xFFDE,
  0xF77C, 0xFFBD, 0xFF7C, 0xF6F9, 0xF73A, 0xFF7C, 0xF73A, 0xF719, 0xFFDD, 0xFFBD, 0xF75A, 0xF73A,
  0xFFBC, 0xFFDC, 0xFFDC, 0xFFBC, 0xFFDD, 0xFFBC, 0xFFBC, 0xFFBC, 0xFFDD, 0xFFDD, 0xFFBC, 0xFFBC,
  0xFFBC, 0xFFDC, 0xFFDD, 0xFFDC, 0xFFDD, 0xFFDD, 0xFFBC, 0xFFDD, 0xFFBC, 0xFFBC, 0xFFBC, 0xFF9C,
  0xFFDD, 0xFF9B, 0xFF7B, 0xFFBC, 0xFFDD, 0xFFDC, 0xFFBC, 0xFF7A, 0xFFBC, 0xFFDD, 0xFFFD, 0xFFDD,
  0xFF9C, 0xFF5A, 0xFF39, 0xFF7A, 0xFFBC, 0xFF9C, 0xFFBD, 0xFF9C, 0xFF9C, 0xFF7B, 0xFFBC, 0xFFDE,
  0xFF7B, 0xF739, 0xF75B, 0xFF7B, 0xFFBC, 0xFFDD, 0xFFBC, 0xFF9C, 0xFFBD, 0xF75A, 0xF6D7, 0xF73A,
  0xF73A, 0xF719, 0xF719, 0xF719, 0xFF5A, 0xF739, 0xF6B7, 0xF6B7, 0xF697, 0xF6F8, 0xF719, 0xF719,
  0xF6F8, 0xF6B7, 0xF676, 0xF655, 0xF675, 0xF676, 0xF696, 0xF676, 0xF6B8, 0xEEB8, 0xEED9, 0xF6D9,
  0xEEB8, 0xEE77, 0xEE97, 0xEEB7, 0xEE56, 0xEE56, 0xEED8, 0xEEF9, 0xEEB8, 0xE656, 0xE614, 0xE5F5,
  0xE656, 0xE615, 0xE615, 0xDDD4, 0xDDB3, 0xDD93, 0xD531, 0xD593, 0xDDF5, 0xDE37, 0xE636, 0xDDB4,
  0xDDD4, 0xDDB4, 0xDDB4, 0xD594, 0xD573, 0xD553, 0xD553, 0xD573, 0xD594, 0xD594, 0xD574, 0xDE37,
  0xDE16, 0xD594, 0xCD12, 0xD637, 0xD638, 0xCD74, 0xD5F7, 0xCD53, 0xC4F1, 0xCCF1, 0xC4B0, 0xC48F,
  0xC46E, 0xC44E, 0xC46F, 0xC48F, 0xCD53, 0xCD74, 0xC4F1, 0xC512, 0xBD13, 0xCDB5, 0xC512, 0xC4B0,
  0xBC6F, 0xBC90, 0xC513, 0xBCD1, 0xBCB0, 0xCD74, 0xC4D1, 0xBCD1, 0xBCB0, 0xBC6F, 0xBCB0, 0xBCB0,
  0xBC6F, 0xBC4E, 0xB42E, 0xC533, 0xBCB1, 0xBCD1, 0xB44F, 0xB42E, 0xBC6F, 0xBC90, 0xBC90, 0xBC6F,
  0xB44F, 0xBC90, 0xBC90, 0xBC90, 0xBC6F, 0xBC4F, 0xBC90, 0xB490, 0xC533, 0xBCB1, 0xBCB1, 0xBC90,
  0xBC6F, 0xBCB1, 0xBC90, 0xBC6F, 0xB42E, 0xBCB0, 0xC4F1, 0xC4D1, 0xC512, 0xBC90, 0xBC90, 0xC533,
  0xCD74, 0xCD74, 0xCDD6, 0xCD74, 0xCD53, 0xC4F1, 0xC4F1, 0xCD52, 0xCD52, 0xD5F6, 0xD5D5, 0xD5D5,
  0xD594, 0xD573, 0xDE57, 0xDE98, 0xDE16, 0xD5D5, 0xEF1B, 0xDE57, 0xEEFA, 0xEED9, 0xEED9, 0xE635,
  0xF71A, 0xF7BE, 0xF77C, 0xEEFA, 0xF77C, 0xFFDE, 0xFFBD, 0xF75B, 0xFFDE, 0xEF19, 0xFFBD, 0xF77C,
  0xFFBD, 0xFFBD, 0xF71A, 0xFF9C, 0xFF9C, 0xF73A, 0xF719, 0xFFBD, 0xFFDD, 0xFF5A, 0xF73A, 0xFF7B,
  0xFFBC, 0xFFDC, 0xFFDC, 0xFFDC, 0xFFBC, 0xFFDC, 0xFFBB, 0xFFDC, 0xFFBC, 0xFFDD, 0xFFDC, 0xFF9B,
  0xFFDD, 0xFFDC, 0xFFBC, 0xFFDC, 0xFFDC, 0xFFFD, 0xFFBC, 0xFFDD, 0xFFFD, 0xFFBC, 0xFFBC, 0xFF9B,
  0xFFBC, 0xFFDC, 0xFFBC, 0xFF9B, 0xFFDD, 0xFFFD, 0xFFDC, 0xFFBC, 0xFFBC, 0xFFDD, 0xFFDC, 0xFFDD,
  0xFFDD, 0xFF9C, 0xFF9B, 0xFF7A, 0xFF9B, 0xFF9C, 0xFF7B, 0xFFDD, 0xFFBD, 0xFF9C, 0xFF9B, 0xFFBC,
  0xFFBD, 0xFF7B, 0xFF39, 0xFF7B, 0xFF7B, 0xFF9B, 0xFF9C, 0xFF7B, 0xFF7B, 0xFFBD, 0xF75A, 0xF6F8,
  0xFF19, 0xF77B, 0xFF7B, 0xF75B, 0xF719, 0xF6F8, 0xF6D8, 0xF6D8, 0xF6B7, 0xF696, 0xEEB7, 0xF719,
  0xF71A, 0xF75B, 0xF73A, 0xF6D7, 0xF6D8, 0xF6B7, 0xF696, 0xF696, 0xEE76, 0xEE76, 0xEE76, 0xEE56,
  0xEE56, 0xEE77, 0xEE76, 0xEE56, 0xEE97, 0xEE97, 0xEE97, 0xEE56, 0xE635, 0xEE97, 0xEE77, 0xEE56,
  0xE614, 0xE5F4, 0xE5D4, 0xE5F4, 0xE636, 0xE5F5, 0xE5F5, 0xDDF5, 0xDDF5, 0xD594, 0xD573, 0xDDD4,
  0xE657, 0xDE57, 0xDE16, 0xDE77, 0xDE16, 0xD594, 0xDDB4, 0xDDB5, 0xD594, 0xD572, 0xDDD4, 0xDDF6,
  0xD5B5, 0xD5B4, 0xE678, 0xD637, 0xCD53, 0xCD33, 0xCCF1, 0xCCD0, 0xC4B0, 0xCCD0, 0xCCB0, 0xCCD0,
  0xCCD0, 0xCCF1, 0xCCF1, 0xD5D6, 0xCD94, 0xC532, 0xD5B5, 0xCD33, 0xCD74, 0xC511, 0xC4B0, 0xBC8F,
  0xC4B1, 0xD5B5, 0xC532, 0xC4D1, 0xC512, 0xC532, 0xBC8F, 0xBCB0, 0xBC90, 0xC48F, 0xC48F, 0xC46F,
  0xBC6F, 0xBC6F, 0xC513, 0xC4D1, 0xC48F, 0xBC4E, 0xBC6F, 0xC4D1, 0xC4F2, 0xBC6F, 0xBC6F, 0xBCD1,
  0xBCB0, 0xBCD0, 0xBC90, 0xBCB0, 0xBC90, 0xBCB0, 0xBCB0, 0xC513, 0xC553, 0xC4D0, 0xBC6F, 0xBC6F,
  0xBC8F, 0xC4B0, 0xBC90, 0xC4B0, 0xC533, 0xC512, 0xC4D1, 0xC4B0, 0xC4F1, 0xC513, 0xC512, 0xCD74,
  0xCD53, 0xCD32, 0xD5F6, 0xC512, 0xCD73, 0xCD53, 0xD594, 0xD594, 0xD5F6, 0xDE99, 0xDE37, 0xD5B4,
  0xD5B4, 0xD5B4, 0xE6B9, 0xDE16, 0xDE16, 0xDE36, 0xDE78, 0xE698, 0xF79D, 0xEEB8, 0xE656, 0xEE97,
  0xF79D, 0xF79D, 0xF75B, 0xEED9, 0xF79D, 0xFFBE, 0xF77C, 0xFF9D, 0xF75C, 0xF71A, 0xF79C, 0xF77C,
  0xFFDE, 0xFF9C, 0xF73A, 0xFF9D, 0xFF7B, 0xF73A, 0xF75B, 0xFF9C, 0xFF7C, 0xFF3A, 0xF719, 0xFF9C,
  0xFFBC, 0xFFDC, 0xFFBC, 0xFFDC, 0xFFDC, 0xFFDC, 0xFF9B, 0xFFBC, 0xFFBC, 0xFF9B, 0xFFDD, 0xFFBC,
  0xFFBC, 0xFFDD, 0xFFBC, 0xFFBC, 0xFFBC, 0xFFDC, 0xFF9B, 0xFFBC, 0xFFDD, 0xFFFD, 0xFFDC, 0xFF9B,
  0xFFBC, 0xFF9B, 0xFF9C, 0xFFDC, 0xFFBC, 0xFFBC, 0xFFDD, 0xFFDD, 0xFF7A, 0xFFBC, 0xFFDD, 0xFFBC,
  0xFFDD, 0xFF9B, 0xFFDD, 0xFFBC, 0xFF7A, 0xFFBC, 0xFF7B, 0xFF5A, 0xFF7B, 0xFF7B, 0xFF9B, 0xFF9C,
  0xFFDD, 0xFFDD, 0xFF5A, 0xFF19, 0xFF39, 0xFF39, 0xFF39, 0xFF39, 0xF739, 0xF719, 0xFF7B, 0xFFBD,
  0xF719, 0xF719, 0xF73B, 0xFFBD, 0xFFDD, 0xF79C, 0xF77B, 0xF6F8, 0xF719, 0xF75B, 0xF75B, 0xF71A,
  0xF6F9, 0xF6D8, 0xF6F9, 0xEED8, 0xF6F9, 0xF6D8, 0xF6D8, 0xF6F9, 0xF6D8, 0xF6F9, 0xF71A, 0xF73B,
  0xFF7C, 0xF75B, 0xF73A, 0xF6F9, 0xEE76, 0xEE35, 0xEE35, 0xEE76, 0xEEB8, 0xEED9, 0xEEB8, 0xEEF9,
  0xEEB8, 0xEE98, 0xEEB8, 0xEE98, 0xE615, 0xDDF5, 0xE698, 0xEEDA, 0xE6B9, 0xE6D9, 0xDE57, 0xE6B9,
  0xE6B9, 0xE657, 0xE678, 0xDE16, 0xDDB4, 0xDD72, 0xD531, 0xD532, 0xD510, 0xD573, 0xDDD5, 0xDDB4,
  0xD573, 0xD594, 0xD573, 0xCD12, 0xCD11, 0xC4F1, 0xCD31, 0xCD11, 0xCD32, 0xCD31, 0xCD52, 0xD511,
  0xCD12, 0xCD31, 0xCD53, 0xCD74, 0xD5F6, 0xD5D5, 0xCD32, 0xCD12, 0xCCF1, 0xC4AF, 0xC4F1, 0xCD53,
  0xD5B5, 0xCD33, 0xC4F1, 0xCD32, 0xCD53, 0xC512, 0xC4F1, 0xC4B0, 0xC48F, 0xCCB0, 0xC4F1, 0xC512,
  0xC4F1, 0xC4F1, 0xBC90, 0xC4F1, 0xC4D1, 0xC4F1, 0xC512, 0xBCD0, 0xC4F1, 0xC4D0, 0xC512, 0xC4F2,
  0xBCB0, 0xC4F2, 0xBCB1, 0xBC8F, 0xBC90, 0xC4F1, 0xCD74, 0xC532, 0xBCB1, 0xC4F1, 0xC4D0, 0xC4B1,
  0xC4F1, 0xC4F1, 0xC532, 0xCD53, 0xC4F2, 0xC512, 0xC4D0, 0xC4B0, 0xCDB5, 0xC512, 0xCD12, 0xC512,
  0xCD32, 0xCD53, 0xCD53, 0xD616, 0xCD73, 0xD573, 0xCD32, 0xDE58, 0xDE78, 0xD5F6, 0xD5F6, 0xD593,
  0xD593, 0xEEB9, 0xEEFA, 0xDE57, 0xEEFA, 0xE6FA, 0xE678, 0xE657, 0xEEB8, 0xE656, 0xEED9, 0xEED9,
  0xFFDE, 0xF77C, 0xEF3A, 0xEED9, 0xFFDE, 0xF7BD, 0xF75B, 0xF79D, 0xEEF9, 0xF73B, 0xF79C, 0xFF9C,
  0xFF9C, 0xF719, 0xF75B, 0xFF7B, 0xF719, 0xFFBD, 0xFF7B, 0xFF9C, 0xFF9D, 0xF739, 0xFF7B, 0xFF5B,
  0xFFBC, 0xFFDC, 0xFFBC, 0xFFBC, 0xFFDD, 0xFFDD, 0xFFBC, 0xFF9B, 0xFFBC, 0xFF7B, 0xFFBC, 0xFFDD,
  0xFFBB, 0xFFDC, 0xFFDD, 0xFFDC, 0xFFBC, 0xFFDD, 0xFFDC, 0xFFBB, 0xFFDD, 0xFFDD, 0xFFFD, 0xFFBC,
  0xFFBC, 0xFFDD, 0xFFBC, 0xFF7B, 0xFF9C, 0xFF9B, 0xFFBC, 0xFFBC, 0xFFBC, 0xFF7A, 0xFFBC, 0xFFDE,
  0xFFDD, 0xFF9C, 0xFF9B, 0xFFBD, 0xFF9C, 0xFF7B, 0xFFBC, 0xFFBC, 0xFF9C, 0xFF7B, 0xFF9B, 0xF759,
  0xF739, 0xFF7B, 0xF79C, 0xFF5A, 0xFF3A, 0xFF7B, 0xFFBD, 0xFFBD, 0xFFBD, 0xFFBC, 0xFF5B, 0xFF5A,
  0xFF9C, 0xF73A, 0xF6D7, 0xF6D7, 0xF719, 0xF75A, 0xFF7C, 0xF77B, 0xF718, 0xF696, 0xEE75, 0xF696,
  0xF696, 0xF697, 0xF696, 0xEE96, 0xEEB7, 0xF6B7, 0xF6B8, 0xF6B7, 0xF6B7, 0xEE76, 0xEE97, 0xEE76,
  0xEEB8, 0xEEB8, 0xEEFA, 0xF77C, 0xF75B, 0xF73B, 0xF6F9, 0xEE35, 0xEE56, 0xEE35, 0xEE56, 0xEE35,
  0xEE35, 0xEE76, 0xEE35, 0xE615, 0xE615, 0xEEB9, 0xE656, 0xDDF5, 0xE637, 0xDDB4, 0xDDD5, 0xDDD4,
  0xDDF6, 0xDDD4, 0xDD93, 0xDD92, 0xDD51, 0xDD51, 0xDD31, 0xD552, 0xE698, 0xEF1B, 0xE678, 0xDDF5,
  0xDE16, 0xDE57, 0xD5D4, 0xCD53, 0xD5B4, 0xD594, 0xD5B5, 0xD594, 0xCD11, 0xCD11, 0xCD31, 0xCD11,
  0xCD11, 0xCD32, 0xD5B5, 0xD5B4, 0xCD73, 0xC4F1, 0xC4D0, 0xCD11, 0xD594, 0xD5B5, 0xD5B5, 0xCD73,
  0xCD12, 0xCD11, 0xCCD0, 0xCD33, 0xC4D0, 0xC4D0, 0xC4D0, 0xCCF1, 0xCD12, 0xCD53, 0xCD32, 0xCD32,
  0xC4F1, 0xC4F1, 0xCD53, 0xC512, 0xC4D0, 0xC553, 0xC512, 0xC574, 0xC532, 0xC4F1, 0xC553, 0xC4F1,
  0xC4D1, 0xBCB0, 0xC4B0, 0xC4D0, 0xC512, 0xCD53, 0xCD94, 0xC512, 0xCD11, 0xC4F1, 0xC4D0, 0xC512,
  0xC4F1, 0xCD74, 0xCD94, 0xC4F1, 0xC4F1, 0xC4B0, 0xCD53, 0xCD94, 0xC533, 0xCD53, 0xCD32, 0xCD11,
  0xD5D5, 0xD5D5, 0xDE16, 0xD5F5, 0xD573, 0xCD52, 0xE678, 0xDE78, 0xDE58, 0xD5D4, 0xD5B4, 0xD593,
  0xDE16, 0xE6D9, 0xE677, 0xDE57, 0xEF5C, 0xF71B, 0xE677, 0xE636, 0xEEB8, 0xEED9, 0xEEFA, 0xEEFA,
  0xEF1A, 0xEEF9, 0xF73B, 0xF73B, 0xFFDE, 0xF77C, 0xFF9D, 0xF71A, 0xF71A, 0xFFBD, 0xFFDE, 0xFFBD,
  0xF71A, 0xF77B, 0xFF7B, 0xF73A, 0xFF9C, 0xFFBD, 0xFF7C, 0xFF9C, 0xFF7B, 0xF73A, 0xF73A, 0xFF19
};

#endif
