// Image: humaneyeclosed240x240
// Size: 240x240
// Array size: 112.5 KB

#ifndef HUMANEYECLOSED240X240_H
#define HUMANEYECLOSED240X240_H

const int HUMANEYECLOSED240X240_WIDTH = 240;
const int HUMANEYECLOSED240X240_HEIGHT = 240;

const uint16_t humaneyeclosed240x240_data[57600] PROGMEM = {
  0xFF9B, 0xFFBB, 0xFFBC, 0xFF9B, 0xFF9A, 0xFF9B, 0xFFBB, 0xFF9B, 0xFF9B, 0xFF9A, 0xFF9A, 0xFF9B,
  0xFF9B, 0xFFBB, 0xFF9B, 0xFF9B, 0xFF9A, 0xFF9B, 0xFF9B, 0xFFBB, 0xFF9B, 0xFF9B, 0xFFBC, 0xFFDD,
  0xFFDD, 0xFFBC, 0xFF9B, 0xFF9B, 0xFF9B, 0xFFBB, 0xFFBC, 0xFFDD, 0xFFBC, 0xFF9B, 0xFF9B, 0xFF7A,
  0xFF9B, 0xFF9B, 0xFF9B, 0xFF9B, 0xFF9B, 0xFF9B, 0xFF9B, 0xFF9B, 0xFF9B, 0xFF9A, 0xFF9B, 0xFF9B,
  0xFFBC, 0xFFDE, 0xFFBC, 0xFF7A, 0xFF7A, 0xFF9B, 0xFF9B, 0xFF7A, 0xFF7A, 0xFF7A, 0xFF7A, 0xFF7A,
  0xFF7A, 0xFF7B, 0xFF9C, 0xFFBC, 0xFF9B, 0xFF7A, 0xFF7A, 0xFF9B, 0xFF7A, 0xFF59, 0xFF59, 0xFF39,
  0xFF39, 0xFF59, 0xFF7A, 0xFF7A, 0xFF5A, 0xFF7A, 0xFF59, 0xFF59, 0xFF39, 0xFF18, 0xFF38, 0xFF39,
  0xFF59, 0xFF59, 0xFF39, 0xFF39, 0xFF38, 0xFF18, 0xFF39, 0xFF59, 0xFF39, 0xFF39, 0xFF38, 0xFF18,
  0xFF18, 0xFEF7, 0xFEF7, 0xFF18, 0xFF18, 0xFF18, 0xFF18, 0xFEF7, 0xFEF7, 0xFED7, 0xFED7, 0xFED7,
  0xFED7, 0xFED6, 0xFED6, 0xFED6, 0xFEF7, 0xFEF8, 0xFF18, 0xFF18, 0xFEF8, 0xFEF7, 0xFEB6, 0xFE95,
  0xFE74, 0xFE74, 0xFE74, 0xFE95, 0xFEB6, 0xFE95, 0xFE95, 0xFE74, 0xFE74, 0xFE74, 0xF654, 0xF654,
  0xF654, 0xF633, 0xF633, 0xF613, 0xF612, 0xF613, 0xF633, 0xF612, 0xF5F2, 0xF5F2, 0xEDF2, 0xEDD1,
  0xEDD1, 0xEDF2, 0xEDF2, 0xEDF2, 0xEDD2, 0xEDD2, 0xEDD1, 0xEDD1, 0xEDB1, 0xE591, 0xE5B1, 0xE591,
  0xE570, 0xE54F, 0xE4EE, 0xDC8B, 0xDC4A, 0xDC6B, 0xDCCC, 0xDCEE, 0xDCEE, 0xDCCD, 0xDCAD, 0xD44B,
  0xCBC9, 0xC347, 0xC306, 0xC326, 0xC388, 0xC3A9, 0xC389, 0xC348, 0xBB07, 0xB2A5, 0xB264, 0xAA44,
  0xAA64, 0xB2C5, 0xB306, 0xBB06, 0xB2E6, 0xB285, 0xAA44, 0xAA64, 0xAA85, 0xAA85, 0xAA44, 0xA202,
  0xA203, 0xA223, 0xA244, 0xA244, 0xA264, 0xAA85, 0xA285, 0xA265, 0xA244, 0x9A03, 0xA223, 0x9A23,
  0x99E3, 0x99C2, 0x99E3, 0x9A24, 0xA224, 0x9A24, 0x9A03, 0x9A03, 0x9A03, 0x9A24, 0x9A24, 0x9A03,
  0x91C2, 0x91C2, 0x91C2, 0x91E3, 0x9A03, 0x91E3, 0x91C2, 0x91A2, 0x8981, 0x9181, 0x91C2, 0x91E3,
  0x9A23, 0x9A24, 0x9A23, 0x91E3, 0x91E2, 0x91E3, 0x9A23, 0x9A24, 0x9223, 0x9203, 0x9203, 0x89C2,
  0xFF9A, 0xFF9A, 0xFF9B, 0xFFBC, 0xFFBB, 0xFFBB, 0xFFBC, 0xFFBC, 0xFFDD, 0xFFBC, 0xFF9A, 0xFF9A,
  0xFF9A, 0xFF9B, 0xFF9B, 0xFF9B, 0xFF9A, 0xFF9A, 0xFF9B, 0xFF9B, 0xFFBC, 0xFFBC, 0xFF9A, 0xFF9B,
  0xFFBB, 0xFFBC, 0xFFBB, 0xFF9B, 0xFF9B, 0xFF9B, 0xFFBC, 0xFF9B, 0xFFBC, 0xFFBC, 0xFFBB, 0xFF9B,
  0xFF9A, 0xFF7A, 0xFF7A, 0xFF7A, 0xFF7A, 0xFF7A, 0xFF7A, 0xFF7A, 0xFF9A, 0xFF9B, 0xFF9B, 0xFFBC,
  0xFF9B, 0xFFBC, 0xFFDD, 0xFF9C, 0xFF9B, 0xFF9B, 0xFF7B, 0xFF9B, 0xFFBC, 0xFFBC, 0xFF7A, 0xFF7A,
  0xFF5A, 0xFF5A, 0xFF5A, 0xFF5A, 0xFF59, 0xFF7A, 0xFF7A, 0xFF5A, 0xFF39, 0xFF59, 0xFF59, 0xFF39,
  0xFF39, 0xFF39, 0xFF39, 0xFF5A, 0xFF59, 0xFF59, 0xFF39, 0xFF39, 0xFF18, 0xFF18, 0xFF39, 0xFF39,
  0xFF39, 0xFF18, 0xFF18, 0xFF38, 0xFF18, 0xFF18, 0xFF18, 0xFF18, 0xFF18, 0xFF18, 0xFF18, 0xFF39,
  0xFEF8, 0xFEF8, 0xFF39, 0xFF5A, 0xFF39, 0xFF39, 0xFEF8, 0xFEF7, 0xFEF7, 0xFEF7, 0xFED7, 0xFED7,
  0xFEF7, 0xFED7, 0xFED6, 0xFEF8, 0xFEF8, 0xFEF7, 0xFED7, 0xFED6, 0xFEB6, 0xFEB6, 0xFE95, 0xFE95,
  0xFE95, 0xFE95, 0xFEB6, 0xFEB6, 0xFE95, 0xFE75, 0xFE75, 0xFE95, 0xFE95, 0xF674, 0xF654, 0xF654,
  0xF654, 0xF633, 0xF633, 0xF613, 0xF633, 0xF633, 0xF633, 0xF633, 0xF633, 0xF613, 0xEDF2, 0xEDD2,
  0xEDF2, 0xF613, 0xEDF2, 0xEDD2, 0xEDB1, 0xEDB1, 0xEDB1, 0xEDB1, 0xEDB1, 0xEDD2, 0xEDD2, 0xEDB1,
  0xE590, 0xE590, 0xE550, 0xE50E, 0xDCAC, 0xDC4A, 0xDC6B, 0xDCCC, 0xDCED, 0xDCEE, 0xDCCD, 0xD4AD,
  0xD44B, 0xCBA8, 0xC347, 0xC326, 0xC347, 0xC3A8, 0xC3A9, 0xC389, 0xC368, 0xBB07, 0xB284, 0xB264,
  0xAA64, 0xB284, 0xB2E6, 0xBB07, 0xBB07, 0xB2E6, 0xB285, 0xAA64, 0xAA84, 0xB2A5, 0xAAA5, 0xAA44,
  0xA203, 0xA203, 0xA223, 0xA244, 0xAA64, 0xAA85, 0xAA85, 0xAA85, 0xAA85, 0xA244, 0xA223, 0xA244,
  0xA224, 0x99E2, 0x99C2, 0x9A03, 0xA224, 0xA244, 0x9A23, 0x9A03, 0x9A03, 0x9A24, 0x9A44, 0x9A24,
  0x9A03, 0x99E3, 0x91C2, 0x91E2, 0x9A03, 0x9A03, 0x9203, 0x91E2, 0x91C2, 0x91A2, 0x91A2, 0x91C2,
  0x9A23, 0x9A44, 0x9A24, 0x9A24, 0x9203, 0x91E3, 0x9203, 0x9A24, 0x9A24, 0x9223, 0x9203, 0x91C2,
  0xFF9B, 0xFF9A, 0xFF7A, 0xFF9B, 0xFFBC, 0xFFBC, 0xFFBC, 0xFFBC, 0xFFBC, 0xFFBC, 0xFFBC, 0xFF9B,
  0xFF9A, 0xFF9A, 0xFF9B, 0xFFBC, 0xFFBC, 0xFF9B, 0xFF9A, 0xFF9A, 0xFF9B, 0xFF9B, 0xFF9B, 0xFF9B,
  0xFF7A, 0xFF9A, 0xFF9B, 0xFF9B, 0xFF9B, 0xFFBB, 0xFF9B, 0xFF9B, 0xFF9B, 0xFF9B, 0xFF9B, 0xFF9B,
  0xFF9B, 0xFF7A, 0xFF7A, 0xFF7A, 0xFF7A, 0xFF7A, 0xFF7A, 0xFF7A, 0xFF7A, 0xFF7A, 0xFF7A, 0xFF7A,
  0xFF7A, 0xFF7A, 0xFF7B, 0xFF9C, 0xFFBC, 0xFF9B, 0xFF7A, 0xFF7B, 0xFFBC, 0xFF9C, 0xFF9C, 0xFFDD,
  0xFFDD, 0xFF9B, 0xFF7A, 0xFF7A, 0xFF59, 0xFF59, 0xFF7A, 0xFF5A, 0xFF7A, 0xFF59, 0xFF39, 0xFF59,
  0xFF39, 0xFF39, 0xFF39, 0xFF38, 0xFF39, 0xFF39, 0xFF18, 0xFF18, 0xFF38, 0xFF38, 0xFF18, 0xFF18,
  0xFF39, 0xFF39, 0xFF18, 0xFF18, 0xFF39, 0xFF38, 0xFF18, 0xFEF7, 0xFEF7, 0xFEF7, 0xFEF7, 0xFEF7,
  0xFEF8, 0xFF19, 0xFF39, 0xFF18, 0xFEF7, 0xFEF7, 0xFEF7, 0xFF18, 0xFF19, 0xFEF7, 0xFED6, 0xFEF7,
  0xFED7, 0xFED7, 0xFED7, 0xFEF7, 0xFEB6, 0xFEB6, 0xFE96, 0xFE95, 0xFE96, 0xFE95, 0xFEB6, 0xFE96,
  0xFE95, 0xFED7, 0xFED7, 0xFE95, 0xFE74, 0xFE74, 0xFE75, 0xFEB6, 0xFE95, 0xF654, 0xF654, 0xF654,
  0xF633, 0xF633, 0xF633, 0xF634, 0xF654, 0xF634, 0xF634, 0xF633, 0xF613, 0xF5F2, 0xEDF2, 0xEDF2,
  0xF613, 0xF613, 0xEDF2, 0xEDD1, 0xEDB1, 0xEDB1, 0xEDB1, 0xEDB1, 0xEDB1, 0xEDD2, 0xEDD2, 0xEDB1,
  0xE591, 0xE591, 0xE590, 0xE54F, 0xE50E, 0xDCAC, 0xDC6B, 0xDC8B, 0xDCCD, 0xDCED, 0xDCEE, 0xDCCD,
  0xD4AD, 0xD44B, 0xCBA8, 0xC347, 0xC346, 0xC388, 0xC3A9, 0xC3A9, 0xC3A9, 0xC388, 0xBB06, 0xB2A5,
  0xB284, 0xB284, 0xB2C5, 0xBB06, 0xBB27, 0xBB27, 0xB306, 0xB2A5, 0xAA84, 0xAA85, 0xB2C5, 0xB2A5,
  0xAA64, 0xA203, 0xA203, 0xA223, 0xAA64, 0xAA85, 0xAAA5, 0xAAA5, 0xAAA5, 0xAA85, 0xA244, 0xA244,
  0xA264, 0xA224, 0x99E3, 0x99E2, 0xA203, 0xA244, 0xA244, 0x9A23, 0x9A03, 0x9A23, 0x9A24, 0x9A44,
  0x9A23, 0x9A03, 0x91E2, 0x91C2, 0x9A03, 0x9A03, 0x9A03, 0x9A03, 0x91E2, 0x91C2, 0x91A2, 0x91C2,
  0x9A03, 0x9A44, 0x9A44, 0x9A44, 0x9A23, 0x9A03, 0x9A24, 0x9A44, 0x9A24, 0x9A23, 0x9223, 0x91E3,
  0xFF9B, 0xFF9B, 0xFF9A, 0xFF9A, 0xFF9A, 0xFF9B, 0xFF9B, 0xFFBC, 0xFFBB, 0xFF9B, 0xFF9B, 0xFF9B,
  0xFF9A, 0xFF9B, 0xFF9B, 0xFF9B, 0xFFBC, 0xFFDD, 0xFFBC, 0xFF9A, 0xFF9A, 0xFF9B, 0xFFBC, 0xFFBB,
  0xFF9B, 0xFF9B, 0xFF9B, 0xFFBC, 0xFFBC, 0xFFBC, 0xFF9B, 0xFF7A, 0xFF9B, 0xFF9B, 0xFF9B, 0xFF9B,
  0xFFBC, 0xFFDD, 0xFFDD, 0xFFBC, 0xFF9B, 0xFF5A, 0xFF7A, 0xFF7A, 0xFF7A, 0xFF7A, 0xFF7A, 0xFF7A,
  0xFF7A, 0xFF7A, 0xFF7B, 0xFF7A, 0xFF7A, 0xFF7A, 0xFF7A, 0xFF7A, 0xFF5A, 0xFF7B, 0xFF9B, 0xFF9B,
  0xFFBC, 0xFFBC, 0xFF7B, 0xFF9B, 0xFF9B, 0xFF7A, 0xFF39, 0xFF59, 0xFF7A, 0xFF59, 0xFF38, 0xFF39,
  0xFF39, 0xFF39, 0xFF39, 0xFF59, 0xFF38, 0xFF18, 0xFF18, 0xFF18, 0xFF18, 0xFF38, 0xFF5A, 0xFF9B,
  0xFF7A, 0xFF39, 0xFF18, 0xFEF7, 0xFEF7, 0xFEF7, 0xFEF7, 0xFEF7, 0xFEF7, 0xFEF7, 0xFEF7, 0xFEF7,
  0xFEF7, 0xFEF7, 0xFED7, 0xFEF7, 0xFED7, 0xFEF7, 0xFEF7, 0xFF18, 0xFEF7, 0xFEB6, 0xFEB6, 0xFEB6,
  0xFED7, 0xFED7, 0xFEB6, 0xFEB6, 0xFE95, 0xFE95, 0xFE95, 0xFE95, 0xFE95, 0xFE95, 0xFE95, 0xFE95,
  0xFE95, 0xFE96, 0xFE95, 0xFE74, 0xFE74, 0xFE75, 0xFE95, 0xF675, 0xF654, 0xF654, 0xF654, 0xF654,
  0xF654, 0xF654, 0xF675, 0xF654, 0xF633, 0xF633, 0xF633, 0xF613, 0xF5F2, 0xF5F2, 0xEDF2, 0xEDF2,
  0xF5F2, 0xEDF2, 0xEDD1, 0xEDD1, 0xEDB1, 0xEDB1, 0xEDB0, 0xED90, 0xED90, 0xED90, 0xED90, 0xED90,
  0xE590, 0xE590, 0xE590, 0xE570, 0xE54F, 0xE52F, 0xDCCD, 0xDC8B, 0xDC8B, 0xDCCC, 0xDCED, 0xDCCD,
  0xDCCD, 0xD4AD, 0xD46B, 0xCBC8, 0xC346, 0xC347, 0xCBA8, 0xCBC9, 0xCBE9, 0xC3C9, 0xC388, 0xBB06,
  0xB2A5, 0xB284, 0xB2A4, 0xBB06, 0xBB27, 0xBB47, 0xBB27, 0xBB06, 0xB2C5, 0xB284, 0xB2A5, 0xB2C5,
  0xB2C5, 0xAA84, 0xA223, 0xA223, 0xA223, 0xAA84, 0xAAA5, 0xAAA5, 0xAAA5, 0xAAA5, 0xAA85, 0xA264,
  0xA264, 0xA264, 0xA224, 0x9A03, 0x9A02, 0xA223, 0xA264, 0xA244, 0xA244, 0xA224, 0xA244, 0xA244,
  0xA244, 0x9A23, 0x9A03, 0x99E3, 0x99E3, 0x9A23, 0x9A23, 0x9A03, 0x9A03, 0x91E2, 0x91C2, 0x91C2,
  0x91E2, 0x9A23, 0x9A64, 0x9A64, 0x9A44, 0x9A23, 0x9A44, 0x9A44, 0x9A44, 0x9A23, 0x9A23, 0x9203,
  0xFF7A, 0xFF9A, 0xFF9A, 0xFF9A, 0xFF9A, 0xFF9A, 0xFF7A, 0xFF7A, 0xFF7A, 0xFF9A, 0xFF9A, 0xFF9B,
  0xFFBB, 0xFF9B, 0xFF9A, 0xFF9A, 0xFF9A, 0xFF9B, 0xFFBB, 0xFFBB, 0xFF9A, 0xFF9B, 0xFF9B, 0xFFBB,
  0xFF9B, 0xFF9B, 0xFF9B, 0xFF7A, 0xFF7A, 0xFF9A, 0xFF9B, 0xFFBC, 0xFF9B, 0xFF9B, 0xFF9B, 0xFF9B,
  0xFF9B, 0xFFBC, 0xFFBC, 0xFFBC, 0xFFBC, 0xFF9B, 0xFF7A, 0xFF7A, 0xFF7A, 0xFF59, 0xFF5A, 0xFF7A,
  0xFF9B, 0xFF7A, 0xFF59, 0xFF59, 0xFF59, 0xFF7A, 0xFF5A, 0xFF59, 0xFF59, 0xFF59, 0xFF59, 0xFF39,
  0xFF39, 0xFF39, 0xFF38, 0xFF59, 0xFF5A, 0xFF7A, 0xFF39, 0xFF18, 0xFF18, 0xFF38, 0xFF18, 0xFF38,
  0xFF38, 0xFF18, 0xFF39, 0xFF39, 0xFF38, 0xFF39, 0xFF5A, 0xFF59, 0xFF39, 0xFF5A, 0xFF5A, 0xFF38,
  0xFF38, 0xFF18, 0xFEF8, 0xFEF7, 0xFEF7, 0xFEF7, 0xFED7, 0xFED7, 0xFF18, 0xFEF7, 0xFED7, 0xFED6,
  0xFED6, 0xFED6, 0xFED6, 0xFEF7, 0xFEF7, 0xFEF7, 0xFED7, 0xFED7, 0xFED6, 0xFEB6, 0xFEB6, 0xFED6,
  0xFEF7, 0xFED7, 0xFEB6, 0xFEB6, 0xFE95, 0xFE95, 0xFE95, 0xFE95, 0xFE95, 0xFE95, 0xFE95, 0xFE95,
  0xFE95, 0xFE75, 0xFE75, 0xFE74, 0xFE74, 0xFE95, 0xFE75, 0xF654, 0xF654, 0xF674, 0xF675, 0xF675,
  0xF654, 0xF654, 0xF675, 0xF654, 0xF613, 0xF5F2, 0xF612, 0xF5F2, 0xF5F2, 0xF5F2, 0xEDD2, 0xEDD1,
  0xEDD1, 0xEDD1, 0xEDB1, 0xEDB1, 0xEDB1, 0xEDB1, 0xEDD1, 0xED91, 0xED90, 0xE56F, 0xED70, 0xED90,
  0xE590, 0xE570, 0xE570, 0xE570, 0xE570, 0xE550, 0xE52F, 0xDCED, 0xDCAC, 0xDC8B, 0xDCCC, 0xDCED,
  0xDCEE, 0xDCCE, 0xD4CD, 0xD46B, 0xCBC8, 0xC367, 0xCB87, 0xCBC9, 0xCC0A, 0xCC0A, 0xCBC9, 0xC388,
  0xBB06, 0xB2C5, 0xB2A4, 0xBAC5, 0xBB06, 0xBB47, 0xBB47, 0xBB47, 0xBB26, 0xB2C5, 0xB2A5, 0xB2C5,
  0xB2C6, 0xB2C5, 0xAA85, 0xAA43, 0xA223, 0xAA44, 0xAAA5, 0xB2C5, 0xAAC6, 0xAAC6, 0xAAA5, 0xAA85,
  0xAA84, 0xAA84, 0xA264, 0xA244, 0xA203, 0xA203, 0xA244, 0xA264, 0xA264, 0xA244, 0xA264, 0xA264,
  0xA244, 0xA244, 0x9A23, 0x9A03, 0x9A03, 0x9A23, 0x9A44, 0x9A24, 0x9A03, 0x9A03, 0x91E2, 0x91C2,
  0x99C2, 0x9A23, 0xA264, 0xA264, 0xA264, 0x9A44, 0x9A44, 0x9A44, 0x9A44, 0x9A44, 0x9A24, 0x9A23,
  0xFF9A, 0xFF9B, 0xFF9B, 0xFF9A, 0xFF9A, 0xFF9A, 0xFF9B, 0xFF9A, 0xFF7A, 0xFF9A, 0xFF9A, 0xFF9A,
  0xFF9B, 0xFF9B, 0xFF9A, 0xFF9A, 0xFF7A, 0xFF7A, 0xFF7A, 0xFF7A, 0xFF7A, 0xFF7A, 0xFF7A, 0xFF9A,
  0xFF9B, 0xFF9B, 0xFF9B, 0xFF9B, 0xFF7A, 0xFF7A, 0xFF7A, 0xFF9B, 0xFF9A, 0xFF7A, 0xFF7A, 0xFF7A,
  0xFF7A, 0xFF7A, 0xFF7A, 0xFF7A, 0xFF7A, 0xFF9B, 0xFF9B, 0xFF9B, 0xFF9B, 0xFF7A, 0xFF7A, 0xFF9B,
  0xFFDD, 0xFFDD, 0xFF9B, 0xFF5A, 0xFF59, 0xFF59, 0xFF59, 0xFF59, 0xFF59, 0xFF59, 0xFF59, 0xFF39,
  0xFF39, 0xFF39, 0xFF59, 0xFF39, 0xFF39, 0xFF39, 0xFF38, 0xFF39, 0xFF18, 0xFF18, 0xFF18, 0xFF18,
  0xFF18, 0xFF38, 0xFF39, 0xFF18, 0xFF18, 0xFF18, 0xFF39, 0xFF18, 0xFF39, 0xFF59, 0xFF18, 0xFEF7,
  0xFEF7, 0xFF17, 0xFEF7, 0xFEF7, 0xFEF7, 0xFEF7, 0xFF18, 0xFF39, 0xFF39, 0xFF18, 0xFEF8, 0xFF39,
  0xFF18, 0xFEF7, 0xFEF7, 0xFEF7, 0xFED7, 0xFED6, 0xFED6, 0xFEB6, 0xFEB6, 0xFEB6, 0xFEB6, 0xFEF7,
  0xFED7, 0xFEB6, 0xFE95, 0xFE95, 0xFE95, 0xFE95, 0xFE95, 0xFE75, 0xFE95, 0xFEB6, 0xFED7, 0xFEB7,
  0xFE95, 0xFE75, 0xFE75, 0xFE54, 0xFE75, 0xF675, 0xF675, 0xF675, 0xF675, 0xF675, 0xF654, 0xF634,
  0xF633, 0xF633, 0xF633, 0xF633, 0xF613, 0xF612, 0xF5F2, 0xF5F2, 0xF5F2, 0xEDD1, 0xEDD1, 0xEDB1,
  0xEDB1, 0xEDD1, 0xEDB1, 0xEDB1, 0xEDB1, 0xEDD2, 0xEDB1, 0xED90, 0xED90, 0xE590, 0xED90, 0xED91,
  0xE590, 0xE570, 0xE56F, 0xE570, 0xE570, 0xE550, 0xE54F, 0xE52F, 0xDCED, 0xDCCD, 0xDCCD, 0xDCED,
  0xDCEE, 0xDCEE, 0xDCEE, 0xDCCD, 0xD46B, 0xCBC8, 0xCB87, 0xCBA8, 0xCC0A, 0xCC0A, 0xCC0A, 0xCBE9,
  0xC388, 0xBB26, 0xBAE5, 0xBAC5, 0xBAE6, 0xBB47, 0xBB67, 0xBB67, 0xBB67, 0xBB27, 0xB2E5, 0xB2C5,
  0xB2C5, 0xB2E6, 0xB2E6, 0xAA85, 0xAA44, 0xAA43, 0xAA64, 0xAAA5, 0xB2C6, 0xB2E6, 0xB2E6, 0xAAC5,
  0xAA85, 0xAA85, 0xAA85, 0xA264, 0xA243, 0xA223, 0xA223, 0xA244, 0xA284, 0xA265, 0xA285, 0xA285,
  0xA264, 0xA244, 0xA244, 0x9A23, 0x9A03, 0xA223, 0xA244, 0xA244, 0x9A23, 0x9A03, 0x9A03, 0x99E2,
  0x99E2, 0x9A03, 0xA244, 0xA264, 0xA285, 0xA265, 0x9A64, 0x9A64, 0x9A64, 0x9A64, 0x9A44, 0x9A23,
  0xFF9B, 0xFFDC, 0xFFBC, 0xFF9A, 0xFF9A, 0xFF9B, 0xFF9B, 0xFF9B, 0xFF9B, 0xFF9A, 0xFF9A, 0xFF9A,
  0xFF7A, 0xFFBB, 0xFFBC, 0xFF9B, 0xFF7A, 0xFF7A, 0xFF7A, 0xFF7A, 0xFF9A, 0xFF7A, 0xFF7A, 0xFF7A,
  0xFF7A, 0xFF9A, 0xFF9B, 0xFF7A, 0xFF7A, 0xFF9A, 0xFF7A, 0xFF7A, 0xFF7A, 0xFF9B, 0xFF7B, 0xFF7A,
  0xFF7A, 0xFF5A, 0xFF59, 0xFF59, 0xFF7A, 0xFF7A, 0xFF9B, 0xFF9C, 0xFFBC, 0xFFBC, 0xFF9B, 0xFF5A,
  0xFF7A, 0xFF9B, 0xFF7A, 0xFF9B, 0xFF7A, 0xFF39, 0xFF59, 0xFF59, 0xFF59, 0xFF59, 0xFF39, 0xFF39,
  0xFF39, 0xFF59, 0xFF39, 0xFF39, 0xFF39, 0xFF39, 0xFF59, 0xFF39, 0xFF38, 0xFF18, 0xFF18, 0xFF18,
  0xFF18, 0xFF17, 0xFF18, 0xFF38, 0xFF18, 0xFF18, 0xFF18, 0xFF18, 0xFF38, 0xFF39, 0xFEF8, 0xFEF7,
  0xFEF7, 0xFEF7, 0xFED7, 0xFED6, 0xFEF7, 0xFEF7, 0xFF39, 0xFEF8, 0xFEF7, 0xFEF7, 0xFF39, 0xFF39,
  0xFEF7, 0xFEF7, 0xFED7, 0xFEB6, 0xFEB6, 0xFEB6, 0xFED6, 0xFEB6, 0xFEB6, 0xFEB6, 0xFEF7, 0xFEF8,
  0xFED6, 0xFE95, 0xFE95, 0xFE95, 0xFE95, 0xFE95, 0xFE95, 0xFE96, 0xFED7, 0xFEF7, 0xFEB7, 0xFE95,
  0xFE75, 0xFE74, 0xFE74, 0xFE54, 0xFE54, 0xF654, 0xF654, 0xF654, 0xF654, 0xF633, 0xF613, 0xF612,
  0xF613, 0xF613, 0xF633, 0xF633, 0xF633, 0xF613, 0xF5F2, 0xEDF2, 0xF5F2, 0xEDD1, 0xEDD1, 0xEDD2,
  0xEDF2, 0xEDF2, 0xEDD1, 0xEDB1, 0xEDB1, 0xEDD1, 0xEDB1, 0xED90, 0xED90, 0xED90, 0xEDB1, 0xE5B1,
  0xE591, 0xE590, 0xE570, 0xE570, 0xE570, 0xE550, 0xE54F, 0xE52F, 0xE52E, 0xDD0E, 0xDD0E, 0xDD0E,
  0xDCEE, 0xDD0E, 0xDCEE, 0xDCEE, 0xDCCD, 0xD46B, 0xCBC8, 0xCB87, 0xCBC8, 0xCC0A, 0xCC2B, 0xCC0A,
  0xCBEA, 0xC3A8, 0xC347, 0xBB06, 0xBB06, 0xBB26, 0xC347, 0xC368, 0xC388, 0xBB68, 0xBB26, 0xB2E5,
  0xB2C5, 0xB2E6, 0xB2E6, 0xB2E6, 0xAAA5, 0xAA64, 0xAA43, 0xAA64, 0xB2C5, 0xB2E6, 0xB306, 0xB2E6,
  0xAAC5, 0xAAA5, 0xAAA5, 0xAA85, 0xA264, 0xA223, 0xA223, 0xA243, 0xA264, 0xA264, 0xA285, 0xAAA5,
  0xAA85, 0xA265, 0xA244, 0xA224, 0x9A23, 0xA244, 0xA244, 0xA264, 0xA244, 0x9A23, 0x9A03, 0x9A03,
  0x99E2, 0x99E2, 0xA244, 0xA285, 0xA285, 0xA285, 0xA284, 0xA264, 0xA264, 0xA264, 0x9A44, 0x9A44,
  0xFF9B, 0xFF9B, 0xFFBB, 0xFF9A, 0xFF9A, 0xFF9A, 0xFF9A, 0xFF7A, 0xFF7A, 0xFF7A, 0xFF7A, 0xFF7A,
  0xFF9A, 0xFF9B, 0xFFBB, 0xFFBC, 0xFFBC, 0xFF9B, 0xFF9A, 0xFF9A, 0xFF9B, 0xFFBC, 0xFFDD, 0xFFBC,
  0xFF9B, 0xFF7A, 0xFF79, 0xFF7A, 0xFF7A, 0xFF7A, 0xFF7A, 0xFF7A, 0xFF79, 0xFF7A, 0xFF7A, 0xFF7A,
  0xFF9A, 0xFF7A, 0xFF7A, 0xFF59, 0xFF59, 0xFF7A, 0xFF9B, 0xFF7A, 0xFF7A, 0xFF7A, 0xFF9B, 0xFF7A,
  0xFF59, 0xFF59, 0xFF7A, 0xFF7B, 0xFF9B, 0xFF9B, 0xFF59, 0xFF59, 0xFF59, 0xFF39, 0xFF39, 0xFF39,
  0xFF59, 0xFF5A, 0xFF7A, 0xFF5A, 0xFF39, 0xFF38, 0xFF39, 0xFF39, 0xFF18, 0xFF5A, 0xFF7B, 0xFF9B,
  0xFF9B, 0xFF59, 0xFF18, 0xFF18, 0xFF18, 0xFF18, 0xFF17, 0xFF18, 0xFEF7, 0xFEF7, 0xFEF7, 0xFEF7,
  0xFEF7, 0xFED7, 0xFED6, 0xFF18, 0xFF39, 0xFEF7, 0xFEF7, 0xFED7, 0xFED6, 0xFED6, 0xFED6, 0xFED6,
  0xFED6, 0xFED6, 0xFEB6, 0xFEB6, 0xFED6, 0xFEB6, 0xFEB6, 0xFEB5, 0xFEB6, 0xFED6, 0xFED7, 0xFEB6,
  0xFE95, 0xFE95, 0xFE95, 0xFE95, 0xFE95, 0xFE95, 0xFEB6, 0xFED7, 0xFED7, 0xFEB6, 0xFE75, 0xFE75,
  0xFE74, 0xFE74, 0xF654, 0xF654, 0xF654, 0xF633, 0xF633, 0xF633, 0xF633, 0xF613, 0xF613, 0xF613,
  0xF654, 0xF633, 0xF613, 0xF613, 0xF5F2, 0xF5F2, 0xF5D2, 0xEDD2, 0xEDD2, 0xEDD1, 0xEDF2, 0xF655,
  0xF655, 0xF613, 0xEDD2, 0xEDD1, 0xEDB1, 0xEDB1, 0xED90, 0xED90, 0xED90, 0xE590, 0xED91, 0xEDB1,
  0xEDB1, 0xE590, 0xE570, 0xE570, 0xE550, 0xE54F, 0xE52F, 0xE52E, 0xE50E, 0xE52F, 0xDD2F, 0xDD2E,
  0xDD0E, 0xDD0E, 0xDD0E, 0xDCEE, 0xDCEE, 0xD4CD, 0xD46B, 0xCBC9, 0xCBA8, 0xCBE9, 0xCC2A, 0xCC4B,
  0xCC2B, 0xCC0A, 0xC3A8, 0xC367, 0xBB26, 0xBB06, 0xBB47, 0xC388, 0xC3A8, 0xC3A9, 0xC388, 0xBB27,
  0xBB06, 0xB2E6, 0xB306, 0xB306, 0xB2E6, 0xB2C5, 0xAA64, 0xAA43, 0xAA84, 0xB2C5, 0xB2E6, 0xB306,
  0xB306, 0xB2E6, 0xAAC6, 0xAAC5, 0xAAA5, 0xA264, 0xA243, 0xA223, 0xA244, 0xA264, 0xA264, 0xAAA5,
  0xAAC6, 0xAAA5, 0xA285, 0xA264, 0xA243, 0xA244, 0xA264, 0xA285, 0xA264, 0xA244, 0x9A23, 0x9A23,
  0x9A03, 0x9A03, 0x9A43, 0xA285, 0xA2A5, 0xA2A5, 0xA2A5, 0xA284, 0xA264, 0xA264, 0xA264, 0x9A44,
  0xFF7A, 0xFF7A, 0xFF9A, 0xFF9B, 0xFF9A, 0xFF9A, 0xFF7A, 0xFF7A, 0xFF7A, 0xFF7A, 0xFF7A, 0xFF9A,
  0xFF9A, 0xFF9A, 0xFF7A, 0xFF9A, 0xFFBB, 0xFF9B, 0xFF9A, 0xFF9B, 0xFF9B, 0xFF9B, 0xFFBC, 0xFFBC,
  0xFFDD, 0xFFDD, 0xFFBC, 0xFF7A, 0xFF7A, 0xFF9B, 0xFFBD, 0xFFDD, 0xFF7A, 0xFF7A, 0xFF7A, 0xFF59,
  0xFF5A, 0xFF7A, 0xFF7A, 0xFF7A, 0xFF9B, 0xFF7A, 0xFF5A, 0xFF59, 0xFF59, 0xFF59, 0xFF7A, 0xFF7A,
  0xFF59, 0xFF39, 0xFF59, 0xFF59, 0xFF39, 0xFF5A, 0xFF59, 0xFF39, 0xFF7A, 0xFFBC, 0xFF9B, 0xFF7A,
  0xFF5A, 0xFF7A, 0xFF7A, 0xFF9B, 0xFF9B, 0xFF5A, 0xFF39, 0xFF38, 0xFF7B, 0xFF9B, 0xFF5A, 0xFF5A,
  0xFF5A, 0xFF5A, 0xFF39, 0xFF17, 0xFEF7, 0xFF17, 0xFF18, 0xFF18, 0xFF39, 0xFF5A, 0xFF59, 0xFEF7,
  0xFED6, 0xFEB6, 0xFEF7, 0xFF18, 0xFEF7, 0xFED7, 0xFED6, 0xFEF7, 0xFED7, 0xFED7, 0xFED6, 0xFED7,
  0xFEB6, 0xFEB6, 0xFEB6, 0xFEB6, 0xFEB5, 0xFE95, 0xFE95, 0xFE95, 0xFEB6, 0xFEB6, 0xFEB6, 0xFEB6,
  0xFE95, 0xFE75, 0xFE75, 0xFE74, 0xFE95, 0xFEB6, 0xFED7, 0xFEB6, 0xFEB6, 0xFE96, 0xFE75, 0xFE75,
  0xF654, 0xF654, 0xFE75, 0xF654, 0xF633, 0xF633, 0xF633, 0xF633, 0xF613, 0xF613, 0xF613, 0xF613,
  0xF612, 0xF5F2, 0xF5F2, 0xEDF2, 0xEDD2, 0xEDD2, 0xEDD1, 0xEDD2, 0xEDD2, 0xEE13, 0xF634, 0xF655,
  0xEE13, 0xEDD2, 0xEDB1, 0xEDB1, 0xED91, 0xED90, 0xE570, 0xE570, 0xE590, 0xE570, 0xE570, 0xE570,
  0xE570, 0xE570, 0xE54F, 0xE54F, 0xE54F, 0xE52F, 0xE52F, 0xE52F, 0xE52E, 0xE52E, 0xDD0E, 0xDD0E,
  0xDD0E, 0xDD0E, 0xDD0E, 0xDCEE, 0xDCED, 0xDCCD, 0xD4AD, 0xD44B, 0xCBE8, 0xCBA8, 0xCBE9, 0xCC2B,
  0xCC4B, 0xCC2B, 0xCC0A, 0xCBC9, 0xC387, 0xBB46, 0xBB26, 0xC367, 0xC3A8, 0xC3C9, 0xC3C9, 0xC3A8,
  0xBB47, 0xBB06, 0xBB06, 0xBB26, 0xBB26, 0xB307, 0xB2C5, 0xAA64, 0xAA64, 0xAA84, 0xB2C5, 0xB306,
  0xB327, 0xB327, 0xB2E6, 0xB2E6, 0xB2C6, 0xAA85, 0xAA64, 0xA243, 0xA244, 0xA264, 0xA264, 0xAA85,
  0xAAC6, 0xAAE6, 0xAAC5, 0xAA85, 0xA264, 0xA244, 0xA264, 0xA285, 0xA285, 0xA264, 0xA244, 0xA244,
  0xA223, 0x9A03, 0xA223, 0xA264, 0xAAA5, 0xAAC5, 0xAAC5, 0xA2A5, 0xA284, 0xA264, 0xA264, 0xA264,
  0xFF7A, 0xFF7A, 0xFF7A, 0xFF9A, 0xFF7A, 0xFF7A, 0xFF7A, 0xFF7A, 0xFF9A, 0xFF9A, 0xFF9A, 0xFF9A,
  0xFF9A, 0xFF9A, 0xFF7A, 0xFF9B, 0xFF9B, 0xFF7A, 0xFF7A, 0xFF7A, 0xFF7A, 0xFF7A, 0xFF7A, 0xFF7A,
  0xFF7A, 0xFF7A, 0xFF9B, 0xFF9B, 0xFF7A, 0xFF7A, 0xFF7A, 0xFF9B, 0xFF9B, 0xFF7A, 0xFF5A, 0xFF7A,
  0xFF59, 0xFF59, 0xFF7A, 0xFF59, 0xFF5A, 0xFF5A, 0xFF5A, 0xFF5A, 0xFF5A, 0xFF59, 0xFF59, 0xFF59,
  0xFF59, 0xFF7A, 0xFF59, 0xFF59, 0xFF39, 0xFF39, 0xFF59, 0xFF7B, 0xFF7B, 0xFF5A, 0xFF59, 0xFF5A,
  0xFF7A, 0xFF59, 0xFF39, 0xFF5A, 0xFF59, 0xFF39, 0xFF39, 0xFF39, 0xFF39, 0xFF39, 0xFF18, 0xFF18,
  0xFEF7, 0xFEF7, 0xFEF8, 0xFF18, 0xFF18, 0xFEF7, 0xFF18, 0xFF59, 0xFF59, 0xFF5A, 0xFF39, 0xFEF7,
  0xFED6, 0xFED6, 0xFED7, 0xFEB6, 0xFEB6, 0xFEB6, 0xFEB6, 0xFED6, 0xFEB6, 0xFEB6, 0xFEB6, 0xFEB6,
  0xFEB6, 0xFEB6, 0xFEB6, 0xFE95, 0xFE95, 0xFE95, 0xFEB6, 0xFED7, 0xFEB6, 0xFE95, 0xFEB5, 0xFE95,
  0xFE95, 0xFE75, 0xFE75, 0xFEB6, 0xFED7, 0xFEB6, 0xFE95, 0xFE95, 0xFE95, 0xF654, 0xF654, 0xFE54,
  0xF654, 0xF654, 0xF654, 0xF633, 0xF613, 0xF612, 0xF613, 0xF613, 0xF612, 0xF5F2, 0xF5F2, 0xF5F2,
  0xF5F2, 0xF5F2, 0xF5D2, 0xEDD1, 0xEDD1, 0xEDD1, 0xEDD1, 0xEDD1, 0xEE13, 0xEE34, 0xEDF3, 0xEDD2,
  0xEDB1, 0xED90, 0xED90, 0xED90, 0xED70, 0xED70, 0xE570, 0xE570, 0xE570, 0xE570, 0xE570, 0xE56F,
  0xE54F, 0xE54F, 0xE52F, 0xE52F, 0xE52E, 0xE52F, 0xE550, 0xE570, 0xE54F, 0xE52F, 0xDD2F, 0xDD2F,
  0xDD2F, 0xDD0F, 0xDD0E, 0xDD0E, 0xDCEE, 0xDCED, 0xDCCD, 0xD4AC, 0xD44B, 0xCBE9, 0xCBC8, 0xCC0A,
  0xCC4B, 0xCC4B, 0xCC4B, 0xCC2A, 0xCBE9, 0xC388, 0xC347, 0xC347, 0xC388, 0xC3C9, 0xC3C9, 0xC3C9,
  0xC3A8, 0xBB47, 0xBB26, 0xBB26, 0xBB47, 0xBB47, 0xBB27, 0xB2C5, 0xB284, 0xAA64, 0xB284, 0xB2C5,
  0xB306, 0xB327, 0xB327, 0xB327, 0xB306, 0xB2E6, 0xAAA5, 0xAA64, 0xAA44, 0xAA64, 0xAA64, 0xAA64,
  0xAAA5, 0xB2E6, 0xB2E6, 0xAAC5, 0xAA85, 0xA264, 0xA264, 0xAA85, 0xA2A5, 0xA264, 0xA264, 0xA264,
  0xA264, 0xA243, 0xA223, 0xA264, 0xAAA5, 0xAAC6, 0xAAC6, 0xAAC5, 0xA2A5, 0xA284, 0xA264, 0xA284,
  0xFFBB, 0xFFBC, 0xFFDD, 0xFFBC, 0xFF9A, 0xFF7A, 0xFF7A, 0xFF9A, 0xFF7A, 0xFF7A, 0xFF7A, 0xFF7A,
  0xFF7A, 0xFF7A, 0xFF7A, 0xFF7A, 0xFF7A, 0xFF9B, 0xFFBB, 0xFF9B, 0xFF9B, 0xFF7A, 0xFF79, 0xFF7A,
  0xFF59, 0xFF59, 0xFF7A, 0xFF7A, 0xFF9B, 0xFF7A, 0xFF59, 0xFF59, 0xFF5A, 0xFF7A, 0xFF7A, 0xFF59,
  0xFF5A, 0xFF59, 0xFF59, 0xFF59, 0xFF59, 0xFF59, 0xFF7A, 0xFF7A, 0xFF9B, 0xFF7A, 0xFF59, 0xFF59,
  0xFF59, 0xFF39, 0xFF39, 0xFF59, 0xFF59, 0xFF7A, 0xFF5A, 0xFF38, 0xFF39, 0xFF38, 0xFF39, 0xFF38,
  0xFF39, 0xFF59, 0xFF39, 0xFF39, 0xFF38, 0xFF39, 0xFF7A, 0xFF5A, 0xFF39, 0xFF39, 0xFF18, 0xFF18,
  0xFF18, 0xFF17, 0xFF18, 0xFF18, 0xFF18, 0xFEF7, 0xFEF7, 0xFEF7, 0xFED6, 0xFED6, 0xFED7, 0xFEF7,
  0xFEF7, 0xFF18, 0xFED6, 0xFEB6, 0xFEB5, 0xFEB6, 0xFEB6, 0xFE95, 0xFE95, 0xFEB6, 0xFEB6, 0xFE95,
  0xFEB5, 0xFE95, 0xFE95, 0xFE95, 0xFEB6, 0xFED7, 0xFF18, 0xFEF8, 0xFED7, 0xFED7, 0xFEB6, 0xFE95,
  0xFE95, 0xFE74, 0xFEB6, 0xFEB6, 0xFE95, 0xFE75, 0xFE54, 0xFE54, 0xFE54, 0xFE33, 0xF633, 0xF633,
  0xF654, 0xF654, 0xF613, 0xF613, 0xF612, 0xF612, 0xF612, 0xF612, 0xF5F2, 0xF612, 0xF612, 0xF5F2,
  0xF5D1, 0xF5D1, 0xEDD1, 0xEDD1, 0xEDB1, 0xEDB1, 0xEDD2, 0xEDF2, 0xEDF3, 0xEDD2, 0xEDB1, 0xED90,
  0xED90, 0xED90, 0xED70, 0xED70, 0xED70, 0xED70, 0xE570, 0xE570, 0xE54F, 0xE54F, 0xE54F, 0xE54F,
  0xE52F, 0xE52F, 0xE52F, 0xE52F, 0xE52F, 0xE52F, 0xE54F, 0xE54F, 0xE52F, 0xDD0E, 0xDD2F, 0xDD2F,
  0xDD0F, 0xDD0E, 0xDD0E, 0xDCED, 0xDCED, 0xDCED, 0xDCCD, 0xD4CD, 0xD48C, 0xD44B, 0xCC09, 0xCBE9,
  0xCC2A, 0xD44B, 0xCC4B, 0xCC4B, 0xCC4B, 0xCC0A, 0xC3A8, 0xC367, 0xC367, 0xC3A8, 0xC3E9, 0xC3E9,
  0xC3C9, 0xC3A8, 0xC367, 0xBB26, 0xBB27, 0xBB67, 0xBB68, 0xBB47, 0xB2E6, 0xB2A4, 0xB284, 0xB2A4,
  0xB2E6, 0xB327, 0xBB47, 0xB347, 0xB327, 0xB306, 0xB2E6, 0xAAA5, 0xAA64, 0xAA64, 0xAA84, 0xAA84,
  0xAA84, 0xAAC5, 0xB306, 0xB306, 0xAAC5, 0xAAA5, 0xAA84, 0xAAA5, 0xAAA5, 0xAAA5, 0xA264, 0xA264,
  0xAA85, 0xA264, 0xA243, 0xA243, 0xAAA5, 0xAAC6, 0xAAE6, 0xAAE6, 0xAAC5, 0xAAA5, 0xA284, 0xA284,
  0xFF7A, 0xFF9A, 0xFF9B, 0xFFBC, 0xFFBB, 0xFF7A, 0xFF7A, 0xFF7A, 0xFF7A, 0xFF7A, 0xFF59, 0xFF59,
  0xFF59, 0xFF7A, 0xFF7A, 0xFF7A, 0xFF7A, 0xFF9B, 0xFF9B, 0xFF9B, 0xFF9B, 0xFFBC, 0xFF7A, 0xFF7A,
  0xFF7A, 0xFF9B, 0xFF9A, 0xFF7A, 0xFF59, 0xFF7A, 0xFF7A, 0xFF59, 0xFF59, 0xFF79, 0xFF59, 0xFF7A,
  0xFF7A, 0xFF7A, 0xFF59, 0xFF59, 0xFF38, 0xFF39, 0xFF39, 0xFF5A, 0xFF7A, 0xFF7A, 0xFF59, 0xFF59,
  0xFF59, 0xFF39, 0xFF59, 0xFF59, 0xFF7A, 0xFF59, 0xFF39, 0xFF38, 0xFF18, 0xFF18, 0xFF18, 0xFF18,
  0xFF38, 0xFF18, 0xFF18, 0xFF18, 0xFF39, 0xFF7B, 0xFF9B, 0xFF5A, 0xFF18, 0xFF18, 0xFF18, 0xFF18,
  0xFF18, 0xFF18, 0xFF18, 0xFEF8, 0xFEF7, 0xFEF7, 0xFED7, 0xFED6, 0xFEB6, 0xFED6, 0xFEF7, 0xFEF7,
  0xFEF7, 0xFED6, 0xFEB6, 0xFEB6, 0xFEB5, 0xFEB5, 0xFEB6, 0xFED7, 0xFF18, 0xFF18, 0xFF18, 0xFF18,
  0xFF18, 0xFEF7, 0xFEF7, 0xFED7, 0xFED7, 0xFEF8, 0xFED7, 0xFEB6, 0xFE95, 0xFE96, 0xFE96, 0xFE95,
  0xFE74, 0xFE54, 0xFE74, 0xFE75, 0xFE54, 0xFE54, 0xF654, 0xF633, 0xF633, 0xF633, 0xF613, 0xF613,
  0xF633, 0xF633, 0xF613, 0xF613, 0xF613, 0xF612, 0xF613, 0xF633, 0xF655, 0xF696, 0xF675, 0xF633,
  0xF5F2, 0xEDB1, 0xEDB1, 0xEDB1, 0xEDB1, 0xEDD1, 0xEDF2, 0xEDF2, 0xEDB1, 0xED91, 0xED90, 0xED90,
  0xED90, 0xED70, 0xED70, 0xED70, 0xED70, 0xED70, 0xE570, 0xE570, 0xE550, 0xE54F, 0xE54F, 0xE54F,
  0xE52F, 0xE52F, 0xE52F, 0xE52F, 0xE52F, 0xE52F, 0xE52E, 0xE50E, 0xDD0E, 0xDD0E, 0xDD0E, 0xDD0E,
  0xDD0E, 0xDD0E, 0xDCED, 0xDCED, 0xDD0E, 0xDCEE, 0xDCCD, 0xD4AD, 0xD4AC, 0xD48C, 0xD46B, 0xD409,
  0xCC09, 0xD44B, 0xD46B, 0xCC6C, 0xCC6B, 0xCC4B, 0xCC0A, 0xCBA8, 0xC367, 0xC388, 0xC3C9, 0xC3E9,
  0xC3E9, 0xC3C9, 0xC3A8, 0xC367, 0xBB46, 0xBB47, 0xBB88, 0xBB88, 0xBB67, 0xB306, 0xB2A5, 0xB2A4,
  0xB2C5, 0xB306, 0xBB47, 0xBB47, 0xBB47, 0xB347, 0xB327, 0xB2E6, 0xAAA5, 0xAA84, 0xAA84, 0xAA84,
  0xAA84, 0xAAA5, 0xAAE6, 0xB327, 0xB307, 0xAAE6, 0xAAC5, 0xAAA5, 0xAAC5, 0xAAC5, 0xAAA5, 0xA284,
  0xAA84, 0xAA84, 0xAA64, 0xA264, 0xAA84, 0xAAC6, 0xAAE6, 0xAB06, 0xAAE6, 0xAAC5, 0xAAA5, 0xAA84,
  0xFF79, 0xFF7A, 0xFF7A, 0xFF7A, 0xFF9A, 0xFF9B, 0xFF7A, 0xFF7A, 0xFF7A, 0xFF7A, 0xFF9A, 0xFF9B,
  0xFF7A, 0xFF59, 0xFF7A, 0xFF7A, 0xFF7A, 0xFF7A, 0xFF7A, 0xFF7A, 0xFF7A, 0xFF5A, 0xFF7A, 0xFF7A,
  0xFF9B, 0xFF9B, 0xFF7A, 0xFF7A, 0xFF7A, 0xFF7A, 0xFF5A, 0xFF59, 0xFF7A, 0xFF59, 0xFF59, 0xFF59,
  0xFF59, 0xFF59, 0xFF59, 0xFF9B, 0xFFBC, 0xFF9B, 0xFF7A, 0xFF59, 0xFF39, 0xFF59, 0xFF59, 0xFF59,
  0xFF39, 0xFF59, 0xFF39, 0xFF39, 0xFF39, 0xFF38, 0xFF59, 0xFF7B, 0xFF5A, 0xFF59, 0xFF59, 0xFF39,
  0xFF18, 0xFF17, 0xFF17, 0xFF18, 0xFF59, 0xFF59, 0xFF39, 0xFF18, 0xFF18, 0xFF18, 0xFF18, 0xFEF7,
  0xFEF7, 0xFF18, 0xFEF7, 0xFEF7, 0xFEF7, 0xFF18, 0xFF18, 0xFEF7, 0xFF18, 0xFEF7, 0xFED6, 0xFED6,
  0xFEB6, 0xFEB6, 0xFEB6, 0xFEB6, 0xFEB6, 0xFF18, 0xFF3A, 0xFF18, 0xFF18, 0xFEF8, 0xFEF8, 0xFEF8,
  0xFEF7, 0xFED7, 0xFEF7, 0xFED7, 0xFEB6, 0xFEB6, 0xFEB6, 0xFE95, 0xFE95, 0xFE74, 0xFE74, 0xFE74,
  0xFE74, 0xFE74, 0xFE54, 0xFE53, 0xFE53, 0xF654, 0xF633, 0xF633, 0xF613, 0xF633, 0xF654, 0xF654,
  0xF654, 0xF654, 0xF634, 0xF633, 0xF633, 0xF633, 0xF675, 0xF696, 0xF696, 0xF675, 0xF634, 0xF613,
  0xEDF2, 0xEDD1, 0xEDD1, 0xEDF2, 0xEDD2, 0xEDD1, 0xEDB1, 0xEDB1, 0xEDB1, 0xED90, 0xED90, 0xED70,
  0xED70, 0xED70, 0xED90, 0xED90, 0xE570, 0xE570, 0xE550, 0xE54F, 0xE52F, 0xE52F, 0xE54F, 0xE52F,
  0xE52F, 0xE52F, 0xE54F, 0xE54F, 0xE52E, 0xE52F, 0xDD0E, 0xDD0E, 0xDCEE, 0xDD0E, 0xDD0E, 0xDD0E,
  0xDD0E, 0xDCED, 0xDCED, 0xDCED, 0xDCEE, 0xDCEE, 0xDCCD, 0xD4CD, 0xD4AD, 0xD4AC, 0xD48C, 0xD46B,
  0xD42A, 0xD42A, 0xD46B, 0xD48C, 0xD48C, 0xCC6C, 0xCC6B, 0xCC2A, 0xC3C9, 0xC387, 0xC3A8, 0xC3E9,
  0xC3E9, 0xC3E9, 0xC3C9, 0xC3C9, 0xC367, 0xBB47, 0xBB67, 0xC3A8, 0xC3A8, 0xBB67, 0xBB06, 0xB2C5,
  0xB2C5, 0xB2E5, 0xBB27, 0xBB47, 0xBB67, 0xBB67, 0xBB47, 0xB327, 0xB2E6, 0xAAA5, 0xAAA4, 0xB2A5,
  0xAAA5, 0xAAA5, 0xAAA5, 0xB306, 0xB327, 0xB327, 0xB306, 0xAAC5, 0xAAC5, 0xB2E6, 0xAAC6, 0xAAA5,
  0xAA84, 0xAAA5, 0xAA84, 0xAA84, 0xAA84, 0xAAC5, 0xAB06, 0xAB06, 0xB306, 0xAAE6, 0xAAC5, 0xAAA5,
  0xFF7A, 0xFF7A, 0xFF7A, 0xFF79, 0xFF7A, 0xFF9A, 0xFF9B, 0xFF7A, 0xFF7A, 0xFF79, 0xFF7A, 0xFF7A,
  0xFF9B, 0xFF9B, 0xFF7A, 0xFF79, 0xFF79, 0xFF7A, 0xFF7A, 0xFF7A, 0xFF79, 0xFF7A, 0xFF7A, 0xFF7A,
  0xFF7A, 0xFF9B, 0xFF7B, 0xFF9B, 0xFF59, 0xFF59, 0xFF59, 0xFF59, 0xFF7A, 0xFF7A, 0xFF59, 0xFF59,
  0xFF59, 0xFF59, 0xFF59, 0xFF5A, 0xFF7A, 0xFF7A, 0xFF59, 0xFF59, 0xFF59, 0xFF59, 0xFF59, 0xFF39,
  0xFF38, 0xFF38, 0xFF39, 0xFF38, 0xFF18, 0xFF59, 0xFF9B, 0xFF9B, 0xFF9B, 0xFF9B, 0xFFBC, 0xFFBC,
  0xFF7A, 0xFF18, 0xFEF7, 0xFEF7, 0xFF17, 0xFF18, 0xFF17, 0xFF18, 0xFEF7, 0xFEF7, 0xFF17, 0xFF18,
  0xFEF7, 0xFEF7, 0xFED6, 0xFED7, 0xFEF8, 0xFF39, 0xFF18, 0xFF19, 0xFF39, 0xFF18, 0xFEF7, 0xFEF7,
  0xFED7, 0xFEB6, 0xFEB5, 0xFEB6, 0xFEF8, 0xFEF7, 0xFED7, 0xFED7, 0xFEB6, 0xFEB6, 0xFEB6, 0xFEB6,
  0xFEB6, 0xFEB6, 0xFE95, 0xFEB6, 0xFE95, 0xFE95, 0xFE95, 0xFE74, 0xFE54, 0xFE54, 0xFE54, 0xFE74,
  0xFE95, 0xFE54, 0xF633, 0xF633, 0xF633, 0xF633, 0xF654, 0xF654, 0xFE95, 0xF696, 0xF655, 0xF654,
  0xF633, 0xF612, 0xF612, 0xF5F2, 0xF5F2, 0xF633, 0xF654, 0xF634, 0xF613, 0xEDF2, 0xEDD2, 0xEDD2,
  0xEDB1, 0xEDD2, 0xEDD2, 0xEDD2, 0xED91, 0xED90, 0xED70, 0xED70, 0xED70, 0xED70, 0xED70, 0xED70,
  0xED4F, 0xE54F, 0xED70, 0xE570, 0xE54F, 0xE54F, 0xE54F, 0xE52F, 0xE52E, 0xE52F, 0xE54F, 0xE52F,
  0xE52E, 0xE52F, 0xE52F, 0xE50E, 0xDD0E, 0xDD0E, 0xDD0E, 0xDD0E, 0xDCEE, 0xDD0E, 0xDCEE, 0xDCEE,
  0xDCED, 0xDCED, 0xDCCD, 0xDCCD, 0xDCCD, 0xDCCD, 0xD4CD, 0xD4AD, 0xD4AD, 0xD4AC, 0xD4AC, 0xD48C,
  0xD46B, 0xD44A, 0xD44B, 0xD46B, 0xD46B, 0xCC6B, 0xCC6C, 0xCC6B, 0xCC2A, 0xCBC9, 0xC3A8, 0xC3C9,
  0xC3E9, 0xCC0A, 0xC3E9, 0xC3E9, 0xC3A9, 0xC367, 0xBB47, 0xC388, 0xC3A8, 0xC388, 0xBB67, 0xBB26,
  0xB2E5, 0xB2E5, 0xBB06, 0xBB47, 0xBB67, 0xBB68, 0xBB68, 0xBB47, 0xB306, 0xB2E5, 0xB2A5, 0xB2A5,
  0xB2C5, 0xB2C5, 0xAAC5, 0xB2C5, 0xB306, 0xB327, 0xB327, 0xB306, 0xB2E6, 0xB306, 0xB306, 0xAAC6,
  0xAAA5, 0xAAA5, 0xAAA5, 0xAA84, 0xAA84, 0xAAC5, 0xB306, 0xAB06, 0xAB06, 0xAB06, 0xAAE6, 0xAAC5,
  0xFF7A, 0xFF7A, 0xFF7A, 0xFF7A, 0xFF7A, 0xFF7A, 0xFF7A, 0xFF9B, 0xFF9B, 0xFF7A, 0xFF59, 0xFF59,
  0xFF7A, 0xFF7A, 0xFF7A, 0xFF7A, 0xFF59, 0xFF59, 0xFF59, 0xFF79, 0xFF79, 0xFF59, 0xFF59, 0xFF7A,
  0xFF59, 0xFF59, 0xFF59, 0xFF59, 0xFF59, 0xFF59, 0xFF39, 0xFF39, 0xFF59, 0xFF59, 0xFF59, 0xFF59,
  0xFF59, 0xFF38, 0xFF39, 0xFF38, 0xFF38, 0xFF39, 0xFF59, 0xFF38, 0xFF38, 0xFF38, 0xFF39, 0xFF5A,
  0xFF59, 0xFF38, 0xFF18, 0xFF18, 0xFF18, 0xFF39, 0xFF38, 0xFF38, 0xFF39, 0xFF39, 0xFF7A, 0xFF5A,
  0xFF59, 0xFF5A, 0xFF18, 0xFEF7, 0xFEF7, 0xFEF7, 0xFEF7, 0xFEF7, 0xFEF7, 0xFEF7, 0xFEF7, 0xFED7,
  0xFED6, 0xFEF7, 0xFF39, 0xFF39, 0xFF39, 0xFF18, 0xFEF7, 0xFEF7, 0xFEF7, 0xFED6, 0xFEF7, 0xFEF7,
  0xFED6, 0xFED6, 0xFEB6, 0xFEB6, 0xFED7, 0xFEB6, 0xFEB6, 0xFEB6, 0xFE95, 0xFE95, 0xFE95, 0xFE75,
  0xFE75, 0xFE95, 0xFE75, 0xFE75, 0xFE75, 0xFE75, 0xFE74, 0xFE54, 0xFE54, 0xFE53, 0xFE54, 0xFE54,
  0xF654, 0xF634, 0xFE54, 0xF633, 0xF633, 0xF654, 0xF675, 0xF634, 0xF654, 0xF633, 0xF612, 0xF5F2,
  0xF5F2, 0xF5F2, 0xF5F2, 0xF5D1, 0xF5F2, 0xF5F2, 0xEDD2, 0xEDD1, 0xEDB1, 0xEDB1, 0xEDB1, 0xEDB1,
  0xEDB1, 0xEDB1, 0xED91, 0xED90, 0xED90, 0xED90, 0xED90, 0xED70, 0xE56F, 0xED70, 0xED70, 0xED70,
  0xE570, 0xE54F, 0xE54F, 0xE54F, 0xE52F, 0xE52F, 0xE52E, 0xE50E, 0xE50E, 0xE52F, 0xE52F, 0xE50E,
  0xDD0E, 0xE50E, 0xDD0E, 0xDCEE, 0xDCEE, 0xDD0E, 0xDCEE, 0xDCEE, 0xDCEE, 0xDCEE, 0xDCEE, 0xDCEE,
  0xDCED, 0xDCED, 0xDCCD, 0xDCCD, 0xDCCD, 0xD4CD, 0xD4AD, 0xD4AD, 0xD4AC, 0xD48C, 0xD48C, 0xD4AD,
  0xD4AD, 0xD48C, 0xD44B, 0xD44B, 0xD44B, 0xD46B, 0xCC6B, 0xCC4B, 0xCC4B, 0xCC2A, 0xCBC9, 0xC3A8,
  0xCBE9, 0xCC0A, 0xCC0A, 0xC3E9, 0xC3E9, 0xC3A8, 0xBB67, 0xBB67, 0xC388, 0xC3A8, 0xC3A8, 0xBB67,
  0xBB26, 0xBB05, 0xBB05, 0xBB47, 0xBB88, 0xBB88, 0xBB88, 0xBB68, 0xBB67, 0xB306, 0xB2C5, 0xB2A5,
  0xB2C5, 0xB2E5, 0xB2E5, 0xB2E5, 0xB306, 0xB327, 0xB347, 0xB347, 0xB307, 0xB306, 0xB306, 0xB306,
  0xAAC5, 0xAAC5, 0xAAC5, 0xAAA5, 0xAA84, 0xAAA5, 0xB2E6, 0xB306, 0xB306, 0xB306, 0xB306, 0xAAE6,
  0xFF7A, 0xFF79, 0xFF79, 0xFF79, 0xFF79, 0xFF79, 0xFF79, 0xFF7A, 0xFF9B, 0xFFBB, 0xFF9B, 0xFF7A,
  0xFF7A, 0xFF59, 0xFF7A, 0xFF79, 0xFF59, 0xFF59, 0xFF59, 0xFF59, 0xFF59, 0xFF79, 0xFF7A, 0xFF7A,
  0xFF7A, 0xFF59, 0xFF39, 0xFF59, 0xFF59, 0xFF7A, 0xFF9B, 0xFF5A, 0xFF59, 0xFF5A, 0xFF7B, 0xFF7A,
  0xFF5A, 0xFF59, 0xFF38, 0xFF38, 0xFF38, 0xFF38, 0xFF38, 0xFF38, 0xFF38, 0xFF38, 0xFF38, 0xFF18,
  0xFF38, 0xFF39, 0xFF39, 0xFF39, 0xFF39, 0xFF18, 0xFF18, 0xFF18, 0xFF18, 0xFF18, 0xFF18, 0xFF18,
  0xFF18, 0xFEF7, 0xFF17, 0xFEF7, 0xFEF7, 0xFEF7, 0xFEF7, 0xFEF7, 0xFEF7, 0xFEF7, 0xFEF7, 0xFEF7,
  0xFEF7, 0xFEF7, 0xFEF7, 0xFEF7, 0xFED7, 0xFED7, 0xFED7, 0xFED6, 0xFED6, 0xFEB6, 0xFEB6, 0xFE95,
  0xFE95, 0xFE95, 0xFED6, 0xFED7, 0xFE95, 0xFE95, 0xFE95, 0xFEB5, 0xFE95, 0xFE95, 0xFE75, 0xFE74,
  0xFE74, 0xFE74, 0xFE74, 0xFE74, 0xFE74, 0xFE54, 0xFE54, 0xFE54, 0xFE54, 0xF654, 0xF654, 0xF654,
  0xF633, 0xF633, 0xF633, 0xF633, 0xF633, 0xF633, 0xF633, 0xF613, 0xF612, 0xF5F2, 0xF5F2, 0xF5F2,
  0xF5F2, 0xF5D1, 0xEDD2, 0xF5F2, 0xF5F2, 0xEDB1, 0xEDB1, 0xEDB1, 0xEDB1, 0xED90, 0xED91, 0xED90,
  0xED90, 0xED90, 0xED70, 0xED70, 0xED70, 0xED70, 0xED90, 0xED70, 0xED91, 0xEDB1, 0xED91, 0xE570,
  0xE570, 0xE570, 0xE52F, 0xE52F, 0xE52F, 0xE50E, 0xE50E, 0xE50E, 0xE52F, 0xE52F, 0xDD0E, 0xDD0E,
  0xDD0E, 0xDD0E, 0xDD0E, 0xDCEE, 0xDCEE, 0xDCEE, 0xDCEE, 0xDCEE, 0xDCCD, 0xDCCD, 0xDCCD, 0xDCCD,
  0xDCCD, 0xDCAD, 0xDCCD, 0xDCEE, 0xDCCD, 0xD4AD, 0xD4AD, 0xD4AC, 0xD4AC, 0xD48C, 0xD48C, 0xD48C,
  0xD48C, 0xD48C, 0xD46B, 0xD44B, 0xD46B, 0xD44B, 0xCC4B, 0xCC4B, 0xCC4B, 0xCC4B, 0xCC2A, 0xCBC8,
  0xC3A8, 0xCBE9, 0xCC0A, 0xCC0A, 0xC3EA, 0xC3E9, 0xC3A8, 0xC367, 0xC387, 0xC3A8, 0xC3A9, 0xC3A9,
  0xBB68, 0xBB26, 0xBB06, 0xBB26, 0xBB88, 0xBB88, 0xBBA8, 0xBB88, 0xBB68, 0xBB47, 0xB306, 0xB2C5,
  0xB2C5, 0xB2E5, 0xB306, 0xB306, 0xB306, 0xB306, 0xB327, 0xB347, 0xB347, 0xB327, 0xB327, 0xB306,
  0xB2E6, 0xB2C5, 0xB2C5, 0xAAC5, 0xAAA5, 0xAAA5, 0xB2E5, 0xB306, 0xB306, 0xB326, 0xB327, 0xB306,
  0xFF79, 0xFF59, 0xFF59, 0xFF59, 0xFF59, 0xFF59, 0xFF59, 0xFF59, 0xFF59, 0xFF79, 0xFF9A, 0xFF7A,
  0xFF59, 0xFF59, 0xFF59, 0xFF9B, 0xFF79, 0xFF59, 0xFF59, 0xFF59, 0xFF59, 0xFF79, 0xFF59, 0xFF59,
  0xFF5A, 0xFF7A, 0xFF59, 0xFF39, 0xFF39, 0xFF38, 0xFF59, 0xFF7A, 0xFF7A, 0xFF9B, 0xFF9B, 0xFF7A,
  0xFF59, 0xFF59, 0xFF7A, 0xFF59, 0xFF18, 0xFF38, 0xFF38, 0xFF18, 0xFF38, 0xFF38, 0xFF38, 0xFF59,
  0xFF59, 0xFF59, 0xFF7A, 0xFF9B, 0xFF7A, 0xFF5A, 0xFF39, 0xFF18, 0xFF18, 0xFF18, 0xFEF7, 0xFEF7,
  0xFEF7, 0xFEF7, 0xFEF7, 0xFEF7, 0xFEF7, 0xFED7, 0xFED6, 0xFED6, 0xFED6, 0xFED7, 0xFEF7, 0xFEF7,
  0xFED7, 0xFED6, 0xFED6, 0xFED6, 0xFED6, 0xFEB6, 0xFEB6, 0xFEB6, 0xFEB6, 0xFEB6, 0xFED7, 0xFED7,
  0xFED6, 0xFED7, 0xFEF7, 0xFED6, 0xFEB5, 0xFE95, 0xFE95, 0xFE95, 0xFE95, 0xFE74, 0xFE54, 0xFE74,
  0xFE74, 0xFE74, 0xFE74, 0xFE74, 0xFE54, 0xFE54, 0xF654, 0xF654, 0xFE54, 0xFE96, 0xFE96, 0xFE74,
  0xF654, 0xF633, 0xF613, 0xF613, 0xF613, 0xF613, 0xF5F2, 0xF5F2, 0xF5F2, 0xF5D1, 0xF5D2, 0xF5D2,
  0xEDD2, 0xF613, 0xF634, 0xF613, 0xEDD2, 0xEDB1, 0xEDB1, 0xED90, 0xED90, 0xED90, 0xED91, 0xEDB1,
  0xED91, 0xEDB1, 0xED90, 0xED70, 0xED70, 0xE54F, 0xE54F, 0xE570, 0xE570, 0xE570, 0xE54F, 0xE52F,
  0xE54F, 0xE52F, 0xE50E, 0xE50E, 0xE50E, 0xE50E, 0xE50E, 0xE50E, 0xDCEE, 0xDD0E, 0xDCEE, 0xDD0E,
  0xDCEE, 0xDD0E, 0xDCEE, 0xDCEE, 0xDCCD, 0xDCCE, 0xDCCD, 0xDCCD, 0xDCCD, 0xDCCD, 0xDCAD, 0xDCAD,
  0xDCAC, 0xD4AD, 0xD4AD, 0xD4CD, 0xD4AD, 0xD4AD, 0xD4AD, 0xD4AD, 0xD4AD, 0xD48C, 0xD48C, 0xD48C,
  0xD48C, 0xD48C, 0xD48C, 0xD48C, 0xD46B, 0xCC4B, 0xCC4B, 0xCC4B, 0xCC2B, 0xCC2B, 0xCC2B, 0xCC0A,
  0xCBC9, 0xC3C8, 0xC3E9, 0xC3E9, 0xC40A, 0xC3EA, 0xC3E9, 0xC3A8, 0xC3A8, 0xC388, 0xC3A8, 0xC3A9,
  0xC3A8, 0xBB67, 0xBB26, 0xBB26, 0xBB67, 0xC3A8, 0xC3A8, 0xBBA8, 0xBB88, 0xBB88, 0xBB47, 0xB306,
  0xB2C5, 0xB2C5, 0xB2E6, 0xBB27, 0xB327, 0xB326, 0xB306, 0xB327, 0xB347, 0xB347, 0xB347, 0xB327,
  0xB306, 0xB2E5, 0xB2C5, 0xB2E5, 0xB2C5, 0xAAC5, 0xB2E5, 0xB306, 0xB327, 0xB327, 0xB327, 0xB327,
  0xFF7A, 0xFF7A, 0xFFBB, 0xFF9B, 0xFF59, 0xFF59, 0xFF59, 0xFF59, 0xFF59, 0xFF59, 0xFF59, 0xFF7A,
  0xFF79, 0xFF59, 0xFF7A, 0xFF59, 0xFF5A, 0xFF59, 0xFF59, 0xFF59, 0xFF59, 0xFF59, 0xFF79, 0xFF59,
  0xFF39, 0xFF59, 0xFF59, 0xFF59, 0xFF59, 0xFF38, 0xFF59, 0xFF39, 0xFF39, 0xFF39, 0xFF39, 0xFF39,
  0xFF39, 0xFF39, 0xFF39, 0xFF59, 0xFF39, 0xFF18, 0xFF18, 0xFF38, 0xFF59, 0xFF59, 0xFF39, 0xFF39,
  0xFF39, 0xFF18, 0xFF18, 0xFF18, 0xFF18, 0xFF39, 0xFF9B, 0xFF5A, 0xFF18, 0xFEF7, 0xFEF7, 0xFEF7,
  0xFEF7, 0xFF18, 0xFF39, 0xFF39, 0xFF5A, 0xFF7B, 0xFF5A, 0xFF18, 0xFEF7, 0xFED6, 0xFED6, 0xFED6,
  0xFED6, 0xFEF7, 0xFEB6, 0xFEB5, 0xFEB5, 0xFEB5, 0xFEB6, 0xFEB6, 0xFEB5, 0xFEB6, 0xFEB6, 0xFED6,
  0xFED7, 0xFEB6, 0xFE96, 0xFE95, 0xFE95, 0xFE95, 0xFE75, 0xFE74, 0xFE95, 0xFE95, 0xFE95, 0xFE96,
  0xFE96, 0xFE74, 0xFE74, 0xFE75, 0xF654, 0xF654, 0xF654, 0xF654, 0xF654, 0xF675, 0xF654, 0xF633,
  0xF633, 0xF613, 0xF633, 0xF654, 0xF675, 0xF675, 0xF654, 0xF613, 0xF5D2, 0xF5D1, 0xEDD1, 0xEDD1,
  0xEDF2, 0xEDF2, 0xEDD2, 0xEDB1, 0xED91, 0xEDB1, 0xEDB1, 0xED90, 0xED90, 0xEDB1, 0xEDD2, 0xEDD2,
  0xED91, 0xED90, 0xE570, 0xE54F, 0xE52F, 0xE52F, 0xE54F, 0xE54F, 0xE52F, 0xE52F, 0xE52F, 0xE50E,
  0xE50E, 0xE50E, 0xE4EE, 0xE4EE, 0xE4EE, 0xE50E, 0xE52F, 0xDD0E, 0xDCCD, 0xDCCD, 0xDCCD, 0xDCCD,
  0xDCCD, 0xDCCD, 0xDCEE, 0xDCCD, 0xDCAD, 0xDCAD, 0xDCAD, 0xDCAD, 0xDCAD, 0xDCAD, 0xD48C, 0xD48C,
  0xD4AD, 0xD4AD, 0xD4AD, 0xD48C, 0xD48C, 0xD48C, 0xD48C, 0xD4AD, 0xD48C, 0xD46C, 0xD48C, 0xD46C,
  0xD48C, 0xD48C, 0xD48C, 0xD48C, 0xCC4B, 0xCC2B, 0xCC4B, 0xCC2A, 0xCC2A, 0xCC2B, 0xCC2B, 0xCC2B,
  0xCC0A, 0xC3C9, 0xC3C8, 0xC3E9, 0xC3EA, 0xC40A, 0xC40A, 0xC3E9, 0xC3C9, 0xC3C9, 0xC3A8, 0xC3A8,
  0xC3A8, 0xC3A8, 0xBB88, 0xBB46, 0xBB46, 0xC388, 0xC3A8, 0xC3A8, 0xBB88, 0xBB88, 0xBB88, 0xBB47,
  0xB306, 0xB2E5, 0xB2E5, 0xBB26, 0xBB47, 0xBB47, 0xB326, 0xB326, 0xBB47, 0xBB67, 0xBB67, 0xB367,
  0xB326, 0xB2E5, 0xB2C5, 0xB2E5, 0xB2E6, 0xB2E5, 0xB2E5, 0xB306, 0xB327, 0xB347, 0xB347, 0xB347,
  0xFF7A, 0xFF7A, 0xFF7A, 0xFF9B, 0xFF7A, 0xFF59, 0xFF59, 0xFF59, 0xFF59, 0xFF59, 0xFF59, 0xFF38,
  0xFF59, 0xFF59, 0xFF59, 0xFF59, 0xFF59, 0xFF59, 0xFF59, 0xFF59, 0xFF39, 0xFF38, 0xFF38, 0xFF38,
  0xFF38, 0xFF38, 0xFF38, 0xFF38, 0xFF39, 0xFF59, 0xFF39, 0xFF59, 0xFF59, 0xFF59, 0xFF38, 0xFF38,
  0xFF38, 0xFF38, 0xFF38, 0xFF38, 0xFF7A, 0xFF7A, 0xFF39, 0xFF17, 0xFF38, 0xFF39, 0xFF38, 0xFF18,
  0xFF18, 0xFF17, 0xFEF7, 0xFF18, 0xFF18, 0xFF38, 0xFF18, 0xFF18, 0xFEF7, 0xFEF7, 0xFEF7, 0xFEF7,
  0xFEF7, 0xFF18, 0xFEF7, 0xFF18, 0xFEF7, 0xFEF8, 0xFEF7, 0xFEF7, 0xFED7, 0xFED6, 0xFED6, 0xFED6,
  0xFEB6, 0xFED6, 0xFED6, 0xFED6, 0xFEB6, 0xFEB5, 0xFE95, 0xFEB5, 0xFEB5, 0xFEB6, 0xFEB6, 0xFEB6,
  0xFED6, 0xFEF7, 0xFEB6, 0xFE95, 0xFE95, 0xFEB6, 0xFEB6, 0xFEB6, 0xFEB6, 0xFEB6, 0xFEB6, 0xFE95,
  0xFE95, 0xFE75, 0xF674, 0xF654, 0xF654, 0xF654, 0xF633, 0xF633, 0xF633, 0xF613, 0xF613, 0xF613,
  0xF613, 0xF654, 0xF675, 0xF655, 0xF633, 0xF613, 0xF613, 0xF5F3, 0xF5F2, 0xF5D2, 0xEDD1, 0xEDB1,
  0xEDD1, 0xEDB1, 0xEDB1, 0xEDB1, 0xED90, 0xED90, 0xED90, 0xED90, 0xEDB1, 0xEDB1, 0xED90, 0xED70,
  0xE550, 0xE54F, 0xE54F, 0xE52F, 0xE52F, 0xE52F, 0xE50E, 0xE50E, 0xE50E, 0xE50E, 0xE50E, 0xE50E,
  0xE4EE, 0xDCEE, 0xDCED, 0xDCED, 0xDCCD, 0xDCED, 0xDCEE, 0xDCCD, 0xDCCD, 0xDCAD, 0xDCAC, 0xDCAD,
  0xDCAD, 0xDCAD, 0xDCAD, 0xD4AD, 0xDCAD, 0xD4AD, 0xDCAD, 0xD4AD, 0xD4AC, 0xD4AD, 0xD48C, 0xD48C,
  0xD48C, 0xD48C, 0xD48C, 0xD46C, 0xD46C, 0xD46B, 0xD46C, 0xD48C, 0xD46C, 0xD46B, 0xCC6C, 0xCC6C,
  0xCC6B, 0xCC6B, 0xCC4B, 0xCC4B, 0xCC4B, 0xCC2B, 0xCC2A, 0xCC0A, 0xCC0A, 0xCC2B, 0xCC2B, 0xCC2B,
  0xCC2A, 0xCC0A, 0xC3C9, 0xC3C9, 0xC3E9, 0xC3E9, 0xC3EA, 0xC3EA, 0xC3E9, 0xC3EA, 0xC3E9, 0xC3C9,
  0xC3A8, 0xC3A8, 0xC3A8, 0xC388, 0xBB46, 0xBB47, 0xC3A8, 0xC3A9, 0xBB88, 0xBB88, 0xBBA8, 0xBB88,
  0xBB67, 0xBB06, 0xB2E5, 0xBB06, 0xBB47, 0xBB68, 0xBB47, 0xBB26, 0xBB47, 0xBB47, 0xBB68, 0xBB68,
  0xB347, 0xB306, 0xB2E5, 0xB2E5, 0xB306, 0xB2E6, 0xB2E5, 0xB2E6, 0xB326, 0xB347, 0xB347, 0xB347,
  0xFF79, 0xFF79, 0xFF59, 0xFF59, 0xFF59, 0xFF7A, 0xFF7A, 0xFF59, 0xFF39, 0xFF59, 0xFF59, 0xFF59,
  0xFF9B, 0xFF59, 0xFF39, 0xFF38, 0xFF59, 0xFF39, 0xFF59, 0xFF39, 0xFF38, 0xFF38, 0xFF38, 0xFF59,
  0xFF9B, 0xFF9C, 0xFF7A, 0xFF38, 0xFF38, 0xFF38, 0xFF39, 0xFF39, 0xFF59, 0xFF38, 0xFF59, 0xFF39,
  0xFF38, 0xFF38, 0xFF18, 0xFF38, 0xFF39, 0xFF5A, 0xFF7A, 0xFF39, 0xFF17, 0xFEF7, 0xFEF7, 0xFEF7,
  0xFEF7, 0xFEF7, 0xFF17, 0xFF18, 0xFF18, 0xFF17, 0xFF18, 0xFEF7, 0xFEF7, 0xFEF7, 0xFEF7, 0xFEF7,
  0xFED6, 0xFEF7, 0xFEF7, 0xFED6, 0xFED6, 0xFED6, 0xFED6, 0xFED7, 0xFEF7, 0xFED6, 0xFED6, 0xFED7,
  0xFED7, 0xFED7, 0xFEB6, 0xFEB6, 0xFED6, 0xFE95, 0xFEB5, 0xFE95, 0xFE95, 0xFE95, 0xFE95, 0xFE95,
  0xFE95, 0xFEB6, 0xFE95, 0xFE95, 0xFE95, 0xFE95, 0xFE95, 0xFE75, 0xFE75, 0xFE75, 0xFE54, 0xFE74,
  0xF654, 0xFE54, 0xF633, 0xF633, 0xF633, 0xF613, 0xF613, 0xF613, 0xF613, 0xF612, 0xF5F2, 0xF5F2,
  0xF613, 0xF5F2, 0xF5F2, 0xF5F2, 0xF5F2, 0xF5D1, 0xEDD1, 0xEDD1, 0xEDD1, 0xEDB1, 0xED91, 0xED90,
  0xED90, 0xED70, 0xED90, 0xED90, 0xED90, 0xED70, 0xED90, 0xED70, 0xE570, 0xE570, 0xE54F, 0xE52F,
  0xE52F, 0xE52F, 0xE54F, 0xE52F, 0xE50E, 0xE50E, 0xE50E, 0xE50E, 0xE4EE, 0xDCEE, 0xDCEE, 0xDCEE,
  0xDCEE, 0xDCCD, 0xDCCD, 0xDCCD, 0xDCAD, 0xDCAD, 0xDCAC, 0xDCAD, 0xDCAC, 0xDCAC, 0xDC8C, 0xDCAD,
  0xDCAD, 0xD4AD, 0xD4AD, 0xD48C, 0xD48C, 0xD48C, 0xD48C, 0xD48C, 0xD48C, 0xD48C, 0xD48C, 0xD48C,
  0xD46C, 0xD46C, 0xD46C, 0xD46B, 0xD44B, 0xCC4B, 0xD44B, 0xCC4B, 0xCC4B, 0xCC4B, 0xCC4B, 0xCC4B,
  0xCC4B, 0xCC4B, 0xCC2B, 0xCC2B, 0xCC2B, 0xCC2A, 0xCC0A, 0xCC0A, 0xCC0A, 0xCC0A, 0xCC0A, 0xCC2B,
  0xCC0A, 0xC40A, 0xC3EA, 0xC3C9, 0xC3C9, 0xC3C9, 0xC3E9, 0xC3E9, 0xC3E9, 0xC3E9, 0xC3E9, 0xC3C9,
  0xC3A8, 0xC3A8, 0xC3A9, 0xC3A8, 0xBB67, 0xBB47, 0xBB68, 0xBBA8, 0xBBA8, 0xBB88, 0xBB88, 0xBBA9,
  0xBB88, 0xBB47, 0xBB26, 0xBB06, 0xBB47, 0xBB67, 0xBB67, 0xBB46, 0xBB47, 0xBB47, 0xBB67, 0xBB88,
  0xBB68, 0xB347, 0xB306, 0xB2E5, 0xB306, 0xB306, 0xB2E5, 0xB2E5, 0xB306, 0xB327, 0xB347, 0xB347,
  0xFF79, 0xFF59, 0xFF59, 0xFF59, 0xFF59, 0xFF79, 0xFF7A, 0xFF59, 0xFF59, 0xFF59, 0xFF59, 0xFF59,
  0xFF59, 0xFF59, 0xFF59, 0xFF39, 0xFF38, 0xFF38, 0xFF38, 0xFF38, 0xFF38, 0xFF39, 0xFF38, 0xFF38,
  0xFF38, 0xFF39, 0xFF5A, 0xFF7A, 0xFF38, 0xFF18, 0xFF18, 0xFF38, 0xFF38, 0xFF38, 0xFF18, 0xFF18,
  0xFF17, 0xFF18, 0xFF18, 0xFF38, 0xFF18, 0xFF38, 0xFF39, 0xFF5A, 0xFF38, 0xFF17, 0xFEF7, 0xFEF7,
  0xFEF7, 0xFF17, 0xFEF7, 0xFEF7, 0xFEF7, 0xFEF7, 0xFEF7, 0xFEF7, 0xFED6, 0xFED7, 0xFEF7, 0xFEF7,
  0xFF18, 0xFF18, 0xFF18, 0xFED7, 0xFED7, 0xFED6, 0xFED7, 0xFED7, 0xFED7, 0xFED6, 0xFEB5, 0xFEB6,
  0xFEB6, 0xFE95, 0xFEB5, 0xFED6, 0xFEB6, 0xFE95, 0xFE94, 0xFE74, 0xFE74, 0xFE74, 0xFE74, 0xFE74,
  0xFE95, 0xFE95, 0xFE74, 0xFE74, 0xFE74, 0xFE54, 0xFE74, 0xFE54, 0xFE54, 0xFE54, 0xFE54, 0xFE33,
  0xF633, 0xF633, 0xF633, 0xF633, 0xF613, 0xF613, 0xF612, 0xF612, 0xF5F2, 0xF5D1, 0xF5D1, 0xF5F2,
  0xF5F2, 0xF5D1, 0xF5D1, 0xF5D1, 0xF5D1, 0xF5B1, 0xEDB1, 0xED90, 0xED90, 0xEDB1, 0xEDB1, 0xEDB1,
  0xEDD2, 0xEDB1, 0xED70, 0xED6F, 0xED4F, 0xED4F, 0xED70, 0xE54F, 0xE54F, 0xE54F, 0xE54F, 0xE52E,
  0xE50E, 0xE50E, 0xE50E, 0xE50E, 0xE50E, 0xE4EE, 0xE50E, 0xE4EE, 0xDCEE, 0xDCCD, 0xDCCD, 0xDCCD,
  0xDCAD, 0xDCAC, 0xDCAC, 0xDC8C, 0xDC8C, 0xDC8C, 0xD48C, 0xDC8C, 0xDC8C, 0xD48C, 0xD48C, 0xD48C,
  0xD48C, 0xD4AD, 0xDCEE, 0xD4AD, 0xD4AD, 0xD48C, 0xD48C, 0xD44B, 0xD44B, 0xD44B, 0xD44B, 0xD44B,
  0xD44B, 0xD44B, 0xCC4B, 0xCC4B, 0xCC4B, 0xCC2B, 0xCC2A, 0xCC2A, 0xCC2B, 0xCC2B, 0xCC2B, 0xCC2B,
  0xCC2B, 0xCC2B, 0xCC2B, 0xCC0A, 0xCC0A, 0xCC0A, 0xCC0A, 0xCC0A, 0xCC0A, 0xCC0A, 0xC40A, 0xCC0A,
  0xC40A, 0xC40A, 0xC3EA, 0xC3C9, 0xC3A9, 0xC3C9, 0xC3C9, 0xC3C9, 0xC3A9, 0xC3A8, 0xC3C9, 0xC3C9,
  0xC3C9, 0xC3A9, 0xC3A9, 0xC3A8, 0xBB88, 0xBB67, 0xBB67, 0xBB88, 0xC388, 0xBB88, 0xBB88, 0xBBA8,
  0xBBA8, 0xBB88, 0xBB67, 0xBB47, 0xBB47, 0xBB67, 0xBB67, 0xBB47, 0xBB47, 0xBB47, 0xBB47, 0xBB68,
  0xBB88, 0xBB67, 0xB326, 0xB306, 0xB306, 0xB326, 0xB326, 0xB306, 0xB306, 0xB326, 0xB347, 0xB347,
  0xFF79, 0xFF59, 0xFF59, 0xFF59, 0xFF59, 0xFF59, 0xFF59, 0xFF59, 0xFF59, 0xFF38, 0xFF38, 0xFF38,
  0xFF38, 0xFF38, 0xFF38, 0xFF38, 0xFF39, 0xFF38, 0xFF7A, 0xFF9B, 0xFF9B, 0xFF9C, 0xFF9B, 0xFF59,
  0xFF17, 0xFF17, 0xFF18, 0xFF39, 0xFF5A, 0xFF38, 0xFF17, 0xFF17, 0xFF18, 0xFF18, 0xFF38, 0xFF38,
  0xFF38, 0xFF18, 0xFF17, 0xFEF7, 0xFF17, 0xFEF7, 0xFEF7, 0xFEF7, 0xFF17, 0xFEF7, 0xFEF7, 0xFEF7,
  0xFEF7, 0xFEF7, 0xFEF7, 0xFEF7, 0xFEF7, 0xFEF7, 0xFED7, 0xFEF7, 0xFF18, 0xFEF7, 0xFF17, 0xFF18,
  0xFEF7, 0xFEF7, 0xFEF8, 0xFF18, 0xFEF7, 0xFED6, 0xFED6, 0xFEB6, 0xFEB5, 0xFEB5, 0xFE95, 0xFE95,
  0xFE95, 0xFE95, 0xFE95, 0xFE95, 0xFE74, 0xFE95, 0xFED6, 0xFEB6, 0xFED6, 0xFED7, 0xFED7, 0xFEB6,
  0xFE95, 0xFE74, 0xFE54, 0xFE54, 0xFE54, 0xFEB6, 0xFE75, 0xFE54, 0xF654, 0xF633, 0xF633, 0xF633,
  0xF633, 0xF633, 0xF612, 0xF613, 0xF613, 0xF5F2, 0xF5F2, 0xF5D1, 0xF5B1, 0xF5B1, 0xF5D2, 0xF5F2,
  0xF5D2, 0xEDD1, 0xF5D2, 0xF5D2, 0xEDB1, 0xED90, 0xED70, 0xED70, 0xED91, 0xEDF3, 0xEDF2, 0xEDB1,
  0xEDB1, 0xED70, 0xED70, 0xED70, 0xE54F, 0xE52F, 0xE52F, 0xE52E, 0xE52E, 0xE52F, 0xE52F, 0xE50E,
  0xE4EE, 0xE4EE, 0xE4ED, 0xDCCD, 0xDCCD, 0xDCCD, 0xDCCD, 0xDCCD, 0xDCAD, 0xDCAC, 0xDC8C, 0xDCAD,
  0xDCCD, 0xDCEE, 0xDCCD, 0xDCAD, 0xD48C, 0xD48C, 0xD48C, 0xD46B, 0xD46C, 0xD46C, 0xD46C, 0xD46B,
  0xD44B, 0xD46C, 0xD46C, 0xD46C, 0xD46C, 0xD48C, 0xD48C, 0xD46C, 0xD44B, 0xCC2B, 0xCC2B, 0xCC2B,
  0xCC4B, 0xCC2B, 0xCC2A, 0xCC2B, 0xCC2B, 0xCC2B, 0xCC2B, 0xCC2A, 0xCC2B, 0xCC2B, 0xCC4B, 0xCC2B,
  0xCC0A, 0xCC0A, 0xC40A, 0xC40A, 0xC3EA, 0xC40A, 0xC3EA, 0xC3EA, 0xC3EA, 0xC3EA, 0xC3EA, 0xC3EA,
  0xC3EA, 0xC3EA, 0xC3EA, 0xC3A9, 0xC3A8, 0xC3A9, 0xC3A9, 0xC3A9, 0xBB88, 0xBB88, 0xC3A8, 0xC3A9,
  0xC3A9, 0xC3A9, 0xC3A8, 0xC388, 0xBB88, 0xBB68, 0xBB67, 0xC3A8, 0xC3A9, 0xBB88, 0xBB88, 0xBB88,
  0xBBA9, 0xBB88, 0xBB68, 0xBB47, 0xBB67, 0xBB47, 0xBB68, 0xBB67, 0xBB47, 0xBB47, 0xBB26, 0xBB47,
  0xBB68, 0xBB68, 0xBB47, 0xB326, 0xB306, 0xB326, 0xBB47, 0xB306, 0xB306, 0xB326, 0xB327, 0xB347,
  0xFF59, 0xFF79, 0xFF59, 0xFF59, 0xFF59, 0xFF59, 0xFF59, 0xFF59, 0xFF38, 0xFF59, 0xFF59, 0xFF38,
  0xFF38, 0xFF38, 0xFF38, 0xFF39, 0xFF38, 0xFF59, 0xFF7A, 0xFF59, 0xFF59, 0xFF39, 0xFF5A, 0xFF9B,
  0xFF7A, 0xFF39, 0xFF18, 0xFF18, 0xFF18, 0xFF59, 0xFF18, 0xFF18, 0xFF18, 0xFF18, 0xFF18, 0xFF17,
  0xFF17, 0xFEF7, 0xFEF7, 0xFEF7, 0xFEF7, 0xFF17, 0xFF18, 0xFF39, 0xFF39, 0xFF39, 0xFF17, 0xFEF7,
  0xFEF7, 0xFEF7, 0xFED6, 0xFED6, 0xFED6, 0xFED7, 0xFEF7, 0xFF18, 0xFF39, 0xFF38, 0xFF18, 0xFED7,
  0xFED6, 0xFEB6, 0xFEB6, 0xFEB6, 0xFEB6, 0xFEB6, 0xFEB5, 0xFE95, 0xFED6, 0xFEF7, 0xFED7, 0xFEB6,
  0xFE95, 0xFE74, 0xFE74, 0xFE74, 0xFEB6, 0xFEF8, 0xFED7, 0xFEB6, 0xFED6, 0xFEB6, 0xFE95, 0xFE95,
  0xFE74, 0xFE54, 0xFE54, 0xFEB7, 0xFED7, 0xFEB7, 0xF675, 0xF654, 0xFE75, 0xFE54, 0xF612, 0xF612,
  0xF5F2, 0xF5F2, 0xF5F2, 0xF5F2, 0xF5F2, 0xF5F1, 0xF5D1, 0xF5B1, 0xF613, 0xF654, 0xF613, 0xF613,
  0xF5F3, 0xEDD2, 0xEDD2, 0xEDB1, 0xED90, 0xED70, 0xEDB1, 0xEDF3, 0xEDB2, 0xEDB1, 0xED90, 0xED70,
  0xED4F, 0xED4F, 0xE54F, 0xE54F, 0xE54F, 0xE52F, 0xE50E, 0xE50E, 0xE50E, 0xE50E, 0xE4EE, 0xE4ED,
  0xE4ED, 0xE4EE, 0xDCCD, 0xDCCD, 0xDCCD, 0xDCCD, 0xDCAC, 0xDC8C, 0xDC6C, 0xDC8C, 0xDC8C, 0xDCAD,
  0xDC8C, 0xD4AD, 0xD48D, 0xD48C, 0xD48D, 0xD48C, 0xD46C, 0xD44B, 0xD44B, 0xD44B, 0xD44B, 0xD44B,
  0xD44B, 0xD44B, 0xD44B, 0xCC2B, 0xD44B, 0xD44B, 0xCC4B, 0xCC2B, 0xCC2B, 0xCC2B, 0xCC2B, 0xCC0A,
  0xCC2B, 0xCC2B, 0xCC2B, 0xCC2B, 0xCC2B, 0xCC2B, 0xCC2B, 0xCC0A, 0xCC0A, 0xCC0A, 0xCC0A, 0xC3EA,
  0xC3EA, 0xC3EA, 0xC3EA, 0xC3EA, 0xC3EA, 0xC3EA, 0xC3EA, 0xC3EA, 0xC3EA, 0xC3C9, 0xC3C9, 0xC3C9,
  0xC3C9, 0xC3C9, 0xC3C9, 0xC3A9, 0xC3A9, 0xC3A9, 0xC3C9, 0xC3C9, 0xBBA9, 0xBB88, 0xBB88, 0xBB88,
  0xBBA8, 0xBBA9, 0xBB88, 0xBB88, 0xBB88, 0xBB88, 0xBB88, 0xC3A9, 0xC3A9, 0xBBA8, 0xBB88, 0xBBA8,
  0xBBA9, 0xBBA9, 0xBB88, 0xBB68, 0xBB67, 0xBB47, 0xBB67, 0xBB68, 0xBB68, 0xBB67, 0xBB47, 0xBB47,
  0xBB67, 0xBB88, 0xBB68, 0xBB47, 0xBB26, 0xB327, 0xBB47, 0xBB47, 0xB326, 0xB326, 0xB327, 0xBB47,
  0xFF59, 0xFF59, 0xFF59, 0xFF59, 0xFF59, 0xFF59, 0xFF38, 0xFF38, 0xFF38, 0xFF38, 0xFF39, 0xFF38,
  0xFF38, 0xFF38, 0xFF38, 0xFF38, 0xFF18, 0xFF18, 0xFF18, 0xFF18, 0xFF18, 0xFF38, 0xFF38, 0xFF39,
  0xFF59, 0xFF59, 0xFF39, 0xFF18, 0xFF17, 0xFF18, 0xFF18, 0xFF17, 0xFF17, 0xFF18, 0xFF18, 0xFF18,
  0xFF18, 0xFF17, 0xFF18, 0xFF59, 0xFF7A, 0xFF39, 0xFF59, 0xFF39, 0xFF18, 0xFF39, 0xFF5A, 0xFF39,
  0xFF39, 0xFF18, 0xFEF7, 0xFEF7, 0xFEF7, 0xFEF7, 0xFEF7, 0xFEF7, 0xFED6, 0xFED6, 0xFEF7, 0xFED7,
  0xFEB6, 0xFEB5, 0xFE95, 0xFE95, 0xFE95, 0xFE95, 0xFE95, 0xFEB5, 0xFEB6, 0xFE95, 0xFE95, 0xFEB6,
  0xFE95, 0xFE95, 0xFE95, 0xFEB6, 0xFE95, 0xFE75, 0xFE75, 0xFE74, 0xFE74, 0xFE74, 0xFE75, 0xF654,
  0xF633, 0xF654, 0xFEB6, 0xFEB6, 0xF654, 0xF654, 0xF633, 0xF613, 0xF613, 0xF613, 0xF5F2, 0xF612,
  0xF613, 0xF613, 0xF613, 0xF5F2, 0xF612, 0xF5F2, 0xF5F2, 0xF613, 0xF654, 0xF613, 0xEDD2, 0xEDB1,
  0xEDB1, 0xED91, 0xED90, 0xED90, 0xED90, 0xEDB1, 0xEDD2, 0xED91, 0xED70, 0xE570, 0xED70, 0xED70,
  0xE52F, 0xE52F, 0xE52F, 0xE50E, 0xE50E, 0xE50E, 0xE4EE, 0xE50E, 0xE50E, 0xE4EE, 0xDCCD, 0xDCCD,
  0xDCCD, 0xDCAD, 0xDCAD, 0xDCCD, 0xDCAD, 0xDC8C, 0xDC8C, 0xDC8C, 0xDCAD, 0xD48C, 0xD48C, 0xD46C,
  0xD46C, 0xD44B, 0xD46C, 0xD46C, 0xD46C, 0xD46B, 0xD44C, 0xD44B, 0xD44B, 0xD44B, 0xD44B, 0xD44B,
  0xD44B, 0xCC4B, 0xCC4B, 0xCC2B, 0xCC2B, 0xCC0A, 0xCC0A, 0xCBEA, 0xCBEA, 0xCC0A, 0xCC0A, 0xCC0A,
  0xCC0A, 0xCC0A, 0xCC0A, 0xCC0A, 0xCC0A, 0xC40A, 0xC3EA, 0xC3EA, 0xC3C9, 0xC3C9, 0xC3C9, 0xC3EA,
  0xC3EA, 0xC3C9, 0xC3EA, 0xC3EA, 0xC3CA, 0xC3EA, 0xC3EA, 0xC3C9, 0xC3C9, 0xC3C9, 0xC3A9, 0xC3A9,
  0xC3A9, 0xBBA9, 0xBBA9, 0xBB88, 0xBBA9, 0xC3A9, 0xC3A9, 0xBBA9, 0xBBA9, 0xBB88, 0xBB89, 0xBB88,
  0xBB88, 0xBB88, 0xBB88, 0xBB67, 0xBB88, 0xBB88, 0xBB88, 0xBB88, 0xBBA9, 0xBBA9, 0xBB88, 0xBB88,
  0xBB88, 0xBB88, 0xBB68, 0xBB68, 0xBB47, 0xBB67, 0xBB47, 0xBB68, 0xBB68, 0xBB68, 0xBB67, 0xBB47,
  0xBB47, 0xBB68, 0xBB68, 0xBB88, 0xBB67, 0xB347, 0xBB47, 0xBB47, 0xB326, 0xB326, 0xBB47, 0xB347,
  0xFF59, 0xFF59, 0xFF59, 0xFF59, 0xFF38, 0xFF38, 0xFF59, 0xFF59, 0xFF38, 0xFF38, 0xFF38, 0xFF39,
  0xFF38, 0xFF38, 0xFF38, 0xFF38, 0xFF38, 0xFF18, 0xFF18, 0xFF18, 0xFF18, 0xFF18, 0xFF18, 0xFF18,
  0xFF18, 0xFF18, 0xFF18, 0xFF18, 0xFF17, 0xFF38, 0xFF18, 0xFF18, 0xFF17, 0xFEF7, 0xFEF7, 0xFEF6,
  0xFF17, 0xFF18, 0xFF18, 0xFF18, 0xFF18, 0xFF17, 0xFEF7, 0xFEF7, 0xFEF7, 0xFEF7, 0xFF18, 0xFF18,
  0xFF18, 0xFF18, 0xFF18, 0xFF39, 0xFEF7, 0xFED6, 0xFEB6, 0xFEB6, 0xFEB6, 0xFED6, 0xFEB5, 0xFE95,
  0xFE95, 0xFEB6, 0xFF18, 0xFEF7, 0xFED7, 0xFEF7, 0xFED7, 0xFEB6, 0xFEB6, 0xFE95, 0xFE95, 0xFE74,
  0xFE75, 0xFED7, 0xFED6, 0xFED7, 0xFE96, 0xFE95, 0xFE74, 0xFE54, 0xFE54, 0xFE54, 0xFE53, 0xF653,
  0xF674, 0xFEB6, 0xF654, 0xF654, 0xF633, 0xF633, 0xF613, 0xF613, 0xF5F2, 0xF613, 0xF655, 0xF654,
  0xF613, 0xF5F2, 0xF613, 0xF5F2, 0xF5F2, 0xF5D2, 0xF5D2, 0xF5D1, 0xEDB0, 0xED90, 0xED90, 0xED90,
  0xED90, 0xED70, 0xED70, 0xED70, 0xED70, 0xED70, 0xED70, 0xE570, 0xED4F, 0xE54F, 0xE52F, 0xE52F,
  0xE52E, 0xE50E, 0xE50E, 0xE4ED, 0xE50E, 0xE4EE, 0xDCED, 0xDCCD, 0xDCED, 0xDCCD, 0xDCCD, 0xDCAD,
  0xDC8C, 0xDCAD, 0xDCAD, 0xDC8D, 0xDC8C, 0xDC8C, 0xDCAD, 0xD4AD, 0xDCCE, 0xD4AD, 0xD48C, 0xD46C,
  0xD44B, 0xD42B, 0xD42B, 0xD42B, 0xD42B, 0xD42B, 0xCC2B, 0xCC2B, 0xD42B, 0xCC2B, 0xCC0A, 0xCC0A,
  0xCC0B, 0xCC0A, 0xCC0A, 0xCC2B, 0xCC0A, 0xCBEA, 0xCBEA, 0xCC0A, 0xCBEA, 0xCBEA, 0xCC0A, 0xCC0A,
  0xC3EA, 0xC3EA, 0xC3EA, 0xC3EA, 0xC3C9, 0xC3C9, 0xC3A9, 0xC3A9, 0xC3C9, 0xC3C9, 0xC3C9, 0xC3C9,
  0xC3C9, 0xC3A9, 0xC3A9, 0xC3A9, 0xC3A9, 0xC3C9, 0xC3C9, 0xBBA9, 0xBBA9, 0xBBA9, 0xBB88, 0xBBA9,
  0xBBA9, 0xBB88, 0xBB88, 0xBB88, 0xBB89, 0xBB88, 0xBB88, 0xBB68, 0xBB68, 0xBB68, 0xBB68, 0xBB88,
  0xBB88, 0xBB88, 0xBB68, 0xBB47, 0xBB68, 0xBB68, 0xBB68, 0xBB68, 0xBB68, 0xBB88, 0xBB68, 0xBB88,
  0xBB68, 0xBB68, 0xBB68, 0xBB47, 0xBB47, 0xBB47, 0xBB67, 0xBB68, 0xBB88, 0xBB88, 0xBB68, 0xBB67,
  0xBB47, 0xBB47, 0xBB67, 0xBB68, 0xBB68, 0xBB47, 0xBB47, 0xBB47, 0xBB47, 0xBB26, 0xBB47, 0xB347,
  0xFF59, 0xFF59, 0xFF39, 0xFF38, 0xFF39, 0xFF59, 0xFF7A, 0xFF7A, 0xFF7A, 0xFF59, 0xFF39, 0xFF39,
  0xFF38, 0xFF38, 0xFF17, 0xFF18, 0xFF38, 0xFF18, 0xFF17, 0xFF18, 0xFF18, 0xFF17, 0xFF18, 0xFF18,
  0xFF18, 0xFF17, 0xFEF7, 0xFF17, 0xFF18, 0xFF39, 0xFF59, 0xFF5A, 0xFF59, 0xFF5A, 0xFF5A, 0xFF39,
  0xFEF7, 0xFED6, 0xFEF7, 0xFEF7, 0xFED6, 0xFED6, 0xFED6, 0xFED6, 0xFED6, 0xFED6, 0xFED6, 0xFED6,
  0xFED6, 0xFED6, 0xFED6, 0xFED6, 0xFED6, 0xFEF7, 0xFED6, 0xFEB5, 0xFE95, 0xFEB5, 0xFEB5, 0xFEB6,
  0xFED7, 0xFEF7, 0xFED7, 0xFED6, 0xFE95, 0xFE95, 0xFEB6, 0xFE74, 0xFE74, 0xFE74, 0xFE74, 0xFE74,
  0xFE74, 0xFE54, 0xFE54, 0xFE54, 0xFE74, 0xFE95, 0xFE74, 0xFE54, 0xFE33, 0xF612, 0xF613, 0xF613,
  0xF633, 0xF612, 0xF612, 0xF612, 0xF612, 0xF612, 0xF5F2, 0xF5F2, 0xF654, 0xF654, 0xF633, 0xF5F2,
  0xF5D2, 0xF5D2, 0xF5D1, 0xF5D1, 0xF5D1, 0xEDB1, 0xEDD1, 0xEDB1, 0xED90, 0xED90, 0xED70, 0xED70,
  0xED6F, 0xED6F, 0xED90, 0xED90, 0xED4F, 0xED4F, 0xE54F, 0xE52F, 0xE52E, 0xE52E, 0xE50E, 0xE50E,
  0xE4EE, 0xE4ED, 0xE4CD, 0xE4CD, 0xDCCD, 0xDCAC, 0xDC8C, 0xDC8C, 0xDC8C, 0xDC8C, 0xDC8C, 0xDC8C,
  0xDC8C, 0xDC6C, 0xDC6B, 0xDC6C, 0xD46C, 0xD46C, 0xD46C, 0xD46C, 0xD46C, 0xD46C, 0xD46C, 0xD46C,
  0xD44C, 0xD44B, 0xD44B, 0xD42B, 0xCC0A, 0xCBEA, 0xCBEA, 0xCBE9, 0xCBE9, 0xCBEA, 0xCBEA, 0xCBEA,
  0xCBEA, 0xCBEA, 0xCC0A, 0xCC0A, 0xCBEA, 0xCBEA, 0xC3C9, 0xCBEA, 0xC3C9, 0xC3EA, 0xC3C9, 0xC3C9,
  0xC3A9, 0xC3A9, 0xC3A9, 0xC3A9, 0xC3A9, 0xC3A9, 0xC3A9, 0xBB89, 0xBB89, 0xC3A9, 0xC389, 0xBB88,
  0xBB88, 0xBB89, 0xBB89, 0xBB88, 0xBB88, 0xBB88, 0xBB89, 0xBB89, 0xBB89, 0xBB89, 0xBB89, 0xBBA9,
  0xBB89, 0xBB68, 0xBB68, 0xBB68, 0xBB68, 0xBB68, 0xBB68, 0xBB68, 0xBB47, 0xBB48, 0xBB68, 0xBB88,
  0xBB88, 0xBB88, 0xBB68, 0xBB47, 0xBB47, 0xBB47, 0xBB47, 0xBB47, 0xBB47, 0xBB48, 0xBB68, 0xBB68,
  0xBB68, 0xBB68, 0xBB68, 0xBB48, 0xBB47, 0xBB27, 0xBB47, 0xBB68, 0xBB88, 0xBB68, 0xBB68, 0xBB68,
  0xBB47, 0xBB47, 0xBB47, 0xBB67, 0xBB68, 0xBB68, 0xBB47, 0xBB47, 0xBB47, 0xBB47, 0xBB47, 0xBB47,
  0xFF59, 0xFF59, 0xFF39, 0xFF39, 0xFF38, 0xFF38, 0xFF38, 0xFF38, 0xFF59, 0xFF59, 0xFF39, 0xFF39,
  0xFF38, 0xFF38, 0xFF18, 0xFEF7, 0xFEF7, 0xFF17, 0xFF18, 0xFEF7, 0xFF17, 0xFF17, 0xFEF7, 0xFF17,
  0xFEF7, 0xFEF7, 0xFEF7, 0xFF18, 0xFF17, 0xFF17, 0xFF18, 0xFEF7, 0xFEF7, 0xFF18, 0xFF39, 0xFF7A,
  0xFF5A, 0xFEF7, 0xFEF7, 0xFED6, 0xFED6, 0xFEB6, 0xFEB6, 0xFED6, 0xFEB5, 0xFED6, 0xFEB5, 0xFEB5,
  0xFED6, 0xFEB5, 0xFEB6, 0xFEB6, 0xFED6, 0xFED6, 0xFEB6, 0xFEB5, 0xFE95, 0xFE95, 0xFE95, 0xFEB6,
  0xFE95, 0xFE95, 0xFE95, 0xFE74, 0xFE74, 0xFE74, 0xFE54, 0xFE74, 0xFE75, 0xFE74, 0xFE54, 0xFE54,
  0xFE74, 0xFE75, 0xFE54, 0xF633, 0xFE33, 0xF633, 0xF612, 0xF612, 0xF654, 0xF695, 0xF654, 0xF654,
  0xF654, 0xF612, 0xF5F2, 0xF5D1, 0xF5D1, 0xF5D1, 0xF5F2, 0xF633, 0xF634, 0xF5F2, 0xF5D2, 0xF5D1,
  0xF5B1, 0xF5B1, 0xEDB1, 0xEDB1, 0xEDB1, 0xEDB1, 0xEDB1, 0xEDD2, 0xED90, 0xED90, 0xED70, 0xED70,
  0xED4F, 0xED4F, 0xED4F, 0xE52F, 0xE52E, 0xE50E, 0xE50E, 0xE4EE, 0xE4ED, 0xE4EE, 0xE4EE, 0xE4ED,
  0xE4CD, 0xDCAC, 0xDCAC, 0xDCAC, 0xDC8C, 0xDC8C, 0xDC8C, 0xDCAD, 0xDC8C, 0xDC8C, 0xDC6B, 0xDC8C,
  0xD46C, 0xDCAD, 0xDCAD, 0xD48C, 0xD44B, 0xD42B, 0xD44B, 0xD44B, 0xD44B, 0xD42B, 0xD42B, 0xCC2B,
  0xCC0A, 0xCC0A, 0xCC0A, 0xCBEA, 0xCC0A, 0xCC2B, 0xCC2B, 0xCC0A, 0xCBC9, 0xCBC9, 0xCBC9, 0xCBC9,
  0xC3C9, 0xC3C9, 0xC3C9, 0xC3A9, 0xC3A9, 0xC3A9, 0xC388, 0xC388, 0xC3A9, 0xC3A9, 0xC389, 0xC389,
  0xC389, 0xC389, 0xBB88, 0xC388, 0xBB89, 0xC389, 0xBB68, 0xBB88, 0xBB88, 0xBB88, 0xBB88, 0xBB89,
  0xBB68, 0xBB89, 0xBB68, 0xBB68, 0xBB89, 0xBB68, 0xBB68, 0xBB68, 0xBB68, 0xBB68, 0xBB68, 0xBB68,
  0xBB48, 0xBB68, 0xBB48, 0xB348, 0xBB68, 0xB348, 0xBB48, 0xBB48, 0xBB47, 0xB327, 0xB347, 0xBB48,
  0xB348, 0xBB48, 0xBB48, 0xBB48, 0xBB47, 0xBB47, 0xB327, 0xBB47, 0xBB47, 0xB347, 0xB347, 0xB347,
  0xBB47, 0xBB47, 0xBB47, 0xBB47, 0xBB47, 0xBB27, 0xBB27, 0xBB47, 0xBB48, 0xBB47, 0xBB47, 0xBB47,
  0xBB67, 0xBB47, 0xBB47, 0xBB67, 0xBB68, 0xBB67, 0xBB68, 0xBB67, 0xBB47, 0xBB47, 0xBB67, 0xB347,
  0xFF39, 0xFF38, 0xFF38, 0xFF38, 0xFF18, 0xFF18, 0xFF38, 0xFF18, 0xFF18, 0xFF38, 0xFF38, 0xFF38,
  0xFF38, 0xFF38, 0xFF18, 0xFF17, 0xFEF7, 0xFEF7, 0xFF17, 0xFEF7, 0xFEF7, 0xFEF7, 0xFEF7, 0xFED6,
  0xFED6, 0xFEF7, 0xFEF7, 0xFED6, 0xFEF6, 0xFED6, 0xFED6, 0xFED6, 0xFED6, 0xFED6, 0xFED6, 0xFED6,
  0xFEF7, 0xFEF7, 0xFEF7, 0xFEF7, 0xFEF7, 0xFF18, 0xFEF7, 0xFEF7, 0xFED6, 0xFEB5, 0xFEB5, 0xFE95,
  0xFE95, 0xFE95, 0xFE95, 0xFE95, 0xFE95, 0xFE95, 0xFE95, 0xFED6, 0xFED6, 0xFED6, 0xFE95, 0xFE74,
  0xFE74, 0xFE74, 0xFE74, 0xFE95, 0xFE95, 0xFE75, 0xFE74, 0xFE74, 0xFE74, 0xFE95, 0xFE96, 0xFEB7,
  0xFED7, 0xF675, 0xF675, 0xF633, 0xF633, 0xF634, 0xF675, 0xF696, 0xF6B6, 0xF696, 0xF695, 0xF654,
  0xF655, 0xF634, 0xF654, 0xF654, 0xF633, 0xF5F2, 0xF5D1, 0xF5D1, 0xEDB1, 0xF5D1, 0xEDB1, 0xF5B1,
  0xEDB1, 0xED90, 0xED90, 0xED90, 0xED70, 0xED70, 0xED4F, 0xED4F, 0xED4F, 0xED4F, 0xED4F, 0xED2E,
  0xE52E, 0xE50E, 0xE4ED, 0xE4ED, 0xE50E, 0xE4EE, 0xE4ED, 0xE4EE, 0xE4EE, 0xE4ED, 0xDCAC, 0xDC8C,
  0xDCAC, 0xDC8C, 0xDD0E, 0xDCCE, 0xDCEE, 0xDCCD, 0xDCAD, 0xDCCE, 0xDCAD, 0xD48D, 0xD46C, 0xD46C,
  0xD48D, 0xDCCE, 0xD46C, 0xD44B, 0xD44B, 0xD42B, 0xCC0A, 0xCC0A, 0xCC0A, 0xCBEA, 0xCBEA, 0xCBEA,
  0xCBE9, 0xCBEA, 0xCBC9, 0xCBC9, 0xCBCA, 0xCBEA, 0xCBEA, 0xCBCA, 0xCBCA, 0xCBCA, 0xC3A9, 0xC3A9,
  0xC3A9, 0xC3A9, 0xC3A9, 0xC388, 0xC389, 0xC3A9, 0xC3A9, 0xC3C9, 0xC3C9, 0xC388, 0xBB68, 0xBB68,
  0xBB88, 0xBB68, 0xBB68, 0xBB88, 0xBB68, 0xBB68, 0xBB68, 0xBB68, 0xBB88, 0xBB68, 0xBB48, 0xBB68,
  0xBB68, 0xBB48, 0xBB48, 0xBB68, 0xBB68, 0xBB48, 0xB347, 0xB327, 0xBB68, 0xBB68, 0xB347, 0xB327,
  0xB327, 0xB348, 0xBB48, 0xB348, 0xB348, 0xB348, 0xB347, 0xB327, 0xB347, 0xB327, 0xB348, 0xB327,
  0xB327, 0xB327, 0xB347, 0xB348, 0xB348, 0xB327, 0xB347, 0xB327, 0xB327, 0xB327, 0xB327, 0xB327,
  0xB327, 0xB347, 0xB327, 0xB327, 0xB327, 0xBB47, 0xBB47, 0xB327, 0xBB27, 0xBB47, 0xBB47, 0xBB47,
  0xBB47, 0xBB67, 0xBB47, 0xBB47, 0xBB68, 0xBB67, 0xBB67, 0xBB47, 0xBB47, 0xBB47, 0xBB47, 0xBB47,
  0xFF38, 0xFF38, 0xFF38, 0xFF38, 0xFF38, 0xFF38, 0xFF39, 0xFF38, 0xFF18, 0xFF17, 0xFF18, 0xFF18,
  0xFF18, 0xFF18, 0xFF18, 0xFF38, 0xFF39, 0xFF17, 0xFEF7, 0xFEF7, 0xFEF7, 0xFEF7, 0xFF17, 0xFF18,
  0xFEF7, 0xFEF7, 0xFEF7, 0xFEF7, 0xFED6, 0xFED6, 0xFEF6, 0xFED6, 0xFED6, 0xFED6, 0xFED6, 0xFED6,
  0xFEF7, 0xFEF7, 0xFED6, 0xFED7, 0xFEF8, 0xFEF8, 0xFEF8, 0xFEF7, 0xFED6, 0xFEB5, 0xFE95, 0xFEB6,
  0xFEF7, 0xFEF8, 0xFF18, 0xFEF7, 0xFED7, 0xFED7, 0xFED6, 0xFED7, 0xFEB6, 0xFEB5, 0xFE95, 0xFE75,
  0xFEB6, 0xFEB6, 0xFE95, 0xFE95, 0xFE74, 0xFE75, 0xFE96, 0xFE75, 0xFE75, 0xFE96, 0xF675, 0xF675,
  0xF675, 0xF633, 0xF633, 0xF654, 0xF675, 0xF654, 0xF655, 0xF634, 0xF633, 0xF613, 0xF613, 0xF613,
  0xF613, 0xF5F2, 0xF5F2, 0xF5D2, 0xF613, 0xF5F2, 0xF5B1, 0xF5B1, 0xEDB0, 0xEDB1, 0xED90, 0xED90,
  0xED90, 0xED70, 0xED70, 0xED6F, 0xED6F, 0xED6F, 0xED4F, 0xED2E, 0xED2E, 0xE50E, 0xE50E, 0xE50E,
  0xE52E, 0xE54F, 0xE52F, 0xE571, 0xE591, 0xE550, 0xE54F, 0xE50E, 0xDCCD, 0xDCAC, 0xDCCD, 0xDCEE,
  0xDCCD, 0xDCCD, 0xDCEE, 0xDCCD, 0xDCAD, 0xD48D, 0xD48C, 0xD48C, 0xD46C, 0xD44C, 0xD44B, 0xD44B,
  0xD42B, 0xD44B, 0xD40A, 0xCC0A, 0xCC0A, 0xCBEA, 0xCBE9, 0xCBC9, 0xCBC9, 0xCBC9, 0xCBA9, 0xCBA9,
  0xCBA9, 0xCBA9, 0xCBC9, 0xCBC9, 0xC3A9, 0xC389, 0xC3A9, 0xC388, 0xC3A9, 0xC388, 0xC388, 0xC388,
  0xC389, 0xC389, 0xC389, 0xC3A9, 0xC389, 0xBB89, 0xBB89, 0xBB88, 0xBB88, 0xBB68, 0xBB68, 0xBB68,
  0xBB48, 0xBB48, 0xBB68, 0xBB48, 0xBB47, 0xBB47, 0xBB47, 0xB327, 0xBB47, 0xB327, 0xB348, 0xB327,
  0xB347, 0xB327, 0xB348, 0xB327, 0xB348, 0xB348, 0xB327, 0xB327, 0xB327, 0xB327, 0xB327, 0xB307,
  0xB307, 0xB327, 0xB327, 0xB327, 0xB327, 0xB327, 0xB327, 0xB327, 0xB327, 0xB327, 0xB327, 0xB327,
  0xB307, 0xB327, 0xB307, 0xB327, 0xB327, 0xB347, 0xB347, 0xB327, 0xB327, 0xB327, 0xB327, 0xB327,
  0xB327, 0xB327, 0xB327, 0xB327, 0xB327, 0xB327, 0xB327, 0xB327, 0xBB27, 0xB327, 0xB347, 0xBB47,
  0xB347, 0xBB47, 0xB347, 0xBB47, 0xBB47, 0xBB67, 0xBB47, 0xBB47, 0xBB67, 0xBB47, 0xBB47, 0xBB47,
  0xFF38, 0xFF38, 0xFF38, 0xFF38, 0xFF38, 0xFF38, 0xFF39, 0xFF59, 0xFF18, 0xFF17, 0xFF18, 0xFF17,
  0xFF18, 0xFF38, 0xFF38, 0xFF39, 0xFF7A, 0xFF5A, 0xFF18, 0xFEF6, 0xFEF7, 0xFF38, 0xFF59, 0xFF5A,
  0xFF59, 0xFF59, 0xFF39, 0xFF18, 0xFED6, 0xFED6, 0xFEF7, 0xFEF7, 0xFEF7, 0xFED7, 0xFF17, 0xFED6,
  0xFED6, 0xFED6, 0xFED6, 0xFEB5, 0xFEB5, 0xFE95, 0xFEB5, 0xFE95, 0xFED6, 0xFED6, 0xFE95, 0xFE74,
  0xFE95, 0xFE95, 0xFE95, 0xFE95, 0xFEB6, 0xFED6, 0xFEB6, 0xFE95, 0xFE75, 0xFE74, 0xFE75, 0xFEB6,
  0xF675, 0xFE54, 0xF674, 0xF675, 0xFE75, 0xFE54, 0xF654, 0xFE75, 0xF654, 0xF654, 0xF633, 0xF633,
  0xF612, 0xF613, 0xF654, 0xF613, 0xF613, 0xF5F2, 0xF5F2, 0xF5F2, 0xF5F2, 0xF5F2, 0xF613, 0xF5F2,
  0xF5D1, 0xF5B1, 0xF5B0, 0xF5B1, 0xEDB1, 0xF5B1, 0xEDB0, 0xED90, 0xED6F, 0xED90, 0xED90, 0xED6F,
  0xED6F, 0xED6F, 0xED4F, 0xED4F, 0xED2F, 0xED2E, 0xE50E, 0xE50E, 0xE50E, 0xE52E, 0xE52F, 0xE570,
  0xE591, 0xE550, 0xE550, 0xE52F, 0xE50E, 0xDCCD, 0xDCAD, 0xDCAC, 0xDCCD, 0xDD0F, 0xDD0F, 0xDCAD,
  0xDCCE, 0xDC8C, 0xDC8C, 0xD46C, 0xD44C, 0xD44B, 0xD44B, 0xD44B, 0xD42B, 0xD40A, 0xD40A, 0xD40A,
  0xCBEA, 0xCBEA, 0xCBEA, 0xCBEA, 0xCBEA, 0xCBC9, 0xCBEA, 0xCBCA, 0xCBA9, 0xC3C9, 0xCBEA, 0xCBEA,
  0xC3C9, 0xC3A9, 0xC388, 0xC388, 0xC388, 0xC388, 0xC388, 0xC388, 0xC388, 0xBB68, 0xBB68, 0xBB88,
  0xBB88, 0xBB88, 0xBB48, 0xBB68, 0xBB68, 0xBB48, 0xBB48, 0xBB48, 0xBB27, 0xB327, 0xB327, 0xB327,
  0xB348, 0xBB48, 0xB327, 0xB327, 0xB327, 0xB327, 0xB327, 0xB327, 0xB327, 0xB327, 0xB348, 0xB328,
  0xB327, 0xB307, 0xB327, 0xB307, 0xB307, 0xB327, 0xB327, 0xB327, 0xB307, 0xB2E6, 0xB307, 0xB307,
  0xB307, 0xB306, 0xB307, 0xB307, 0xB307, 0xB307, 0xB307, 0xB307, 0xB307, 0xB307, 0xB307, 0xB307,
  0xB307, 0xB306, 0xB307, 0xAAE6, 0xB306, 0xB307, 0xB307, 0xB307, 0xB307, 0xB307, 0xB327, 0xB327,
  0xB306, 0xB307, 0xB307, 0xB306, 0xB306, 0xB307, 0xB327, 0xB327, 0xB327, 0xB306, 0xB327, 0xB347,
  0xB327, 0xB347, 0xBB47, 0xB327, 0xB327, 0xBB47, 0xBB67, 0xBB47, 0xB347, 0xBB47, 0xBB67, 0xB347,
  0xFF18, 0xFF18, 0xFF38, 0xFF38, 0xFF17, 0xFF17, 0xFF18, 0xFF18, 0xFF38, 0xFF18, 0xFF38, 0xFF18,
  0xFF18, 0xFF38, 0xFF17, 0xFF17, 0xFEF7, 0xFF18, 0xFF38, 0xFF18, 0xFEF7, 0xFED6, 0xFED6, 0xFEF7,
  0xFEF7, 0xFF17, 0xFF18, 0xFF18, 0xFF17, 0xFEB5, 0xFED6, 0xFF18, 0xFEF7, 0xFED7, 0xFED6, 0xFED6,
  0xFEB5, 0xFEB5, 0xFEB6, 0xFEB5, 0xFEB5, 0xFE95, 0xFE95, 0xFE94, 0xFE95, 0xFEB6, 0xFEB5, 0xFE95,
  0xFE74, 0xFE53, 0xFE53, 0xFE74, 0xFE94, 0xFE95, 0xFE74, 0xFE74, 0xFE74, 0xFE54, 0xFE74, 0xFE74,
  0xFE54, 0xFE53, 0xF633, 0xFE33, 0xF633, 0xF633, 0xF633, 0xF633, 0xF633, 0xF633, 0xF613, 0xF612,
  0xF612, 0xF612, 0xF5F2, 0xF5F2, 0xF5F2, 0xF5D2, 0xF5D1, 0xF5D1, 0xF5B1, 0xF5D1, 0xEDB1, 0xF5B1,
  0xED90, 0xED90, 0xED90, 0xED90, 0xED6F, 0xED4F, 0xED6F, 0xED6F, 0xED6F, 0xED6F, 0xED4F, 0xED2E,
  0xED70, 0xED50, 0xED4F, 0xED2F, 0xE50E, 0xE52E, 0xE50E, 0xE52F, 0xE50E, 0xE4EE, 0xE4EE, 0xE50F,
  0xDCED, 0xE4EE, 0xDCCD, 0xDCAD, 0xDC8C, 0xDC8C, 0xDC8C, 0xDCCD, 0xDCEE, 0xDC8C, 0xD46C, 0xDC6C,
  0xD46C, 0xD44B, 0xD44B, 0xD42B, 0xD42B, 0xD40A, 0xD40A, 0xCC0A, 0xCC0A, 0xD40A, 0xCBE9, 0xCBC9,
  0xCBC9, 0xCBC9, 0xCBC9, 0xCBA9, 0xCBC9, 0xC3A9, 0xC3A9, 0xC3A9, 0xC3A9, 0xC389, 0xC389, 0xC389,
  0xC388, 0xC368, 0xC389, 0xC3A9, 0xC368, 0xBB68, 0xBB68, 0xBB48, 0xBB68, 0xBB68, 0xBB68, 0xBB48,
  0xBB27, 0xBB27, 0xB327, 0xB327, 0xB327, 0xB327, 0xB327, 0xB327, 0xB327, 0xB327, 0xB307, 0xB307,
  0xB307, 0xB307, 0xB307, 0xB307, 0xB307, 0xB306, 0xB307, 0xB2E6, 0xB307, 0xB307, 0xB307, 0xB307,
  0xAAE7, 0xB307, 0xAAE7, 0xAAE6, 0xAB07, 0xAAE7, 0xAAE7, 0xAB07, 0xAAE7, 0xAAE6, 0xAAE7, 0xAAE7,
  0xAAE6, 0xAAE7, 0xAAE7, 0xAB07, 0xAAE6, 0xAB07, 0xB307, 0xB307, 0xB307, 0xAB06, 0xAAE6, 0xAB06,
  0xAAE6, 0xAAE6, 0xAAE6, 0xAAE6, 0xAAE6, 0xAAE6, 0xB306, 0xB307, 0xB2E6, 0xB306, 0xB307, 0xB327,
  0xB306, 0xB306, 0xB307, 0xB306, 0xB327, 0xB307, 0xB306, 0xB327, 0xB327, 0xB306, 0xB306, 0xB347,
  0xB327, 0xB347, 0xB347, 0xB347, 0xB327, 0xB327, 0xBB47, 0xBB47, 0xBB27, 0xBB47, 0xBB47, 0xB347,
  0xFF18, 0xFF18, 0xFF18, 0xFF17, 0xFF17, 0xFF17, 0xFF17, 0xFEF7, 0xFF17, 0xFEF7, 0xFEF7, 0xFEF7,
  0xFEF7, 0xFEF7, 0xFEF7, 0xFEF7, 0xFED7, 0xFEF7, 0xFEF7, 0xFEF7, 0xFEF7, 0xFEF7, 0xFED6, 0xFED6,
  0xFED6, 0xFED6, 0xFED6, 0xFEF7, 0xFF18, 0xFEF7, 0xFEB6, 0xFEB5, 0xFED6, 0xFED6, 0xFED6, 0xFEB5,
  0xFEB5, 0xFEB5, 0xFEB5, 0xFEB5, 0xFE95, 0xFE95, 0xFE95, 0xFE95, 0xFE95, 0xFE74, 0xFE74, 0xFE74,
  0xFEF7, 0xFEF7, 0xFED7, 0xFE95, 0xFE74, 0xFE54, 0xFE54, 0xFE74, 0xFE53, 0xFE53, 0xFE53, 0xF654,
  0xF654, 0xF633, 0xF633, 0xF633, 0xF613, 0xF612, 0xF612, 0xF613, 0xF613, 0xF612, 0xF5F2, 0xF5F2,
  0xF5F2, 0xF5F1, 0xF5D1, 0xF5D1, 0xF5D1, 0xF5D1, 0xF5D1, 0xF5B0, 0xF5B1, 0xF5B1, 0xED90, 0xF5B0,
  0xED90, 0xED90, 0xED70, 0xED70, 0xED6F, 0xED70, 0xED6F, 0xED70, 0xED4F, 0xED2E, 0xED2E, 0xED70,
  0xEDB1, 0xE54F, 0xE54F, 0xE50E, 0xE4ED, 0xE4ED, 0xE4CD, 0xE4CD, 0xE4CD, 0xE4ED, 0xDCAD, 0xDCAD,
  0xDCAC, 0xDCAC, 0xDC8C, 0xDC6C, 0xDC8C, 0xDC8C, 0xDC6C, 0xDC6C, 0xD44B, 0xD44B, 0xD44B, 0xD42B,
  0xD42B, 0xD40A, 0xD40A, 0xD3E9, 0xD40A, 0xCBE9, 0xCBEA, 0xCBC9, 0xCBC9, 0xCBA9, 0xCBA9, 0xCBC9,
  0xCBCA, 0xC388, 0xC388, 0xC388, 0xC368, 0xC388, 0xC389, 0xC389, 0xC388, 0xC368, 0xC368, 0xBB48,
  0xBB68, 0xBB68, 0xBB68, 0xBB48, 0xBB68, 0xBB68, 0xBB48, 0xBB27, 0xBB27, 0xBB27, 0xB327, 0xBB27,
  0xBB28, 0xB307, 0xB307, 0xB307, 0xB2E6, 0xB2E6, 0xB2E6, 0xB2E6, 0xB307, 0xB2E6, 0xB2E6, 0xB2E6,
  0xAAE6, 0xAAE6, 0xAAC6, 0xAAC6, 0xAAE6, 0xAAC6, 0xAAE6, 0xAAE6, 0xAAC6, 0xAAC6, 0xAAC6, 0xAAC6,
  0xAAC6, 0xAAC6, 0xAAC6, 0xAAC6, 0xAAC6, 0xAAC6, 0xAAC6, 0xAAC6, 0xAAE6, 0xAAE7, 0xAAC6, 0xAAA6,
  0xAAC6, 0xAAC6, 0xAAC6, 0xAAC6, 0xAAE6, 0xAAE7, 0xAAE7, 0xAAE6, 0xAAC6, 0xAAE6, 0xAAE6, 0xAAE6,
  0xAAE6, 0xAAE6, 0xAAC6, 0xAAE6, 0xAAE6, 0xAAE6, 0xAAE6, 0xB306, 0xAAE6, 0xB2E6, 0xAAE6, 0xB306,
  0xB307, 0xB307, 0xB306, 0xB306, 0xB306, 0xB327, 0xB307, 0xB2E6, 0xB327, 0xB306, 0xB306, 0xB327,
  0xB327, 0xB327, 0xB327, 0xB327, 0xB347, 0xB327, 0xB327, 0xB327, 0xBB47, 0xB327, 0xB347, 0xBB47,
  0xFF38, 0xFF18, 0xFF18, 0xFF18, 0xFF17, 0xFF17, 0xFEF7, 0xFEF6, 0xFEF6, 0xFEF6, 0xFED7, 0xFED6,
  0xFED6, 0xFED6, 0xFED6, 0xFED6, 0xFEF6, 0xFED6, 0xFED6, 0xFED6, 0xFED7, 0xFEF7, 0xFEF7, 0xFED6,
  0xFEB5, 0xFEB5, 0xFEB6, 0xFEB6, 0xFEB6, 0xFEB6, 0xFED6, 0xFED6, 0xFE95, 0xFEB5, 0xFEB5, 0xFEB5,
  0xFE95, 0xFEB5, 0xFE95, 0xFE74, 0xFE95, 0xFE95, 0xFE74, 0xFE74, 0xFE74, 0xFE74, 0xFE95, 0xFE95,
  0xFE95, 0xFE95, 0xF675, 0xFE95, 0xFEB6, 0xFE95, 0xFE33, 0xFE32, 0xF633, 0xFE75, 0xF695, 0xF675,
  0xF654, 0xF675, 0xF696, 0xF654, 0xF654, 0xF633, 0xF613, 0xF612, 0xF5F2, 0xF612, 0xF5F2, 0xF5F2,
  0xF5D1, 0xF5F2, 0xF5D1, 0xF5B1, 0xF590, 0xED90, 0xEDB0, 0xED90, 0xF590, 0xED90, 0xED90, 0xED6F,
  0xED6F, 0xED70, 0xED4F, 0xED4F, 0xED90, 0xED90, 0xEDB1, 0xED91, 0xED2F, 0xED4F, 0xED71, 0xE50E,
  0xE50E, 0xE4EE, 0xE4ED, 0xE4CD, 0xE4CD, 0xE4CD, 0xE4CD, 0xDCAD, 0xDCCD, 0xDC8C, 0xDC6B, 0xDC6B,
  0xDC4B, 0xDC4B, 0xDC4B, 0xDC4B, 0xDC6B, 0xDC6B, 0xD44B, 0xD44B, 0xD44B, 0xD42B, 0xD40A, 0xD3EA,
  0xD3EA, 0xCBE9, 0xCBC9, 0xCBA8, 0xCBA9, 0xCBA9, 0xCBA9, 0xCB88, 0xCBA8, 0xC388, 0xCBC9, 0xC3A9,
  0xC3CA, 0xCBCA, 0xC3A9, 0xC389, 0xC368, 0xC368, 0xC368, 0xBB68, 0xBB47, 0xBB27, 0xBB27, 0xBB47,
  0xBB27, 0xBB27, 0xBB48, 0xBB48, 0xBB48, 0xBB48, 0xBB27, 0xBB27, 0xB307, 0xB307, 0xB307, 0xB307,
  0xB2E7, 0xB2E6, 0xB307, 0xB307, 0xB2E6, 0xAAE6, 0xAAC6, 0xAAC6, 0xAAE6, 0xAAC6, 0xAAC6, 0xAAE7,
  0xAAE6, 0xAAE6, 0xAAC6, 0xAAC6, 0xAAC6, 0xAAE6, 0xAAC6, 0xAAC6, 0xAAC6, 0xAAA6, 0xAAA6, 0xAAA6,
  0xAAA6, 0xAAA6, 0xAAC6, 0xAAA6, 0xAAA6, 0xA2A5, 0xA2A6, 0xA2A6, 0xA2A6, 0xA2A6, 0xAAC6, 0xA2A6,
  0xAAA6, 0xAAC6, 0xAAC6, 0xAAC6, 0xAAC6, 0xAAC6, 0xAAC6, 0xAAC6, 0xAAC6, 0xAAC6, 0xAAC6, 0xAAE6,
  0xAAE7, 0xAAE6, 0xAAC6, 0xAAC6, 0xAAC6, 0xAAE6, 0xAAE6, 0xAAE6, 0xAAE6, 0xAAE6, 0xAAE6, 0xAAE6,
  0xAAE6, 0xB2E6, 0xB2E6, 0xB306, 0xB2E6, 0xB306, 0xB307, 0xB306, 0xB306, 0xB327, 0xB327, 0xB306,
  0xB327, 0xB327, 0xB327, 0xB327, 0xB327, 0xB327, 0xBB47, 0xB327, 0xBB47, 0xBB47, 0xB327, 0xBB47,
  0xFF18, 0xFF18, 0xFF18, 0xFF17, 0xFEF7, 0xFF17, 0xFF17, 0xFEF7, 0xFEF7, 0xFF18, 0xFF39, 0xFF18,
  0xFEF7, 0xFEB6, 0xFED6, 0xFED6, 0xFED6, 0xFED6, 0xFED6, 0xFEB6, 0xFEB6, 0xFEB6, 0xFED6, 0xFED7,
  0xFED6, 0xFEB5, 0xFE95, 0xFE95, 0xFE95, 0xFEB5, 0xFEB6, 0xFED6, 0xFEB6, 0xFEB5, 0xFE94, 0xFE95,
  0xFE74, 0xFE74, 0xFE74, 0xFE74, 0xFE74, 0xFE53, 0xFE53, 0xFE53, 0xFE53, 0xFE53, 0xFE53, 0xFE53,
  0xFE53, 0xFE54, 0xFE54, 0xFE74, 0xF654, 0xF675, 0xF654, 0xFE95, 0xF695, 0xF654, 0xF633, 0xF633,
  0xF613, 0xF613, 0xF613, 0xF5F2, 0xF5F2, 0xF5F2, 0xF613, 0xF612, 0xF5F2, 0xF5D1, 0xF5D1, 0xF5D1,
  0xF5B1, 0xF5F2, 0xF613, 0xF5F2, 0xF613, 0xEDF3, 0xEDF2, 0xEDD2, 0xEDD2, 0xED70, 0xED4F, 0xED4F,
  0xED4F, 0xED2E, 0xED4F, 0xED91, 0xED4F, 0xE52F, 0xE50E, 0xE50E, 0xE50E, 0xE50E, 0xE4EE, 0xE4CD,
  0xE4CD, 0xE4AC, 0xE4AC, 0xE4AC, 0xE4AC, 0xE48C, 0xDC8C, 0xDC8B, 0xDC4B, 0xDC4B, 0xD42B, 0xD44B,
  0xD44B, 0xDC6B, 0xD44B, 0xD46C, 0xD42B, 0xD40A, 0xD40A, 0xD40A, 0xD3EA, 0xD3EA, 0xD3E9, 0xCBC9,
  0xCBA8, 0xCBA8, 0xCBA9, 0xCBA9, 0xCBC9, 0xCBEA, 0xCBCA, 0xC368, 0xC388, 0xC388, 0xC388, 0xC368,
  0xC368, 0xC368, 0xC368, 0xBB48, 0xBB48, 0xBB27, 0xBB07, 0xBB07, 0xBB07, 0xBB07, 0xBB07, 0xBB07,
  0xBB07, 0xB307, 0xB306, 0xB307, 0xB307, 0xB307, 0xB2E6, 0xB2E6, 0xB2C6, 0xB2C6, 0xAAC6, 0xAAA6,
  0xAAA5, 0xAAA6, 0xAAC6, 0xAAC6, 0xAAC6, 0xAAC6, 0xAAC6, 0xAAA5, 0xAAA6, 0xAAA5, 0xA2A5, 0xAAC6,
  0xAAA6, 0xAAC6, 0xAAC6, 0xAAC6, 0xAAC6, 0xA2A6, 0xA2A6, 0xA285, 0xA285, 0xA285, 0xA285, 0xA2A6,
  0xA285, 0xA285, 0xA2A6, 0xA2C6, 0xA2A6, 0xA2A6, 0xA2A6, 0xA2A5, 0xA2A6, 0xA285, 0xA285, 0xA285,
  0xA285, 0xA286, 0xA285, 0xA285, 0xA2A5, 0xA2A5, 0xA2A6, 0xAAC6, 0xA2A6, 0xA285, 0xA2A5, 0xA2A6,
  0xA2A5, 0xA2A6, 0xAAA6, 0xAAA6, 0xAAC6, 0xAAC6, 0xAAC6, 0xAAE6, 0xAAC6, 0xAAE6, 0xAAE6, 0xAAC6,
  0xAAC6, 0xAAC6, 0xAAC5, 0xAAE6, 0xB306, 0xB306, 0xB2E6, 0xB306, 0xB306, 0xB2E6, 0xB327, 0xB327,
  0xB306, 0xB327, 0xB327, 0xB327, 0xB327, 0xB327, 0xB347, 0xBB27, 0xB347, 0xBB47, 0xB347, 0xBB47,
  0xFF17, 0xFEF7, 0xFEF7, 0xFEF7, 0xFEF7, 0xFEF7, 0xFEF7, 0xFEF7, 0xFEF7, 0xFEF7, 0xFEF7, 0xFEF7,
  0xFEF7, 0xFED6, 0xFED6, 0xFEB5, 0xFEB5, 0xFED6, 0xFED6, 0xFED6, 0xFEB6, 0xFED6, 0xFED6, 0xFED6,
  0xFEF7, 0xFED6, 0xFE95, 0xFE95, 0xFE95, 0xFE95, 0xFE95, 0xFE95, 0xFE95, 0xFE94, 0xFE74, 0xFE95,
  0xFEB6, 0xFED7, 0xFEF8, 0xFE95, 0xFE74, 0xFE53, 0xFE75, 0xFE74, 0xFEB6, 0xFE95, 0xF6B6, 0xFE95,
  0xF633, 0xFE33, 0xFE53, 0xF653, 0xF633, 0xF633, 0xF654, 0xF696, 0xF675, 0xF654, 0xF633, 0xF612,
  0xF633, 0xF612, 0xF5F2, 0xF5F1, 0xF5D1, 0xF5D1, 0xF5D1, 0xF5B0, 0xF5B1, 0xF5D1, 0xF5D2, 0xEE13,
  0xF633, 0xEDF2, 0xEDD2, 0xEDD2, 0xEDD2, 0xED91, 0xEDB1, 0xEDB1, 0xED70, 0xED70, 0xED4F, 0xED4F,
  0xED2E, 0xE50E, 0xED2F, 0xED2F, 0xE50E, 0xE4ED, 0xE4CD, 0xE4CD, 0xE4AC, 0xE4AC, 0xE4AC, 0xE4AC,
  0xE48B, 0xE48C, 0xE48C, 0xDC8B, 0xDC6B, 0xDC6B, 0xDC6B, 0xDC8C, 0xDCCE, 0xDC6C, 0xDC8C, 0xD44B,
  0xD44B, 0xD46C, 0xD42B, 0xD3EA, 0xD3EA, 0xD3E9, 0xCBC9, 0xCBA9, 0xCB88, 0xCB88, 0xCB88, 0xCB68,
  0xC368, 0xC368, 0xC388, 0xC368, 0xC368, 0xC368, 0xC389, 0xC368, 0xC368, 0xC348, 0xBB27, 0xBB27,
  0xBB27, 0xBB27, 0xBB07, 0xBB07, 0xBB07, 0xBB28, 0xBB48, 0xBB69, 0xBB48, 0xBB48, 0xBB28, 0xB307,
  0xB2C6, 0xB2C6, 0xB2E6, 0xB2C6, 0xB2E6, 0xB2E6, 0xB2C6, 0xAAA6, 0xAAA6, 0xAAC6, 0xAAE7, 0xAAE6,
  0xAAE7, 0xAAC6, 0xAAA6, 0xAAA6, 0xA2A5, 0xAAA6, 0xA2A5, 0xAAA6, 0xA2A5, 0xA285, 0xA285, 0xA285,
  0xA285, 0xA285, 0xA285, 0xA285, 0xA285, 0xA285, 0xA285, 0xA285, 0xA286, 0xA2A6, 0xA265, 0xA265,
  0xA285, 0xA285, 0xA2A6, 0xA285, 0xA285, 0xA285, 0xA285, 0xA285, 0xA286, 0xA285, 0xA285, 0xA285,
  0xA285, 0xA265, 0xA2A6, 0xA2A6, 0xA285, 0xA285, 0xA285, 0xA285, 0xA2A5, 0xA2A6, 0xA2C6, 0xA2C6,
  0xA2C6, 0xAAC6, 0xA2A6, 0xA2A6, 0xA2A5, 0xAAC6, 0xA2A5, 0xAAA5, 0xAAC6, 0xAAC6, 0xAAC6, 0xAAE6,
  0xAAC6, 0xAAC6, 0xAAC6, 0xAAC6, 0xAAE6, 0xAAE6, 0xB2E6, 0xAAE6, 0xB2E6, 0xB2E6, 0xB2E6, 0xB306,
  0xB306, 0xB306, 0xB326, 0xB327, 0xB347, 0xB327, 0xB347, 0xB347, 0xB347, 0xB327, 0xBB47, 0xB327,
  0xFF17, 0xFEF7, 0xFEF7, 0xFEF7, 0xFEF7, 0xFEF7, 0xFEF7, 0xFEF7, 0xFEF7, 0xFEF6, 0xFED6, 0xFED6,
  0xFEB5, 0xFEB5, 0xFEB5, 0xFEB5, 0xFE95, 0xFEB5, 0xFEB5, 0xFEB5, 0xFEB6, 0xFED6, 0xFEB5, 0xFEB5,
  0xFED6, 0xFED6, 0xFEB6, 0xFE95, 0xFE94, 0xFE74, 0xFE74, 0xFE74, 0xFE74, 0xFE53, 0xFE53, 0xFE74,
  0xFE95, 0xFEB6, 0xF674, 0xF675, 0xFEB6, 0xFE95, 0xF674, 0xF674, 0xF654, 0xFE95, 0xF674, 0xF654,
  0xF654, 0xF675, 0xF632, 0xF632, 0xF613, 0xF613, 0xF633, 0xF613, 0xF5F2, 0xF5F2, 0xF613, 0xF612,
  0xF5D1, 0xF5D1, 0xF5B1, 0xF5B1, 0xF5B1, 0xF5F2, 0xF613, 0xF613, 0xF634, 0xEE13, 0xEDB1, 0xEDD2,
  0xEDB1, 0xEDB1, 0xED91, 0xED70, 0xED70, 0xED4F, 0xED4F, 0xED2F, 0xED2E, 0xED4F, 0xED91, 0xE54F,
  0xE570, 0xE50E, 0xE4ED, 0xE4CD, 0xE4CD, 0xE4AC, 0xE4AC, 0xE48B, 0xE46B, 0xDC6B, 0xE46B, 0xDC6B,
  0xDC8C, 0xDC6C, 0xDC8C, 0xDC4B, 0xDC4B, 0xDC6C, 0xD44B, 0xD44B, 0xD40A, 0xD3E9, 0xD3C9, 0xD3C9,
  0xD3C9, 0xCBC9, 0xCBC9, 0xCBA8, 0xCB88, 0xCB68, 0xCB68, 0xCB68, 0xC368, 0xCBA9, 0xC388, 0xCBA9,
  0xC3A9, 0xCBA9, 0xC368, 0xC347, 0xC347, 0xBB27, 0xC347, 0xBB27, 0xBB27, 0xBB27, 0xBB07, 0xBB07,
  0xBAE6, 0xB2E6, 0xB2C6, 0xB2E6, 0xBB07, 0xB307, 0xB2E7, 0xB2E7, 0xB307, 0xB327, 0xB2E6, 0xB2C6,
  0xB2C6, 0xAAC6, 0xAAC6, 0xAAA6, 0xAAA6, 0xAAA6, 0xAAA6, 0xAAA5, 0xAAC6, 0xAAA6, 0xAAA6, 0xAAA6,
  0xAAA6, 0xAAA6, 0xAAA6, 0xAAA6, 0xA285, 0xA265, 0xA285, 0xA285, 0xA285, 0xA285, 0xA285, 0xA285,
  0xA285, 0x9A65, 0x9A65, 0xA265, 0x9A65, 0xA265, 0x9A65, 0xA265, 0xA265, 0x9A65, 0x9A65, 0x9A65,
  0x9A44, 0x9A44, 0x9A44, 0x9A45, 0x9A44, 0x9A44, 0x9A65, 0x9A65, 0x9A65, 0x9A65, 0x9A65, 0x9A65,
  0x9A65, 0x9A65, 0x9A85, 0xA285, 0xA285, 0xA285, 0xA285, 0xA285, 0xA285, 0xA285, 0xA2A5, 0xA285,
  0xA2A5, 0xA285, 0xA2A6, 0xA2A5, 0xA2A6, 0xA2A5, 0xA2A5, 0xA2A5, 0xA285, 0xA2A5, 0xAAA6, 0xAAC6,
  0xAAC6, 0xAAC6, 0xAAC6, 0xAAC6, 0xAAC6, 0xAAE6, 0xAAE6, 0xAAC6, 0xAAE6, 0xAAE6, 0xB306, 0xB307,
  0xB2E6, 0xB307, 0xB306, 0xB327, 0xB306, 0xB326, 0xB327, 0xB347, 0xB327, 0xB327, 0xB327, 0xB327,
  0xFEF7, 0xFEF7, 0xFEF7, 0xFEF7, 0xFEF7, 0xFEF7, 0xFEF7, 0xFED6, 0xFED6, 0xFED6, 0xFED6, 0xFEB6,
  0xFED6, 0xFED6, 0xFED6, 0xFEF7, 0xFEF7, 0xFEB5, 0xFE95, 0xFE95, 0xFEB5, 0xFE95, 0xFEB5, 0xFE95,
  0xFE95, 0xFE95, 0xFE95, 0xFE74, 0xFE74, 0xFE95, 0xFEB6, 0xFED7, 0xFED6, 0xFEB6, 0xFE95, 0xFE74,
  0xFE53, 0xFE53, 0xFE33, 0xFE33, 0xFE75, 0xF675, 0xF654, 0xF633, 0xF613, 0xF633, 0xF633, 0xF633,
  0xF633, 0xF613, 0xF633, 0xF612, 0xF612, 0xF5D1, 0xF5D1, 0xF5F2, 0xF5F2, 0xF5D2, 0xF5D1, 0xF5B1,
  0xF5D1, 0xF5F2, 0xF613, 0xF5F2, 0xF613, 0xEE13, 0xEDD2, 0xEDF2, 0xEDB1, 0xF5D1, 0xED90, 0xED6F,
  0xED6F, 0xED4F, 0xED4F, 0xED2E, 0xED2F, 0xED4F, 0xE52E, 0xE50E, 0xE50E, 0xE4ED, 0xE50E, 0xE4CD,
  0xE4CD, 0xE4AC, 0xE4AC, 0xE48C, 0xE48B, 0xDC6B, 0xDC8C, 0xDCCD, 0xDCAD, 0xDC8C, 0xE4CD, 0xDCEE,
  0xDCCD, 0xDCAD, 0xDC6C, 0xDC8D, 0xDC8C, 0xD44C, 0xD3EA, 0xD3E9, 0xD3C9, 0xD3C9, 0xD3C9, 0xCBA8,
  0xCB88, 0xCB67, 0xCB47, 0xC347, 0xCB88, 0xCBA9, 0xCBA9, 0xC389, 0xC368, 0xC368, 0xC368, 0xC368,
  0xC347, 0xC347, 0xBB27, 0xBB27, 0xBB27, 0xBB07, 0xBAE6, 0xBB07, 0xBAE6, 0xB2E6, 0xB2E6, 0xB2C6,
  0xB2C6, 0xB2A6, 0xB2A5, 0xB2C6, 0xB2A6, 0xB2A6, 0xB2A6, 0xAAA5, 0xAAA5, 0xAAA5, 0xAAA5, 0xAA85,
  0xAA85, 0xAA85, 0xAA85, 0xA285, 0xAA85, 0xAA85, 0xAAA6, 0xAAA6, 0xA285, 0xA285, 0xA285, 0xA265,
  0xA265, 0xA265, 0xA265, 0xA285, 0xA285, 0xA265, 0xA285, 0x9A44, 0x9A44, 0x9A65, 0x9A65, 0x9A65,
  0x9A65, 0x9A65, 0x9A45, 0x9A45, 0x9A44, 0x9A45, 0x9A45, 0x9A44, 0x9A45, 0x9A45, 0x9A65, 0x9A45,
  0x9A65, 0x9A65, 0x9A45, 0x9A44, 0x9A45, 0x9A45, 0x9A44, 0x9A44, 0x9A45, 0x9A45, 0x9A44, 0x9A44,
  0x9A45, 0x9A44, 0x9A45, 0x9A65, 0x9A65, 0x9A45, 0x9A44, 0x9A45, 0x9A65, 0x9A65, 0x9A65, 0x9A65,
  0xA285, 0xA285, 0xA285, 0xA285, 0xA285, 0xA2A5, 0xA2A5, 0xA2A6, 0xA2A5, 0xA285, 0xA2A5, 0xA2A5,
  0xA2A5, 0xAAC6, 0xAAC6, 0xAAC6, 0xAAC6, 0xAAC6, 0xAAC6, 0xAAE6, 0xAAC6, 0xB306, 0xB306, 0xB307,
  0xB327, 0xB306, 0xB306, 0xB306, 0xB326, 0xB327, 0xB327, 0xB327, 0xB327, 0xB326, 0xB327, 0xB327,
  0xFEF7, 0xFEF7, 0xFEF7, 0xFED6, 0xFED6, 0xFED6, 0xFED6, 0xFED6, 0xFED6, 0xFEB6, 0xFEB5, 0xFEB5,
  0xFEB5, 0xFEB6, 0xFED6, 0xFED6, 0xFED6, 0xFED6, 0xFEB6, 0xFE95, 0xFE94, 0xFE74, 0xFE74, 0xFE95,
  0xFE94, 0xFE95, 0xFE95, 0xFE95, 0xFE75, 0xFEB6, 0xFEB6, 0xFEB6, 0xFE95, 0xFE74, 0xFE95, 0xFE75,
  0xFE54, 0xFE54, 0xFE53, 0xFE33, 0xF612, 0xF633, 0xF612, 0xF633, 0xF612, 0xF612, 0xF5F1, 0xF5F1,
  0xF5F2, 0xF612, 0xF613, 0xF5F2, 0xF5F1, 0xF5F2, 0xF5F2, 0xF5D1, 0xF5F2, 0xF5B1, 0xF5B1, 0xF5B0,
  0xF5F2, 0xEDD1, 0xF5D1, 0xF5D1, 0xED90, 0xED90, 0xED90, 0xED90, 0xED6F, 0xED4F, 0xED4F, 0xED4F,
  0xED2E, 0xED2E, 0xED2E, 0xE50E, 0xE50E, 0xE4ED, 0xE4ED, 0xE4ED, 0xE4CD, 0xE4AC, 0xE4AC, 0xE4AC,
  0xE48B, 0xDC6B, 0xDCAC, 0xDC8C, 0xDCEE, 0xE50F, 0xDD0F, 0xDCCE, 0xDCAD, 0xDC8C, 0xDC8C, 0xD44C,
  0xD44B, 0xD42A, 0xD44B, 0xDC8D, 0xD3EA, 0xD3E9, 0xD3C9, 0xD3C9, 0xD3A9, 0xCB88, 0xCB67, 0xCB68,
  0xCB88, 0xCB89, 0xCBA9, 0xC389, 0xC389, 0xC347, 0xC348, 0xC327, 0xC347, 0xC327, 0xBB06, 0xBAE6,
  0xBB07, 0xBB07, 0xBAE6, 0xBAE6, 0xBAE6, 0xBAC6, 0xB2C6, 0xB2C6, 0xB2A5, 0xB285, 0xAA85, 0xAA85,
  0xAA85, 0xAA85, 0xAA65, 0xAAA6, 0xAA85, 0xAA85, 0xAA65, 0xAA65, 0xAA65, 0xAA65, 0xAA65, 0xA265,
  0xA265, 0xA265, 0xA265, 0xA265, 0xA265, 0xA265, 0xA245, 0xA265, 0xA265, 0xA265, 0xA245, 0xA245,
  0xA244, 0x9A44, 0x9A44, 0x9A24, 0x9A44, 0x9A44, 0x9A65, 0x9A65, 0x9A44, 0x9A24, 0x9224, 0x9A24,
  0x9A44, 0x9224, 0x9A44, 0x9A45, 0x9A44, 0x9A45, 0x9A44, 0x9244, 0x9224, 0x9224, 0x9224, 0x9224,
  0x9244, 0x9245, 0x9244, 0x9A44, 0x9245, 0x9A65, 0x9A45, 0x9A45, 0x9A45, 0x9244, 0x9244, 0x9A44,
  0x9A45, 0x9A44, 0x9A65, 0x9A45, 0x9A44, 0x9A44, 0x9A45, 0x9A44, 0x9A65, 0x9A65, 0x9A65, 0x9A65,
  0x9A65, 0x9A65, 0xA285, 0x9A65, 0x9A65, 0xA265, 0xA2A5, 0xA285, 0xA2A5, 0xA285, 0xA2A5, 0xA285,
  0xA285, 0xA2A5, 0xA2A5, 0xA2C6, 0xAAC6, 0xAAC6, 0xAAC6, 0xAAC6, 0xAAE6, 0xAAE6, 0xB306, 0xB306,
  0xB2E6, 0xB307, 0xB307, 0xB306, 0xB306, 0xB306, 0xB306, 0xB327, 0xB306, 0xB327, 0xB306, 0xB327,
  0xFEF7, 0xFEF7, 0xFEF7, 0xFED6, 0xFED6, 0xFED6, 0xFED6, 0xFED6, 0xFEB6, 0xFEB5, 0xFEB5, 0xFE95,
  0xFE94, 0xFE95, 0xFEB5, 0xFE95, 0xFE95, 0xFEB5, 0xFEB5, 0xFED6, 0xFED6, 0xFED6, 0xFE94, 0xFE53,
  0xFE74, 0xFE74, 0xFE95, 0xFE74, 0xFE74, 0xFE74, 0xFE74, 0xFE74, 0xFE53, 0xFE53, 0xF633, 0xF653,
  0xFE54, 0xF653, 0xFE54, 0xFE33, 0xF612, 0xF612, 0xF612, 0xF612, 0xF5F1, 0xF5D1, 0xF612, 0xF654,
  0xF695, 0xF654, 0xF613, 0xF675, 0xF5D1, 0xF5D1, 0xF5D1, 0xEDB1, 0xF590, 0xF5B1, 0xEDB1, 0xED90,
  0xED70, 0xED90, 0xED6F, 0xED70, 0xED6F, 0xED4F, 0xED6F, 0xED4F, 0xED4F, 0xED6F, 0xED2E, 0xED0E,
  0xED0D, 0xED0D, 0xE4ED, 0xE4ED, 0xE4CD, 0xE4CD, 0xE4CD, 0xE4AD, 0xE4AD, 0xE48C, 0xDC6B, 0xDC6B,
  0xDC6C, 0xDCEE, 0xDCEF, 0xDCCE, 0xDC8D, 0xDC8C, 0xDC6C, 0xDC6C, 0xD44B, 0xD44B, 0xD42B, 0xD40A,
  0xD40A, 0xD3E9, 0xD3C9, 0xD3E9, 0xD3C9, 0xD3A9, 0xCB68, 0xCB88, 0xCB68, 0xCB88, 0xCBA9, 0xC347,
  0xCB89, 0xC347, 0xC347, 0xC327, 0xC327, 0xC306, 0xBB07, 0xBB06, 0xBAE6, 0xBAC6, 0xBAC5, 0xB2A5,
  0xB2A5, 0xB285, 0xB285, 0xB285, 0xAA65, 0xB285, 0xAA64, 0xAA64, 0xAA64, 0xAA64, 0xAA85, 0xAA65,
  0xAA85, 0xAA85, 0xAAA6, 0xAA85, 0xAA85, 0xAA85, 0xAA86, 0xA265, 0xA244, 0xA244, 0xA224, 0x9A24,
  0x9A24, 0x9A24, 0x9A44, 0x9A24, 0x9A24, 0x9A24, 0x9A24, 0x9A24, 0x9A04, 0x9A04, 0x9A04, 0x9A04,
  0x9A04, 0x9A04, 0x9A24, 0x9A24, 0x9A24, 0x9A44, 0x9A24, 0x9224, 0x9A44, 0x9224, 0x9224, 0x9224,
  0x9204, 0x9204, 0x9224, 0x9204, 0x9204, 0x9224, 0x9224, 0x9224, 0x9224, 0x9204, 0x9224, 0x9224,
  0x9224, 0x9224, 0x9224, 0x9224, 0x9224, 0x9224, 0x9224, 0x9245, 0x9A45, 0x9245, 0x9245, 0x9224,
  0x9224, 0x9224, 0x9224, 0x9224, 0x9244, 0x9224, 0x9A44, 0x9A44, 0x9A45, 0x9A45, 0x9A44, 0x9A65,
  0x9A65, 0x9A65, 0x9A64, 0x9A65, 0x9A65, 0xA285, 0x9A64, 0xA285, 0xA285, 0xA285, 0xA285, 0xA285,
  0xA285, 0xA285, 0xA285, 0xA2A5, 0xA2A5, 0xAAC6, 0xAAC6, 0xAAC6, 0xAAC6, 0xAAC6, 0xAAE6, 0xAB06,
  0xAAE6, 0xB306, 0xB2E6, 0xB307, 0xB327, 0xB327, 0xB306, 0xB306, 0xB306, 0xB306, 0xB327, 0xB327,
  0xFEF7, 0xFEF7, 0xFEF7, 0xFEF7, 0xFED6, 0xFED6, 0xFED6, 0xFED6, 0xFED6, 0xFED6, 0xFEB6, 0xFEB6,
  0xFEB5, 0xFE95, 0xFE95, 0xFE95, 0xFE95, 0xFE95, 0xFE95, 0xFE95, 0xFE95, 0xFE95, 0xFE95, 0xFE95,
  0xFE54, 0xFE53, 0xFE54, 0xFE54, 0xFE54, 0xFE54, 0xFE53, 0xFE53, 0xFE53, 0xF633, 0xF633, 0xF633,
  0xF633, 0xF633, 0xF633, 0xF612, 0xF612, 0xF5F1, 0xF5F1, 0xF5D1, 0xF633, 0xF654, 0xF5F2, 0xF5F2,
  0xF5D1, 0xF5D2, 0xF5D1, 0xF5D1, 0xF5D1, 0xED90, 0xF590, 0xED90, 0xED90, 0xED90, 0xED90, 0xED6F,
  0xED4F, 0xED4F, 0xED4F, 0xED6F, 0xED2E, 0xED2E, 0xED0D, 0xED0E, 0xECED, 0xE4CC, 0xE4CC, 0xE4ED,
  0xE4EE, 0xE50E, 0xE4CD, 0xE4AC, 0xE48C, 0xE48B, 0xE46B, 0xE44B, 0xDC4A, 0xDC2A, 0xDC8C, 0xDC4B,
  0xDC4B, 0xDC4B, 0xDC2B, 0xD42B, 0xDC4B, 0xDC2B, 0xD42A, 0xD40A, 0xD3EA, 0xD3EA, 0xD3C9, 0xD3A9,
  0xCB88, 0xCB88, 0xCB88, 0xCB88, 0xCB68, 0xCB67, 0xCB47, 0xC347, 0xC327, 0xC348, 0xC2E6, 0xC306,
  0xBAE6, 0xC2E6, 0xBAC6, 0xBAC5, 0xBAA5, 0xBAA5, 0xBAC5, 0xBAA5, 0xBAA5, 0xB2A5, 0xB2A5, 0xB285,
  0xB2A5, 0xB285, 0xB285, 0xB2A6, 0xB2C6, 0xB2C7, 0xAAA6, 0xAA86, 0xAA86, 0xAA85, 0xA244, 0xA224,
  0xA244, 0xA224, 0xA244, 0xA224, 0xA244, 0xA244, 0xA224, 0xA244, 0xA224, 0x9A24, 0x9A24, 0xA245,
  0xA245, 0x9A24, 0x9A24, 0x9A24, 0x9A24, 0x9A24, 0x9A24, 0x9A24, 0x9A24, 0x9A24, 0x9A24, 0x9A24,
  0x9A45, 0x9224, 0x9A24, 0x9224, 0x9224, 0x9204, 0x91E3, 0x9204, 0x9204, 0x9204, 0x91E3, 0x9204,
  0x9204, 0x9204, 0x9204, 0x9224, 0x9224, 0x9204, 0x8A03, 0x89E3, 0x8A04, 0x89E3, 0x89E3, 0x89E4,
  0x89E3, 0x8A03, 0x9204, 0x9204, 0x9204, 0x9224, 0x9204, 0x9204, 0x9204, 0x9224, 0x9224, 0x9204,
  0x9224, 0x9224, 0x9224, 0x9224, 0x9224, 0x9224, 0x9224, 0x9224, 0x9224, 0x9224, 0x9A44, 0x9A45,
  0x9A45, 0x9A65, 0x9A65, 0x9A44, 0x9A44, 0x9A65, 0x9A65, 0x9A85, 0x9A85, 0xA285, 0xA285, 0xA285,
  0xA2A5, 0xA2A5, 0xA2A5, 0xA2A5, 0xA2A5, 0xA285, 0xA2A5, 0xAAA6, 0xAAC5, 0xAAC6, 0xAAE6, 0xAAC6,
  0xAAE6, 0xAAE6, 0xB306, 0xB306, 0xB306, 0xB327, 0xB327, 0xB306, 0xB327, 0xB306, 0xB306, 0xB327,
  0xFEF6, 0xFED6, 0xFED6, 0xFED6, 0xFED6, 0xFED6, 0xFEB5, 0xFEB5, 0xFEB5, 0xFEB5, 0xFEB5, 0xFEB5,
  0xFEB5, 0xFE95, 0xFE95, 0xFE95, 0xFE74, 0xFE95, 0xFE74, 0xFE74, 0xFE74, 0xFE74, 0xFE54, 0xFE54,
  0xFE54, 0xFE53, 0xFE53, 0xFE53, 0xFE53, 0xFE53, 0xFE53, 0xFE33, 0xF633, 0xF633, 0xF633, 0xF612,
  0xF612, 0xF612, 0xF612, 0xF612, 0xF5D1, 0xF5D1, 0xF5D1, 0xF5F2, 0xF613, 0xF5F2, 0xF5D1, 0xF5D1,
  0xF5B1, 0xEDB0, 0xF5B0, 0xED90, 0xF590, 0xED90, 0xED90, 0xED6F, 0xED4F, 0xED4F, 0xED2E, 0xED0E,
  0xED4E, 0xED0E, 0xED0D, 0xE4ED, 0xECED, 0xE50E, 0xE50E, 0xE4ED, 0xE50E, 0xE54F, 0xE50E, 0xE50F,
  0xE4EE, 0xE4CE, 0xE4AD, 0xE4AC, 0xDC6B, 0xDC4B, 0xDC2A, 0xDC2B, 0xDC2B, 0xDC8D, 0xDC6C, 0xDC4B,
  0xDC4B, 0xD40A, 0xD3E9, 0xD3E9, 0xD3E9, 0xD3EA, 0xD3E9, 0xD3C9, 0xD3A8, 0xD388, 0xD3A8, 0xCB88,
  0xCB88, 0xCB47, 0xCB67, 0xCB27, 0xC306, 0xC2E6, 0xC2E5, 0xC2E6, 0xC2E6, 0xC2E6, 0xBAE6, 0xBB07,
  0xBB07, 0xBB07, 0xBB07, 0xBAE7, 0xBAE6, 0xB2A6, 0xBAC6, 0xBAE6, 0xB2C6, 0xB2C6, 0xB2C7, 0xB2C7,
  0xB2A6, 0xAA86, 0xAA86, 0xAA85, 0xAA65, 0xAA65, 0xAA45, 0xA244, 0xA265, 0xA245, 0xA265, 0xA265,
  0xA224, 0xA224, 0x9A03, 0x99E3, 0x99E3, 0x99E3, 0x9A04, 0x9A04, 0x9A04, 0x9A24, 0x9A04, 0x9A04,
  0x9A04, 0x9A04, 0x9A04, 0x9A24, 0x91E3, 0x91E3, 0x91E4, 0x9204, 0x9204, 0x9204, 0x9204, 0x9204,
  0x9204, 0x9204, 0x9204, 0x9204, 0x9204, 0x91E4, 0x89E3, 0x89C3, 0x89E3, 0x89C3, 0x89C3, 0x89E3,
  0x89E3, 0x89E3, 0x89E3, 0x89E3, 0x89E3, 0x89E3, 0x89E3, 0x89E4, 0x89E3, 0x8A04, 0x8A04, 0x8A04,
  0x8A04, 0x89E4, 0x89E3, 0x89E3, 0x89E3, 0x89E3, 0x89E3, 0x8A04, 0x8A04, 0x89E4, 0x8A04, 0x8A04,
  0x9204, 0x9204, 0x9204, 0x9204, 0x9204, 0x9204, 0x9204, 0x9203, 0x9204, 0x9224, 0x9224, 0x9244,
  0x9A44, 0x9A44, 0x9A65, 0x9A45, 0x9A65, 0x9A45, 0x9A65, 0x9A65, 0x9A85, 0x9A85, 0x9A65, 0x9A65,
  0xA285, 0xA285, 0xA285, 0xA285, 0xA2A5, 0xA2C6, 0xA2A5, 0xA2A5, 0xA2A5, 0xA2A5, 0xAAE6, 0xAAE6,
  0xAAE6, 0xAAE6, 0xAAE6, 0xB306, 0xAAE6, 0xB327, 0xB307, 0xB306, 0xB307, 0xB327, 0xB326, 0xB306,
  0xFEF7, 0xFED6, 0xFED6, 0xFED6, 0xFEB6, 0xFEB5, 0xFEB5, 0xFEB5, 0xFE95, 0xFE95, 0xFE95, 0xFE94,
  0xFE74, 0xFE94, 0xFE74, 0xFE74, 0xFE54, 0xFE74, 0xFE74, 0xFE53, 0xFE53, 0xFE53, 0xFE33, 0xFE33,
  0xFE54, 0xFE54, 0xFE33, 0xF612, 0xF612, 0xF612, 0xF612, 0xF612, 0xF612, 0xF612, 0xF5F2, 0xF5F1,
  0xF5F1, 0xF5F1, 0xF5F1, 0xF5F1, 0xF5B0, 0xF5B0, 0xF5D1, 0xF5D1, 0xF5B1, 0xF590, 0xED90, 0xED90,
  0xED90, 0xED6F, 0xF590, 0xED4F, 0xED4F, 0xED4E, 0xED4F, 0xED2E, 0xED0D, 0xED2F, 0xED4F, 0xED70,
  0xED50, 0xE54F, 0xED91, 0xEDB1, 0xE570, 0xE52F, 0xE52F, 0xE4EE, 0xE4CD, 0xE4EE, 0xE4CD, 0xDC8C,
  0xDC8C, 0xDC4B, 0xDC4B, 0xDC2A, 0xDC0A, 0xDC6C, 0xDC6C, 0xDC8D, 0xDC8D, 0xD40A, 0xD40A, 0xD3EA,
  0xD3EA, 0xD3EA, 0xD3C9, 0xD3C9, 0xD3A9, 0xD3A9, 0xD388, 0xCB67, 0xCB68, 0xCB67, 0xCB47, 0xCB27,
  0xCB26, 0xC306, 0xC2E5, 0xC2E6, 0xC306, 0xC327, 0xC348, 0xC368, 0xBB07, 0xBAC6, 0xBAE6, 0xBAE6,
  0xBAA6, 0xBAC6, 0xB2A5, 0xB285, 0xB2A6, 0xB2A6, 0xB2A5, 0xB265, 0xB285, 0xAA65, 0xAA65, 0xAA65,
  0xAA85, 0xAA44, 0xA224, 0xA224, 0xA224, 0xA204, 0xA203, 0xA203, 0xA203, 0xA203, 0xA204, 0x9A04,
  0x9A04, 0x9A04, 0x9A04, 0x9A04, 0x9A04, 0x9A04, 0x91E3, 0x91E3, 0x91E3, 0x91C3, 0x91C3, 0x91C3,
  0x91E3, 0x91E3, 0x91E3, 0x91E4, 0x91E4, 0x91E3, 0x91E3, 0x91E3, 0x91E3, 0x91E3, 0x89E3, 0x91E3,
  0x89E3, 0x89E3, 0x89E4, 0x89E4, 0x89E4, 0x89E4, 0x89E4, 0x89E4, 0x89E4, 0x89C3, 0x89C3, 0x89C3,
  0x89C3, 0x81C3, 0x81C3, 0x89E4, 0x89C3, 0x89C3, 0x89C3, 0x89C3, 0x89E4, 0x89E4, 0x89E3, 0x89E4,
  0x89E4, 0x8A04, 0x8A04, 0x8A04, 0x8A04, 0x89E4, 0x89E3, 0x89E3, 0x89E3, 0x89E3, 0x89E3, 0x8A04,
  0x89E3, 0x89E3, 0x89E3, 0x89E3, 0x8A04, 0x8A04, 0x8A04, 0x9224, 0x9204, 0x9203, 0x9204, 0x9224,
  0x9224, 0x9224, 0x9A44, 0x9A65, 0x9A44, 0x9A65, 0x9A44, 0x9A44, 0x9A44, 0x9A65, 0x9A65, 0x9A65,
  0x9A64, 0xA285, 0xA285, 0xA285, 0xA2A5, 0xA285, 0xA2A5, 0xA2A5, 0xA2C6, 0xA2A5, 0xAAC6, 0xAAC6,
  0xAAE6, 0xAAC6, 0xAAE6, 0xAB07, 0xAB06, 0xAAE6, 0xB2E6, 0xB306, 0xB327, 0xB306, 0xB306, 0xB327,
  0xFED6, 0xFED6, 0xFED6, 0xFEB5, 0xFEB5, 0xFEB5, 0xFEB5, 0xFE95, 0xFE95, 0xFE95, 0xFE95, 0xFE95,
  0xFE95, 0xFE95, 0xFE74, 0xFE95, 0xFE74, 0xFE95, 0xFE75, 0xFE74, 0xFE95, 0xFE74, 0xFE54, 0xFE54,
  0xFE74, 0xF654, 0xF633, 0xF633, 0xF612, 0xF5F2, 0xF612, 0xF612, 0xF612, 0xF5D1, 0xF5F1, 0xF5D1,
  0xF5D1, 0xF5D1, 0xF5D1, 0xF5D1, 0xF5B1, 0xF5B0, 0xF5B0, 0xEDB1, 0xED90, 0xEDB0, 0xED90, 0xED6F,
  0xED6F, 0xED70, 0xED2E, 0xED2E, 0xED2F, 0xED2E, 0xED0D, 0xED0D, 0xED50, 0xE550, 0xE52F, 0xE52F,
  0xE50E, 0xE52F, 0xE50F, 0xE50E, 0xE4EE, 0xE4CD, 0xE4AD, 0xDC8C, 0xDC8C, 0xDC6B, 0xDC4B, 0xDC4B,
  0xDC4B, 0xDC2A, 0xDC2A, 0xDC0A, 0xDC4B, 0xD42B, 0xD42A, 0xD3EA, 0xD3C9, 0xD3A8, 0xD3A9, 0xD388,
  0xD3A8, 0xCB88, 0xCB67, 0xCB68, 0xCB67, 0xCB68, 0xCB47, 0xCB27, 0xCB26, 0xC2E6, 0xC2E6, 0xC2E6,
  0xC2E6, 0xC306, 0xC307, 0xBAE6, 0xBAC6, 0xBAC6, 0xBAA5, 0xBAC5, 0xBAC6, 0xBA85, 0xB285, 0xB285,
  0xB264, 0xB264, 0xB265, 0xB264, 0xB264, 0xB264, 0xAA65, 0xAA44, 0xAA24, 0xAA24, 0xAA24, 0xA203,
  0xA203, 0xA203, 0xA1E3, 0xA1E3, 0x99C2, 0x99C2, 0x99C2, 0x99C2, 0x99C3, 0x91C2, 0x99C2, 0x91C3,
  0x91C3, 0x91C2, 0x91A3, 0x91E4, 0x91E3, 0x91E4, 0x9204, 0x91E4, 0x91E4, 0x91E4, 0x91C3, 0x89C3,
  0x89C3, 0x89A2, 0x89A2, 0x89A3, 0x89A3, 0x89A3, 0x89C3, 0x89C3, 0x89C3, 0x89C3, 0x89C3, 0x89C3,
  0x89A3, 0x81A3, 0x89C3, 0x89C3, 0x81C3, 0x81C3, 0x81C3, 0x81C3, 0x81A3, 0x81C3, 0x81A3, 0x81C3,
  0x81C3, 0x81A3, 0x81A3, 0x81A3, 0x81C3, 0x81C3, 0x81C3, 0x81C3, 0x81C3, 0x89C3, 0x81C3, 0x89C3,
  0x81C3, 0x89E3, 0x89E3, 0x89E4, 0x89E4, 0x8A04, 0x89E4, 0x89E4, 0x89E3, 0x89E3, 0x89E3, 0x89E3,
  0x89E4, 0x8A04, 0x89E3, 0x89E3, 0x89E3, 0x89E3, 0x8A04, 0x9204, 0x9224, 0x9224, 0x9204, 0x9204,
  0x9224, 0x9224, 0x9224, 0x9244, 0x9244, 0x9A44, 0x9A44, 0x9A44, 0x9A65, 0x9A65, 0x9A85, 0x9A85,
  0x9A85, 0x9A65, 0x9A65, 0xA285, 0xA285, 0xA2A5, 0xA2A5, 0xA285, 0xA285, 0xA2A5, 0xAAC6, 0xA2A5,
  0xAAE6, 0xAB07, 0xAAE6, 0xAAE6, 0xAB07, 0xAB07, 0xB306, 0xB306, 0xB307, 0xB327, 0xB306, 0xB306,
  0xFED6, 0xFEB6, 0xFEB6, 0xFEB5, 0xFEB5, 0xFEB5, 0xFE95, 0xFE95, 0xFEB5, 0xFE95, 0xFE74, 0xFE95,
  0xFE95, 0xFE95, 0xFE95, 0xFE54, 0xFE54, 0xFE54, 0xFE54, 0xF653, 0xFE33, 0xFE33, 0xFE33, 0xF653,
  0xF654, 0xF633, 0xF633, 0xF612, 0xF612, 0xF612, 0xF633, 0xF613, 0xF5F2, 0xF5D1, 0xF5D1, 0xF5B0,
  0xF590, 0xF590, 0xF5B0, 0xF5B0, 0xF590, 0xF590, 0xF58F, 0xED6F, 0xED4F, 0xED6F, 0xED4F, 0xED4F,
  0xED4F, 0xED4F, 0xED4F, 0xED0D, 0xED0D, 0xE4ED, 0xECED, 0xE4CD, 0xE4CD, 0xE4CC, 0xE48C, 0xE4AD,
  0xE4AC, 0xE4AC, 0xE48C, 0xDC8C, 0xDC8C, 0xDC6B, 0xDC6B, 0xDC8C, 0xDC4B, 0xDC2A, 0xDC2A, 0xDC0A,
  0xDBE9, 0xDBE9, 0xDBE9, 0xD3C9, 0xD3C9, 0xD3C9, 0xD3C9, 0xD3A9, 0xD388, 0xD367, 0xCB27, 0xCB47,
  0xCB68, 0xCB68, 0xCB47, 0xCB47, 0xCAE6, 0xC2E6, 0xC2E6, 0xC2C5, 0xC2C5, 0xC2E6, 0xC306, 0xC2E6,
  0xC328, 0xBAC6, 0xBAC6, 0xBAA6, 0xBAC6, 0xBAC6, 0xBAA6, 0xBAA5, 0xB265, 0xB265, 0xB265, 0xB265,
  0xB264, 0xB265, 0xAA24, 0xAA24, 0xAA24, 0xAA03, 0xAA03, 0xA1E3, 0xA1E3, 0xA1C3, 0xA1C2, 0xA1C2,
  0x99A2, 0x99A2, 0x99C2, 0x99C3, 0x99C3, 0x99E3, 0x99C3, 0x91C3, 0x91C3, 0x91A2, 0x91A3, 0x91A2,
  0x91A2, 0x91A2, 0x91A3, 0x89A3, 0x91A3, 0x91C3, 0x89A3, 0x89A3, 0x89A3, 0x89A3, 0x89A3, 0x89A3,
  0x89A3, 0x89A3, 0x8182, 0x8182, 0x8182, 0x8182, 0x8182, 0x8182, 0x8182, 0x8182, 0x8182, 0x8182,
  0x8182, 0x8183, 0x81A3, 0x81A3, 0x81A3, 0x8182, 0x8182, 0x8182, 0x8182, 0x7982, 0x8182, 0x8182,
  0x81A2, 0x7982, 0x8182, 0x8183, 0x8182, 0x7982, 0x7982, 0x8182, 0x8182, 0x81A3, 0x81A3, 0x81A3,
  0x81A3, 0x81C3, 0x81C3, 0x81C3, 0x81E3, 0x81E4, 0x81E3, 0x81E4, 0x81E3, 0x81E3, 0x81E3, 0x8A04,
  0x89E4, 0x89E3, 0x8A04, 0x89E4, 0x89E3, 0x89E3, 0x89E3, 0x89E3, 0x8A04, 0x8A04, 0x9204, 0x9204,
  0x9204, 0x9224, 0x9244, 0x9224, 0x9224, 0x9224, 0x9244, 0x9244, 0x9244, 0x9A65, 0x9A45, 0x9A65,
  0x9A65, 0x9A85, 0x9A85, 0x9A85, 0x9A65, 0xA285, 0xA2A6, 0xA285, 0xA2A5, 0xA2A5, 0xA2A6, 0xAAC6,
  0xAAC6, 0xAAC6, 0xAAE6, 0xAB06, 0xAB06, 0xAB06, 0xAAE6, 0xB307, 0xAB06, 0xB306, 0xB327, 0xB327,
  0xFEB5, 0xFEB5, 0xFED6, 0xFEB6, 0xFE95, 0xFE95, 0xFE95, 0xFE74, 0xFE75, 0xFE95, 0xFE74, 0xFE54,
  0xFE54, 0xFE53, 0xFE74, 0xFE53, 0xFE33, 0xFE12, 0xFE12, 0xF612, 0xF612, 0xF5F1, 0xF5F1, 0xF5F1,
  0xF612, 0xF612, 0xF612, 0xF612, 0xF5F1, 0xF5D1, 0xF5B1, 0xF5B1, 0xF5B1, 0xF5B0, 0xF5B0, 0xF5B0,
  0xF5B1, 0xF5B0, 0xF590, 0xED4E, 0xED4E, 0xED4E, 0xED2E, 0xED2D, 0xED2D, 0xED2E, 0xED0D, 0xED0D,
  0xED0D, 0xE4ED, 0xE4ED, 0xE50E, 0xED0E, 0xE4ED, 0xE52F, 0xE4EE, 0xE48C, 0xE46B, 0xE46B, 0xE46B,
  0xDC6B, 0xDC6B, 0xDC4B, 0xDC4A, 0xDC2A, 0xDC4A, 0xDC0A, 0xDC4B, 0xDC2B, 0xDC0A, 0xDBE9, 0xD3A8,
  0xD3A8, 0xD367, 0xD387, 0xD3A8, 0xD388, 0xD367, 0xCB47, 0xCB47, 0xCB68, 0xCB88, 0xCB47, 0xCB47,
  0xCB26, 0xCAE6, 0xCB06, 0xC327, 0xC306, 0xC2E6, 0xC2E6, 0xC2C6, 0xC2C6, 0xC2C6, 0xBAA5, 0xBAA5,
  0xBAA5, 0xBAA5, 0xBA85, 0xBA85, 0xB285, 0xB265, 0xB264, 0xB265, 0xB265, 0xB244, 0xAA24, 0xAA24,
  0xAA24, 0xA9E3, 0xA9E3, 0xA1C2, 0xA1A2, 0xA1A2, 0xA1A2, 0x99A2, 0x99A2, 0x99A2, 0x99A2, 0x99A2,
  0x99C3, 0x99A2, 0x99A3, 0x91A3, 0x91A3, 0x91A2, 0x9182, 0x9182, 0x8982, 0x8962, 0x8962, 0x8982,
  0x8962, 0x8962, 0x8962, 0x8162, 0x8161, 0x8162, 0x8162, 0x8142, 0x8162, 0x8162, 0x8162, 0x8162,
  0x8162, 0x8182, 0x8182, 0x8162, 0x7942, 0x7941, 0x7941, 0x7941, 0x7941, 0x7962, 0x7962, 0x7962,
  0x7962, 0x7962, 0x7962, 0x7962, 0x7962, 0x7962, 0x7962, 0x7962, 0x7983, 0x7982, 0x7962, 0x7962,
  0x7962, 0x7962, 0x7962, 0x7962, 0x7962, 0x7962, 0x7962, 0x7982, 0x7982, 0x7982, 0x81C3, 0x81C3,
  0x81A3, 0x81A2, 0x81A2, 0x81A3, 0x81A3, 0x81C3, 0x81C3, 0x81C3, 0x81A3, 0x81C3, 0x81C3, 0x81C3,
  0x81C3, 0x81C3, 0x89E3, 0x81E3, 0x89E4, 0x89E3, 0x89E4, 0x89E3, 0x89E3, 0x89E3, 0x8A04, 0x8A03,
  0x8A03, 0x9204, 0x9224, 0x9224, 0x9224, 0x9224, 0x9244, 0x9245, 0x9A45, 0x9244, 0x9A44, 0x9A44,
  0x9A44, 0x9A65, 0x9A65, 0x9A85, 0x9A85, 0xA285, 0x9A85, 0xA2A5, 0xA2A5, 0xA285, 0xA2A5, 0xA2A6,
  0xAAE6, 0xAAE6, 0xAAC6, 0xAAC6, 0xAAE6, 0xAB07, 0xAB07, 0xAB06, 0xAB06, 0xB327, 0xAAE6, 0xB307,
  0xFEB5, 0xFEB5, 0xFEB5, 0xFEB5, 0xFE95, 0xFE74, 0xFE74, 0xFE74, 0xFE74, 0xFE74, 0xFE74, 0xFE54,
  0xFE53, 0xFE33, 0xFE53, 0xFE53, 0xFE53, 0xFE33, 0xF613, 0xF612, 0xF612, 0xF633, 0xF613, 0xF612,
  0xF5D1, 0xF5B0, 0xF5B0, 0xF5B1, 0xF5D1, 0xF5B0, 0xF5B1, 0xF590, 0xED90, 0xF590, 0xED90, 0xED90,
  0xED90, 0xED90, 0xEDB0, 0xEDB1, 0xEDB1, 0xED70, 0xED4F, 0xED4F, 0xED4F, 0xED0E, 0xE4ED, 0xE50E,
  0xE4EE, 0xE50E, 0xE4EE, 0xE50E, 0xE4EE, 0xE4EE, 0xE4EE, 0xE4CD, 0xE4AD, 0xDC8C, 0xDC4A, 0xDC0A,
  0xDC2A, 0xDC0A, 0xDC0A, 0xDC09, 0xDBE9, 0xDC09, 0xDBE9, 0xDBC8, 0xD3A8, 0xD3A8, 0xD388, 0xD368,
  0xD388, 0xD3C9, 0xD3C9, 0xCB89, 0xD3A9, 0xCB68, 0xCB68, 0xCB48, 0xCB07, 0xCB07, 0xCB06, 0xC2C5,
  0xC2A5, 0xC285, 0xC284, 0xC284, 0xBA64, 0xBA64, 0xBA85, 0xBA64, 0xBA64, 0xBA64, 0xBA44, 0xB244,
  0xB244, 0xB224, 0xB223, 0xB203, 0xB203, 0xA9E3, 0xA9E3, 0xA9C2, 0xA9C2, 0xA1C2, 0xA9C2, 0xA1A2,
  0xA1A2, 0xA1A2, 0xA1A2, 0x9982, 0xA1A2, 0x99A2, 0x9982, 0x9982, 0x9982, 0x9982, 0x9182, 0x9162,
  0x9161, 0x9141, 0x8941, 0x8941, 0x8941, 0x8941, 0x8941, 0x8941, 0x8141, 0x8141, 0x8142, 0x8141,
  0x8141, 0x8142, 0x8121, 0x8121, 0x7921, 0x7921, 0x7921, 0x8142, 0x7942, 0x7921, 0x7921, 0x7921,
  0x7921, 0x7921, 0x7921, 0x7921, 0x7942, 0x7942, 0x7942, 0x7942, 0x7942, 0x7942, 0x7141, 0x7942,
  0x7962, 0x7962, 0x7962, 0x7962, 0x7942, 0x7962, 0x7962, 0x7962, 0x7162, 0x7962, 0x7962, 0x7962,
  0x7982, 0x7962, 0x7962, 0x7962, 0x7142, 0x7142, 0x7142, 0x7962, 0x7962, 0x7962, 0x7982, 0x79A3,
  0x7983, 0x79A3, 0x7983, 0x79A3, 0x7982, 0x81A3, 0x81A3, 0x81C3, 0x81C3, 0x81C3, 0x81C3, 0x81A3,
  0x81C3, 0x81C3, 0x81C3, 0x81E4, 0x81C3, 0x81E3, 0x89E4, 0x89E4, 0x89E4, 0x89E4, 0x89E3, 0x89E3,
  0x8A03, 0x8A04, 0x9224, 0x9224, 0x8A04, 0x9224, 0x9224, 0x9224, 0x9224, 0x9244, 0x9244, 0x9244,
  0x9A45, 0x9A65, 0x9A85, 0x9A85, 0x9A65, 0x9A65, 0xA285, 0xA2A6, 0xA2A6, 0xA2A6, 0xA2A6, 0xA2C6,
  0xA2C6, 0xAB07, 0xAAC6, 0xAAE6, 0xAAE6, 0xAAE6, 0xAB07, 0xAB06, 0xB307, 0xAB06, 0xB306, 0xB306,
  0xFE95, 0xFE95, 0xFE94, 0xFE74, 0xFE94, 0xFE74, 0xFE74, 0xFE74, 0xFE54, 0xFE53, 0xFE53, 0xFE33,
  0xFE32, 0xFE32, 0xFE33, 0xF612, 0xF612, 0xF633, 0xF612, 0xF612, 0xF5F2, 0xF612, 0xF612, 0xF613,
  0xF5F2, 0xF5B0, 0xF58F, 0xF56F, 0xF590, 0xED90, 0xED6F, 0xED6F, 0xED6F, 0xED4E, 0xED4F, 0xED4E,
  0xED4F, 0xED4E, 0xED6F, 0xED2F, 0xED4F, 0xED50, 0xED4F, 0xE50E, 0xE4ED, 0xE4ED, 0xE4CD, 0xE4AC,
  0xE48C, 0xE48C, 0xE48B, 0xDC8C, 0xDC8C, 0xDC6B, 0xDC6B, 0xDC4B, 0xDC4A, 0xDC2A, 0xDC2A, 0xDC2B,
  0xDC0A, 0xD3C9, 0xD3A8, 0xD3A8, 0xD3A8, 0xD387, 0xD367, 0xD388, 0xD3CA, 0xD3A9, 0xD3EA, 0xCB89,
  0xD3CA, 0xCB89, 0xCB68, 0xCB27, 0xCB06, 0xCB27, 0xCB07, 0xC2E6, 0xC2E6, 0xC2A5, 0xC2A5, 0xC285,
  0xC2A5, 0xC2A5, 0xBA85, 0xBA64, 0xBA44, 0xBA23, 0xBA44, 0xB223, 0xB203, 0xB1E3, 0xB1E2, 0xA9C2,
  0xA9C2, 0xA9C2, 0xA9A1, 0xA9A1, 0xA982, 0xA181, 0xA181, 0xA181, 0xA182, 0x9961, 0x9961, 0x9961,
  0x9941, 0x9941, 0x9941, 0x9141, 0x9141, 0x9141, 0x9120, 0x9121, 0x9121, 0x8921, 0x8921, 0x8901,
  0x8900, 0x8900, 0x8100, 0x8100, 0x8100, 0x80E0, 0x80E0, 0x78E0, 0x78E0, 0x78E0, 0x7900, 0x7901,
  0x7900, 0x78E0, 0x7901, 0x7901, 0x78E0, 0x70E0, 0x7100, 0x70E0, 0x70E0, 0x7101, 0x7101, 0x7101,
  0x7101, 0x7121, 0x7121, 0x7121, 0x7121, 0x7121, 0x7121, 0x7121, 0x7121, 0x7122, 0x7142, 0x7142,
  0x7121, 0x7122, 0x7142, 0x7142, 0x7142, 0x7142, 0x7142, 0x7162, 0x7142, 0x7142, 0x7142, 0x7142,
  0x7142, 0x7142, 0x7162, 0x7162, 0x7162, 0x7162, 0x7162, 0x7162, 0x7162, 0x7162, 0x7142, 0x7162,
  0x7962, 0x7982, 0x7983, 0x7983, 0x7983, 0x7983, 0x7982, 0x79A3, 0x81A3, 0x81C3, 0x81C3, 0x81C3,
  0x81C3, 0x81C3, 0x81C3, 0x81C3, 0x81E4, 0x81C3, 0x81C3, 0x81E3, 0x81E4, 0x89E3, 0x8A04, 0x8A24,
  0x89E3, 0x89E3, 0x8A04, 0x8A04, 0x9204, 0x8A04, 0x9224, 0x9224, 0x9244, 0x9224, 0x9224, 0x9244,
  0x9265, 0x9A65, 0x9A65, 0x9A65, 0x9A85, 0x9A85, 0xA285, 0xA285, 0xA2A6, 0xA2A5, 0xA2C6, 0xA2C6,
  0xA2E6, 0xA2C6, 0xAAE6, 0xAAC6, 0xAAC6, 0xAB06, 0xAB07, 0xAAE6, 0xB307, 0xB306, 0xB327, 0xB307,
  0xFE95, 0xFE95, 0xFE94, 0xFE74, 0xFE74, 0xFE74, 0xFE74, 0xFE54, 0xFE54, 0xFE54, 0xFE53, 0xFE33,
  0xFE12, 0xF612, 0xF5F2, 0xF5F2, 0xF5F1, 0xF5F1, 0xF5D1, 0xF5D1, 0xF5D1, 0xF5D1, 0xF5B1, 0xF5B1,
  0xF5D1, 0xF5B1, 0xED90, 0xED6F, 0xED4E, 0xED4E, 0xED4E, 0xED4E, 0xED2E, 0xED2E, 0xED0E, 0xED0D,
  0xED0D, 0xE4ED, 0xE4ED, 0xE4CC, 0xE4CC, 0xE4CC, 0xE4CD, 0xE4CC, 0xE48C, 0xE48B, 0xE48B, 0xE46B,
  0xE44B, 0xDC4B, 0xDC4B, 0xDC6B, 0xDC2A, 0xDC2A, 0xDC0A, 0xDC09, 0xDBE9, 0xD3E9, 0xD3C9, 0xD3C9,
  0xD3A9, 0xD3A8, 0xD3A9, 0xD3CA, 0xD3CA, 0xD3CA, 0xD3C9, 0xD3EA, 0xCB68, 0xCB68, 0xCB27, 0xCB27,
  0xCB27, 0xCB06, 0xC2E6, 0xC2A5, 0xC2A5, 0xC2C5, 0xC2A5, 0xC2A5, 0xC264, 0xBA64, 0xBA64, 0xBA24,
  0xBA44, 0xB223, 0xB223, 0xB1E3, 0xB1E2, 0xB1C2, 0xB1C2, 0xA9A1, 0xA981, 0xA981, 0xA161, 0xA161,
  0xA161, 0xA140, 0xA120, 0x9920, 0x9920, 0x9900, 0x90E0, 0x9100, 0x90E0, 0x90E0, 0x90E0, 0x90C0,
  0x88C0, 0x88C0, 0x88A0, 0x88A0, 0x80A0, 0x80A0, 0x8080, 0x8080, 0x8080, 0x7880, 0x7880, 0x7880,
  0x7880, 0x7880, 0x7060, 0x7060, 0x7080, 0x7080, 0x7080, 0x7080, 0x6880, 0x6880, 0x6880, 0x6880,
  0x6880, 0x6880, 0x6880, 0x6880, 0x6880, 0x6880, 0x6880, 0x6880, 0x6880, 0x68A0, 0x68A0, 0x68C0,
  0x68C0, 0x68C0, 0x68E1, 0x68E1, 0x68E1, 0x68E1, 0x68E1, 0x68E1, 0x6901, 0x6901, 0x6901, 0x6901,
  0x6901, 0x6901, 0x6901, 0x6921, 0x6901, 0x6921, 0x6921, 0x6921, 0x6921, 0x6922, 0x6921, 0x6921,
  0x6921, 0x6921, 0x7141, 0x7142, 0x7162, 0x7162, 0x7162, 0x7162, 0x7162, 0x7162, 0x7162, 0x7162,
  0x7162, 0x7162, 0x7162, 0x7162, 0x7962, 0x79A3, 0x79A3, 0x79A3, 0x79A3, 0x7982, 0x7983, 0x79A3,
  0x79A2, 0x79A3, 0x81C3, 0x81A3, 0x81C3, 0x81C3, 0x81A3, 0x81E3, 0x81E4, 0x81E4, 0x89E4, 0x8A04,
  0x8A25, 0x8A24, 0x89E3, 0x89E3, 0x8A04, 0x9224, 0x9245, 0x9224, 0x9224, 0x9245, 0x9245, 0x9244,
  0x9245, 0x9244, 0x9244, 0x9A65, 0x9A85, 0x9A65, 0x9A85, 0xA285, 0xA2A6, 0xA2A6, 0xA2C6, 0xAAE6,
  0xA2E6, 0xAAE7, 0xA2C6, 0xAB07, 0xAB07, 0xAAC6, 0xAB07, 0xB327, 0xAAE6, 0xB307, 0xB327, 0xB307,
  0xFE74, 0xFE74, 0xFE74, 0xFE74, 0xFE54, 0xFE54, 0xFE53, 0xFE33, 0xFE33, 0xF612, 0xFE33, 0xF612,
  0xFE12, 0xF5F1, 0xF5D1, 0xF5D1, 0xF5D1, 0xF5B1, 0xF5B1, 0xF5B0, 0xF5B0, 0xF590, 0xF590, 0xED90,
  0xED90, 0xED6F, 0xED6F, 0xED6F, 0xED4E, 0xED4F, 0xED90, 0xED70, 0xED4F, 0xED4F, 0xED4F, 0xED0E,
  0xE50E, 0xE4ED, 0xE4CC, 0xE4AC, 0xE4AC, 0xE4AC, 0xE48B, 0xE48C, 0xE46B, 0xDC4A, 0xDC2A, 0xDC2A,
  0xDC09, 0xDC09, 0xDC2A, 0xDC09, 0xDC09, 0xDBE9, 0xD3C9, 0xD3A8, 0xD388, 0xD388, 0xD388, 0xD347,
  0xD347, 0xD347, 0xCB47, 0xCB47, 0xCB67, 0xCB27, 0xCB27, 0xCB06, 0xCAE6, 0xCAE6, 0xCAE5, 0xC2A5,
  0xC2A5, 0xC284, 0xC284, 0xC264, 0xBA23, 0xBA23, 0xBA23, 0xBA02, 0xBA03, 0xB1E2, 0xB1C2, 0xB1C2,
  0xB1A2, 0xB1A1, 0xA981, 0xA981, 0xA961, 0xA940, 0xA120, 0xA100, 0x9900, 0x98E0, 0x98E0, 0x98E0,
  0x98C0, 0x98C0, 0x90C0, 0x90C0, 0x90C0, 0x90E0, 0x90E0, 0x90E0, 0x90C0, 0x90C0, 0x90E0, 0x90E0,
  0x90E0, 0x88E0, 0x88E0, 0x88E0, 0x88E0, 0x88E0, 0x88E0, 0x80E0, 0x80E0, 0x80C0, 0x80C0, 0x80C0,
  0x78C0, 0x78C0, 0x78A0, 0x78A0, 0x70A0, 0x7080, 0x7080, 0x6880, 0x6880, 0x6860, 0x6860, 0x6860,
  0x6060, 0x6060, 0x6040, 0x5840, 0x5840, 0x5820, 0x5820, 0x5820, 0x5020, 0x5020, 0x5020, 0x5020,
  0x5020, 0x5040, 0x5860, 0x5860, 0x5880, 0x5880, 0x58A0, 0x60A0, 0x60A0, 0x60C0, 0x60C0, 0x60C0,
  0x60C0, 0x60C0, 0x60C1, 0x60E0, 0x60E1, 0x60E1, 0x60E1, 0x6101, 0x60E1, 0x6901, 0x6901, 0x6901,
  0x6921, 0x6921, 0x6921, 0x6921, 0x6922, 0x6921, 0x6922, 0x7142, 0x6942, 0x6942, 0x7142, 0x7162,
  0x7162, 0x7162, 0x7162, 0x7162, 0x7142, 0x7162, 0x7162, 0x7982, 0x7983, 0x7983, 0x7982, 0x7982,
  0x79A3, 0x79A3, 0x79A3, 0x79A3, 0x79A3, 0x79A3, 0x79A2, 0x81C3, 0x81A2, 0x81A3, 0x81C3, 0x81E3,
  0x89E4, 0x8A04, 0x8A04, 0x89E3, 0x8A03, 0x8A04, 0x8A24, 0x9224, 0x9224, 0x9244, 0x9245, 0x9245,
  0x9245, 0x9A65, 0x9A65, 0x9A65, 0x9A85, 0x9A85, 0x9A85, 0x9A85, 0x9A85, 0x9A85, 0xA2A6, 0xA2A6,
  0xA2C6, 0xA2C6, 0xAAE6, 0xA2C6, 0xAAE7, 0xAAC6, 0xAAC6, 0xAAE6, 0xAB07, 0xAB27, 0xAB06, 0xB307,
  0xFE74, 0xFE73, 0xFE53, 0xFE53, 0xFE53, 0xFE53, 0xFE54, 0xFE74, 0xFE33, 0xF633, 0xF633, 0xF613,
  0xF612, 0xF5F2, 0xF5F1, 0xF5D1, 0xF5B0, 0xF5B1, 0xF5B0, 0xF590, 0xED8F, 0xED90, 0xED70, 0xED6F,
  0xED4F, 0xED4F, 0xED4F, 0xED4F, 0xED4F, 0xED2E, 0xED0E, 0xE52E, 0xE50E, 0xE4ED, 0xE4CD, 0xE4CC,
  0xE4AC, 0xE4AC, 0xE4AC, 0xE48C, 0xE46B, 0xE46B, 0xDC4A, 0xDC2A, 0xDC09, 0xDC09, 0xDBE9, 0xDBC8,
  0xDBC8, 0xD3A8, 0xDBC8, 0xDBA8, 0xD388, 0xD367, 0xD347, 0xD347, 0xD346, 0xCB26, 0xCB06, 0xCB05,
  0xCAE5, 0xCAE5, 0xCAE5, 0xCAC5, 0xCAE6, 0xC2C5, 0xC2A5, 0xC2A4, 0xC285, 0xC284, 0xC284, 0xC244,
  0xBA43, 0xBA23, 0xBA03, 0xBA23, 0xBA03, 0xB1E2, 0xB1C2, 0xB1A1, 0xA981, 0xA961, 0xA961, 0xA920,
  0xA120, 0xA100, 0xA100, 0xA100, 0xA100, 0xA100, 0xA120, 0xA120, 0xA120, 0xA141, 0xA141, 0xA141,
  0xA141, 0xA141, 0xA161, 0xA181, 0xA181, 0xA182, 0xA182, 0xA182, 0xA181, 0x9961, 0x9961, 0x9961,
  0x9982, 0x9962, 0x9982, 0x9982, 0x9961, 0x9141, 0x9141, 0x9162, 0x9162, 0x8941, 0x8941, 0x8921,
  0x8921, 0x8101, 0x8101, 0x8101, 0x8101, 0x7901, 0x7901, 0x78E1, 0x70E1, 0x70E1, 0x70C0, 0x70C0,
  0x68A0, 0x68A0, 0x68A0, 0x60A0, 0x60A0, 0x6080, 0x6080, 0x5860, 0x5860, 0x5860, 0x5040, 0x5040,
  0x5040, 0x5020, 0x4820, 0x4820, 0x4820, 0x4800, 0x4820, 0x4820, 0x4840, 0x4840, 0x5060, 0x5060,
  0x5880, 0x5880, 0x58A0, 0x58A0, 0x58A0, 0x58A0, 0x58C0, 0x58C0, 0x58C0, 0x58C0, 0x60E1, 0x6101,
  0x60E1, 0x60E1, 0x6101, 0x60E1, 0x6101, 0x6101, 0x6901, 0x6901, 0x6921, 0x6921, 0x6921, 0x6921,
  0x6942, 0x7142, 0x7142, 0x7162, 0x7162, 0x7162, 0x7162, 0x7162, 0x7162, 0x7162, 0x7162, 0x7162,
  0x7162, 0x7162, 0x7982, 0x79A3, 0x79A3, 0x79C3, 0x81C3, 0x79A3, 0x79A2, 0x81A3, 0x81C3, 0x81C3,
  0x81C3, 0x81E3, 0x81E3, 0x89E4, 0x89E3, 0x8A04, 0x8A03, 0x8A04, 0x8A24, 0x9224, 0x9244, 0x9245,
  0x9265, 0x9244, 0x9265, 0x9A85, 0x9A64, 0x9A65, 0x9A85, 0x9AA5, 0x9A85, 0x9A64, 0xA285, 0xA2A6,
  0xA2C6, 0xA2C6, 0xA2C6, 0xAAE7, 0xAAE6, 0xAAE6, 0xAAE6, 0xAB07, 0xAAE6, 0xAB27, 0xB348, 0xAB06,
  0xFE74, 0xFE53, 0xFE53, 0xFE33, 0xFE33, 0xFE33, 0xFE33, 0xFE33, 0xF633, 0xF612, 0xF5F2, 0xF5F2,
  0xF5F2, 0xF5F2, 0xF5F2, 0xF5D1, 0xF5B1, 0xED90, 0xED90, 0xED70, 0xED6F, 0xED6F, 0xED4F, 0xED4E,
  0xED2E, 0xED0E, 0xED2E, 0xED0E, 0xE50E, 0xE4ED, 0xE4CC, 0xE4CC, 0xE4AC, 0xE48C, 0xE48B, 0xE46B,
  0xE46B, 0xDC4A, 0xDC4A, 0xE46B, 0xDC4A, 0xDC2A, 0xDC09, 0xDC09, 0xDBE9, 0xDC0A, 0xDC0A, 0xDC2A,
  0xD3C9, 0xD3A9, 0xD388, 0xD346, 0xCB26, 0xCB26, 0xCB06, 0xCB05, 0xCAE5, 0xCAE5, 0xCAC5, 0xCAC5,
  0xC2C5, 0xC2A5, 0xC2A5, 0xC284, 0xC264, 0xC264, 0xC264, 0xC264, 0xBA44, 0xBA23, 0xBA23, 0xBA23,
  0xBA03, 0xB9E2, 0xB1C2, 0xB1A2, 0xB181, 0xA961, 0xA940, 0xA920, 0xA100, 0xA100, 0xA100, 0xA100,
  0xA940, 0xA961, 0xA981, 0xB1A2, 0xB1A2, 0xB1E2, 0xB203, 0xB1E3, 0xB203, 0xB203, 0xB203, 0xB224,
  0xB224, 0xB224, 0xB224, 0xB224, 0xB244, 0xB244, 0xB244, 0xB245, 0xB224, 0xAA24, 0xAA04, 0xAA04,
  0xAA04, 0xAA04, 0xAA24, 0xAA45, 0xA204, 0xA1E3, 0xA1E3, 0xA1E4, 0xA1E4, 0x99C3, 0x99C3, 0x99C3,
  0x91A3, 0x9182, 0x9182, 0x8982, 0x8962, 0x8962, 0x8142, 0x8142, 0x8122, 0x7921, 0x7921, 0x7901,
  0x7101, 0x70E1, 0x70C1, 0x68C1, 0x68C1, 0x68C1, 0x68E1, 0x60C1, 0x60A1, 0x58A0, 0x5880, 0x5860,
  0x5060, 0x5060, 0x5060, 0x5040, 0x5040, 0x4840, 0x4820, 0x4820, 0x4820, 0x4000, 0x4000, 0x4000,
  0x4000, 0x4020, 0x4840, 0x4840, 0x4860, 0x5060, 0x5080, 0x50A0, 0x58A0, 0x58A0, 0x58A0, 0x58C0,
  0x58C0, 0x58C0, 0x58E1, 0x60E1, 0x58E1, 0x60E1, 0x60E1, 0x6101, 0x6101, 0x6921, 0x6922, 0x6922,
  0x6101, 0x6921, 0x6921, 0x6922, 0x6942, 0x6942, 0x7142, 0x7142, 0x7162, 0x7162, 0x7162, 0x7182,
  0x7983, 0x7183, 0x7162, 0x7162, 0x7182, 0x7982, 0x79A3, 0x81C3, 0x81C3, 0x81C3, 0x79A3, 0x81C3,
  0x81E3, 0x81C3, 0x81E3, 0x8A04, 0x8A04, 0x8A04, 0x8A04, 0x8A04, 0x8A24, 0x9224, 0x9224, 0x9224,
  0x9224, 0x9224, 0x9224, 0x9A65, 0x9A65, 0x9A85, 0x9A65, 0x9A85, 0x9A85, 0xA2A6, 0x9A85, 0xA285,
  0xA2C6, 0xA2A5, 0xA2A6, 0xA2C6, 0xAAE6, 0xAAE6, 0xAAE6, 0xAB07, 0xAB06, 0xAB06, 0xB327, 0xB348,
  0xFE54, 0xFE53, 0xFE53, 0xFE53, 0xF633, 0xF633, 0xF612, 0xF612, 0xF5F2, 0xF5D1, 0xF5B1, 0xF5B0,
  0xF5B0, 0xF5B0, 0xED90, 0xED90, 0xED90, 0xED6F, 0xED4F, 0xED2E, 0xED2E, 0xED0D, 0xED0D, 0xED0D,
  0xE50E, 0xE50E, 0xE4ED, 0xE4CC, 0xE4AC, 0xE4AC, 0xE4AC, 0xE48C, 0xE46B, 0xE46B, 0xDC4A, 0xDC4A,
  0xDC2A, 0xDC2A, 0xDC09, 0xDBE9, 0xDBE9, 0xDBE9, 0xDBE9, 0xD3C9, 0xD3A8, 0xD3A8, 0xD388, 0xD388,
  0xD367, 0xD368, 0xD368, 0xCB67, 0xCB68, 0xCB27, 0xCB06, 0xCB06, 0xCB06, 0xC2C5, 0xC2C6, 0xC2C6,
  0xC2A5, 0xC2A5, 0xC264, 0xC264, 0xBA43, 0xBA24, 0xBA03, 0xBA03, 0xB1C2, 0xB1C2, 0xB1A1, 0xB181,
  0xA960, 0xA940, 0xA920, 0xA900, 0xA900, 0xA920, 0xA940, 0xA961, 0xA981, 0xB181, 0xB1A2, 0xB1C2,
  0xBA03, 0xBA23, 0xBA44, 0xBA85, 0xC285, 0xC2E6, 0xC2E6, 0xC2E6, 0xC307, 0xC307, 0xC307, 0xC327,
  0xC348, 0xC348, 0xC307, 0xC328, 0xC327, 0xC307, 0xC307, 0xBB28, 0xBB07, 0xBB07, 0xBB07, 0xBAC7,
  0xB2C6, 0xB2A6, 0xB2C7, 0xB2E7, 0xB2C7, 0xB2A6, 0xAA86, 0xAA86, 0xAA66, 0xA245, 0xA265, 0xA266,
  0xA245, 0x9A25, 0x9A25, 0x9A05, 0x91E4, 0x91E4, 0x89C4, 0x89A3, 0x89A3, 0x8183, 0x8163, 0x8142,
  0x7942, 0x7942, 0x7922, 0x7122, 0x7102, 0x68E1, 0x68E1, 0x68C1, 0x60C1, 0x60C1, 0x60C1, 0x60C1,
  0x58A1, 0x58A0, 0x5880, 0x5080, 0x5060, 0x5060, 0x5060, 0x5060, 0x4860, 0x4840, 0x4840, 0x4840,
  0x4020, 0x4020, 0x4000, 0x3800, 0x3800, 0x3800, 0x4020, 0x4040, 0x4840, 0x4860, 0x5080, 0x5080,
  0x5080, 0x50A0, 0x50A0, 0x50C0, 0x58C1, 0x58E1, 0x58E1, 0x58E1, 0x60E1, 0x6101, 0x6122, 0x6942,
  0x6942, 0x6121, 0x6101, 0x6121, 0x6942, 0x6942, 0x6962, 0x6942, 0x6921, 0x6941, 0x7142, 0x7162,
  0x7162, 0x7182, 0x7182, 0x7182, 0x7982, 0x7162, 0x7982, 0x79A3, 0x79A3, 0x81C3, 0x79A3, 0x79A2,
  0x81C3, 0x81C3, 0x81C3, 0x81E3, 0x8A04, 0x8A04, 0x8A24, 0x8A24, 0x8A04, 0x9224, 0x9224, 0x9245,
  0x9245, 0x9245, 0x9224, 0x9244, 0x9244, 0x9A65, 0x9AA6, 0x9AA6, 0x9A85, 0xA2A6, 0xA2A6, 0x9A85,
  0xA2A5, 0xA2E7, 0xA2C6, 0xA2C6, 0xA2C6, 0xAAE6, 0xAB07, 0xAAE6, 0xB327, 0xAB07, 0xAB07, 0xAB07,
  0xFE53, 0xFE53, 0xFE53, 0xFE33, 0xF612, 0xF612, 0xF5F1, 0xF5D1, 0xF5D1, 0xF5B0, 0xF5B0, 0xF590,
  0xF58F, 0xED6F, 0xED6F, 0xED4F, 0xED4E, 0xED4E, 0xED2E, 0xECED, 0xE4CD, 0xE4EC, 0xECED, 0xE4ED,
  0xE4CC, 0xE4CC, 0xE4CD, 0xE4AC, 0xE48B, 0xE48B, 0xE46B, 0xDC4A, 0xDC2A, 0xDC29, 0xDC2A, 0xDC0A,
  0xDC0A, 0xDC2A, 0xDC2A, 0xDBE9, 0xD3E9, 0xD3C9, 0xD3A8, 0xD3A8, 0xD388, 0xD347, 0xCB47, 0xCB26,
  0xCB26, 0xCB26, 0xCB26, 0xCB06, 0xCB06, 0xCAE5, 0xCAE6, 0xC2C5, 0xC2A5, 0xC2A5, 0xC284, 0xC285,
  0xBA44, 0xBA44, 0xBA23, 0xBA03, 0xB1E2, 0xB1A2, 0xB181, 0xA961, 0xA940, 0xA920, 0xA920, 0xA920,
  0xA940, 0xA940, 0xB161, 0xB1A1, 0xB9E2, 0xBA03, 0xBA44, 0xC244, 0xC285, 0xC2A5, 0xCAE6, 0xCB06,
  0xCB27, 0xCB48, 0xCB47, 0xCB47, 0xCB68, 0xCB68, 0xCBA9, 0xCBA9, 0xCBA9, 0xCBCA, 0xD3EA, 0xD44C,
  0xD46D, 0xCC2C, 0xCC2C, 0xCC4C, 0xD48E, 0xCC2C, 0xCC2C, 0xCBCA, 0xCC0B, 0xCC0C, 0xCC2C, 0xCBEB,
  0xC3CA, 0xC3AA, 0xC38A, 0xBB69, 0xBB49, 0xBB48, 0xBB28, 0xB349, 0xBB49, 0xB328, 0xB308, 0xAAC7,
  0xAAE7, 0xB329, 0xA2C7, 0xAAC8, 0xA2A7, 0xA266, 0x9A25, 0x9204, 0x9205, 0x9205, 0x89E4, 0x89C4,
  0x81A4, 0x8183, 0x8183, 0x7963, 0x7963, 0x7943, 0x7122, 0x7102, 0x6901, 0x68E1, 0x60C0, 0x60C1,
  0x60C1, 0x60E1, 0x58C1, 0x58C1, 0x58C1, 0x58A1, 0x50A1, 0x5080, 0x5080, 0x5060, 0x4860, 0x4860,
  0x4840, 0x4840, 0x4040, 0x4020, 0x4020, 0x3820, 0x3820, 0x3800, 0x3800, 0x3800, 0x3800, 0x3820,
  0x4020, 0x4840, 0x4860, 0x4880, 0x5080, 0x50A0, 0x50C0, 0x58C1, 0x58C1, 0x58C1, 0x58E1, 0x6101,
  0x6101, 0x6101, 0x6122, 0x6101, 0x6101, 0x6121, 0x6121, 0x6942, 0x6942, 0x6942, 0x6942, 0x7142,
  0x7162, 0x6962, 0x7162, 0x7162, 0x7162, 0x7182, 0x7182, 0x7182, 0x7982, 0x79A3, 0x81E4, 0x81C4,
  0x79A3, 0x81A3, 0x81C3, 0x81C3, 0x81C3, 0x81E4, 0x8A04, 0x8A04, 0x8A24, 0x8A04, 0x8A04, 0x9224,
  0x9244, 0x9265, 0x9A65, 0x9244, 0x9244, 0x9A65, 0x9A64, 0x9A85, 0x9AA6, 0xA2C6, 0xA2C6, 0x9AA6,
  0xA285, 0xA2A5, 0xA2C6, 0xA2C6, 0xAAE6, 0xAAE6, 0xAB07, 0xAB07, 0xAAE6, 0xAB07, 0xAB07, 0xB327,
  0xFE33, 0xFE33, 0xFE12, 0xF612, 0xF5F1, 0xF5D1, 0xF5D1, 0xF5D0, 0xF5B0, 0xF590, 0xF590, 0xED90,
  0xED4F, 0xED2E, 0xED2E, 0xED2E, 0xED0D, 0xED0D, 0xECED, 0xECED, 0xED0E, 0xE4ED, 0xE4CD, 0xE4AC,
  0xE46B, 0xE46B, 0xE44A, 0xE46B, 0xDC2A, 0xDC2A, 0xDC2A, 0xDC2A, 0xDC0A, 0xDC0A, 0xD3C9, 0xD3C9,
  0xD3C9, 0xD3C9, 0xD3A8, 0xD388, 0xD367, 0xD367, 0xD346, 0xCB26, 0xCB06, 0xCB06, 0xCB06, 0xCAE5,
  0xCAC5, 0xC2C5, 0xC2A5, 0xC2A4, 0xC284, 0xC284, 0xC264, 0xBA43, 0xBA43, 0xBA23, 0xBA23, 0xBA03,
  0xB1E2, 0xB1A1, 0xB1A1, 0xB181, 0xA960, 0xA920, 0xA920, 0xA940, 0xA961, 0xB181, 0xB9C2, 0xB9E3,
  0xBA23, 0xC264, 0xC2A5, 0xCAE6, 0xCB27, 0xCB47, 0xCB68, 0xD3A9, 0xD3C9, 0xD40A, 0xD40B, 0xD40B,
  0xDC8D, 0xDC8D, 0xDC8D, 0xDCCF, 0xDCCE, 0xDCEF, 0xDCEF, 0xDD51, 0xE592, 0xDD72, 0xE5B3, 0xDCEF,
  0xDCEF, 0xDD30, 0xDD51, 0xDD51, 0xDD30, 0xDD10, 0xD4CE, 0xD44C, 0xD42C, 0xD510, 0xDD51, 0xD4CF,
  0xCC6D, 0xCC0C, 0xCBEB, 0xC3CA, 0xC3A9, 0xC3AA, 0xC389, 0xC389, 0xBB89, 0xBB49, 0xBB48, 0xB328,
  0xB308, 0xB308, 0xB349, 0xB328, 0xAB08, 0xA2C7, 0xA2C7, 0xA287, 0x9A66, 0x9A46, 0x9245, 0x9205,
  0x9205, 0x89E5, 0x89C4, 0x81C4, 0x81A4, 0x79A4, 0x7983, 0x7963, 0x7142, 0x7122, 0x6902, 0x6902,
  0x60E1, 0x60C1, 0x60C1, 0x58C1, 0x58C1, 0x58E1, 0x58C1, 0x58C1, 0x58C1, 0x50C1, 0x50C1, 0x50A1,
  0x50A1, 0x4880, 0x4880, 0x4860, 0x4040, 0x4040, 0x4040, 0x4040, 0x3820, 0x3820, 0x3800, 0x3000,
  0x3000, 0x3000, 0x3800, 0x3820, 0x4040, 0x4860, 0x4880, 0x4880, 0x50A0, 0x50A0, 0x50C0, 0x58C1,
  0x58E1, 0x5901, 0x6101, 0x6101, 0x6101, 0x6101, 0x6101, 0x6101, 0x6942, 0x6962, 0x6942, 0x6942,
  0x6942, 0x6962, 0x7162, 0x7162, 0x7162, 0x7162, 0x7162, 0x7182, 0x7182, 0x79A3, 0x79A3, 0x79C3,
  0x79C3, 0x79A3, 0x79A3, 0x81C3, 0x81C3, 0x81C3, 0x81C3, 0x8A04, 0x8A04, 0x8A04, 0x8A24, 0x8A04,
  0x8A24, 0x9244, 0x9265, 0x9265, 0x9224, 0x9265, 0x9244, 0x9A44, 0x9A65, 0x9A65, 0xA2C6, 0xA2C6,
  0xA2A6, 0xA2A5, 0xA2C6, 0xA2E7, 0xA2C6, 0xA2C6, 0xAAE6, 0xAAE6, 0xAB27, 0xAAE6, 0xAB07, 0xB347,
  0xFE12, 0xF612, 0xF5F1, 0xF5F1, 0xF5D1, 0xF5D0, 0xF5B0, 0xF5B1, 0xF5B0, 0xED8F, 0xED6F, 0xED6F,
  0xED4E, 0xED2E, 0xED0D, 0xECED, 0xECED, 0xE4CC, 0xE4CC, 0xE4AC, 0xE4AC, 0xE48B, 0xE4AC, 0xE48C,
  0xDC6B, 0xDC2A, 0xDC09, 0xDC09, 0xDC09, 0xDC09, 0xDC0A, 0xDC0A, 0xD3E9, 0xD3E9, 0xD3E9, 0xD3C9,
  0xD388, 0xD388, 0xD367, 0xCB47, 0xCB27, 0xCB26, 0xCB06, 0xCB06, 0xCB06, 0xCAE5, 0xCAE6, 0xCB06,
  0xC2E6, 0xC2C6, 0xC2A5, 0xC2A5, 0xC284, 0xBA64, 0xBA44, 0xBA23, 0xB9E2, 0xB1C2, 0xB1C1, 0xB181,
  0xA960, 0xA940, 0xA920, 0xA940, 0xB181, 0xB9E2, 0xBA03, 0xBA44, 0xC284, 0xC2C6, 0xCB27, 0xCB48,
  0xCB48, 0xD3A9, 0xD3CA, 0xDC6D, 0xDCCE, 0xDCCE, 0xE4EE, 0xE4EF, 0xDCEE, 0xDCAD, 0xE530, 0xE550,
  0xE50F, 0xDD0F, 0xE550, 0xE550, 0xE550, 0xE571, 0xE571, 0xE550, 0xDD0F, 0xE550, 0xE530, 0xDD2F,
  0xDD0F, 0xDCCE, 0xDCEE, 0xDCEF, 0xDCCE, 0xDCCE, 0xDCEF, 0xDCCE, 0xDCEF, 0xDD0F, 0xDD10, 0xDD51,
  0xD531, 0xD4EF, 0xD46D, 0xCC4C, 0xCC6D, 0xCC4D, 0xCC4D, 0xC44D, 0xC40C, 0xC3EB, 0xBBAA, 0xBBAB,
  0xBB8A, 0xBB69, 0xB349, 0xB328, 0xAB08, 0xAAE8, 0xAB08, 0xAAC7, 0xA2C7, 0xA286, 0x9A66, 0x9225,
  0x9225, 0x9225, 0x8A05, 0x8A05, 0x89E5, 0x81E4, 0x81C4, 0x81C4, 0x7984, 0x7983, 0x7163, 0x7163,
  0x6922, 0x6922, 0x6102, 0x6102, 0x60E1, 0x58C1, 0x58C1, 0x58A0, 0x58C1, 0x50C1, 0x58E1, 0x50C1,
  0x50A1, 0x50A1, 0x48A1, 0x4880, 0x4860, 0x4860, 0x4060, 0x4040, 0x4040, 0x4040, 0x3840, 0x3820,
  0x3820, 0x3820, 0x3000, 0x3000, 0x3000, 0x3800, 0x3820, 0x4060, 0x4880, 0x4880, 0x4880, 0x50A0,
  0x50A0, 0x50C1, 0x58E1, 0x58E1, 0x5901, 0x6122, 0x6122, 0x6101, 0x6101, 0x6121, 0x6942, 0x6942,
  0x6942, 0x6942, 0x6962, 0x6962, 0x7162, 0x7162, 0x7162, 0x7182, 0x7183, 0x79A3, 0x7982, 0x79A3,
  0x79C3, 0x79C3, 0x81E3, 0x79A3, 0x81C3, 0x81E4, 0x81E3, 0x81C3, 0x81E3, 0x8A04, 0x81E3, 0x8A24,
  0x8A24, 0x8A24, 0x9224, 0x9244, 0x9245, 0x9265, 0x9A65, 0x9AA6, 0x9A85, 0x9A65, 0x9A85, 0x9AA6,
  0xA2E6, 0xA2C6, 0xA2A5, 0xA2C6, 0xAAE7, 0xAAE7, 0xAAC6, 0xAAE6, 0xAB06, 0xAB06, 0xAB07, 0xB327,
  0xF612, 0xF5F1, 0xF5F1, 0xF5D1, 0xF5D1, 0xF5B0, 0xF5B0, 0xF5B0, 0xEDB0, 0xED6F, 0xED4F, 0xED4E,
  0xED2E, 0xED2E, 0xECED, 0xE4CC, 0xE4AC, 0xE4AC, 0xE4AC, 0xE48B, 0xE46B, 0xDC4B, 0xDC4A, 0xDC6B,
  0xDC2A, 0xDC2A, 0xDC4B, 0xDC0A, 0xDC0A, 0xD3A8, 0xD3E9, 0xD3C9, 0xD388, 0xD388, 0xD388, 0xD367,
  0xCB47, 0xCB26, 0xCB06, 0xCB06, 0xCAE6, 0xCAE6, 0xCAE6, 0xC2C5, 0xC2C5, 0xC2E6, 0xC2C5, 0xC2A5,
  0xC264, 0xBA64, 0xBA44, 0xBA23, 0xBA03, 0xB1E2, 0xB1C2, 0xB1A1, 0xB181, 0xA960, 0xA920, 0xA120,
  0xA940, 0xB181, 0xB1E3, 0xBA44, 0xC285, 0xCAE6, 0xCB07, 0xCB47, 0xD388, 0xD3EA, 0xDC4C, 0xDC4C,
  0xDC4C, 0xDCCE, 0xE530, 0xE592, 0xE550, 0xE550, 0xE550, 0xE571, 0xE5D2, 0xEE35, 0xEE34, 0xEDF3,
  0xEDF3, 0xEE76, 0xEE97, 0xEE56, 0xEDF3, 0xE5B2, 0xEDD3, 0xEE14, 0xEE35, 0xEE14, 0xE5D3, 0xE5D3,
  0xEE14, 0xE5D3, 0xE550, 0xE571, 0xDD71, 0xE5F4, 0xE5B3, 0xE571, 0xDD51, 0xDD51, 0xDD0F, 0xDD71,
  0xDD30, 0xD4CE, 0xDCEF, 0xD4EF, 0xD4EF, 0xD4F0, 0xCC8E, 0xCC6D, 0xCC4D, 0xCC4D, 0xC40B, 0xC40B,
  0xC3EB, 0xC40B, 0xBC0C, 0xB3AB, 0xB38A, 0xB349, 0xAB29, 0xAB29, 0xAB08, 0xA2C7, 0xA2A7, 0x9A86,
  0x9A46, 0x9225, 0x9225, 0x9225, 0x8A25, 0x8A05, 0x8A05, 0x8A05, 0x81C4, 0x79A4, 0x7984, 0x7983,
  0x7163, 0x7143, 0x6943, 0x6922, 0x6922, 0x6102, 0x6102, 0x58E1, 0x58C1, 0x58C1, 0x50A1, 0x50C1,
  0x50C1, 0x50C1, 0x50C1, 0x50A1, 0x4881, 0x4880, 0x4880, 0x4880, 0x4060, 0x4060, 0x4060, 0x4060,
  0x3840, 0x3820, 0x3840, 0x3820, 0x3020, 0x3000, 0x3000, 0x3000, 0x3020, 0x4040, 0x4060, 0x4060,
  0x4880, 0x48A0, 0x50C0, 0x50C1, 0x50C1, 0x58E1, 0x58E1, 0x6101, 0x6121, 0x6122, 0x6122, 0x6121,
  0x6121, 0x6121, 0x6942, 0x6942, 0x6962, 0x7162, 0x7162, 0x6962, 0x7162, 0x7183, 0x71A3, 0x7182,
  0x7982, 0x79A3, 0x79C3, 0x81C3, 0x81C3, 0x81C3, 0x81E3, 0x8204, 0x81E4, 0x8A24, 0x8A45, 0x8A04,
  0x8A04, 0x9244, 0x9245, 0x8A24, 0x9224, 0x9224, 0x9265, 0x9A85, 0x9AA6, 0x9AA6, 0x9A85, 0x9A85,
  0x9AA5, 0xA2E7, 0xA2C6, 0xA2C6, 0xA2E6, 0xAB07, 0xAB07, 0xAAE6, 0xAAE6, 0xAAE6, 0xAAE6, 0xAB07,
  0xF5F2, 0xF5F1, 0xF5D1, 0xF5D0, 0xF5B1, 0xF5B0, 0xF590, 0xED90, 0xED6F, 0xED4F, 0xED2E, 0xED2E,
  0xED0E, 0xED0D, 0xE4ED, 0xE4CC, 0xE4AC, 0xE48C, 0xE48B, 0xDC6B, 0xDC6B, 0xDC4B, 0xDC2A, 0xDC0A,
  0xDC09, 0xDBE9, 0xDBE9, 0xD3A8, 0xD3A8, 0xD387, 0xD367, 0xD367, 0xCB46, 0xCB26, 0xCB26, 0xCB06,
  0xCB06, 0xCAE5, 0xCAE5, 0xCAC5, 0xC2A5, 0xC2A5, 0xC2A5, 0xC284, 0xC264, 0xBA43, 0xBA43, 0xBA43,
  0xBA23, 0xBA03, 0xB9E2, 0xB1C2, 0xB181, 0xA960, 0xA940, 0xA100, 0xA120, 0xA920, 0xA961, 0xB1C2,
  0xBA44, 0xC285, 0xC2E6, 0xCB68, 0xD389, 0xD3A9, 0xD44C, 0xDCAE, 0xDC8D, 0xDC8D, 0xDCCE, 0xE50F,
  0xE530, 0xE591, 0xEDD3, 0xEDD3, 0xEE35, 0xEE56, 0xF6B7, 0xF6B8, 0xEE97, 0xF6B7, 0xEE55, 0xEE76,
  0xF6B7, 0xF6D8, 0xF697, 0xEE35, 0xEE76, 0xEE55, 0xEE96, 0xEE76, 0xF697, 0xEE55, 0xEE14, 0xEDD2,
  0xEDF3, 0xE5B2, 0xE591, 0xEE14, 0xEE35, 0xE5B2, 0xE5B2, 0xE5B2, 0xE5D3, 0xE550, 0xE530, 0xDD0F,
  0xDD30, 0xDD10, 0xDD10, 0xDD30, 0xD50F, 0xD4EF, 0xD4EF, 0xD4AE, 0xCCAF, 0xCC6D, 0xCC8E, 0xCC4D,
  0xCC6E, 0xC40C, 0xC40C, 0xC40C, 0xBBCB, 0xBBEC, 0xBBEC, 0xB3CB, 0xB38A, 0xAB4A, 0xAB08, 0xA309,
  0xA2C8, 0x9AA7, 0x9A87, 0x9246, 0x9225, 0x8A05, 0x8A05, 0x8A05, 0x8A05, 0x81E5, 0x81C4, 0x79A4,
  0x79A4, 0x7984, 0x7163, 0x7163, 0x6943, 0x6122, 0x6122, 0x6102, 0x6102, 0x58E1, 0x58C1, 0x58C1,
  0x50A1, 0x50A1, 0x50C1, 0x50C1, 0x50A1, 0x48A1, 0x4880, 0x4881, 0x4880, 0x4060, 0x4060, 0x4080,
  0x4080, 0x4060, 0x3840, 0x3860, 0x3840, 0x3020, 0x3020, 0x3000, 0x2800, 0x2800, 0x3000, 0x3820,
  0x4060, 0x4080, 0x4880, 0x48A0, 0x50A0, 0x50C1, 0x50C1, 0x58E1, 0x58E1, 0x5901, 0x6122, 0x6122,
  0x6122, 0x6121, 0x6121, 0x6921, 0x6942, 0x6942, 0x6962, 0x7162, 0x7162, 0x7162, 0x7183, 0x79A3,
  0x7182, 0x7982, 0x79A3, 0x81C3, 0x81C3, 0x81C3, 0x81C3, 0x81C3, 0x81E3, 0x8A04, 0x8A24, 0x9265,
  0x8A04, 0x89E3, 0x9224, 0x9245, 0x9245, 0x9224, 0x9244, 0x9265, 0x9A86, 0x9AA6, 0x9AA6, 0x9A85,
  0x9A85, 0xA2C6, 0xA2E7, 0xA2C6, 0xAB07, 0xA2E6, 0xAB07, 0xAB07, 0xAB07, 0xAB27, 0xAB07, 0xAAE6,
  0xF5F1, 0xF5F1, 0xF5D1, 0xF5B0, 0xF590, 0xED6F, 0xED6F, 0xED6F, 0xED4E, 0xED2E, 0xED2E, 0xED0D,
  0xE4ED, 0xE4CC, 0xE4CC, 0xE4AC, 0xE48B, 0xE46B, 0xDC4A, 0xDC4A, 0xDC2A, 0xDC2A, 0xDC09, 0xDBE9,
  0xD3E9, 0xD3C8, 0xD388, 0xD387, 0xD388, 0xD388, 0xD388, 0xD388, 0xCB68, 0xCB26, 0xCB06, 0xCAE5,
  0xCAC5, 0xC2C5, 0xC2C5, 0xC284, 0xC284, 0xC264, 0xC264, 0xBA64, 0xBA43, 0xBA43, 0xBA23, 0xBA03,
  0xB1E2, 0xB1C2, 0xA981, 0xA940, 0xA120, 0xA100, 0xA920, 0xA961, 0xB1C2, 0xBA23, 0xBA64, 0xC2E6,
  0xCB27, 0xCB68, 0xD3EA, 0xD42B, 0xDC8D, 0xDD0F, 0xDD30, 0xE530, 0xE50F, 0xE550, 0xEDB2, 0xEDB2,
  0xEDB2, 0xEDF3, 0xEE14, 0xEE35, 0xEE34, 0xEE55, 0xF696, 0xF6F9, 0xF696, 0xEE14, 0xF696, 0xF676,
  0xF675, 0xEE55, 0xF675, 0xF676, 0xEE76, 0xF696, 0xF696, 0xF655, 0xEE34, 0xEE34, 0xEE13, 0xEDF2,
  0xEDD2, 0xEDF3, 0xEE55, 0xEE14, 0xEE14, 0xEDD2, 0xE591, 0xE570, 0xE550, 0xE530, 0xE592, 0xE5F4,
  0xE592, 0xDD72, 0xE5D3, 0xDD72, 0xDD92, 0xDD51, 0xD510, 0xD530, 0xD4CF, 0xD4EF, 0xCCAF, 0xCC8E,
  0xD4CF, 0xCC8E, 0xC44D, 0xC42C, 0xC40C, 0xC44D, 0xBC2C, 0xBC0C, 0xBC0D, 0xBBEC, 0xB36A, 0xB38B,
  0xAB49, 0xA2E8, 0xA2C8, 0x9AA7, 0x9A86, 0x9266, 0x9245, 0x8A25, 0x8A05, 0x89E4, 0x81E4, 0x81C4,
  0x81C4, 0x79A4, 0x7984, 0x7183, 0x7163, 0x6963, 0x6943, 0x6943, 0x6122, 0x6102, 0x6102, 0x58E2,
  0x58C1, 0x58C1, 0x50C1, 0x50A1, 0x50A1, 0x50C1, 0x48A1, 0x48A1, 0x48A1, 0x4881, 0x4080, 0x4080,
  0x4081, 0x4081, 0x4060, 0x3860, 0x3860, 0x3840, 0x3820, 0x3020, 0x3020, 0x3020, 0x2800, 0x2800,
  0x3000, 0x3840, 0x4060, 0x4060, 0x4080, 0x48A0, 0x50C0, 0x50E1, 0x58E1, 0x58E1, 0x58E1, 0x5901,
  0x6101, 0x6122, 0x6142, 0x6122, 0x6121, 0x6942, 0x6942, 0x7162, 0x7162, 0x7162, 0x7162, 0x7162,
  0x7182, 0x79A3, 0x79A3, 0x79A3, 0x79A3, 0x81C3, 0x81E3, 0x81E3, 0x81C3, 0x81E3, 0x81E3, 0x8A04,
  0x8A25, 0x8A24, 0x8A04, 0x8A24, 0x9244, 0x9265, 0x9244, 0x9244, 0x9265, 0x9A85, 0x9A85, 0x9AA6,
  0x9AA6, 0x9AA6, 0xA2A6, 0xA2C6, 0xA2C6, 0xA2E6, 0xA2E6, 0xA2E6, 0xAB07, 0xAB07, 0xAB27, 0xAB07,
  0xF5D1, 0xF5D1, 0xF5D0, 0xF5B0, 0xF590, 0xED6F, 0xED6F, 0xED4E, 0xED2D, 0xED0D, 0xED0D, 0xECED,
  0xECED, 0xE4AC, 0xE4AC, 0xE48C, 0xE46B, 0xDC4B, 0xDC2A, 0xDC0A, 0xDC0A, 0xDC09, 0xD3E9, 0xD3E9,
  0xD3A8, 0xD3A8, 0xD388, 0xD367, 0xD367, 0xCB47, 0xCB47, 0xCB27, 0xCB27, 0xCB06, 0xC2E6, 0xC2E6,
  0xCAE5, 0xC2C5, 0xC2C5, 0xC2C5, 0xC2C5, 0xBA84, 0xBA64, 0xBA44, 0xBA23, 0xB9E2, 0xB1C2, 0xB1A1,
  0xA981, 0xA940, 0xA120, 0xA120, 0xA961, 0xB1C2, 0xB203, 0xBA64, 0xC2C6, 0xCB27, 0xD389, 0xD3C9,
  0xD40A, 0xDC4C, 0xDC8D, 0xDCCE, 0xE551, 0xE5B2, 0xE571, 0xE592, 0xEE14, 0xEE14, 0xEDB2, 0xEDD3,
  0xF675, 0xF6D8, 0xF6D8, 0xF6F9, 0xF6D8, 0xF696, 0xF655, 0xF654, 0xF654, 0xF6B7, 0xF6D8, 0xF6B7,
  0xF6D7, 0xF6D8, 0xF696, 0xF654, 0xF634, 0xF633, 0xF613, 0xEE13, 0xEDF3, 0xEE13, 0xEE14, 0xEE13,
  0xEDF3, 0xEDF3, 0xEDF3, 0xEDF3, 0xEDD3, 0xEDF3, 0xE5F3, 0xE5D3, 0xE5B2, 0xE5B2, 0xE591, 0xE591,
  0xE591, 0xE5D3, 0xE571, 0xDD50, 0xDD30, 0xDD2F, 0xDD0F, 0xDCEE, 0xD4CE, 0xD4CF, 0xD4CF, 0xCCCE,
  0xD4CF, 0xCC8E, 0xCC6D, 0xCC6D, 0xC44D, 0xC42C, 0xC42C, 0xBBEB, 0xBBEC, 0xBBCB, 0xB38A, 0xB36A,
  0xB36A, 0xAB4A, 0xAB4A, 0xA308, 0xA2C8, 0x9AC8, 0x9A87, 0x9266, 0x9246, 0x8A25, 0x89E4, 0x81C4,
  0x81A4, 0x7983, 0x7983, 0x7983, 0x7183, 0x7183, 0x6963, 0x6943, 0x6943, 0x6143, 0x6122, 0x6102,
  0x58E2, 0x58E2, 0x58E1, 0x50C1, 0x50A1, 0x50A1, 0x50A1, 0x50C1, 0x50C1, 0x48A1, 0x4881, 0x4080,
  0x4080, 0x40A1, 0x4081, 0x4060, 0x4060, 0x3860, 0x3840, 0x3840, 0x3040, 0x3040, 0x3020, 0x3020,
  0x2800, 0x2800, 0x3020, 0x3840, 0x4060, 0x4060, 0x4080, 0x48A0, 0x50C1, 0x50C1, 0x58E1, 0x58E1,
  0x58E1, 0x5901, 0x6122, 0x6942, 0x6942, 0x6122, 0x6121, 0x6942, 0x6942, 0x7162, 0x7162, 0x7162,
  0x7182, 0x71A3, 0x79A3, 0x79A3, 0x79A3, 0x79C3, 0x79C3, 0x81C3, 0x8204, 0x8204, 0x8204, 0x8A04,
  0x8A04, 0x8A24, 0x8A44, 0x9244, 0x8A04, 0x9244, 0x9265, 0x9265, 0x9265, 0x9265, 0x9AA6, 0x9AA6,
  0x9AA6, 0xA2C6, 0xA2C6, 0xA2C6, 0xA2C6, 0xA2C6, 0xA2E6, 0xA2E6, 0xAAE7, 0xAB07, 0xAB48, 0xAB07,
  0xF5D0, 0xF5B0, 0xF590, 0xF58F, 0xED6F, 0xED6F, 0xED4E, 0xED2E, 0xED0D, 0xED0D, 0xECED, 0xE4ED,
  0xE4CC, 0xE4AC, 0xE46B, 0xE46B, 0xDC4B, 0xDC2A, 0xDC09, 0xDBE9, 0xD3E9, 0xD3C8, 0xD3A8, 0xD388,
  0xD387, 0xD367, 0xCB47, 0xCB47, 0xCB26, 0xCB26, 0xCB06, 0xCAE6, 0xC2E5, 0xC2C5, 0xC2A5, 0xC2A5,
  0xC2A5, 0xC284, 0xC264, 0xBA64, 0xBA44, 0xBA23, 0xBA23, 0xB1E2, 0xB1C1, 0xB181, 0xA960, 0xA940,
  0xA920, 0xA940, 0xB181, 0xB203, 0xBA44, 0xC2A5, 0xC2E6, 0xCB27, 0xD389, 0xD3CA, 0xD40A, 0xDC2B,
  0xDCCE, 0xE550, 0xEDB2, 0xE5D3, 0xE530, 0xED91, 0xEDD3, 0xEE14, 0xEE35, 0xEE13, 0xF634, 0xF6D8,
  0xF6B7, 0xF696, 0xF6B7, 0xF655, 0xF6B7, 0xF719, 0xF6F8, 0xF696, 0xF675, 0xF695, 0xF695, 0xF675,
  0xF675, 0xF634, 0xF634, 0xF633, 0xF634, 0xF655, 0xF696, 0xF6F9, 0xF6F9, 0xF719, 0xF6D8, 0xF6B7,
  0xEE76, 0xEE76, 0xEE76, 0xEE96, 0xF6B7, 0xEE76, 0xEE76, 0xEE35, 0xEDF4, 0xE5B2, 0xE591, 0xE571,
  0xE591, 0xE570, 0xE551, 0xE570, 0xDD50, 0xDD0F, 0xDD0F, 0xDCEF, 0xDCEF, 0xD4CE, 0xD4AE, 0xD4CE,
  0xD4AE, 0xCC8D, 0xCC6D, 0xCC6D, 0xCC6D, 0xCC4D, 0xC42C, 0xC3EC, 0xC40C, 0xC40C, 0xBBCB, 0xB38A,
  0xB36A, 0xB349, 0xAB69, 0xAB29, 0xA309, 0xA309, 0xA309, 0x9AC8, 0x9AA7, 0x9287, 0x8A46, 0x8A26,
  0x8A26, 0x81E4, 0x81C4, 0x79A4, 0x7983, 0x7163, 0x7163, 0x7163, 0x6963, 0x6943, 0x6963, 0x6122,
  0x6122, 0x6102, 0x5902, 0x58E2, 0x58E1, 0x50C1, 0x50A1, 0x50A1, 0x50C1, 0x50C1, 0x48A1, 0x48A1,
  0x4880, 0x48A1, 0x48A1, 0x40A1, 0x4060, 0x4080, 0x3860, 0x3840, 0x3840, 0x3860, 0x3840, 0x3040,
  0x3020, 0x2800, 0x2800, 0x2800, 0x3020, 0x4060, 0x4080, 0x4080, 0x4880, 0x48A0, 0x50C1, 0x58E1,
  0x58E1, 0x58E1, 0x5901, 0x6122, 0x6142, 0x6942, 0x6963, 0x6942, 0x6942, 0x6942, 0x7162, 0x7182,
  0x7182, 0x7182, 0x71A3, 0x79C3, 0x79A3, 0x79A3, 0x79C3, 0x81E3, 0x81C3, 0x81E3, 0x8204, 0x8A24,
  0x8A24, 0x8A04, 0x8A04, 0x9245, 0x9245, 0x8A24, 0x9265, 0x9285, 0x9A85, 0x9A85, 0x9244, 0x9A85,
  0x9AA6, 0x9AA6, 0xA2E6, 0xA2E7, 0xA2C6, 0xA2C6, 0xA2C6, 0xA2C6, 0xAAE6, 0xAB07, 0xAB07, 0xAB48,
  0xF5B0, 0xF590, 0xF56F, 0xED6F, 0xED4F, 0xED4E, 0xED2E, 0xED2E, 0xED0D, 0xED0D, 0xECED, 0xE4CC,
  0xE4AB, 0xE46B, 0xE46B, 0xDC4A, 0xDC2A, 0xDC09, 0xDBE9, 0xDBE9, 0xD3C8, 0xD388, 0xD387, 0xD347,
  0xCB46, 0xCB26, 0xCB06, 0xCB06, 0xCAE5, 0xCAC5, 0xC2C5, 0xC2A5, 0xC2A4, 0xC284, 0xC284, 0xC264,
  0xBA64, 0xBA43, 0xBA23, 0xBA03, 0xBA03, 0xB1E2, 0xB1C2, 0xA981, 0xA940, 0xA120, 0xA120, 0xA961,
  0xB1C2, 0xBA23, 0xC284, 0xC2E6, 0xCB47, 0xCB89, 0xD3CA, 0xD3C9, 0xD40A, 0xDC4B, 0xDCCE, 0xE52F,
  0xE530, 0xE5B2, 0xE592, 0xEDF3, 0xEDF3, 0xED70, 0xEDF3, 0xEDF3, 0xEE34, 0xF634, 0xF634, 0xF676,
  0xF696, 0xF719, 0xF6F8, 0xF6F8, 0xF6F8, 0xF696, 0xF675, 0xF675, 0xF675, 0xF674, 0xF674, 0xF696,
  0xF6B6, 0xF6B7, 0xF6D7, 0xF6D7, 0xFF1A, 0xF73A, 0xF6F8, 0xF6F9, 0xF6D8, 0xF6B7, 0xF6D7, 0xF6B7,
  0xF696, 0xF6B7, 0xF6B7, 0xEE96, 0xEE76, 0xEE75, 0xEE55, 0xEE76, 0xEE35, 0xEE14, 0xEE14, 0xEE35,
  0xEE35, 0xE5F4, 0xE614, 0xE5D3, 0xE5D3, 0xE5F4, 0xE5F4, 0xDD92, 0xDD50, 0xDD30, 0xDD10, 0xD510,
  0xD510, 0xD4EF, 0xCCAE, 0xCC6D, 0xCC4D, 0xC44C, 0xC42C, 0xC3EB, 0xC40B, 0xBBCB, 0xBBCA, 0xBBAA,
  0xBB8A, 0xB369, 0xAB28, 0xAB29, 0xB38A, 0xAB4A, 0xA308, 0xA308, 0x9AC8, 0x9AA7, 0x9AA7, 0x9246,
  0x8A26, 0x8A26, 0x8A26, 0x81E5, 0x79C4, 0x79A4, 0x7163, 0x7163, 0x7163, 0x6963, 0x6963, 0x6943,
  0x6143, 0x6143, 0x6122, 0x6102, 0x5902, 0x58E1, 0x58C1, 0x50A1, 0x50A1, 0x48A1, 0x50C1, 0x50C1,
  0x48A1, 0x4880, 0x4881, 0x48A1, 0x4080, 0x4081, 0x4081, 0x3860, 0x3840, 0x3860, 0x3860, 0x3840,
  0x3040, 0x3020, 0x3020, 0x2800, 0x2000, 0x2820, 0x3840, 0x4060, 0x4080, 0x4080, 0x4880, 0x48C1,
  0x50E1, 0x50E1, 0x5901, 0x58E1, 0x5901, 0x6122, 0x6942, 0x6942, 0x6962, 0x6963, 0x6942, 0x7182,
  0x7183, 0x71A3, 0x7182, 0x7182, 0x79A3, 0x79C4, 0x79C3, 0x79C3, 0x81E4, 0x81E3, 0x81E3, 0x8204,
  0x8A24, 0x8A24, 0x8A45, 0x8A24, 0x8A24, 0x9245, 0x9244, 0x9265, 0x9265, 0x9A85, 0x9AC6, 0x9A85,
  0x9A85, 0x9AA6, 0xA2C6, 0xA2C6, 0xA2C6, 0xA2E6, 0xA2E6, 0xAB07, 0xAB07, 0xAAE6, 0xAB07, 0xAB07,
  0xF590, 0xF58F, 0xED6F, 0xED4E, 0xED4E, 0xED2E, 0xED2E, 0xED0D, 0xECED, 0xECED, 0xE4CC, 0xE4AC,
  0xE46B, 0xE44A, 0xDC2A, 0xDC09, 0xDBE9, 0xDBE9, 0xDBC8, 0xD3A8, 0xD387, 0xD387, 0xD388, 0xD368,
  0xCB47, 0xCB47, 0xCB27, 0xCB26, 0xCB06, 0xC2E6, 0xC2E6, 0xC2C6, 0xC2A5, 0xC285, 0xC285, 0xBA64,
  0xBA23, 0xBA23, 0xB1E2, 0xB1E2, 0xB1A1, 0xA981, 0xA940, 0xA120, 0xA120, 0xA961, 0xB1E2, 0xBA44,
  0xC2A5, 0xC306, 0xCB47, 0xD3A9, 0xD3EA, 0xD40B, 0xDC2B, 0xDC8D, 0xE4CE, 0xE4EE, 0xE571, 0xE50F,
  0xED91, 0xED91, 0xEDF3, 0xEE14, 0xEE14, 0xEE35, 0xF696, 0xF655, 0xF6B7, 0xF696, 0xF696, 0xF6B7,
  0xF675, 0xF654, 0xF675, 0xF674, 0xF674, 0xF675, 0xF6B6, 0xF6D7, 0xFF19, 0xF719, 0xF6F8, 0xF695,
  0xF6B6, 0xFEF7, 0xFF39, 0xF718, 0xF719, 0xF6F8, 0xF6B6, 0xF6B6, 0xF6B6, 0xF6B6, 0xF696, 0xF719,
  0xF719, 0xF6F8, 0xF6B7, 0xF696, 0xF676, 0xF696, 0xF6D8, 0xEE76, 0xEE34, 0xEE55, 0xEE96, 0xEE35,
  0xEE34, 0xEE14, 0xE5D2, 0xE5B2, 0xE5B2, 0xE5D3, 0xE5B2, 0xE592, 0xDD72, 0xDD93, 0xDD72, 0xDD51,
  0xDD31, 0xD4EF, 0xD4CF, 0xD4CF, 0xD4F0, 0xCCD0, 0xCCAF, 0xC42C, 0xC42C, 0xC40B, 0xC3EB, 0xBBAA,
  0xBB8A, 0xB369, 0xB349, 0xB369, 0xAB6A, 0xAB49, 0xAB08, 0xA2C7, 0xA2E8, 0x9AA7, 0x9AA7, 0x9287,
  0x9246, 0x8A46, 0x8A26, 0x8A26, 0x8205, 0x81E5, 0x79A4, 0x7183, 0x7163, 0x7163, 0x6963, 0x6963,
  0x6943, 0x6943, 0x6143, 0x6123, 0x6102, 0x5902, 0x58E1, 0x50C1, 0x50C1, 0x50C1, 0x50A1, 0x50C1,
  0x50C1, 0x48A1, 0x48A1, 0x48A1, 0x48A1, 0x4081, 0x40A1, 0x4081, 0x3860, 0x3860, 0x3860, 0x3860,
  0x3860, 0x3040, 0x3040, 0x3040, 0x2820, 0x2800, 0x2800, 0x3020, 0x3860, 0x4080, 0x4080, 0x4080,
  0x48A0, 0x50C1, 0x50E1, 0x58E1, 0x58E1, 0x5901, 0x6121, 0x6122, 0x6942, 0x6962, 0x6962, 0x6962,
  0x7162, 0x7183, 0x71A3, 0x71A3, 0x7182, 0x79A3, 0x79C3, 0x79C3, 0x79C3, 0x81E4, 0x81E3, 0x81E3,
  0x8204, 0x8A04, 0x8A45, 0x8A44, 0x9245, 0x9245, 0x9265, 0x9245, 0x9245, 0x9244, 0x9AA6, 0x9AC7,
  0x9AA6, 0x9A85, 0x9AA5, 0xA2C6, 0xA2A6, 0xA2C6, 0xA2E6, 0xA2E6, 0xAB07, 0xAB07, 0xAB07, 0xAB27,
  0xF58F, 0xED6F, 0xED6F, 0xED4E, 0xED2E, 0xED2E, 0xED0D, 0xECED, 0xE4CC, 0xE4AC, 0xE48B, 0xE46B,
  0xE44A, 0xDC2A, 0xDC09, 0xDC09, 0xDBE9, 0xD3C8, 0xD3A8, 0xD388, 0xD388, 0xD367, 0xCB47, 0xCB27,
  0xCB26, 0xCB06, 0xC306, 0xC2E6, 0xC2E6, 0xC2A5, 0xC285, 0xC284, 0xBA64, 0xBA64, 0xBA43, 0xBA23,
  0xB202, 0xB1E2, 0xB1A1, 0xA961, 0xA940, 0xA120, 0xA120, 0xA981, 0xB1E2, 0xBA44, 0xC2C5, 0xC306,
  0xCB47, 0xCB89, 0xD3C9, 0xD42B, 0xDC4C, 0xDC6C, 0xDCCE, 0xE50F, 0xE50F, 0xED91, 0xEDB2, 0xEDD2,
  0xEDB2, 0xEDB2, 0xEDD2, 0xEE13, 0xF655, 0xF655, 0xF655, 0xF634, 0xF654, 0xF654, 0xF613, 0xF633,
  0xF654, 0xF654, 0xF695, 0xF6D7, 0xF6D7, 0xF6D7, 0xF6F8, 0xFF19, 0xF6D7, 0xFF18, 0xFEF8, 0xF6B6,
  0xF695, 0xF695, 0xF695, 0xF696, 0xF695, 0xF695, 0xF6B6, 0xF696, 0xF6B6, 0xF6D7, 0xF6D8, 0xF6F8,
  0xF6B7, 0xF6B7, 0xF696, 0xF696, 0xF675, 0xF695, 0xF675, 0xF634, 0xF634, 0xEE34, 0xEE34, 0xEE34,
  0xEE13, 0xEE14, 0xEDF3, 0xE5D3, 0xE5F4, 0xE5F3, 0xE5D3, 0xE5F4, 0xE5F4, 0xE5B3, 0xDD71, 0xDD51,
  0xDD10, 0xD4EF, 0xD510, 0xD551, 0xD551, 0xCCF0, 0xD510, 0xCC6D, 0xCC6D, 0xC42C, 0xC40C, 0xC42D,
  0xBBCB, 0xBBAA, 0xB36A, 0xB349, 0xAB28, 0xAB29, 0xAB08, 0xA2E8, 0xA2E7, 0xA2C7, 0xA2C7, 0x9AA7,
  0x9A87, 0x9266, 0x8A25, 0x8A46, 0x8A46, 0x8226, 0x81E5, 0x79C4, 0x79A4, 0x7183, 0x7163, 0x6963,
  0x6943, 0x6943, 0x6943, 0x6943, 0x6143, 0x6122, 0x5902, 0x58E2, 0x50C1, 0x50E1, 0x50E1, 0x50C1,
  0x48A1, 0x48A1, 0x4880, 0x48A1, 0x48C1, 0x4881, 0x48A1, 0x40A1, 0x4081, 0x3860, 0x3860, 0x3860,
  0x3880, 0x3840, 0x3840, 0x3840, 0x3040, 0x3040, 0x2820, 0x2800, 0x2820, 0x3840, 0x4080, 0x4080,
  0x4080, 0x4080, 0x48A0, 0x50E1, 0x50E1, 0x5901, 0x5901, 0x5901, 0x6121, 0x6142, 0x6962, 0x6962,
  0x6942, 0x6962, 0x7182, 0x7183, 0x7183, 0x7183, 0x79A3, 0x79A3, 0x79C3, 0x81C3, 0x81E4, 0x8204,
  0x81E4, 0x8204, 0x8A45, 0x8A24, 0x8A24, 0x8A24, 0x9265, 0x9265, 0x9265, 0x9265, 0x9265, 0x9A86,
  0x9AC6, 0x9A65, 0xA2A6, 0xA2A6, 0xA2E7, 0xA2C6, 0xA2E6, 0xAB07, 0xAAE6, 0xAAE6, 0xAB07, 0xAB07,
  0xED6F, 0xED4E, 0xED4E, 0xED2E, 0xED0D, 0xECED, 0xE4EC, 0xE4CC, 0xE4AC, 0xE48B, 0xE46B, 0xE46B,
  0xDC4A, 0xDC2A, 0xDC09, 0xDBE9, 0xD3C9, 0xD3C9, 0xD3A8, 0xD388, 0xD388, 0xCB47, 0xCB26, 0xCB06,
  0xCAE5, 0xC2C5, 0xC2C5, 0xC2A5, 0xC285, 0xC284, 0xBA84, 0xBA64, 0xBA43, 0xBA23, 0xB203, 0xB1C2,
  0xB1A1, 0xA961, 0xA940, 0xA140, 0xA140, 0xA981, 0xB1E2, 0xBA44, 0xC2A5, 0xC306, 0xCB48, 0xD3A9,
  0xD3EA, 0xD42B, 0xDC4B, 0xDC8C, 0xDCAD, 0xE4EE, 0xE4EE, 0xE52F, 0xE550, 0xED91, 0xEDD2, 0xEE14,
  0xEE34, 0xF634, 0xEDF3, 0xF613, 0xF613, 0xF613, 0xF633, 0xF612, 0xF613, 0xF633, 0xF675, 0xF6B6,
  0xF6F8, 0xFF3A, 0xFF3A, 0xFF39, 0xFF3A, 0xFEF8, 0xFEB6, 0xFE95, 0xF695, 0xFED6, 0xFEF8, 0xFF19,
  0xF6F8, 0xF6F8, 0xFF18, 0xF6D7, 0xFED7, 0xFF18, 0xF73A, 0xFF7B, 0xF73A, 0xF73A, 0xF719, 0xF718,
  0xF6F8, 0xF6D8, 0xF6B7, 0xF6D7, 0xF6B7, 0xF6B7, 0xF6B7, 0xF676, 0xF675, 0xF634, 0xEE34, 0xEE55,
  0xEE55, 0xEE14, 0xEDF3, 0xEDD2, 0xE5D2, 0xE5D3, 0xEE14, 0xE5F3, 0xE5B3, 0xE571, 0xE571, 0xDD51,
  0xDD30, 0xDD30, 0xDD51, 0xDD30, 0xD510, 0xD510, 0xD4CF, 0xCCAE, 0xCC6D, 0xC44D, 0xC46E, 0xC46E,
  0xBC0C, 0xBBCB, 0xBBAB, 0xB38A, 0xB36A, 0xB329, 0xAB08, 0xA2C7, 0xA2C7, 0xA2A7, 0xA2A7, 0x9AA7,
  0x9AA7, 0x9266, 0x9246, 0x8A26, 0x8A46, 0x8A26, 0x8206, 0x79E5, 0x79E5, 0x79A4, 0x79A4, 0x7183,
  0x7183, 0x6943, 0x6942, 0x6943, 0x6963, 0x6143, 0x6123, 0x5902, 0x58E2, 0x58E1, 0x58E2, 0x50E1,
  0x50C1, 0x48A1, 0x4880, 0x4880, 0x48A1, 0x48A1, 0x48A1, 0x48A1, 0x40A1, 0x4081, 0x3860, 0x3860,
  0x3880, 0x3860, 0x3860, 0x3860, 0x3040, 0x3040, 0x3040, 0x2820, 0x2800, 0x2800, 0x3040, 0x3860,
  0x40A1, 0x48A1, 0x48A0, 0x48A0, 0x50C1, 0x50E1, 0x50E1, 0x5902, 0x5922, 0x6121, 0x6942, 0x6962,
  0x6962, 0x6942, 0x6962, 0x7183, 0x7183, 0x71A3, 0x71A3, 0x79A3, 0x79C3, 0x81E3, 0x79C3, 0x81E3,
  0x8A04, 0x8A24, 0x8204, 0x8A24, 0x9265, 0x9265, 0x8A24, 0x9245, 0x9286, 0x9A85, 0x9A65, 0x9A65,
  0x9AA6, 0xA2C6, 0x9A85, 0x9A85, 0xA2C6, 0xA2C6, 0xA2E6, 0xA2C6, 0xAB07, 0xAB07, 0xAAE6, 0xAB27,
  0xED4E, 0xED2E, 0xED2D, 0xED0D, 0xECED, 0xECCC, 0xE4AC, 0xE4AC, 0xE48B, 0xE46B, 0xE46A, 0xE44A,
  0xDC2A, 0xDC09, 0xDBE9, 0xDBC8, 0xD3A8, 0xD367, 0xD367, 0xD347, 0xCB47, 0xCB26, 0xCB06, 0xCAE5,
  0xCAC5, 0xC2A5, 0xC2A4, 0xC285, 0xBA64, 0xBA43, 0xBA23, 0xBA23, 0xB203, 0xB1E2, 0xB1A2, 0xA961,
  0xA140, 0xA120, 0xA960, 0xA9A1, 0xB203, 0xBA44, 0xC285, 0xC2E6, 0xCB27, 0xCB89, 0xD3C9, 0xD40A,
  0xDC8D, 0xDCAD, 0xDCAD, 0xE4EE, 0xE52F, 0xE550, 0xE550, 0xED70, 0xED91, 0xEDB1, 0xED91, 0xEDF3,
  0xEDF3, 0xF613, 0xEDD1, 0xEDB1, 0xEDD1, 0xF5F2, 0xF634, 0xF675, 0xF6B7, 0xF6F8, 0xFF18, 0xFF19,
  0xFED7, 0xFEF8, 0xFF18, 0xFEB6, 0xFE95, 0xFEB6, 0xFEF8, 0xFF39, 0xFF5A, 0xFF5A, 0xFF7B, 0xFF7B,
  0xFF7B, 0xFF39, 0xF719, 0xFF3A, 0xFF3A, 0xF739, 0xFF5A, 0xF718, 0xF6F8, 0xFF3A, 0xFF19, 0xF6D7,
  0xF6D7, 0xF6D8, 0xF719, 0xF719, 0xF6F8, 0xF6D8, 0xF6B7, 0xF696, 0xF696, 0xF675, 0xF696, 0xF696,
  0xEE55, 0xEE76, 0xEE76, 0xEE35, 0xEE14, 0xEDD3, 0xE5B2, 0xE5B2, 0xE571, 0xDD50, 0xDD50, 0xDD30,
  0xDD30, 0xDD30, 0xDD30, 0xDD30, 0xDD10, 0xD4CF, 0xD4CF, 0xD4CE, 0xCC8D, 0xCC6D, 0xCC8E, 0xC44D,
  0xC40C, 0xBBEB, 0xBBEB, 0xBBCB, 0xB38A, 0xB36A, 0xB369, 0xAB29, 0xA308, 0xA2C7, 0xA2A6, 0x9A86,
  0x9A86, 0x9A66, 0x9266, 0x9225, 0x8A25, 0x8A25, 0x8225, 0x8205, 0x8205, 0x79E5, 0x79A4, 0x7184,
  0x71A4, 0x7163, 0x6943, 0x6942, 0x6942, 0x6943, 0x6143, 0x6122, 0x5902, 0x5902, 0x58E2, 0x5902,
  0x50E2, 0x50C1, 0x50A1, 0x4880, 0x4880, 0x48A1, 0x48A1, 0x48A1, 0x48A1, 0x40A1, 0x4081, 0x3860,
  0x4080, 0x4081, 0x3860, 0x3860, 0x3860, 0x3040, 0x3040, 0x3020, 0x3020, 0x2800, 0x2800, 0x3020,
  0x3840, 0x3880, 0x40A1, 0x40A1, 0x48C1, 0x48C0, 0x50C1, 0x50E1, 0x5902, 0x5922, 0x5921, 0x6142,
  0x6962, 0x6962, 0x6962, 0x6962, 0x71A3, 0x71A3, 0x71A3, 0x71A3, 0x79A3, 0x79C3, 0x79C4, 0x8204,
  0x81E3, 0x8204, 0x8A24, 0x8A24, 0x8A04, 0x8A44, 0x9265, 0x9245, 0x9244, 0x9265, 0x9265, 0x9A65,
  0x9A85, 0x9AA6, 0x9AA6, 0xA2A6, 0x9A85, 0xA2C6, 0xA2E6, 0xA2C6, 0xA2C6, 0xAB27, 0xAB07, 0xAB27,
  0xED2E, 0xED2D, 0xED0D, 0xECED, 0xE4CC, 0xE4CC, 0xE48B, 0xE48B, 0xE46B, 0xE46A, 0xDC2A, 0xDC2A,
  0xDC09, 0xDBE9, 0xD3C9, 0xD3C9, 0xD3A8, 0xD367, 0xCB46, 0xCB26, 0xCB06, 0xCAE6, 0xCAE5, 0xC2A5,
  0xC2A5, 0xC284, 0xC284, 0xBA64, 0xBA43, 0xBA23, 0xB203, 0xB1E2, 0xB1A1, 0xA981, 0xA140, 0xA120,
  0xA140, 0xA981, 0xB1E3, 0xBA44, 0xC2A5, 0xC2E6, 0xCB27, 0xCB68, 0xD3A9, 0xD40A, 0xD42B, 0xDC4C,
  0xDCAD, 0xE4CD, 0xE4EE, 0xE50F, 0xE550, 0xED70, 0xED91, 0xEDB1, 0xEDD2, 0xEDB1, 0xED90, 0xED90,
  0xEDB0, 0xEDB1, 0xF5D2, 0xF613, 0xF654, 0xF6B7, 0xF6F8, 0xF6B6, 0xF6D7, 0xF6F8, 0xFED7, 0xFEB6,
  0xFEB6, 0xFEB6, 0xFEB6, 0xFED7, 0xFF39, 0xFF5A, 0xFF7B, 0xFF9C, 0xFF9C, 0xFF5A, 0xFF39, 0xFF19,
  0xFF19, 0xFF39, 0xFF5A, 0xFF5A, 0xFF3A, 0xFF39, 0xFF3A, 0xFF5A, 0xFEF8, 0xFF18, 0xFEF8, 0xF6D7,
  0xF6F8, 0xF719, 0xF719, 0xF719, 0xF719, 0xF73A, 0xF6D8, 0xF696, 0xF6F9, 0xF719, 0xF6F8, 0xF6B7,
  0xF696, 0xF697, 0xEE55, 0xEE34, 0xEDF3, 0xE5D2, 0xEDF3, 0xE5B2, 0xE5D3, 0xE5D3, 0xE591, 0xE571,
  0xDD51, 0xDD50, 0xDD30, 0xDD0F, 0xD4EF, 0xD4CE, 0xD4CE, 0xD48D, 0xCC6D, 0xCC6D, 0xCC8E, 0xCC6D,
  0xC42C, 0xC40B, 0xBBEB, 0xBBCB, 0xBBCB, 0xB3AA, 0xB36A, 0xB369, 0xAB49, 0xAB29, 0xA2E8, 0xA2C7,
  0x9A86, 0x9A86, 0x9245, 0x9245, 0x9225, 0x8A25, 0x8A05, 0x8205, 0x81E5, 0x81E5, 0x79C5, 0x79A4,
  0x71A4, 0x71A4, 0x6983, 0x6963, 0x6943, 0x6942, 0x6943, 0x6143, 0x6122, 0x6102, 0x5902, 0x5902,
  0x5902, 0x50E2, 0x50C1, 0x50C1, 0x48A1, 0x4880, 0x4880, 0x48A1, 0x48A1, 0x40A1, 0x40A1, 0x4080,
  0x4060, 0x4081, 0x3860, 0x3860, 0x3881, 0x3860, 0x3040, 0x3040, 0x3040, 0x3020, 0x2800, 0x2000,
  0x2800, 0x3040, 0x3880, 0x4080, 0x48C1, 0x48C1, 0x48C0, 0x48C1, 0x50E1, 0x5901, 0x5922, 0x6122,
  0x6142, 0x6142, 0x6962, 0x6962, 0x6962, 0x7183, 0x71A3, 0x79A3, 0x79A3, 0x79A3, 0x79C3, 0x81E4,
  0x81E4, 0x8204, 0x8A04, 0x8A24, 0x8A45, 0x8A24, 0x8A44, 0x9286, 0x9265, 0x9244, 0x9A86, 0x9AA6,
  0x9A85, 0x9A85, 0x9AA6, 0x9AC6, 0xA2C6, 0xA2A6, 0xA2E6, 0xA2E7, 0xA2E6, 0xAAE7, 0xAB07, 0xAB07,
  0xED0D, 0xED0D, 0xECED, 0xECCC, 0xE4AC, 0xE48B, 0xE48B, 0xE46B, 0xE44A, 0xDC2A, 0xDC09, 0xDC09,
  0xDBE9, 0xDBC9, 0xD3C8, 0xD3A8, 0xD388, 0xD347, 0xCB06, 0xCB06, 0xCAE6, 0xC2C5, 0xC2C5, 0xC2C5,
  0xC2A5, 0xBA64, 0xBA43, 0xBA23, 0xBA23, 0xB1E2, 0xB1C2, 0xA9A1, 0xA961, 0xA140, 0xA140, 0xA961,
  0xB1C2, 0xB223, 0xBA85, 0xC2E6, 0xCB47, 0xCB88, 0xCBA9, 0xD40A, 0xD42B, 0xDC6C, 0xDCAD, 0xDCCE,
  0xE4CE, 0xE50F, 0xE550, 0xE52F, 0xE54F, 0xE54F, 0xED4F, 0xED70, 0xED70, 0xED70, 0xED90, 0xEDB1,
  0xF5F2, 0xF633, 0xF675, 0xF6B6, 0xF696, 0xF6D7, 0xFF19, 0xFF19, 0xF6D6, 0xFEB6, 0xF6B6, 0xFED7,
  0xFEF7, 0xFF19, 0xFF5A, 0xFF5A, 0xFF5A, 0xFF9C, 0xFF9C, 0xFF5A, 0xFF7A, 0xFF7A, 0xFF5A, 0xFF39,
  0xFF39, 0xFF5A, 0xFFBD, 0xFFBC, 0xFF5A, 0xFF7B, 0xFF5A, 0xFF39, 0xFF5A, 0xF718, 0xFF18, 0xFF3A,
  0xFF5A, 0xFF7B, 0xF719, 0xF718, 0xF719, 0xF6D7, 0xF6D7, 0xF6F8, 0xF73A, 0xF6D7, 0xF6B7, 0xF696,
  0xF675, 0xEE34, 0xEE34, 0xEE13, 0xEE34, 0xEE14, 0xE614, 0xEE35, 0xE5F3, 0xE5D2, 0xE591, 0xE5F3,
  0xE5D4, 0xE5B3, 0xDD71, 0xDD51, 0xDD92, 0xDD30, 0xD50F, 0xD4CF, 0xCC6D, 0xCC4D, 0xCC4C, 0xC42B,
  0xC3EB, 0xC3CA, 0xBBAA, 0xBBAA, 0xBBAA, 0xBBAA, 0xB38A, 0xB369, 0xAB49, 0xAB4A, 0xAB29, 0xA2E8,
  0xA2A7, 0x9AA7, 0x9A66, 0x9266, 0x9266, 0x8A25, 0x8A05, 0x81E4, 0x81E4, 0x81E5, 0x79C4, 0x79A4,
  0x79A4, 0x71A4, 0x71A4, 0x7184, 0x6963, 0x6943, 0x6942, 0x6942, 0x6143, 0x6122, 0x5902, 0x5922,
  0x5902, 0x5902, 0x58E2, 0x50E1, 0x50C1, 0x48A1, 0x48A1, 0x4880, 0x48A1, 0x48A1, 0x48A1, 0x4080,
  0x4080, 0x4081, 0x4081, 0x4080, 0x3880, 0x3880, 0x3860, 0x3840, 0x3040, 0x3040, 0x3020, 0x2820,
  0x2000, 0x2800, 0x3040, 0x3860, 0x4080, 0x40A1, 0x48C1, 0x48C1, 0x48C1, 0x50E1, 0x5901, 0x5922,
  0x6122, 0x6142, 0x6142, 0x6963, 0x6963, 0x6962, 0x7182, 0x71A3, 0x79C4, 0x79C3, 0x79A3, 0x79C3,
  0x81E4, 0x8204, 0x8A24, 0x8A04, 0x8A24, 0x9265, 0x8A44, 0x8A44, 0x9265, 0x9285, 0x9265, 0x9285,
  0x9A85, 0x9A85, 0x9A85, 0x9AC6, 0xA2C6, 0x9A85, 0xA2A5, 0xA2E7, 0xAAE7, 0xAAE6, 0xAAE6, 0xAB27,
  0xECED, 0xECEC, 0xECCC, 0xE4CC, 0xE4AB, 0xE48B, 0xE46A, 0xE44A, 0xDC2A, 0xDC09, 0xDBE9, 0xDBE8,
  0xDBC8, 0xD3A8, 0xD388, 0xD367, 0xD347, 0xCB06, 0xCAE5, 0xCAC5, 0xC2C5, 0xC2A5, 0xC2A5, 0xC284,
  0xBA64, 0xBA43, 0xBA23, 0xB202, 0xB1C2, 0xA9A1, 0xA961, 0xA140, 0xA120, 0xA160, 0xA9A1, 0xB203,
  0xBA64, 0xC2C6, 0xC307, 0xCB48, 0xCBA9, 0xD3EA, 0xD42B, 0xD44B, 0xDC8C, 0xDCCE, 0xDCAD, 0xE4EE,
  0xE52F, 0xE50E, 0xE52F, 0xE52F, 0xED2E, 0xED2E, 0xED4F, 0xED70, 0xEDB1, 0xEDF2, 0xF634, 0xF655,
  0xF675, 0xF675, 0xF6D7, 0xF6D7, 0xF6B7, 0xFED7, 0xFED7, 0xF6B6, 0xFED6, 0xFEF8, 0xFF5A, 0xFF7B,
  0xFF7B, 0xFF5A, 0xFF39, 0xFF7B, 0xFF5A, 0xFF7A, 0xFF7B, 0xFF7B, 0xFF5A, 0xFF7B, 0xFF5A, 0xFF5A,
  0xFF7B, 0xFF5A, 0xFF5A, 0xFF5A, 0xFF39, 0xFF39, 0xFF5A, 0xFF7A, 0xFF39, 0xFEF8, 0xFF18, 0xFF39,
  0xFF19, 0xFF19, 0xFF18, 0xFF18, 0xF6F8, 0xF6D6, 0xF6B6, 0xF6B6, 0xF6B6, 0xF675, 0xF675, 0xF696,
  0xF675, 0xF634, 0xEE34, 0xEE55, 0xF6D8, 0xEE97, 0xEE76, 0xEE35, 0xE5D3, 0xE5B2, 0xE5F4, 0xE5F4,
  0xE592, 0xE592, 0xDD71, 0xDD71, 0xDD92, 0xDD30, 0xD4EF, 0xD4CF, 0xD4CF, 0xCCAE, 0xCC6D, 0xCC4D,
  0xC44D, 0xC42C, 0xC3EB, 0xBBAA, 0xBBCB, 0xBBCB, 0xB38A, 0xB38A, 0xB369, 0xB38A, 0xAB29, 0xAB08,
  0xAB08, 0x9AA7, 0x9A86, 0x9AA7, 0x92A7, 0x9267, 0x8A46, 0x8A26, 0x81E5, 0x81C4, 0x79A4, 0x79A4,
  0x79A4, 0x79A4, 0x7184, 0x71A4, 0x71A4, 0x6984, 0x6943, 0x6943, 0x6122, 0x6102, 0x6102, 0x5902,
  0x6123, 0x5922, 0x5902, 0x5902, 0x50E1, 0x50C1, 0x48A1, 0x48A1, 0x4880, 0x48A1, 0x48A1, 0x48A1,
  0x4081, 0x4081, 0x40A1, 0x4080, 0x4080, 0x4081, 0x3860, 0x3840, 0x3860, 0x3860, 0x3040, 0x3020,
  0x2820, 0x2000, 0x2000, 0x3020, 0x3840, 0x3880, 0x40A0, 0x40A1, 0x48C1, 0x50E1, 0x50E1, 0x50E1,
  0x5901, 0x6122, 0x6142, 0x6142, 0x6983, 0x6983, 0x6982, 0x7182, 0x79C3, 0x79C3, 0x79C3, 0x79A3,
  0x79E3, 0x81E4, 0x8204, 0x8A24, 0x8A04, 0x8A45, 0x9265, 0x9265, 0x8A24, 0x9265, 0x9A86, 0x9A85,
  0x9265, 0x9A85, 0x9A85, 0x9A85, 0xA2C6, 0xA2E7, 0xA2C6, 0xA2C6, 0xAB07, 0xAB07, 0xAAE6, 0xAAE6,
  0xECEC, 0xE4CC, 0xE4CC, 0xE4AC, 0xE48B, 0xE46B, 0xE44A, 0xDC2A, 0xDC2A, 0xDC09, 0xDBC8, 0xDBC8,
  0xD3A8, 0xD367, 0xD367, 0xD326, 0xCB06, 0xCAE5, 0xCAC5, 0xC2C5, 0xC2A5, 0xC284, 0xC264, 0xBA43,
  0xBA23, 0xB203, 0xB1E2, 0xB1C2, 0xA981, 0xA140, 0xA120, 0xA140, 0xA981, 0xB1E2, 0xB244, 0xBAA5,
  0xC2E6, 0xCB48, 0xCBA9, 0xCBC9, 0xD40A, 0xD42B, 0xDC6C, 0xDCAD, 0xDC8C, 0xDCCD, 0xE4CE, 0xE50F,
  0xE52F, 0xE52F, 0xE52E, 0xED2F, 0xED4F, 0xEDB1, 0xEDD2, 0xEE13, 0xF614, 0xF675, 0xF696, 0xF676,
  0xF6B6, 0xF675, 0xF6B6, 0xFEF8, 0xF6D7, 0xF6B6, 0xF6B6, 0xFEF7, 0xFF7B, 0xFF7B, 0xFF9B, 0xFF7B,
  0xFF7B, 0xFF7B, 0xFF7B, 0xFF5A, 0xFF5A, 0xFF59, 0xFF39, 0xFF39, 0xFF5A, 0xFF5A, 0xFF5A, 0xFF39,
  0xFF18, 0xFF18, 0xFF18, 0xFF18, 0xFF39, 0xFF18, 0xFF39, 0xFF18, 0xFF18, 0xFF59, 0xFF39, 0xFF39,
  0xFF39, 0xFF19, 0xFEF8, 0xFED7, 0xF6D6, 0xF6B6, 0xF6D7, 0xF6D7, 0xF6D8, 0xF6D8, 0xF6B7, 0xF696,
  0xF696, 0xF675, 0xEE76, 0xEE55, 0xEE97, 0xEE55, 0xEE14, 0xEDF3, 0xEDF3, 0xE5F3, 0xEE35, 0xE5B3,
  0xE591, 0xE591, 0xE5D3, 0xDD71, 0xDD51, 0xDD10, 0xD4EF, 0xD4EF, 0xD4EF, 0xD4AE, 0xCC8E, 0xCC6D,
  0xC44D, 0xC44D, 0xC42C, 0xBBEB, 0xBBEB, 0xBBAB, 0xBBAB, 0xB38A, 0xB3CB, 0xB369, 0xAB29, 0xA2E8,
  0xA2C7, 0xA2C7, 0x9AA7, 0x9AA7, 0x9AA8, 0x9AA7, 0x9246, 0x8A26, 0x8A26, 0x8205, 0x81E5, 0x79C4,
  0x79A3, 0x7983, 0x7183, 0x7183, 0x71A4, 0x71A4, 0x6963, 0x6943, 0x6943, 0x6122, 0x6102, 0x6101,
  0x5902, 0x5902, 0x5922, 0x5902, 0x5902, 0x50E2, 0x50C1, 0x48C1, 0x48A1, 0x4880, 0x48A1, 0x48A1,
  0x48A1, 0x4080, 0x48A1, 0x4081, 0x4080, 0x4081, 0x4081, 0x3860, 0x3840, 0x3860, 0x3060, 0x3040,
  0x3040, 0x2820, 0x2800, 0x2000, 0x2820, 0x3040, 0x3880, 0x40A1, 0x40A0, 0x48C1, 0x50E1, 0x50E1,
  0x50E1, 0x5901, 0x5922, 0x6122, 0x6962, 0x6983, 0x71A3, 0x7183, 0x7182, 0x71A3, 0x79E4, 0x79E4,
  0x79C3, 0x81C3, 0x81E4, 0x8204, 0x8A24, 0x8A04, 0x8A45, 0x9286, 0x9285, 0x9244, 0x9245, 0x9A85,
  0x9A85, 0x9265, 0x9A85, 0x9AA6, 0xA2A6, 0xA2C6, 0xA2C6, 0xA307, 0xA2E6, 0xAAE6, 0xAB07, 0xAAE6,
  0xE4CC, 0xE4AC, 0xE4AB, 0xE48B, 0xE46A, 0xE44A, 0xDC2A, 0xDC09, 0xDC09, 0xDBE9, 0xDBC8, 0xD3A8,
  0xD387, 0xD367, 0xD346, 0xCB26, 0xCB06, 0xCAE5, 0xC2C5, 0xC2C5, 0xC2A4, 0xBA64, 0xBA43, 0xBA23,
  0xB202, 0xB1C2, 0xA9A1, 0xA961, 0xA140, 0xA120, 0xA161, 0xA9C2, 0xB223, 0xBA85, 0xC2C6, 0xC327,
  0xCB68, 0xCBA9, 0xD3EA, 0xD42B, 0xD44B, 0xDC8C, 0xDCAD, 0xDCEE, 0xDCCE, 0xDCCD, 0xE4EE, 0xE4ED,
  0xE50E, 0xE52E, 0xED70, 0xEDD2, 0xEE13, 0xEDF3, 0xEE34, 0xF634, 0xF654, 0xF655, 0xF675, 0xF675,
  0xF674, 0xF695, 0xF695, 0xF695, 0xF696, 0xFEB6, 0xFEF8, 0xFF5A, 0xFF5A, 0xFF5A, 0xFF5A, 0xFF39,
  0xFF39, 0xFF5A, 0xFF5A, 0xFF5A, 0xFF5A, 0xFF7B, 0xFF5A, 0xFF59, 0xFF18, 0xFF18, 0xFF39, 0xFF59,
  0xFF5A, 0xFF5A, 0xFF7B, 0xFF9C, 0xFF7B, 0xFF9B, 0xFF5A, 0xFF39, 0xFF39, 0xFF18, 0xFF18, 0xFEF8,
  0xFEF7, 0xFEF7, 0xFED7, 0xFEB6, 0xFEB6, 0xFEF8, 0xF6D8, 0xFF19, 0xF6D7, 0xF696, 0xF6D7, 0xF696,
  0xF6B7, 0xF719, 0xF6B7, 0xEE55, 0xEE75, 0xEE34, 0xEE35, 0xEE34, 0xEDF4, 0xE5F4, 0xE5F4, 0xE592,
  0xE592, 0xE571, 0xE592, 0xDD71, 0xDD30, 0xDD30, 0xDD30, 0xD510, 0xD4EF, 0xD4AE, 0xD4AE, 0xCCAE,
  0xCC6D, 0xCC4D, 0xC42C, 0xC44D, 0xC42C, 0xBBEC, 0xBBCB, 0xBBAA, 0xB38A, 0xB38A, 0xAB49, 0xAB29,
  0xA2E8, 0xA2E8, 0x9AA6, 0x9A86, 0x9AA7, 0x9A87, 0x9266, 0x8A46, 0x8A46, 0x8A26, 0x8205, 0x81E5,
  0x79C4, 0x7983, 0x7983, 0x7183, 0x7163, 0x7184, 0x7184, 0x6984, 0x6943, 0x6963, 0x6943, 0x6102,
  0x6101, 0x58E1, 0x5902, 0x5922, 0x5902, 0x58E2, 0x50E2, 0x50C1, 0x50A1, 0x48A1, 0x48A1, 0x48A0,
  0x48A1, 0x48A1, 0x40A1, 0x48A1, 0x4080, 0x4080, 0x4081, 0x3880, 0x3860, 0x3860, 0x3860, 0x3040,
  0x3040, 0x3040, 0x2820, 0x2800, 0x2000, 0x2800, 0x3040, 0x3880, 0x40A1, 0x40A1, 0x48C1, 0x5102,
  0x5102, 0x5101, 0x5901, 0x5922, 0x6142, 0x6962, 0x6983, 0x7183, 0x71C3, 0x71A3, 0x71A3, 0x79C3,
  0x81E4, 0x79C3, 0x81E3, 0x8204, 0x8A04, 0x8A04, 0x8A45, 0x8A45, 0x9265, 0x9265, 0x9265, 0x9265,
  0x9AA6, 0x9AA6, 0x9A65, 0x9A85, 0x9AA5, 0xA2C6, 0xA2C6, 0xA2A6, 0xAB07, 0xAB07, 0xA2C6, 0xAB07,
  0xE4AC, 0xE48B, 0xE48B, 0xE46B, 0xE44A, 0xDC2A, 0xDC29, 0xDC09, 0xDBC8, 0xD3A8, 0xD387, 0xD367,
  0xD367, 0xD346, 0xCB26, 0xCB26, 0xCAE6, 0xC2C5, 0xC2A5, 0xC284, 0xBA64, 0xBA44, 0xBA23, 0xB1E2,
  0xB1C2, 0xA981, 0xA961, 0xA120, 0xA140, 0xA981, 0xB1E3, 0xB244, 0xBA85, 0xC2E6, 0xC327, 0xCB68,
  0xCBA9, 0xD3EA, 0xD42B, 0xD44B, 0xD44B, 0xDC6C, 0xDCAD, 0xDCCE, 0xE4EE, 0xE4CD, 0xE4CD, 0xE50E,
  0xE550, 0xED91, 0xEDD2, 0xEE14, 0xEE13, 0xEDF3, 0xEE13, 0xF654, 0xF675, 0xF634, 0xF633, 0xF633,
  0xF654, 0xF675, 0xF6B6, 0xFEF8, 0xFF5A, 0xFF39, 0xFEF8, 0xFEF7, 0xFF39, 0xFF3A, 0xFF7A, 0xFF39,
  0xFF5A, 0xFF39, 0xFF5A, 0xFF7A, 0xFF39, 0xFF38, 0xFF38, 0xFF18, 0xFF59, 0xFF7A, 0xFF7A, 0xFF7B,
  0xFFBD, 0xFF7B, 0xFF7A, 0xFF59, 0xFF39, 0xFF18, 0xFF18, 0xFF18, 0xFEF7, 0xFF18, 0xFF39, 0xFF39,
  0xFF19, 0xFEF8, 0xFEF8, 0xFF19, 0xFF18, 0xF6D7, 0xF6B6, 0xF6B6, 0xF696, 0xF675, 0xF675, 0xF695,
  0xF696, 0xF696, 0xF675, 0xEE34, 0xEE13, 0xEE14, 0xEE34, 0xEE14, 0xEE14, 0xEDF4, 0xE5D2, 0xE5B2,
  0xE5B2, 0xE5B2, 0xDD71, 0xE571, 0xDD30, 0xDD30, 0xDD30, 0xD50F, 0xD4EF, 0xD4AE, 0xD4AE, 0xCC8E,
  0xCC8E, 0xCC4D, 0xCC4D, 0xC44D, 0xC40C, 0xBBEB, 0xBBCB, 0xBB8A, 0xB38A, 0xB3AB, 0xB38A, 0xAB29,
  0xAB29, 0xA308, 0xA2C7, 0x9A86, 0x9A86, 0x9A86, 0x9266, 0x9266, 0x8A26, 0x8A26, 0x8A26, 0x8205,
  0x81C4, 0x79C4, 0x7983, 0x7983, 0x7163, 0x7163, 0x7163, 0x7184, 0x7184, 0x6963, 0x6963, 0x6122,
  0x6102, 0x6102, 0x58E1, 0x5902, 0x5902, 0x5902, 0x58E2, 0x50E2, 0x50E1, 0x50C1, 0x48A1, 0x48A1,
  0x48A1, 0x48A1, 0x4880, 0x48C1, 0x40A1, 0x4080, 0x4081, 0x4081, 0x4080, 0x3860, 0x3880, 0x3860,
  0x3040, 0x3040, 0x3040, 0x2820, 0x2800, 0x2000, 0x2800, 0x3040, 0x3880, 0x40A1, 0x48C1, 0x48C1,
  0x48E1, 0x5102, 0x5902, 0x5901, 0x5901, 0x6122, 0x6962, 0x6983, 0x71A3, 0x79C4, 0x71A3, 0x79A3,
  0x79C3, 0x8204, 0x81E4, 0x8204, 0x81E4, 0x81E4, 0x8A04, 0x8A45, 0x9245, 0x9245, 0x9A86, 0x9285,
  0x9245, 0x9A86, 0x9AA6, 0x9A85, 0x9AA6, 0xA2A6, 0xA2E6, 0xA2C6, 0xA2C6, 0xA2E6, 0xAB07, 0xAAE6,
  0xE48B, 0xE48B, 0xE46A, 0xE44A, 0xDC2A, 0xDC09, 0xDC09, 0xDBE9, 0xDBC8, 0xD3A8, 0xD367, 0xD367,
  0xD347, 0xCB26, 0xCB06, 0xCB06, 0xC2C5, 0xC2A5, 0xC284, 0xBA64, 0xBA43, 0xBA23, 0xB1E2, 0xB1C2,
  0xA981, 0xA140, 0xA140, 0xA161, 0xA9C2, 0xB224, 0xBA65, 0xBAC6, 0xC307, 0xCB68, 0xCB88, 0xCBC9,
  0xD3EA, 0xD42B, 0xD44C, 0xDC8C, 0xDCAD, 0xDC8C, 0xDCAC, 0xE4CD, 0xE4EE, 0xE52F, 0xE52F, 0xED91,
  0xED91, 0xED91, 0xEDD2, 0xEDD2, 0xF613, 0xF613, 0xF5F2, 0xF612, 0xF612, 0xF613, 0xF654, 0xF695,
  0xFEF8, 0xFF19, 0xFEF7, 0xFEF7, 0xFEF8, 0xFF39, 0xFF5A, 0xFF39, 0xFF18, 0xFF38, 0xFF39, 0xFF18,
  0xFF18, 0xFF18, 0xFF18, 0xFF17, 0xFF18, 0xFF39, 0xFF5A, 0xFF7B, 0xFF7B, 0xFF7B, 0xFF7B, 0xFF7A,
  0xFF5A, 0xFF39, 0xFF38, 0xFF18, 0xFF59, 0xFF5A, 0xFF39, 0xFF7B, 0xFF7B, 0xFF7B, 0xFF7C, 0xFFBD,
  0xFF5A, 0xFF5A, 0xFF7B, 0xFF5A, 0xF6F8, 0xF719, 0xF739, 0xF6F8, 0xF6F8, 0xF696, 0xF696, 0xF696,
  0xF675, 0xF634, 0xF613, 0xEE13, 0xEDF3, 0xEE34, 0xEDF3, 0xEDD2, 0xEDD2, 0xE5B2, 0xE5B2, 0xE5D2,
  0xE5B2, 0xE571, 0xE550, 0xDD30, 0xDD2F, 0xDD30, 0xDD0F, 0xDCEF, 0xDCEF, 0xD4EF, 0xD4AE, 0xCC8D,
  0xCC4C, 0xCC4C, 0xCC8E, 0xC44D, 0xC40C, 0xC3EB, 0xBBAA, 0xBB8A, 0xB38A, 0xB36A, 0xB369, 0xAB29,
  0xAB6A, 0xAB29, 0xA2E8, 0xA2A7, 0x9AA7, 0x9A66, 0x9245, 0x9245, 0x9246, 0x8A25, 0x8A25, 0x8205,
  0x81E5, 0x81E5, 0x79C4, 0x79A4, 0x7183, 0x7163, 0x7142, 0x7163, 0x7163, 0x7184, 0x6963, 0x6943,
  0x6122, 0x6122, 0x6102, 0x5901, 0x5902, 0x58E2, 0x5902, 0x58E2, 0x50E2, 0x50C1, 0x50C1, 0x48A1,
  0x48A1, 0x48A1, 0x4880, 0x4881, 0x48C1, 0x4080, 0x4081, 0x40A1, 0x4081, 0x3860, 0x3860, 0x3881,
  0x3860, 0x3060, 0x3060, 0x3040, 0x3040, 0x2800, 0x2000, 0x2000, 0x3020, 0x3860, 0x40A1, 0x40C1,
  0x48C1, 0x48C1, 0x5102, 0x5902, 0x5922, 0x5901, 0x6122, 0x6962, 0x6983, 0x7183, 0x71A3, 0x79C3,
  0x79C3, 0x79C3, 0x81E4, 0x8204, 0x8A45, 0x8A45, 0x8A24, 0x8A04, 0x9245, 0x9245, 0x9265, 0x9A86,
  0x9A86, 0x9A65, 0x9A86, 0x9AA6, 0xA2A6, 0xA307, 0xA2C6, 0xA2E6, 0xA2C6, 0xAAE7, 0xAB07, 0xAB07,
  0xE48B, 0xE46B, 0xE44A, 0xDC4A, 0xDC29, 0xDC09, 0xDBE9, 0xDBC8, 0xD3A8, 0xD388, 0xD367, 0xD347,
  0xCB26, 0xCB06, 0xCAE5, 0xC2C5, 0xC2A5, 0xC284, 0xC264, 0xBA43, 0xBA03, 0xB1E2, 0xA9A1, 0xA961,
  0xA140, 0xA140, 0xA981, 0xB1E3, 0xB244, 0xBAA6, 0xC2E6, 0xC327, 0xCB68, 0xCBA9, 0xCBC9, 0xD40B,
  0xD44B, 0xDC6C, 0xDC6C, 0xDC6C, 0xDC8C, 0xE4AC, 0xE4CD, 0xE50E, 0xE570, 0xED91, 0xED91, 0xED91,
  0xEDB1, 0xEDB1, 0xEDB1, 0xEDB1, 0xEDF2, 0xF612, 0xF613, 0xF654, 0xF696, 0xF675, 0xF6B6, 0xF6D7,
  0xFEF8, 0xFF19, 0xFEF8, 0xFF18, 0xFEF8, 0xFEF8, 0xFEF8, 0xFF18, 0xFF18, 0xFEF7, 0xFED6, 0xFEF7,
  0xFEF7, 0xFF18, 0xFF18, 0xFF7B, 0xFF7B, 0xFF9C, 0xFFDD, 0xFF9C, 0xFF7B, 0xFF7B, 0xFF7B, 0xFF7A,
  0xFF59, 0xFF5A, 0xFF7A, 0xFF7B, 0xFF7B, 0xFF7B, 0xFF9B, 0xFF7B, 0xFF9B, 0xFF5A, 0xFF5A, 0xFF7B,
  0xFF39, 0xFF3A, 0xF739, 0xF719, 0xFF39, 0xFF3A, 0xF6D7, 0xF6F8, 0xF6F8, 0xF6D7, 0xF6D8, 0xF6D8,
  0xF6D8, 0xF697, 0xF655, 0xEE34, 0xEE13, 0xEE13, 0xEDD2, 0xEE14, 0xEDF4, 0xEDF3, 0xE5B2, 0xE571,
  0xE570, 0xE550, 0xDD50, 0xDD30, 0xDD2F, 0xDD51, 0xDD0F, 0xDCEF, 0xD4EF, 0xD4CE, 0xD4AE, 0xCC6D,
  0xCC4C, 0xCC4C, 0xCC8E, 0xC44D, 0xC40C, 0xC3EB, 0xBBCB, 0xBB8A, 0xBB89, 0xB349, 0xB348, 0xAB49,
  0xB3AB, 0xAB29, 0xA329, 0xA2E8, 0x9AA7, 0x9A87, 0x9266, 0x9245, 0x8A05, 0x9225, 0x8A05, 0x8A05,
  0x8A05, 0x8205, 0x79C4, 0x79A4, 0x79A4, 0x7183, 0x7163, 0x7142, 0x6942, 0x6963, 0x6963, 0x6963,
  0x6942, 0x6122, 0x6122, 0x6102, 0x5902, 0x58E1, 0x58E1, 0x58E2, 0x5902, 0x50E1, 0x50E1, 0x50C1,
  0x50C1, 0x48A1, 0x48A1, 0x4880, 0x48A1, 0x48A1, 0x4080, 0x4081, 0x4081, 0x4080, 0x3860, 0x3881,
  0x3881, 0x3860, 0x3860, 0x3060, 0x3040, 0x3040, 0x2820, 0x2000, 0x2000, 0x3040, 0x3880, 0x4080,
  0x40C1, 0x48C1, 0x48E1, 0x5102, 0x5902, 0x5922, 0x6122, 0x6121, 0x6962, 0x6983, 0x7183, 0x71A3,
  0x79C3, 0x79C3, 0x79C3, 0x81E4, 0x8204, 0x8A25, 0x8A65, 0x8A45, 0x8A24, 0x9245, 0x9245, 0x9265,
  0x9A86, 0x9AA6, 0x9A85, 0x9AA6, 0xA2C6, 0xA2C6, 0xA2E7, 0xA2C6, 0xA2C6, 0xA2C6, 0xAAE6, 0xAB07,
  0xE46B, 0xE44A, 0xDC2A, 0xDC29, 0xDC09, 0xDBE9, 0xDBC8, 0xD3A8, 0xD388, 0xD367, 0xCB46, 0xCB26,
  0xCB06, 0xCAE5, 0xC2C5, 0xC284, 0xC264, 0xBA64, 0xBA23, 0xB203, 0xB1E2, 0xA9A1, 0xA961, 0xA140,
  0xA160, 0xA9A1, 0xB203, 0xBA64, 0xBAA6, 0xC307, 0xC348, 0xCB89, 0xCBA9, 0xCBEA, 0xD40B, 0xD44B,
  0xDC8C, 0xDC6C, 0xDC6B, 0xDC6B, 0xDC8C, 0xE4CD, 0xE52F, 0xE550, 0xE591, 0xED91, 0xEDB1, 0xEDB1,
  0xEDD2, 0xEDB1, 0xEDD1, 0xEDF2, 0xF613, 0xF634, 0xF6B6, 0xF696, 0xF6B7, 0xF695, 0xF695, 0xFEB6,
  0xF6B6, 0xFEF8, 0xFEF7, 0xFF18, 0xFF5A, 0xFF39, 0xFF18, 0xFF39, 0xFEF7, 0xFF18, 0xFF18, 0xFF39,
  0xFF5A, 0xFF7B, 0xFF9B, 0xFF7B, 0xFF7A, 0xFF7A, 0xFF9C, 0xFF7A, 0xFF5A, 0xFF5A, 0xFF7A, 0xFF7B,
  0xFF7B, 0xFF9C, 0xFFBD, 0xFF7B, 0xFF5A, 0xFF7A, 0xFF5A, 0xFF39, 0xFF7A, 0xFF5A, 0xFF3A, 0xFF19,
  0xFF19, 0xFF39, 0xFF39, 0xFF3A, 0xF6F8, 0xF6D7, 0xF6D7, 0xF6D7, 0xF719, 0xF6F8, 0xF6D8, 0xF6D7,
  0xF696, 0xF676, 0xF676, 0xEE35, 0xEE34, 0xEE34, 0xEE55, 0xEE35, 0xEE14, 0xE5D3, 0xE592, 0xE591,
  0xE550, 0xDD2F, 0xDD2F, 0xDD0F, 0xDCEE, 0xDD0F, 0xDD0F, 0xDD30, 0xD4CE, 0xD4CE, 0xD4AE, 0xD48D,
  0xCC6D, 0xCC4D, 0xCC6D, 0xC42C, 0xC3EB, 0xC3EB, 0xBBCA, 0xBB8A, 0xB38A, 0xB38A, 0xB348, 0xB349,
  0xB38A, 0xAB49, 0xAB4A, 0xA2E8, 0xA2C8, 0x9AA7, 0x9A87, 0x9266, 0x9246, 0x8A25, 0x89E4, 0x89E4,
  0x81E4, 0x8205, 0x81E5, 0x79A4, 0x79A4, 0x79A4, 0x7163, 0x7163, 0x7142, 0x6942, 0x6963, 0x6963,
  0x6943, 0x6922, 0x6122, 0x6122, 0x6122, 0x5902, 0x58E1, 0x58E1, 0x58E1, 0x58E2, 0x50E2, 0x50C1,
  0x50C1, 0x50A1, 0x50C1, 0x48A1, 0x48A1, 0x4881, 0x4080, 0x4081, 0x40A1, 0x4081, 0x4060, 0x3860,
  0x3880, 0x3860, 0x3860, 0x3860, 0x3060, 0x3040, 0x3040, 0x2820, 0x2000, 0x2000, 0x3040, 0x3860,
  0x40A1, 0x40C1, 0x40C1, 0x48E1, 0x5101, 0x5902, 0x5922, 0x6142, 0x6142, 0x6962, 0x7183, 0x7182,
  0x7182, 0x79C3, 0x79C3, 0x79C3, 0x8204, 0x8A24, 0x8A45, 0x9286, 0x9266, 0x8A24, 0x9245, 0x9265,
  0x9265, 0x9A86, 0x9AC6, 0x9A85, 0x9A85, 0xA2E7, 0xA2E7, 0xA2C6, 0xA307, 0xA2E6, 0xAAE6, 0xAB07,
  0xE44A, 0xDC2A, 0xDC09, 0xDC09, 0xDBE9, 0xD3C8, 0xD3A8, 0xD387, 0xD367, 0xCB26, 0xCB26, 0xCAE6,
  0xCAE5, 0xC2C5, 0xC2A5, 0xC284, 0xBA44, 0xBA23, 0xBA03, 0xB1C2, 0xA9A1, 0xA961, 0xA140, 0xA981,
  0xA9C2, 0xB203, 0xBA65, 0xBAC6, 0xC307, 0xC348, 0xCB89, 0xCBCA, 0xD3EA, 0xD42B, 0xD44B, 0xD46C,
  0xDC6C, 0xDC6B, 0xDC8C, 0xE4CD, 0xE50E, 0xE550, 0xE570, 0xED91, 0xED90, 0xED70, 0xED90, 0xED91,
  0xEDB1, 0xF613, 0xF634, 0xF634, 0xF655, 0xF655, 0xF695, 0xF696, 0xFEF8, 0xFED7, 0xFED7, 0xFEB6,
  0xFEB6, 0xFED7, 0xFEF8, 0xFF18, 0xFEF7, 0xFED7, 0xFEB6, 0xFED6, 0xFF17, 0xFF39, 0xFFBC, 0xFF9C,
  0xFF5A, 0xFF5A, 0xFF7A, 0xFF9C, 0xFF9C, 0xFF9C, 0xFF7A, 0xFF7B, 0xFF7B, 0xFFBC, 0xFF9B, 0xFF7A,
  0xFF9B, 0xFFBC, 0xFF7B, 0xFF7B, 0xFF5A, 0xFF5A, 0xFF59, 0xFF7B, 0xFF7B, 0xFF39, 0xFF39, 0xFF39,
  0xFF19, 0xFF19, 0xFF39, 0xFF39, 0xFF18, 0xF6D7, 0xF6D7, 0xF6B6, 0xF6F8, 0xF6D8, 0xF6D8, 0xF696,
  0xF676, 0xF675, 0xF655, 0xEE34, 0xEE13, 0xEE35, 0xEE97, 0xEE76, 0xEDF3, 0xEDF3, 0xE5D3, 0xE592,
  0xE592, 0xE571, 0xDD50, 0xDD71, 0xDD30, 0xDD0F, 0xDCCE, 0xD4CE, 0xD4AE, 0xD4AD, 0xD48D, 0xD46D,
  0xCC6D, 0xCC6D, 0xCC4C, 0xC40B, 0xC3EB, 0xC3EB, 0xBBAA, 0xBBAA, 0xBBAA, 0xB38A, 0xB369, 0xB349,
  0xB349, 0xAB29, 0xAB08, 0xAB08, 0xA2C7, 0xA2C7, 0x9AA7, 0x9A86, 0x9266, 0x9246, 0x8A25, 0x89E5,
  0x81C4, 0x81C4, 0x81E4, 0x81C4, 0x79C4, 0x79A3, 0x7983, 0x7163, 0x7163, 0x6942, 0x6942, 0x6963,
  0x6943, 0x6942, 0x6942, 0x6122, 0x6123, 0x6122, 0x58E2, 0x5902, 0x58E1, 0x50E1, 0x58E2, 0x50C1,
  0x50C1, 0x50C1, 0x50C1, 0x50C1, 0x48A1, 0x48A0, 0x4880, 0x4080, 0x40A1, 0x40A1, 0x4080, 0x4060,
  0x3881, 0x4081, 0x3860, 0x3860, 0x3860, 0x3860, 0x3040, 0x3040, 0x2820, 0x2000, 0x2000, 0x3040,
  0x3860, 0x40A1, 0x40C1, 0x48C1, 0x48E1, 0x5102, 0x5922, 0x5942, 0x6142, 0x6142, 0x6963, 0x71A3,
  0x71A3, 0x71A3, 0x79C4, 0x8204, 0x8204, 0x81E3, 0x8A24, 0x8A25, 0x9265, 0x8A45, 0x8A44, 0x9265,
  0x9285, 0x9265, 0x9A86, 0xA2C6, 0x9A85, 0xA2C6, 0xA307, 0xA2E7, 0xA2C6, 0xAAE7, 0xAAE6, 0xAB07,
  0xDC2A, 0xDC29, 0xDC09, 0xDBE9, 0xDBC8, 0xD3A8, 0xD388, 0xD367, 0xCB47, 0xCB26, 0xCAE5, 0xCAE5,
  0xC2A5, 0xC2A4, 0xC284, 0xBA64, 0xBA23, 0xB203, 0xB1E2, 0xA9A2, 0xA961, 0xA161, 0xA981, 0xA9E2,
  0xB224, 0xBA85, 0xC2E6, 0xC327, 0xCB68, 0xCBA9, 0xCBCA, 0xD3EA, 0xD42B, 0xD44C, 0xD46B, 0xDC6B,
  0xDC6C, 0xDCAD, 0xE4EE, 0xE50F, 0xE550, 0xE570, 0xE570, 0xE56F, 0xED70, 0xED90, 0xEDB1, 0xEE13,
  0xF633, 0xF633, 0xF654, 0xF675, 0xF675, 0xF675, 0xF695, 0xF675, 0xFEB6, 0xF6D6, 0xFEB6, 0xFED6,
  0xFEB6, 0xFEB6, 0xFEB6, 0xFED6, 0xFED6, 0xFEF8, 0xFF5A, 0xFF18, 0xFF59, 0xFF5A, 0xFF7A, 0xFF7A,
  0xFF9B, 0xFF9B, 0xFF7A, 0xFF5A, 0xFF9B, 0xFF59, 0xFF39, 0xFF9B, 0xFF9B, 0xFFBC, 0xFF7B, 0xFF9C,
  0xFF7B, 0xFF7B, 0xFF9C, 0xFF7B, 0xFF7B, 0xFF7B, 0xFF59, 0xFF39, 0xFF39, 0xFF19, 0xFF18, 0xFF19,
  0xFF18, 0xFF39, 0xF718, 0xFF19, 0xF6D7, 0xFF39, 0xF6F8, 0xF696, 0xF6B6, 0xF696, 0xF675, 0xF676,
  0xF675, 0xF655, 0xEE34, 0xEE13, 0xEE14, 0xEE76, 0xEE35, 0xEE14, 0xEDF4, 0xE5D3, 0xE5B2, 0xE591,
  0xE571, 0xE550, 0xE5D3, 0xDD92, 0xDD71, 0xDD51, 0xDD51, 0xDD0F, 0xD4EF, 0xD4CF, 0xD46D, 0xCC4C,
  0xCC2C, 0xCC2C, 0xCC2B, 0xCC0B, 0xC40B, 0xC3EA, 0xC3CA, 0xBBCA, 0xBB8A, 0xBB8A, 0xB38A, 0xB328,
  0xAB28, 0xAB29, 0xAB08, 0xAB08, 0xA2E8, 0xA2C7, 0x9A86, 0x9AA7, 0x9A87, 0x9246, 0x9246, 0x8A25,
  0x8A05, 0x81E4, 0x81C4, 0x81C4, 0x79A3, 0x7983, 0x79A3, 0x7183, 0x7163, 0x7142, 0x6922, 0x6942,
  0x6963, 0x6943, 0x6122, 0x6943, 0x6122, 0x6122, 0x6102, 0x6102, 0x5902, 0x58E1, 0x58E1, 0x50C1,
  0x50C1, 0x50C1, 0x50E2, 0x50C1, 0x50C1, 0x48A1, 0x4880, 0x4080, 0x4080, 0x40A1, 0x40A1, 0x4080,
  0x4080, 0x40A1, 0x3881, 0x3860, 0x3880, 0x3880, 0x3060, 0x3040, 0x3040, 0x2820, 0x2000, 0x2000,
  0x3040, 0x3880, 0x40A1, 0x48E1, 0x48C1, 0x50E1, 0x5102, 0x5902, 0x6142, 0x6163, 0x6963, 0x6983,
  0x71A3, 0x71C4, 0x79C3, 0x79E4, 0x8225, 0x8225, 0x81E3, 0x8A04, 0x8A45, 0x9266, 0x9286, 0x9265,
  0x9265, 0x9A85, 0x9AA6, 0x9AA6, 0xA2C6, 0x9AA6, 0xA2C6, 0xA2E7, 0xAB07, 0xAB07, 0xAB07, 0xAAE6,
  0xDC2A, 0xDC09, 0xDBE9, 0xD3C9, 0xD3C8, 0xD3A8, 0xD387, 0xCB67, 0xCB26, 0xCB06, 0xCAE5, 0xC2C5,
  0xC2A4, 0xC284, 0xBA64, 0xBA23, 0xB203, 0xB1C2, 0xA981, 0xA961, 0xA961, 0xA9A1, 0xB1E3, 0xB244,
  0xBAA5, 0xC2E6, 0xC327, 0xCB89, 0xCBA9, 0xCBEA, 0xD40A, 0xD42B, 0xD42B, 0xDC4B, 0xDC6C, 0xDCAC,
  0xDCCD, 0xE50F, 0xE54F, 0xE550, 0xE570, 0xED70, 0xE570, 0xED91, 0xEDD2, 0xEDF2, 0xEDF3, 0xEDF2,
  0xF613, 0xF633, 0xF654, 0xF654, 0xF695, 0xF696, 0xFEB6, 0xF675, 0xF695, 0xF695, 0xFE96, 0xFEB6,
  0xFEF7, 0xFEF8, 0xFED7, 0xFF39, 0xFF18, 0xFF39, 0xFF5A, 0xFF39, 0xFF39, 0xFF39, 0xFF5A, 0xFF5A,
  0xFF7A, 0xFF5A, 0xFF5A, 0xFF5A, 0xFF39, 0xFF5A, 0xFF5A, 0xFF39, 0xFF39, 0xFF5A, 0xFF5A, 0xFF5A,
  0xFF59, 0xFF18, 0xFF39, 0xFF5A, 0xFF5A, 0xFF39, 0xFF39, 0xFF7A, 0xFF5A, 0xFF5A, 0xFF7B, 0xFF5A,
  0xFF39, 0xFF39, 0xFF39, 0xFED7, 0xFEF8, 0xF718, 0xF6D7, 0xF696, 0xF675, 0xF6B6, 0xF675, 0xF655,
  0xF634, 0xF634, 0xF634, 0xEE13, 0xF697, 0xEE96, 0xEE14, 0xE5F3, 0xEDF3, 0xE5B2, 0xE591, 0xE571,
  0xE591, 0xE5B2, 0xDD92, 0xDD51, 0xDD71, 0xDD30, 0xDD30, 0xDD10, 0xD4CF, 0xD4CE, 0xD4AE, 0xD4CF,
  0xCCAE, 0xCC6E, 0xCC4C, 0xC40B, 0xC3EB, 0xC3CA, 0xBB89, 0xBB89, 0xBB8A, 0xBB89, 0xB369, 0xB349,
  0xAB08, 0xAB08, 0xAB08, 0xAB08, 0xA2C7, 0xA2C7, 0x9A86, 0x9A87, 0x9A86, 0x9246, 0x9246, 0x8A25,
  0x8A25, 0x81E5, 0x81E4, 0x8205, 0x79A4, 0x7983, 0x7983, 0x7983, 0x7183, 0x7163, 0x7142, 0x6922,
  0x6943, 0x6943, 0x6922, 0x6943, 0x6122, 0x6122, 0x6102, 0x6122, 0x5902, 0x58E2, 0x58E1, 0x50C1,
  0x50C1, 0x50C1, 0x58E2, 0x50C1, 0x50C1, 0x50C1, 0x48A1, 0x4880, 0x4080, 0x4080, 0x48A1, 0x4081,
  0x4080, 0x40A1, 0x40A1, 0x3860, 0x3880, 0x3881, 0x3880, 0x3040, 0x3040, 0x3040, 0x2820, 0x2000,
  0x2000, 0x3040, 0x3860, 0x40A1, 0x48C1, 0x48E2, 0x50E1, 0x5102, 0x5922, 0x6142, 0x6163, 0x6963,
  0x6983, 0x71A3, 0x71A3, 0x79C3, 0x79E4, 0x8205, 0x8225, 0x8A24, 0x8A04, 0x8A24, 0x9265, 0x9286,
  0x9265, 0x9285, 0x9AA6, 0x9AC6, 0x9AC6, 0xA2C6, 0xA2C6, 0xA2E6, 0xAB07, 0xA2E6, 0xAB07, 0xAB07,
  0xDC09, 0xDBE9, 0xDBE9, 0xD3C8, 0xD3A8, 0xD387, 0xCB67, 0xCB47, 0xCB06, 0xCAE6, 0xC2C5, 0xC2A4,
  0xC284, 0xBA44, 0xBA23, 0xB203, 0xB1C2, 0xA9A1, 0xA981, 0xA981, 0xA9A2, 0xB203, 0xB244, 0xBAA5,
  0xC307, 0xC328, 0xCB89, 0xCBC9, 0xD3EA, 0xD40A, 0xD40A, 0xD42B, 0xD44B, 0xDC6B, 0xDCAD, 0xDD0F,
  0xE52F, 0xE52F, 0xE54F, 0xE570, 0xEDB1, 0xEDD2, 0xEDB1, 0xEDD2, 0xEE34, 0xF655, 0xF634, 0xF633,
  0xF675, 0xF695, 0xF675, 0xF654, 0xF654, 0xF654, 0xF675, 0xF675, 0xFE95, 0xFEB6, 0xFED7, 0xFF39,
  0xFEF7, 0xFF39, 0xFF18, 0xFF59, 0xFF39, 0xFF7A, 0xFF5A, 0xFF7B, 0xFF5A, 0xFF39, 0xFF39, 0xFF7A,
  0xFF5A, 0xFF7A, 0xFF5A, 0xFF5A, 0xFF7B, 0xFF7B, 0xFF9B, 0xFF5A, 0xFF5A, 0xFF59, 0xFF5A, 0xFF7A,
  0xFF5A, 0xFF5A, 0xFF59, 0xFF39, 0xFF59, 0xFF39, 0xFF7A, 0xFF5A, 0xFF5A, 0xFF7A, 0xFF3A, 0xFF39,
  0xFF19, 0xFEF8, 0xFEF7, 0xFEF7, 0xFED7, 0xF6B6, 0xF696, 0xF6B7, 0xF6B6, 0xF696, 0xF675, 0xF675,
  0xF675, 0xF655, 0xF655, 0xEE55, 0xEE34, 0xEE34, 0xEE14, 0xEE14, 0xEDD2, 0xE591, 0xE591, 0xE5B2,
  0xE5D3, 0xE5B3, 0xDD71, 0xDD71, 0xDD30, 0xDD30, 0xDD30, 0xDD10, 0xDCEF, 0xD4CE, 0xD531, 0xD4CF,
  0xCC8E, 0xCC6D, 0xCC4D, 0xCC4D, 0xC42C, 0xC3EB, 0xBBCA, 0xBB8A, 0xBB69, 0xB348, 0xB348, 0xB328,
  0xB328, 0xAB08, 0xAAE7, 0xAAE8, 0xA2C7, 0xA2A7, 0x9A87, 0x9AA7, 0x9A86, 0x9246, 0x9246, 0x8A25,
  0x8A25, 0x8A26, 0x81E4, 0x81E5, 0x81C4, 0x79A4, 0x79A4, 0x7163, 0x7183, 0x7183, 0x7163, 0x6942,
  0x6922, 0x6922, 0x6922, 0x6922, 0x6122, 0x6143, 0x6122, 0x6122, 0x6102, 0x5902, 0x58E2, 0x58E1,
  0x58C1, 0x50C1, 0x50C1, 0x50E2, 0x50C1, 0x50C1, 0x50A1, 0x48A1, 0x4880, 0x4080, 0x4080, 0x4881,
  0x4080, 0x4081, 0x40A1, 0x4080, 0x4081, 0x3881, 0x3881, 0x3860, 0x3860, 0x3860, 0x3040, 0x2820,
  0x2000, 0x2800, 0x3040, 0x3860, 0x40A1, 0x48E2, 0x48E2, 0x50E1, 0x5902, 0x5942, 0x6142, 0x6163,
  0x6962, 0x6983, 0x7183, 0x79A3, 0x79C3, 0x81E4, 0x8204, 0x8A45, 0x8A45, 0x8A24, 0x8A44, 0x9265,
  0x9286, 0x9285, 0x9AA6, 0x9AC6, 0x9AC6, 0xA2C6, 0xA2A6, 0xA2E6, 0xA307, 0xAB28, 0xAB07, 0xAB07,
  0xDC09, 0xDBE9, 0xD3C9, 0xD3A8, 0xD388, 0xD367, 0xCB47, 0xCB26, 0xCAE6, 0xC2C5, 0xC2A5, 0xBA84,
  0xBA64, 0xBA23, 0xB203, 0xB1C2, 0xA9A1, 0xA981, 0xA981, 0xA9C2, 0xB203, 0xBA64, 0xBAC6, 0xC307,
  0xC348, 0xCB89, 0xCBA9, 0xCBEA, 0xD3EA, 0xD40A, 0xD42A, 0xDC4B, 0xDC8C, 0xDCCD, 0xDCEE, 0xE530,
  0xE570, 0xE570, 0xE591, 0xED91, 0xEDD2, 0xEE13, 0xEDF2, 0xEDB1, 0xEDF3, 0xEE34, 0xF613, 0xF613,
  0xF654, 0xF675, 0xF674, 0xF654, 0xF654, 0xF695, 0xFED7, 0xFEF7, 0xFEF8, 0xFEF8, 0xFEB6, 0xFEF8,
  0xFF5A, 0xFF39, 0xFEF8, 0xFF18, 0xFEF8, 0xFF39, 0xFF18, 0xFF18, 0xFF39, 0xFF39, 0xFF39, 0xFF5A,
  0xFF7B, 0xFF7B, 0xFF5A, 0xFF5A, 0xFF7A, 0xFF5A, 0xFF5A, 0xFF5A, 0xFF5A, 0xFF5A, 0xFF7A, 0xFF59,
  0xFF39, 0xFF59, 0xFF39, 0xFF17, 0xFF18, 0xFF38, 0xFF18, 0xFF18, 0xFF18, 0xFEF8, 0xFEF7, 0xFED7,
  0xFEB6, 0xFEF7, 0xFF18, 0xFED7, 0xFEB6, 0xF695, 0xFEB6, 0xF6D7, 0xF6B7, 0xF696, 0xF696, 0xF696,
  0xF696, 0xF676, 0xEE75, 0xEE34, 0xEE14, 0xEDF3, 0xEDD3, 0xEDD2, 0xE5B1, 0xE5B2, 0xE5B2, 0xE5F4,
  0xE5F4, 0xE592, 0xE592, 0xDD50, 0xDD0F, 0xDCEF, 0xDCEF, 0xDCEF, 0xD4CE, 0xD4CE, 0xD4CF, 0xD4AE,
  0xCC8E, 0xCC6D, 0xCC4D, 0xCC4D, 0xC42C, 0xC42C, 0xBBCB, 0xBBCB, 0xBB8A, 0xB369, 0xB328, 0xB307,
  0xAAE7, 0xAAE7, 0xAAA6, 0xA2C7, 0xA2C7, 0xA2A7, 0xA2C7, 0x9A87, 0x9A66, 0x9A66, 0x9246, 0x9245,
  0x8A26, 0x8A05, 0x89E5, 0x81E4, 0x81E4, 0x79C4, 0x79E5, 0x79A4, 0x7183, 0x7163, 0x7163, 0x7143,
  0x6922, 0x6902, 0x6901, 0x6922, 0x6122, 0x6123, 0x6123, 0x6102, 0x6122, 0x6102, 0x5902, 0x58E2,
  0x58E2, 0x58C1, 0x50C1, 0x58E2, 0x50E1, 0x50C1, 0x50C1, 0x48A1, 0x48A1, 0x48A1, 0x48A1, 0x4880,
  0x4080, 0x4080, 0x40A1, 0x4081, 0x4081, 0x40A1, 0x40A1, 0x3880, 0x3860, 0x3860, 0x3060, 0x3040,
  0x2820, 0x2800, 0x2820, 0x3040, 0x3880, 0x40C1, 0x5102, 0x5102, 0x50E1, 0x5902, 0x6142, 0x6162,
  0x6163, 0x6983, 0x7183, 0x71A3, 0x79A3, 0x79C3, 0x81E4, 0x8204, 0x8A45, 0x8A24, 0x9245, 0x9245,
  0x9245, 0x9265, 0x9A86, 0x9A86, 0x9AC6, 0xA2E7, 0xA2A6, 0xA2C6, 0xA2E6, 0xAB07, 0xAB28, 0xAB07,
  0xDBE9, 0xD3E9, 0xD3C8, 0xD3A8, 0xD387, 0xCB47, 0xCB26, 0xCB06, 0xC2E6, 0xC2C5, 0xC285, 0xBA84,
  0xBA43, 0xB203, 0xB1E2, 0xA9A1, 0xA981, 0xA981, 0xA9C2, 0xB223, 0xBA65, 0xBAC6, 0xC307, 0xCB68,
  0xCB89, 0xCBC9, 0xCBC9, 0xD3EA, 0xD40A, 0xD42B, 0xDC8C, 0xDCAD, 0xDCEE, 0xDD2F, 0xE52F, 0xE52F,
  0xE550, 0xE590, 0xED91, 0xEDB1, 0xEDD2, 0xEE13, 0xEE13, 0xEDD2, 0xEDD2, 0xF613, 0xF613, 0xF633,
  0xF633, 0xF654, 0xF675, 0xF695, 0xF6B6, 0xF6B6, 0xFEB6, 0xFED6, 0xFED7, 0xFF18, 0xFED7, 0xFEB6,
  0xFF39, 0xFF5A, 0xFF39, 0xFF18, 0xFF39, 0xFF18, 0xFEF7, 0xFF18, 0xFF39, 0xFF39, 0xFF39, 0xFF5A,
  0xFF5A, 0xFF5A, 0xFF7A, 0xFF5A, 0xFF39, 0xFF39, 0xFF39, 0xFF39, 0xFF39, 0xFF39, 0xFF18, 0xFF38,
  0xFF18, 0xFEF7, 0xFF18, 0xFF18, 0xFEF7, 0xFF17, 0xFEF7, 0xFF18, 0xFF18, 0xFF18, 0xFF18, 0xFF18,
  0xFF39, 0xFEF8, 0xFED7, 0xFEB6, 0xF695, 0xF695, 0xF696, 0xF696, 0xF695, 0xF675, 0xF675, 0xF675,
  0xF655, 0xEE34, 0xEE34, 0xEE13, 0xEE55, 0xEE14, 0xEDD3, 0xE5B2, 0xEDF3, 0xEDD3, 0xE5B2, 0xE5B2,
  0xE571, 0xE571, 0xE571, 0xDD50, 0xDCEE, 0xDD0F, 0xDD0F, 0xDCCE, 0xD4CF, 0xD4EF, 0xD4CF, 0xD48D,
  0xCC6D, 0xCC4C, 0xCC6D, 0xC40C, 0xC40C, 0xC3EB, 0xC3EB, 0xBBCB, 0xBBAB, 0xB36A, 0xB369, 0xB349,
  0xAB08, 0xAAE8, 0xAAC7, 0xA2A6, 0xA286, 0xA286, 0xA2A7, 0x9A86, 0x9A46, 0x9245, 0x9245, 0x9225,
  0x8A25, 0x8A05, 0x81E4, 0x81C4, 0x81C4, 0x81E5, 0x8205, 0x79A4, 0x7984, 0x7183, 0x7142, 0x6942,
  0x6942, 0x6902, 0x6901, 0x6101, 0x6102, 0x6122, 0x6123, 0x6122, 0x6122, 0x6122, 0x5902, 0x58E2,
  0x5902, 0x58E2, 0x58C1, 0x58E1, 0x50E1, 0x50E1, 0x50C1, 0x50A1, 0x50C1, 0x48C1, 0x48A1, 0x48A0,
  0x4080, 0x4080, 0x4080, 0x40A1, 0x4081, 0x40A1, 0x40A1, 0x4081, 0x3860, 0x3860, 0x3860, 0x3040,
  0x3040, 0x2820, 0x2800, 0x2820, 0x3060, 0x3880, 0x48C1, 0x5102, 0x5122, 0x5102, 0x5902, 0x6142,
  0x6163, 0x6983, 0x7183, 0x71A3, 0x79C3, 0x79C3, 0x81E4, 0x8204, 0x8204, 0x8A24, 0x8A45, 0x9245,
  0x9265, 0x9265, 0x9265, 0x9A85, 0x9AC6, 0xA2C7, 0xA2E7, 0xA2C6, 0xA2E7, 0xA2E6, 0xAB07, 0xAB28,
  0xD3E9, 0xD3C9, 0xD3A8, 0xD388, 0xCB67, 0xCB47, 0xCB26, 0xC306, 0xC2C5, 0xC2A5, 0xBA84, 0xBA44,
  0xB223, 0xB1E2, 0xA9C2, 0xA9A1, 0xA9A1, 0xA9C2, 0xB224, 0xBA65, 0xBAC6, 0xC307, 0xC348, 0xCB89,
  0xCBA9, 0xD3C9, 0xD3EA, 0xD40A, 0xD44B, 0xDC8C, 0xDCCE, 0xDCEE, 0xDD0F, 0xE52F, 0xE550, 0xE550,
  0xE54F, 0xE570, 0xEDB1, 0xEDD2, 0xEDD2, 0xEDD2, 0xEDF3, 0xEE13, 0xEDF2, 0xEDF2, 0xF612, 0xF633,
  0xF633, 0xF633, 0xF674, 0xF696, 0xF695, 0xFEB6, 0xF696, 0xFE96, 0xFEB6, 0xFED6, 0xFEB6, 0xFE95,
  0xFEB6, 0xFED7, 0xFF18, 0xFF18, 0xFEF7, 0xFEF7, 0xFF18, 0xFF18, 0xFEF7, 0xFF18, 0xFF18, 0xFF18,
  0xFF18, 0xFF18, 0xFF39, 0xFF39, 0xFF39, 0xFF39, 0xFF38, 0xFF39, 0xFF18, 0xFF38, 0xFEF7, 0xFEF7,
  0xFF38, 0xFF7A, 0xFF5A, 0xFF5A, 0xFF39, 0xFF18, 0xFF38, 0xFF18, 0xFF18, 0xFEF8, 0xFEF8, 0xFEF8,
  0xFEF7, 0xFED7, 0xFED6, 0xFEB6, 0xFE95, 0xFEB6, 0xFED7, 0xF6B7, 0xF695, 0xF695, 0xF654, 0xF675,
  0xF655, 0xF634, 0xF614, 0xEDF3, 0xEDF3, 0xEDD2, 0xEDB2, 0xEDD2, 0xE591, 0xE571, 0xE571, 0xE571,
  0xE571, 0xE571, 0xDD30, 0xDD0F, 0xDD0F, 0xDD71, 0xDD0F, 0xD4CF, 0xD4CF, 0xD4CE, 0xD4AE, 0xCC6D,
  0xCC6D, 0xCC4C, 0xCC2C, 0xC40C, 0xCC8E, 0xC3EB, 0xC3EB, 0xBBAB, 0xBB8A, 0xBB8A, 0xB369, 0xB369,
  0xAB08, 0xAB08, 0xAAE8, 0xAAE8, 0xA2C7, 0xA286, 0x9A65, 0x9A45, 0x9A45, 0x9A45, 0x9225, 0x8A05,
  0x9225, 0x8A25, 0x89E4, 0x81C4, 0x81A4, 0x81E5, 0x81E5, 0x79A4, 0x79A4, 0x7984, 0x7163, 0x7163,
  0x7143, 0x6922, 0x6922, 0x6902, 0x6101, 0x6102, 0x6122, 0x6102, 0x6122, 0x6123, 0x5902, 0x5902,
  0x5902, 0x5902, 0x58E1, 0x58C1, 0x50E1, 0x58E1, 0x50C1, 0x50C1, 0x50C1, 0x50C1, 0x50C1, 0x48A1,
  0x4880, 0x4080, 0x4080, 0x4081, 0x4080, 0x40A1, 0x40A1, 0x40A1, 0x4080, 0x3880, 0x3881, 0x3860,
  0x3040, 0x3040, 0x2820, 0x2800, 0x2820, 0x3060, 0x3880, 0x40C1, 0x5102, 0x5122, 0x5102, 0x5902,
  0x6142, 0x6963, 0x6983, 0x71A3, 0x79C4, 0x79C4, 0x79E4, 0x81E4, 0x8224, 0x8A24, 0x8A24, 0x8A45,
  0x9286, 0x9286, 0x9286, 0x9285, 0x9AA6, 0xA2C6, 0xA307, 0xA2E7, 0xAB07, 0xAB07, 0xAAE7, 0xAB07,
  0xD3C9, 0xD3C8, 0xD3A8, 0xD388, 0xCB47, 0xCB26, 0xC306, 0xC2E5, 0xC2A5, 0xBA84, 0xBA64, 0xBA43,
  0xB203, 0xB1C2, 0xA9A2, 0xA9A2, 0xA9C2, 0xB223, 0xBA85, 0xBAC6, 0xC307, 0xC347, 0xCB68, 0xCB89,
  0xCBC9, 0xD3EA, 0xD42B, 0xD46C, 0xDCAD, 0xDCCE, 0xDCEE, 0xE50F, 0xE50F, 0xE52F, 0xE570, 0xE591,
  0xED91, 0xED91, 0xEDB1, 0xEDD2, 0xEDD2, 0xEDD1, 0xEDF2, 0xF613, 0xF634, 0xF613, 0xF613, 0xF613,
  0xF633, 0xF633, 0xF633, 0xF654, 0xF654, 0xF654, 0xF695, 0xFE95, 0xFE95, 0xFE95, 0xFEB6, 0xFED6,
  0xFEB6, 0xFEB5, 0xFEB6, 0xFEB6, 0xFED6, 0xFED6, 0xFEF7, 0xFEF6, 0xFEF7, 0xFEF7, 0xFEF7, 0xFED6,
  0xFED6, 0xFEF6, 0xFEF6, 0xFF17, 0xFEF7, 0xFEF7, 0xFEF6, 0xFEF7, 0xFEF7, 0xFEF7, 0xFEF7, 0xFF38,
  0xFF39, 0xFF18, 0xFF18, 0xFEF7, 0xFEF7, 0xFEF7, 0xFEF7, 0xFED6, 0xFED6, 0xFED6, 0xFEB5, 0xFEB5,
  0xFE95, 0xFE95, 0xFE74, 0xFE74, 0xFE74, 0xF674, 0xF654, 0xF674, 0xF654, 0xF654, 0xF654, 0xF654,
  0xF654, 0xF634, 0xF613, 0xEDF3, 0xEDD2, 0xEDB2, 0xEDB2, 0xE5B2, 0xE591, 0xE591, 0xE571, 0xE571,
  0xE550, 0xDD2F, 0xDD2F, 0xDD0F, 0xDD0F, 0xDD30, 0xDCEF, 0xD4AE, 0xD4CE, 0xD48D, 0xD4AE, 0xD46D,
  0xCC4C, 0xCC4C, 0xCC0B, 0xCC0C, 0xC40B, 0xC3CB, 0xBBCB, 0xBBAA, 0xBBAA, 0xBB8A, 0xB349, 0xB328,
  0xAB08, 0xAB08, 0xAAE8, 0xA2C8, 0xA2C7, 0xA2A7, 0x9A86, 0x9A45, 0x9A25, 0x9204, 0x9204, 0x91E4,
  0x89E4, 0x89E4, 0x81C4, 0x81C4, 0x81A3, 0x81E5, 0x81E5, 0x79C4, 0x79A4, 0x7983, 0x7163, 0x7163,
  0x6943, 0x6922, 0x6942, 0x6922, 0x6102, 0x6101, 0x6102, 0x6102, 0x6122, 0x6122, 0x6102, 0x5902,
  0x6122, 0x5902, 0x5902, 0x58E1, 0x58E1, 0x58E1, 0x50E1, 0x50C1, 0x50C1, 0x50E2, 0x50E2, 0x50A1,
  0x48A0, 0x4880, 0x4880, 0x4080, 0x4080, 0x48A1, 0x48A1, 0x40A1, 0x4081, 0x4080, 0x4081, 0x3880,
  0x3860, 0x3040, 0x3040, 0x3020, 0x2800, 0x3020, 0x3860, 0x3880, 0x40C1, 0x5102, 0x5122, 0x5122,
  0x5922, 0x6142, 0x6963, 0x6983, 0x71A3, 0x79E4, 0x79E4, 0x81E4, 0x8204, 0x8A25, 0x8A45, 0x8A45,
  0x9245, 0x9285, 0x9AA6, 0x9AA6, 0x9A86, 0x9AA6, 0xA2C6, 0xA307, 0xA2E7, 0xAB07, 0xA2E7, 0xAB07,
  0xD3C9, 0xD3A8, 0xD388, 0xCB67, 0xCB47, 0xCB26, 0xC2E6, 0xC2C5, 0xBAA5, 0xBA64, 0xBA44, 0xB203,
  0xB1E2, 0xA9A2, 0xA9A2, 0xA9C2, 0xB223, 0xBA65, 0xBAC6, 0xC307, 0xC347, 0xCB68, 0xCB88, 0xD3C9,
  0xD40A, 0xD44B, 0xDC6C, 0xDC8D, 0xDCCE, 0xDD0F, 0xE52F, 0xE52F, 0xE52F, 0xE52F, 0xE550, 0xE591,
  0xEDB1, 0xEDB1, 0xEDB1, 0xEDB0, 0xEDB1, 0xEDB1, 0xEDD1, 0xEDF2, 0xF613, 0xF613, 0xF613, 0xF613,
  0xF654, 0xF654, 0xF653, 0xF654, 0xF695, 0xF695, 0xFEB6, 0xFEF7, 0xFED7, 0xFEF7, 0xFED6, 0xFEF7,
  0xFEF7, 0xFEB6, 0xFEB6, 0xFED6, 0xFEB6, 0xFEB5, 0xFEB5, 0xFEB5, 0xFEB5, 0xFEB5, 0xFEB6, 0xFED6,
  0xFED6, 0xFEF7, 0xFF18, 0xFEF7, 0xFEF7, 0xFEF7, 0xFF38, 0xFF39, 0xFEF7, 0xFF18, 0xFF18, 0xFF18,
  0xFEF8, 0xFF18, 0xFEF8, 0xFF18, 0xFEF8, 0xFEF7, 0xFF18, 0xFF18, 0xFED7, 0xFEB6, 0xFEF7, 0xFEF7,
  0xFED7, 0xFED7, 0xF6B6, 0xF696, 0xF695, 0xF695, 0xF674, 0xF654, 0xF634, 0xF613, 0xF613, 0xF5F2,
  0xF5F2, 0xEDD2, 0xEDD2, 0xEDB1, 0xEDB1, 0xEDB1, 0xEDB1, 0xEDB1, 0xED91, 0xE550, 0xE550, 0xE550,
  0xE530, 0xE530, 0xE52F, 0xDD0F, 0xDCEF, 0xDCEF, 0xDCCF, 0xDCCE, 0xD48D, 0xD46D, 0xD46D, 0xCC4C,
  0xCC2C, 0xCC2C, 0xCC0B, 0xCC0B, 0xC3CB, 0xC3AA, 0xC3CB, 0xBB8A, 0xBB8A, 0xBB69, 0xB349, 0xB308,
  0xAAE8, 0xAAE8, 0xAAE8, 0xAAE8, 0xA2A7, 0xA2A7, 0x9A86, 0x9A66, 0x9246, 0x9225, 0x91E4, 0x89E4,
  0x89C4, 0x89C4, 0x89C4, 0x81C4, 0x81A4, 0x81A4, 0x81E5, 0x79A4, 0x7984, 0x7983, 0x7163, 0x7143,
  0x7163, 0x6942, 0x6963, 0x6943, 0x6922, 0x6102, 0x6101, 0x60E1, 0x6102, 0x6122, 0x6102, 0x6102,
  0x6102, 0x6122, 0x6102, 0x58E1, 0x58E2, 0x58E1, 0x58E2, 0x50C1, 0x50C1, 0x50E2, 0x50E2, 0x50C1,
  0x50A1, 0x4880, 0x4880, 0x4880, 0x4080, 0x48A1, 0x48C1, 0x48A1, 0x40A1, 0x4080, 0x40A1, 0x40A1,
  0x3880, 0x3860, 0x3040, 0x3040, 0x3020, 0x2800, 0x3040, 0x3860, 0x40A1, 0x48C1, 0x5102, 0x5122,
  0x5943, 0x5922, 0x6142, 0x6962, 0x71A3, 0x71C4, 0x7A04, 0x79E4, 0x81E4, 0x8204, 0x8A45, 0x8A45,
  0x9265, 0x9265, 0x9285, 0x9AA6, 0x9AA6, 0x9A85, 0x9AA6, 0xA2E6, 0xAB48, 0xA307, 0xAB07, 0xAB28,
  0xD3C9, 0xD388, 0xCB88, 0xCB67, 0xCB27, 0xC306, 0xC2E6, 0xC2A5, 0xBA84, 0xBA64, 0xB223, 0xB1E3,
  0xA9C2, 0xA9C2, 0xA9E2, 0xB223, 0xB264, 0xBAC6, 0xC306, 0xC347, 0xCB68, 0xCB88, 0xD3C9, 0xD40A,
  0xD44B, 0xDC8C, 0xDC8D, 0xDCAD, 0xDCEE, 0xE50F, 0xE52F, 0xE550, 0xE550, 0xE54F, 0xE54F, 0xED70,
  0xED91, 0xED90, 0xED90, 0xED90, 0xEDB1, 0xEDD2, 0xEDF2, 0xF613, 0xF633, 0xF633, 0xF633, 0xF634,
  0xF675, 0xF6B6, 0xF696, 0xF674, 0xFE95, 0xF696, 0xFE95, 0xF675, 0xFE95, 0xFEB6, 0xFEB5, 0xFE95,
  0xFE95, 0xFE95, 0xFE94, 0xFE94, 0xFE94, 0xFE95, 0xFEB5, 0xFEB5, 0xFED6, 0xFEF7, 0xFF19, 0xFF5A,
  0xFF5A, 0xFF7B, 0xFF5A, 0xFF5A, 0xFF5A, 0xFF39, 0xFF7A, 0xFF39, 0xFF39, 0xFF7B, 0xFF7A, 0xFF5A,
  0xFF5A, 0xFF5A, 0xFF7B, 0xFF5A, 0xFF5A, 0xFF7B, 0xFF7A, 0xF739, 0xF73A, 0xF73A, 0xFF7B, 0xF739,
  0xF739, 0xF719, 0xF6F8, 0xF6F8, 0xF6F8, 0xF6B7, 0xF6F8, 0xF6D7, 0xF696, 0xF676, 0xF696, 0xEE76,
  0xF655, 0xEDF3, 0xEDD2, 0xEDD2, 0xEDB1, 0xEDB2, 0xE591, 0xE571, 0xE550, 0xE52F, 0xE52F, 0xE50E,
  0xDCEE, 0xDCEE, 0xDCEE, 0xDCEE, 0xDCEE, 0xDCAE, 0xDCCE, 0xD48D, 0xD46C, 0xD44C, 0xD46D, 0xCC4C,
  0xCC2C, 0xCC0B, 0xC3EB, 0xCBEB, 0xC3EB, 0xC3AA, 0xBBAA, 0xBB89, 0xBB89, 0xB348, 0xB328, 0xB328,
  0xAAE8, 0xAAE8, 0xAAC7, 0xA2C7, 0xA2C7, 0xA287, 0x9A86, 0x9A66, 0x9A66, 0x9225, 0x9225, 0x89E5,
  0x89E4, 0x89C4, 0x81C3, 0x81A3, 0x8183, 0x81A3, 0x81C4, 0x79A4, 0x7983, 0x7163, 0x7143, 0x7163,
  0x7143, 0x6922, 0x6943, 0x6963, 0x6943, 0x6922, 0x6102, 0x6102, 0x60E1, 0x6102, 0x6102, 0x6102,
  0x60E1, 0x6102, 0x6122, 0x5902, 0x58E1, 0x58E1, 0x58E2, 0x58E2, 0x50C1, 0x50E1, 0x50E2, 0x50C1,
  0x50C1, 0x48A1, 0x48A1, 0x4880, 0x4080, 0x4080, 0x48A1, 0x48C1, 0x48A1, 0x40A1, 0x40A1, 0x40A1,
  0x4081, 0x4080, 0x3860, 0x3840, 0x3040, 0x3020, 0x2820, 0x3060, 0x3880, 0x40A1, 0x48E1, 0x5102,
  0x5943, 0x6163, 0x6142, 0x6142, 0x71A3, 0x71A3, 0x79C4, 0x79E4, 0x8204, 0x8204, 0x8A45, 0x8A45,
  0x8A45, 0x9265, 0x9285, 0x9286, 0x9AC7, 0x9AA6, 0xA2C6, 0xA2C6, 0xA307, 0xAB28, 0xA2E7, 0xAB48,
  0xD3A8, 0xCB88, 0xCB68, 0xCB47, 0xCB26, 0xC2E6, 0xC2C5, 0xBAA5, 0xBA64, 0xB244, 0xB203, 0xA9E2,
  0xA9C2, 0xA9E2, 0xB224, 0xB264, 0xBAC6, 0xC2E6, 0xC327, 0xCB68, 0xCB88, 0xD3C9, 0xD40A, 0xDC4C,
  0xDC8C, 0xDCAD, 0xDCCD, 0xDCCE, 0xE4EE, 0xE50E, 0xE52F, 0xE550, 0xE570, 0xE54F, 0xE52F, 0xED4F,
  0xED4F, 0xED70, 0xED90, 0xEDB1, 0xEDF2, 0xF613, 0xF634, 0xF655, 0xF655, 0xF675, 0xF675, 0xF654,
  0xF654, 0xF675, 0xF674, 0xF675, 0xF653, 0xFE53, 0xF653, 0xFE53, 0xFE53, 0xFE53, 0xFE74, 0xFE95,
  0xFE95, 0xFEB6, 0xFEB5, 0xFED6, 0xFED7, 0xFED7, 0xFF19, 0xFF18, 0xFF18, 0xFF18, 0xFF19, 0xFF5A,
  0xFF39, 0xFF39, 0xFF17, 0xFF18, 0xFF18, 0xFF18, 0xFF18, 0xFF7A, 0xFF9C, 0xFF7B, 0xFF9C, 0xFF7B,
  0xFF7B, 0xFF9B, 0xFF5A, 0xFF7B, 0xFF7B, 0xFF7B, 0xF739, 0xFF39, 0xFEF8, 0xFEF8, 0xFF18, 0xF6D7,
  0xF6D7, 0xF6F8, 0xF6F8, 0xF6F8, 0xF6F8, 0xF6D7, 0xF6B7, 0xF696, 0xF6B7, 0xF676, 0xF697, 0xEE55,
  0xEE55, 0xEE76, 0xEE55, 0xEE35, 0xEDF3, 0xEE14, 0xEDD3, 0xE5B2, 0xE591, 0xE550, 0xE550, 0xE550,
  0xE50F, 0xDD0F, 0xDCEE, 0xDCCE, 0xDCAD, 0xD48C, 0xD46C, 0xD44B, 0xD42B, 0xCC0B, 0xD44C, 0xCC2C,
  0xCC2B, 0xCBEB, 0xCC0B, 0xC3EB, 0xC3CA, 0xC3AA, 0xBB8A, 0xBB89, 0xBB49, 0xB328, 0xB308, 0xB2E7,
  0xB2E8, 0xAAE7, 0xAAC7, 0xA2A6, 0xA2A7, 0xA286, 0x9A66, 0x9A86, 0x9246, 0x9225, 0x9205, 0x9205,
  0x89E4, 0x8A05, 0x81E4, 0x81A3, 0x8183, 0x7983, 0x7983, 0x7983, 0x7963, 0x7163, 0x7163, 0x7983,
  0x7143, 0x6922, 0x6943, 0x6943, 0x6943, 0x6922, 0x6102, 0x6102, 0x6102, 0x60E1, 0x60E1, 0x6102,
  0x60E1, 0x60E2, 0x6102, 0x6102, 0x58E1, 0x58C1, 0x58E2, 0x5902, 0x58C1, 0x50E1, 0x50E1, 0x50C1,
  0x50C1, 0x50A1, 0x48A1, 0x48A1, 0x4880, 0x4080, 0x4080, 0x48A1, 0x48A1, 0x40A1, 0x40A1, 0x40A1,
  0x40A1, 0x40A1, 0x4080, 0x3860, 0x3860, 0x3040, 0x3020, 0x3040, 0x3860, 0x3880, 0x40C1, 0x48E2,
  0x5922, 0x5942, 0x6183, 0x6163, 0x6963, 0x71A3, 0x79C4, 0x79E4, 0x8225, 0x8204, 0x8A25, 0x9266,
  0x8A45, 0x9245, 0x9A86, 0x9AA6, 0x9AC6, 0x9AC6, 0x9AC6, 0xA2C6, 0xA2C6, 0xAB27, 0xAB07, 0xAB07,
  0xD3A8, 0xCB68, 0xCB67, 0xC327, 0xC306, 0xC2E6, 0xC2A5, 0xBA84, 0xBA44, 0xB223, 0xB1E2, 0xA9C2,
  0xA9E3, 0xB224, 0xB265, 0xBAC6, 0xC307, 0xC347, 0xCB68, 0xCB88, 0xCBA9, 0xD3EA, 0xD42B, 0xDC6C,
  0xDC8D, 0xDCCD, 0xDCCE, 0xDCEE, 0xE4EE, 0xE50E, 0xE50E, 0xE50E, 0xE52E, 0xE52E, 0xED2E, 0xED2E,
  0xED6F, 0xED90, 0xEDB1, 0xEDD1, 0xEDF2, 0xF633, 0xF633, 0xF654, 0xF654, 0xF654, 0xF675, 0xF654,
  0xF633, 0xF633, 0xF633, 0xF633, 0xF633, 0xF654, 0xFE74, 0xFE74, 0xFE95, 0xFEB6, 0xFE95, 0xFEF8,
  0xFED7, 0xFF19, 0xFEF8, 0xFF39, 0xFF39, 0xFF18, 0xFF19, 0xFF39, 0xFF3A, 0xFF5A, 0xFF39, 0xFF18,
  0xFEF7, 0xFEF7, 0xFEF8, 0xFF18, 0xFF39, 0xFF5A, 0xFF7B, 0xFF5A, 0xFF5A, 0xFF5A, 0xFF5A, 0xFF5A,
  0xFF7B, 0xFF7B, 0xFF5A, 0xFF59, 0xFF18, 0xFF18, 0xFF19, 0xFF39, 0xFF39, 0xF739, 0xF718, 0xFF18,
  0xF719, 0xFEF8, 0xF6F8, 0xF6F8, 0xF6B6, 0xF696, 0xF696, 0xF6D7, 0xF697, 0xF696, 0xF676, 0xF655,
  0xEE55, 0xEE34, 0xEE14, 0xEDF3, 0xEDD3, 0xEDB2, 0xE591, 0xE571, 0xE571, 0xE592, 0xDD30, 0xE530,
  0xDD0F, 0xDD0F, 0xDD10, 0xDCEF, 0xDCCF, 0xD4AE, 0xD46D, 0xD46C, 0xD46C, 0xCC0B, 0xCBEA, 0xCBEA,
  0xCBEA, 0xC3CA, 0xC3EB, 0xC3A9, 0xC3AA, 0xC3AA, 0xBBAA, 0xBB8A, 0xBB69, 0xB328, 0xB308, 0xB308,
  0xAAE7, 0xAAE8, 0xAAC7, 0xA2A7, 0xA286, 0x9A66, 0x9A66, 0x9A46, 0x9225, 0x9245, 0x9205, 0x8A05,
  0x89E4, 0x8A26, 0x81E5, 0x81C4, 0x81A4, 0x81A4, 0x7983, 0x7963, 0x7942, 0x7142, 0x7163, 0x7163,
  0x7143, 0x6942, 0x7143, 0x6943, 0x6943, 0x6922, 0x6922, 0x6102, 0x6102, 0x6102, 0x60E1, 0x60E1,
  0x60E1, 0x60E1, 0x6102, 0x6102, 0x6102, 0x58E1, 0x5902, 0x5902, 0x58C1, 0x58E2, 0x58E2, 0x50E1,
  0x50C1, 0x50A1, 0x50A1, 0x50C1, 0x48A1, 0x48A0, 0x4880, 0x4880, 0x48A1, 0x48A1, 0x48A1, 0x48C1,
  0x48C1, 0x48C1, 0x40A1, 0x3880, 0x3860, 0x3880, 0x3840, 0x3020, 0x3060, 0x3881, 0x40A1, 0x40C1,
  0x50E2, 0x5922, 0x6143, 0x6183, 0x6983, 0x6983, 0x71A3, 0x79C3, 0x79E4, 0x8204, 0x8204, 0x8A24,
  0x9286, 0x9266, 0x9245, 0x9265, 0x9AA6, 0xA307, 0xA2E7, 0xA2C6, 0xA2E6, 0xA307, 0xAB48, 0xAB48,
  0xCB88, 0xCB68, 0xCB47, 0xC306, 0xC2E6, 0xC2C5, 0xBAA5, 0xBA64, 0xB223, 0xB203, 0xA9E2, 0xB203,
  0xB223, 0xB265, 0xBAA5, 0xC307, 0xC348, 0xCB88, 0xCBA9, 0xCBA9, 0xD3C9, 0xD3EA, 0xD42B, 0xDC6C,
  0xDC8C, 0xDCAD, 0xDCCD, 0xE4ED, 0xE4ED, 0xE4ED, 0xE50E, 0xE50E, 0xE52E, 0xE52E, 0xED4F, 0xED70,
  0xEDB1, 0xEDB1, 0xEDB1, 0xEDB1, 0xEDD1, 0xF5F2, 0xF5F2, 0xF5F2, 0xF612, 0xF612, 0xF612, 0xF612,
  0xF633, 0xF633, 0xF633, 0xFE95, 0xF675, 0xFE95, 0xFEB6, 0xFEB6, 0xFED7, 0xFED7, 0xFEF7, 0xFF19,
  0xFF39, 0xFF39, 0xFF19, 0xFF39, 0xFF19, 0xFF19, 0xFF39, 0xFF39, 0xFF39, 0xFF7A, 0xFF3A, 0xFF39,
  0xFF18, 0xFF5A, 0xFF5A, 0xFF7A, 0xFF5A, 0xF739, 0xFF39, 0xFF39, 0xFF18, 0xFF18, 0xFF39, 0xFF39,
  0xFF59, 0xFF5A, 0xFF59, 0xFF39, 0xFF18, 0xFF18, 0xFF18, 0xFF18, 0xFF19, 0xF6D7, 0xF6D7, 0xFEF7,
  0xF6B6, 0xF6B6, 0xF6B6, 0xF6B6, 0xF696, 0xF675, 0xF654, 0xF675, 0xF675, 0xF655, 0xF634, 0xEE13,
  0xEE14, 0xEDF3, 0xEDF3, 0xEE14, 0xEDF3, 0xEDD3, 0xE5B2, 0xE592, 0xE5B3, 0xE572, 0xE551, 0xE551,
  0xDD51, 0xDD51, 0xDD30, 0xDCEF, 0xD4CE, 0xD4CE, 0xD4AE, 0xD48E, 0xCC6D, 0xCC2C, 0xCC2C, 0xCC0B,
  0xCBEB, 0xC3AA, 0xC3A9, 0xC389, 0xC369, 0xBB68, 0xBB48, 0xBB48, 0xB328, 0xB307, 0xB307, 0xAAC7,
  0xAAE7, 0xAAC7, 0xAAC7, 0xA2A7, 0xA286, 0x9A66, 0x9A45, 0x9A25, 0x9225, 0x9225, 0x9225, 0x8A05,
  0x89E4, 0x8A26, 0x8A25, 0x81C4, 0x81A4, 0x79A4, 0x7983, 0x7963, 0x7942, 0x7163, 0x7143, 0x7163,
  0x7143, 0x7163, 0x6942, 0x6942, 0x6943, 0x6943, 0x6922, 0x6922, 0x6922, 0x6102, 0x6102, 0x6101,
  0x60E1, 0x60C1, 0x60E1, 0x6102, 0x60E1, 0x58E1, 0x6143, 0x5902, 0x58E2, 0x58E2, 0x5902, 0x58E2,
  0x58E2, 0x50C1, 0x50C1, 0x50C1, 0x50C1, 0x48A1, 0x4880, 0x4880, 0x48A0, 0x48A1, 0x48A1, 0x48C1,
  0x48C1, 0x48C1, 0x40A1, 0x4080, 0x4080, 0x4080, 0x3880, 0x3840, 0x3040, 0x3881, 0x40A1, 0x40A1,
  0x48C1, 0x50E1, 0x5922, 0x6163, 0x6983, 0x6983, 0x71A3, 0x71A3, 0x79C4, 0x81E4, 0x8204, 0x8A24,
  0x8A45, 0x9286, 0x9286, 0x9265, 0x9A85, 0x9AC6, 0xA307, 0xA307, 0xA2E7, 0xA2E6, 0xAB07, 0xAB48,
  0xCB88, 0xCB47, 0xC327, 0xC306, 0xC2E6, 0xBAA5, 0xBA85, 0xB244, 0xB223, 0xB203, 0xB203, 0xB223,
  0xB264, 0xBAA5, 0xBAE6, 0xC348, 0xCB89, 0xCBA9, 0xCBEA, 0xD3EA, 0xD3EA, 0xD40A, 0xDC2A, 0xDC4B,
  0xDC8C, 0xDC8C, 0xDC8C, 0xE4CD, 0xE4ED, 0xE50E, 0xE50E, 0xE54F, 0xED4F, 0xED70, 0xED70, 0xED90,
  0xEDB1, 0xEDF2, 0xEDD1, 0xEDB1, 0xEDB1, 0xF5D1, 0xF613, 0xF612, 0xF613, 0xF5F2, 0xF612, 0xF613,
  0xF674, 0xF675, 0xF675, 0xF6B6, 0xF6B6, 0xF696, 0xFEB6, 0xFEB6, 0xFED7, 0xFED6, 0xFEF7, 0xFF18,
  0xFF18, 0xFF18, 0xFF19, 0xFEF8, 0xFF18, 0xFED6, 0xFEF7, 0xFEF7, 0xFED6, 0xFEF7, 0xFEF7, 0xFEF8,
  0xFF39, 0xFF5A, 0xF718, 0xFF39, 0xFF5A, 0xF739, 0xFF39, 0xFF39, 0xFF39, 0xFF39, 0xFF39, 0xFF18,
  0xFF18, 0xFF18, 0xFEF8, 0xFF18, 0xFEF8, 0xFEF7, 0xFEF7, 0xFEF8, 0xFF18, 0xFED7, 0xFED6, 0xF6B6,
  0xF6D7, 0xFED7, 0xF6B6, 0xF695, 0xF695, 0xF675, 0xF6B6, 0xF675, 0xF654, 0xF634, 0xF613, 0xF613,
  0xEDF3, 0xEDF2, 0xEDD2, 0xEDD2, 0xEDB2, 0xE591, 0xE591, 0xE592, 0xE592, 0xE571, 0xE592, 0xE572,
  0xDD71, 0xDD51, 0xDCEF, 0xDCCE, 0xD4AE, 0xD4AE, 0xD48E, 0xD48E, 0xCC4C, 0xCC2C, 0xCC2C, 0xCC4D,
  0xC3EB, 0xC3EB, 0xC3CB, 0xC3AA, 0xBB89, 0xBB48, 0xBB28, 0xB307, 0xB307, 0xB2E7, 0xB2C6, 0xAAC6,
  0xAAC7, 0xAAC7, 0xA2A6, 0xA286, 0x9A66, 0x9A45, 0x9A45, 0x9225, 0x9225, 0x9225, 0x9205, 0x89E4,
  0x89E4, 0x8A05, 0x89E4, 0x81E4, 0x81E5, 0x81A4, 0x7983, 0x7963, 0x7963, 0x7143, 0x7143, 0x7163,
  0x7143, 0x7142, 0x6942, 0x6922, 0x6943, 0x6943, 0x6922, 0x6922, 0x6922, 0x6102, 0x6102, 0x6102,
  0x60E1, 0x60E1, 0x58E1, 0x60E1, 0x60E1, 0x58E1, 0x6143, 0x6122, 0x5902, 0x58E2, 0x5902, 0x58E2,
  0x5902, 0x50C1, 0x50C1, 0x50E2, 0x50C1, 0x50C1, 0x50A1, 0x48A0, 0x4880, 0x48A1, 0x48C1, 0x48C1,
  0x48C1, 0x48E2, 0x48C1, 0x48A1, 0x4081, 0x4080, 0x4081, 0x3860, 0x3040, 0x3040, 0x40A1, 0x40E2,
  0x48C1, 0x48E1, 0x50E1, 0x5922, 0x6983, 0x69A3, 0x6983, 0x71A3, 0x79C4, 0x79E4, 0x8204, 0x8225,
  0x8A25, 0x8A45, 0x9286, 0x9AA6, 0x9A85, 0x9AA5, 0xA2C6, 0xA328, 0xAB28, 0xAB28, 0xAB07, 0xAB07,
  0xCB68, 0xCB47, 0xC327, 0xC306, 0xC2C6, 0xBAA5, 0xBA64, 0xB244, 0xB223, 0xB203, 0xB203, 0xB244,
  0xBA85, 0xBAC6, 0xC327, 0xC368, 0xCBA9, 0xCBCA, 0xD40A, 0xD42B, 0xD42B, 0xD42A, 0xDC2A, 0xDC4B,
  0xDC6B, 0xDC8C, 0xDCAC, 0xE4CD, 0xE50E, 0xE54F, 0xE54F, 0xED70, 0xED90, 0xED91, 0xED91, 0xEDB1,
  0xEDB1, 0xEDD2, 0xEDF2, 0xF613, 0xF634, 0xF5F2, 0xF613, 0xF634, 0xF675, 0xF654, 0xF654, 0xF675,
  0xF675, 0xF674, 0xF695, 0xF6B6, 0xFEB6, 0xF695, 0xFED7, 0xF6D6, 0xFEF8, 0xFED6, 0xFEB6, 0xFEF7,
  0xFED6, 0xFED6, 0xFED7, 0xFED6, 0xFEB6, 0xFF18, 0xFF19, 0xFF39, 0xFF18, 0xFEF7, 0xFEF8, 0xFF39,
  0xF739, 0xFF19, 0xFF39, 0xFF5A, 0xFF5A, 0xFF5B, 0xFF7B, 0xFF5A, 0xFF5A, 0xFF5A, 0xFF39, 0xFF7B,
  0xFF5B, 0xFF7B, 0xFF7B, 0xFF7B, 0xFF5B, 0xF75A, 0xF718, 0xF718, 0xF718, 0xFF18, 0xF6D7, 0xF6F8,
  0xF6F8, 0xF6F8, 0xF6F8, 0xF6F8, 0xF6B7, 0xF6F8, 0xF6B7, 0xF696, 0xF676, 0xEE34, 0xF634, 0xEE13,
  0xEDF2, 0xEDF3, 0xEE55, 0xEDF3, 0xEDB2, 0xE591, 0xE591, 0xE571, 0xE550, 0xE550, 0xE571, 0xE571,
  0xDD50, 0xDD10, 0xDCEF, 0xDCAD, 0xD4CE, 0xDD10, 0xD48D, 0xD46D, 0xD48E, 0xCC6D, 0xCC2C, 0xCC2C,
  0xC40C, 0xC3EB, 0xC3CB, 0xC40C, 0xBBAA, 0xBB8A, 0xBB69, 0xB328, 0xB2E7, 0xB2C7, 0xAAC6, 0xAAA6,
  0xAAA6, 0xAAA6, 0xA286, 0xA266, 0x9A45, 0x9A25, 0x9A25, 0x9A25, 0x9225, 0x9205, 0x9205, 0x89E4,
  0x89E4, 0x8A26, 0x89E5, 0x81C4, 0x81C4, 0x81A4, 0x7983, 0x7963, 0x7963, 0x7963, 0x7163, 0x7163,
  0x7163, 0x7143, 0x7143, 0x7143, 0x6942, 0x6922, 0x6922, 0x6922, 0x6922, 0x6102, 0x6102, 0x6102,
  0x6102, 0x60E1, 0x60E1, 0x58C1, 0x60C1, 0x58C1, 0x58E2, 0x6122, 0x5902, 0x5902, 0x5902, 0x5902,
  0x5902, 0x58C1, 0x58C1, 0x5902, 0x50E1, 0x50E1, 0x50C1, 0x50A1, 0x48A0, 0x4880, 0x48A1, 0x48C1,
  0x48C1, 0x48C1, 0x48C1, 0x48C1, 0x48A1, 0x4080, 0x4080, 0x4080, 0x3860, 0x3040, 0x3860, 0x40E2,
  0x4902, 0x48E2, 0x50E1, 0x5902, 0x6142, 0x69A4, 0x71A4, 0x71A3, 0x71C3, 0x7A04, 0x8205, 0x8204,
  0x8A45, 0x9266, 0x9286, 0x9286, 0x9AE7, 0x9AA6, 0xA2C6, 0xA2E7, 0xA327, 0xAB28, 0xAB07, 0xAB07,
  0xCB68, 0xCB27, 0xC326, 0xC2E6, 0xC2A5, 0xBA85, 0xBA64, 0xB224, 0xB223, 0xB223, 0xB244, 0xBA85,
  0xBAC6, 0xC307, 0xC348, 0xCB89, 0xCBC9, 0xD3EA, 0xD40B, 0xD42B, 0xD44C, 0xDC4B, 0xDC4B, 0xDC2A,
  0xDC4B, 0xDC8C, 0xE4CD, 0xE50E, 0xE52F, 0xE570, 0xED70, 0xED91, 0xEDB1, 0xEDB1, 0xEDB1, 0xEDB2,
  0xEDD2, 0xEDD2, 0xEDD2, 0xEE13, 0xF634, 0xF633, 0xF613, 0xF633, 0xF675, 0xF695, 0xF634, 0xF654,
  0xF675, 0xF675, 0xF654, 0xF675, 0xFEB6, 0xFE75, 0xFEB6, 0xFED6, 0xFEB6, 0xF695, 0xF695, 0xFEB6,
  0xFF18, 0xFED7, 0xFEF7, 0xFF18, 0xFEF8, 0xFF18, 0xFF19, 0xFF39, 0xF719, 0xFEF8, 0xFED6, 0xFF39,
  0xFF7B, 0xFF39, 0xF739, 0xFF5A, 0xFF39, 0xFF5A, 0xFF59, 0xFF39, 0xFF39, 0xFF7B, 0xFF5A, 0xFF19,
  0xFF5A, 0xF75B, 0xFF5A, 0xFF3A, 0xFF5A, 0xF739, 0xFF39, 0xFF5A, 0xFF3A, 0xFF39, 0xFF3A, 0xF719,
  0xFF5A, 0xF6D8, 0xF6B6, 0xF6B7, 0xF6F8, 0xF6F8, 0xF6D8, 0xF697, 0xF696, 0xF655, 0xF676, 0xEE13,
  0xEE34, 0xEE55, 0xEE34, 0xEDF4, 0xEDB2, 0xEDD3, 0xEE35, 0xEDF3, 0xE591, 0xE550, 0xE550, 0xDD2F,
  0xDD0F, 0xDCEF, 0xDCCE, 0xD4CE, 0xD4EF, 0xD4AE, 0xD48D, 0xD48E, 0xD48E, 0xCC2C, 0xCC2C, 0xCC0B,
  0xC3EB, 0xC3CB, 0xC3EB, 0xC3CB, 0xC3AA, 0xBB69, 0xBB8A, 0xB329, 0xB308, 0xB308, 0xAAE7, 0xAAC7,
  0xAA86, 0xA265, 0xA245, 0xA245, 0x9A45, 0x9A25, 0x9A45, 0x9204, 0x9204, 0x9204, 0x91E4, 0x89E4,
  0x89E4, 0x8A05, 0x89E5, 0x81E4, 0x81C4, 0x81A4, 0x7983, 0x7983, 0x7963, 0x7963, 0x7163, 0x7163,
  0x7163, 0x7143, 0x7143, 0x7163, 0x7143, 0x6943, 0x6922, 0x6922, 0x6902, 0x6922, 0x6902, 0x6102,
  0x6102, 0x60E2, 0x60E1, 0x60E1, 0x58C1, 0x58C1, 0x58C1, 0x6102, 0x6102, 0x6122, 0x5902, 0x5902,
  0x5902, 0x58E1, 0x58E1, 0x58E2, 0x58E2, 0x58E1, 0x50C1, 0x50C1, 0x50A0, 0x4880, 0x48A0, 0x48A1,
  0x48C1, 0x48C1, 0x50E2, 0x48E1, 0x48C1, 0x48A1, 0x40A1, 0x40A0, 0x4080, 0x3860, 0x3840, 0x3880,
  0x48E2, 0x4902, 0x48E2, 0x5102, 0x5942, 0x6163, 0x6983, 0x71C4, 0x71A3, 0x79E4, 0x8225, 0x8204,
  0x8204, 0x8A45, 0x92A7, 0x9286, 0x9A86, 0x9AA6, 0x9AC6, 0xA2C6, 0xA307, 0xAB28, 0xAB69, 0xAB28,
  0xCB47, 0xC327, 0xC306, 0xC2C5, 0xBAA5, 0xBA84, 0xB264, 0xB223, 0xB223, 0xB244, 0xB285, 0xBAC6,
  0xC307, 0xC327, 0xCB68, 0xCBA9, 0xCBC9, 0xD3EA, 0xD40B, 0xD44B, 0xD44C, 0xDC6C, 0xDC6B, 0xDC6B,
  0xDC6B, 0xE48C, 0xE4CD, 0xE50E, 0xE52F, 0xE550, 0xED70, 0xED70, 0xEDB1, 0xEDD2, 0xED91, 0xEDB1,
  0xEDB1, 0xEDF2, 0xEDF2, 0xEDD1, 0xEDF2, 0xF613, 0xF613, 0xF5F2, 0xF613, 0xF634, 0xF654, 0xF633,
  0xF654, 0xF654, 0xF654, 0xF675, 0xF675, 0xF695, 0xF695, 0xFEB6, 0xFED7, 0xFEF8, 0xFEB6, 0xFEB6,
  0xF6B6, 0xFED7, 0xFED7, 0xFF18, 0xFED7, 0xFED6, 0xFEF7, 0xFF18, 0xFEF8, 0xFED7, 0xFED6, 0xFED6,
  0xFEF8, 0xFF18, 0xFF18, 0xFEF7, 0xFF18, 0xFF39, 0xFF5A, 0xFF39, 0xFF18, 0xFF39, 0xFF18, 0xFF18,
  0xFF18, 0xFF39, 0xFF3A, 0xFF39, 0xF718, 0xFF18, 0xFEF8, 0xF6D7, 0xFEF8, 0xF718, 0xF719, 0xF719,
  0xF6F8, 0xF696, 0xF696, 0xF6B7, 0xF6B7, 0xF696, 0xF675, 0xF676, 0xF655, 0xF655, 0xEE34, 0xEE34,
  0xEE55, 0xEE34, 0xEDF3, 0xEDD3, 0xEDD2, 0xE5F3, 0xE5F3, 0xE5B2, 0xE571, 0xE571, 0xE571, 0xE550,
  0xDD30, 0xDCEF, 0xDCCE, 0xDCAE, 0xD4AE, 0xD48E, 0xD46D, 0xD46D, 0xCC2C, 0xCC0C, 0xCC0C, 0xC3EB,
  0xC3CB, 0xC3CA, 0xC3EB, 0xC3CB, 0xBB8A, 0xBB8A, 0xBB69, 0xB328, 0xB36A, 0xB308, 0xAAE7, 0xAAA6,
  0xAAC7, 0xA286, 0xA266, 0x9A25, 0x9A25, 0x9A04, 0x9204, 0x9204, 0x91E4, 0x91E4, 0x91E4, 0x89C4,
  0x89E4, 0x89E4, 0x89E4, 0x81A4, 0x81C4, 0x81A4, 0x7983, 0x7984, 0x7983, 0x7963, 0x7163, 0x7163,
  0x7143, 0x7143, 0x7122, 0x7142, 0x6922, 0x6922, 0x6922, 0x6902, 0x6902, 0x6922, 0x6922, 0x6102,
  0x6102, 0x6102, 0x60E1, 0x60E1, 0x60E1, 0x58E1, 0x58C1, 0x58C1, 0x58E1, 0x6102, 0x5902, 0x58E2,
  0x58E2, 0x58E1, 0x58E1, 0x5902, 0x58E2, 0x58E1, 0x58E1, 0x50C1, 0x50A0, 0x50A1, 0x48A0, 0x4880,
  0x48A1, 0x48C1, 0x50E2, 0x50E2, 0x48E1, 0x48C1, 0x48A1, 0x40A0, 0x4080, 0x4080, 0x3860, 0x3840,
  0x40A1, 0x48E2, 0x5102, 0x50E2, 0x5922, 0x6142, 0x6963, 0x69A4, 0x71C4, 0x71A3, 0x79E4, 0x8225,
  0x8A25, 0x8A25, 0x9265, 0x9286, 0x9AC7, 0x9AC6, 0xA2C6, 0xA2C6, 0xA2E7, 0xAB07, 0xAB48, 0xAB27,
  0xCB47, 0xC327, 0xC306, 0xC2C5, 0xBAA5, 0xBA64, 0xB244, 0xB244, 0xB244, 0xB264, 0xBAA5, 0xBAE6,
  0xC327, 0xC368, 0xCB88, 0xCBA9, 0xCBC9, 0xD3EA, 0xD40A, 0xD42A, 0xDC2B, 0xDC4B, 0xDC6B, 0xDC8C,
  0xDC8C, 0xE48B, 0xE48C, 0xE4CD, 0xE50E, 0xE54F, 0xED4F, 0xED6F, 0xED70, 0xED91, 0xED90, 0xED90,
  0xED91, 0xEDD1, 0xEDD2, 0xEDB1, 0xEDB0, 0xEDD1, 0xF5F2, 0xF5F2, 0xF5D1, 0xF5F2, 0xF634, 0xF655,
  0xF654, 0xF633, 0xF633, 0xF632, 0xF653, 0xFE96, 0xF6B6, 0xF695, 0xF695, 0xFED7, 0xFEF7, 0xFED7,
  0xFEB6, 0xFED6, 0xFEB6, 0xFED7, 0xFED7, 0xFED7, 0xFED7, 0xFED7, 0xFEF8, 0xFF18, 0xFEF8, 0xFED6,
  0xFEB6, 0xFED6, 0xFED7, 0xFEF7, 0xFF18, 0xFF18, 0xFF39, 0xFF18, 0xFF18, 0xFF19, 0xFF39, 0xFEF7,
  0xFEF7, 0xFEF7, 0xFF18, 0xFF39, 0xFF18, 0xFEF8, 0xF6F8, 0xFEF8, 0xF6D7, 0xFED7, 0xF6D7, 0xF6D7,
  0xF6B6, 0xF675, 0xF695, 0xF6B7, 0xF6B6, 0xF6B7, 0xF675, 0xF655, 0xF654, 0xEE34, 0xEE34, 0xEE34,
  0xEE14, 0xEDF3, 0xEDD2, 0xEDB2, 0xE5B2, 0xE5D3, 0xE592, 0xE592, 0xE571, 0xE571, 0xDD30, 0xE551,
  0xDD30, 0xDCEF, 0xDCAE, 0xD4AD, 0xD48D, 0xD46D, 0xD44C, 0xCC4C, 0xCC4D, 0xCC4C, 0xCC0C, 0xC3EB,
  0xC3CA, 0xC3CA, 0xC3CB, 0xBB8A, 0xBB69, 0xBB8A, 0xB349, 0xB349, 0xB329, 0xAB08, 0xAAC7, 0xAAC7,
  0xAAC8, 0xA287, 0xA286, 0xA287, 0x9A45, 0x9A25, 0x91E4, 0x91C3, 0x91C3, 0x89C3, 0x89A3, 0x89C3,
  0x89A3, 0x89A3, 0x81A3, 0x81A4, 0x81A4, 0x81A4, 0x7983, 0x7983, 0x7983, 0x7963, 0x7963, 0x7143,
  0x7163, 0x7143, 0x7143, 0x7143, 0x6922, 0x6922, 0x6922, 0x6902, 0x6943, 0x6943, 0x6902, 0x6102,
  0x6102, 0x60E1, 0x60E1, 0x60E2, 0x60E1, 0x60E1, 0x60E1, 0x58C1, 0x58C1, 0x58E1, 0x58E1, 0x58E2,
  0x5902, 0x58E1, 0x5902, 0x5902, 0x58E1, 0x5902, 0x5902, 0x58E1, 0x50C1, 0x50C1, 0x50A1, 0x48A0,
  0x48A0, 0x48A1, 0x50E1, 0x50E2, 0x50E2, 0x50E1, 0x48C1, 0x48A1, 0x48A1, 0x40A1, 0x4080, 0x4080,
  0x3860, 0x40C1, 0x4902, 0x5123, 0x5102, 0x5922, 0x6983, 0x69A3, 0x71E4, 0x79C4, 0x79C3, 0x81E4,
  0x8225, 0x8A45, 0x9265, 0x9286, 0x9AA6, 0x9AC7, 0xA2C6, 0xA2C6, 0xA2E7, 0xAB07, 0xAB28, 0xAB48,
  0xCB47, 0xC306, 0xC2E6, 0xBAC5, 0xBAA5, 0xBA84, 0xBA64, 0xB244, 0xB264, 0xB265, 0xBAC6, 0xC327,
  0xC368, 0xCB88, 0xCBA9, 0xCBC9, 0xD3C9, 0xD3EA, 0xD40A, 0xD42A, 0xDC4B, 0xDC6B, 0xDC6C, 0xDCAC,
  0xE4AC, 0xE4AC, 0xE4AC, 0xE4AC, 0xE4CC, 0xE4ED, 0xE50D, 0xED2E, 0xED4F, 0xED4F, 0xED6F, 0xED6F,
  0xED90, 0xED90, 0xEDB1, 0xEDB1, 0xEDB0, 0xEDB1, 0xF5D1, 0xF5D1, 0xF5D1, 0xF5D1, 0xF613, 0xF634,
  0xF675, 0xF654, 0xF633, 0xF654, 0xF653, 0xF633, 0xF674, 0xF675, 0xF653, 0xF654, 0xFE54, 0xFE74,
  0xF695, 0xFE95, 0xFE95, 0xFE95, 0xFEB6, 0xFED7, 0xFEF8, 0xFED7, 0xFED7, 0xFF19, 0xF719, 0xFF18,
  0xFF18, 0xFED6, 0xFEF7, 0xFF18, 0xFF39, 0xFF39, 0xFEF8, 0xFEF8, 0xFED7, 0xFF18, 0xFF18, 0xFF18,
  0xFEF7, 0xFED7, 0xFEF7, 0xFF18, 0xFEF8, 0xF6F8, 0xFEF8, 0xF6F8, 0xF6F8, 0xF6D7, 0xF6B6, 0xF696,
  0xF696, 0xF695, 0xF696, 0xF6B7, 0xF696, 0xF675, 0xF676, 0xF655, 0xF655, 0xEE35, 0xEE34, 0xEE14,
  0xEDF3, 0xEE14, 0xEDD3, 0xE5B2, 0xE5D3, 0xE5B2, 0xE5B2, 0xE591, 0xE571, 0xE571, 0xDD30, 0xDCEF,
  0xDCEF, 0xDCCE, 0xD4AE, 0xDCEF, 0xD4AE, 0xD46D, 0xCC4C, 0xCC6D, 0xCC4D, 0xCC2C, 0xC3EB, 0xC3CB,
  0xC3CA, 0xC38A, 0xBB89, 0xBB69, 0xBB69, 0xBB69, 0xB349, 0xB349, 0xB308, 0xAAC7, 0xAAC7, 0xAAE8,
  0xA2C7, 0xA2C7, 0xA287, 0x9A66, 0x9A46, 0x9225, 0x9245, 0x9225, 0x91E4, 0x89C4, 0x89A3, 0x89A3,
  0x8183, 0x8182, 0x8162, 0x8183, 0x8183, 0x7983, 0x7983, 0x7983, 0x7963, 0x7163, 0x7163, 0x7163,
  0x7142, 0x7143, 0x7163, 0x7143, 0x7143, 0x6922, 0x6922, 0x6902, 0x6922, 0x6902, 0x6922, 0x6922,
  0x6922, 0x6102, 0x6102, 0x60E1, 0x6102, 0x6102, 0x58E1, 0x60E1, 0x58C1, 0x58C1, 0x58C1, 0x58E1,
  0x58E1, 0x58E1, 0x5902, 0x5902, 0x58E2, 0x5902, 0x5902, 0x58E2, 0x58E1, 0x50C1, 0x50C1, 0x50C1,
  0x50A0, 0x48A0, 0x50C1, 0x50E2, 0x50E2, 0x50E2, 0x48E1, 0x50C1, 0x48C1, 0x48A1, 0x48A1, 0x40A1,
  0x4080, 0x40A1, 0x5123, 0x5143, 0x5943, 0x5943, 0x6142, 0x6963, 0x71A4, 0x79E5, 0x79E4, 0x7A04,
  0x8224, 0x8A45, 0x9266, 0x9286, 0x9AA6, 0x9AC6, 0xA2E7, 0xA2C6, 0xA2E6, 0xAB27, 0xAB27, 0xAB48,
  0xCB47, 0xC306, 0xC2C5, 0xBAA5, 0xBA85, 0xBA84, 0xBA64, 0xBA64, 0xBA85, 0xBAA5, 0xBAC5, 0xC327,
  0xCB88, 0xCBA9, 0xCBC9, 0xCBC9, 0xD3EA, 0xD40A, 0xD44B, 0xDC6C, 0xDC8C, 0xDCAD, 0xDCAD, 0xDCCD,
  0xE4EE, 0xE4EE, 0xE4ED, 0xE4CD, 0xE4CC, 0xE4CC, 0xE4CC, 0xECCC, 0xECED, 0xED0D, 0xED0D, 0xED2E,
  0xED4E, 0xED70, 0xED90, 0xEDB1, 0xEDB1, 0xF5B1, 0xF5F2, 0xF5F2, 0xF5F2, 0xF5F2, 0xF5D1, 0xF5F1,
  0xF5F2, 0xF613, 0xF612, 0xF633, 0xF633, 0xF612, 0xF612, 0xF632, 0xF633, 0xF653, 0xF653, 0xF633,
  0xF633, 0xF653, 0xFE74, 0xFE53, 0xFE53, 0xFE74, 0xFE74, 0xFE94, 0xFE94, 0xFE95, 0xFED6, 0xFEB6,
  0xFED6, 0xFEB5, 0xFE95, 0xFEB6, 0xFED6, 0xFEF7, 0xFEF7, 0xFED7, 0xFF18, 0xFF18, 0xFF18, 0xFF19,
  0xFF39, 0xF719, 0xFEB6, 0xFEB6, 0xFED6, 0xF6D7, 0xF6F7, 0xF6B7, 0xF6B6, 0xF696, 0xF695, 0xF6B6,
  0xF695, 0xF6B6, 0xF695, 0xF6B7, 0xF696, 0xF676, 0xF675, 0xF655, 0xF655, 0xEE34, 0xEE14, 0xEDF3,
  0xEDF3, 0xEDD3, 0xEDB2, 0xE5B2, 0xE5B3, 0xE591, 0xE571, 0xE550, 0xE571, 0xE551, 0xDD0F, 0xDCEF,
  0xDCCE, 0xDCCE, 0xDCAE, 0xD4AE, 0xD48D, 0xD46D, 0xCC4C, 0xCC2C, 0xCC2C, 0xCBEB, 0xC3EB, 0xC3AA,
  0xC3CA, 0xC389, 0xBB68, 0xBB49, 0xB328, 0xB349, 0xB36A, 0xB328, 0xAB08, 0xAAC7, 0xA286, 0xAAE8,
  0xA2A7, 0xA287, 0x9A87, 0x9A46, 0x9A45, 0x9225, 0x9225, 0x9205, 0x9205, 0x8A05, 0x89E4, 0x89A3,
  0x81A3, 0x8183, 0x8183, 0x8162, 0x7942, 0x7962, 0x7962, 0x7962, 0x7142, 0x7142, 0x7163, 0x7143,
  0x7163, 0x7143, 0x7143, 0x7143, 0x6922, 0x6922, 0x6922, 0x6922, 0x6922, 0x6902, 0x6902, 0x6922,
  0x6943, 0x6922, 0x6102, 0x60E1, 0x6102, 0x6102, 0x60E1, 0x58E1, 0x60E1, 0x58E1, 0x58C1, 0x58E1,
  0x58E1, 0x58E1, 0x58E2, 0x58E2, 0x5902, 0x5902, 0x5902, 0x58E2, 0x58E1, 0x58E2, 0x58E1, 0x50C1,
  0x50C1, 0x50A0, 0x50A0, 0x50C1, 0x50E2, 0x50E2, 0x50E2, 0x50E2, 0x50E1, 0x48C1, 0x48A1, 0x48A1,
  0x40A0, 0x4080, 0x48C1, 0x5123, 0x5943, 0x6164, 0x6163, 0x6142, 0x6983, 0x71C4, 0x79E4, 0x7A04,
  0x8225, 0x8A24, 0x9265, 0x9286, 0x9AA6, 0x9AA6, 0x9AC6, 0xA2E7, 0xA2E7, 0xA2E7, 0xAB27, 0xAB68,
  0xCB47, 0xC306, 0xC2C5, 0xBAA5, 0xBA85, 0xBA85, 0xBA85, 0xBA85, 0xBAA5, 0xBAC6, 0xBAE6, 0xC306,
  0xCB68, 0xCBA9, 0xD3EA, 0xD40A, 0xD42B, 0xD44C, 0xDC8D, 0xDCAD, 0xDCCD, 0xDCCE, 0xDCEE, 0xE50F,
  0xE52F, 0xE52F, 0xE50F, 0xE50F, 0xE50E, 0xE52F, 0xE50E, 0xE4ED, 0xECED, 0xED0D, 0xED0D, 0xED0D,
  0xED0D, 0xED2D, 0xED4E, 0xED4E, 0xED6F, 0xED6F, 0xED90, 0xEDB1, 0xEDD1, 0xF613, 0xF613, 0xF5F2,
  0xF5F1, 0xF5D1, 0xF5F1, 0xF5D1, 0xF612, 0xF633, 0xF654, 0xF675, 0xF695, 0xFEB6, 0xF675, 0xF695,
  0xF654, 0xFE54, 0xF654, 0xFE95, 0xF695, 0xF695, 0xF674, 0xFE95, 0xFE95, 0xF695, 0xFED6, 0xFEB6,
  0xFED7, 0xFEF7, 0xFEB6, 0xFEB6, 0xFEB6, 0xFE95, 0xF695, 0xFE95, 0xFEB5, 0xF6B6, 0xFED6, 0xF6D7,
  0xFF39, 0xF739, 0xFEF8, 0xF6D6, 0xF695, 0xFEB6, 0xF6B6, 0xF6B6, 0xF6B6, 0xF6B6, 0xF696, 0xF696,
  0xF696, 0xF675, 0xF675, 0xF655, 0xF654, 0xF655, 0xF634, 0xF634, 0xF634, 0xEE13, 0xEE14, 0xEDF3,
  0xEDF3, 0xEDD2, 0xEDD3, 0xE5B2, 0xE5B2, 0xE591, 0xE591, 0xE571, 0xE530, 0xDD0F, 0xDD10, 0xDCEF,
  0xDCAE, 0xD48D, 0xD48D, 0xD46C, 0xD44C, 0xD42C, 0xCC2B, 0xCC2B, 0xCC0B, 0xCBEB, 0xC3CA, 0xC3CA,
  0xC3CA, 0xC369, 0xBB48, 0xBB8A, 0xBB49, 0xB349, 0xB349, 0xB328, 0xAB08, 0xAAA7, 0xA286, 0xA2A7,
  0xA2C8, 0xA286, 0xA287, 0x9A46, 0x9225, 0x9225, 0x9226, 0x9205, 0x8A05, 0x89E5, 0x89E5, 0x81A3,
  0x81C4, 0x81E5, 0x81A4, 0x7983, 0x7963, 0x7962, 0x7942, 0x7122, 0x7122, 0x7122, 0x7122, 0x7142,
  0x7142, 0x7163, 0x7163, 0x7163, 0x6942, 0x6922, 0x6902, 0x6922, 0x6922, 0x6922, 0x6901, 0x6963,
  0x6943, 0x6122, 0x6922, 0x6101, 0x6102, 0x6102, 0x6102, 0x6102, 0x6102, 0x6102, 0x60E1, 0x58C1,
  0x58C1, 0x58C1, 0x6102, 0x58E2, 0x6102, 0x6102, 0x6102, 0x6102, 0x58E1, 0x58E1, 0x5902, 0x58E1,
  0x58E1, 0x50C1, 0x50A0, 0x50A0, 0x50C1, 0x50E2, 0x50E2, 0x50E2, 0x5102, 0x50E1, 0x48C1, 0x48C1,
  0x48A1, 0x48A0, 0x48A0, 0x50E2, 0x5943, 0x5963, 0x6184, 0x6183, 0x6963, 0x6983, 0x79E4, 0x8225,
  0x8225, 0x8A25, 0x8A24, 0x9265, 0x9A86, 0x9AA6, 0x9AC6, 0xA307, 0xAB07, 0xAB07, 0xAAE6, 0xAB07,
  0xCB47, 0xC326, 0xC2E6, 0xBAA5, 0xBAA5, 0xBAA5, 0xBAA5, 0xBAA5, 0xBAC6, 0xC2E6, 0xC307, 0xC307,
  0xC347, 0xCB88, 0xD3EA, 0xD42B, 0xD44C, 0xDC8D, 0xDCAD, 0xDCAD, 0xDCCE, 0xDCEE, 0xDD0F, 0xE52F,
  0xE52F, 0xE52F, 0xE52F, 0xE50F, 0xE52F, 0xE570, 0xE570, 0xE54F, 0xE50E, 0xED4F, 0xED6F, 0xED70,
  0xED6F, 0xED70, 0xED4F, 0xED4E, 0xED2D, 0xED2D, 0xED2D, 0xED4E, 0xED6F, 0xF5B0, 0xF5D2, 0xF613,
  0xF612, 0xF633, 0xF613, 0xF654, 0xF633, 0xF612, 0xF5F2, 0xF653, 0xF675, 0xF675, 0xF675, 0xF6B6,
  0xF695, 0xF696, 0xF675, 0xF6B6, 0xF6D7, 0xF6D7, 0xF6D7, 0xF695, 0xFEB6, 0xFED7, 0xF6B6, 0xF695,
  0xF6D7, 0xF6F8, 0xF6F8, 0xF718, 0xFEF8, 0xF719, 0xF6D7, 0xF6B6, 0xFE95, 0xFEB6, 0xFE95, 0xFE95,
  0xFEB5, 0xF6B6, 0xF6D7, 0xF718, 0xF6D7, 0xFE95, 0xF675, 0xF6B6, 0xF6D7, 0xF6D7, 0xF6B7, 0xF6B6,
  0xF6D7, 0xF696, 0xF676, 0xF6B7, 0xF676, 0xF655, 0xF655, 0xF655, 0xEE55, 0xEDF2, 0xEDD2, 0xEDF3,
  0xEDF3, 0xEDD2, 0xE5B2, 0xE592, 0xE571, 0xE550, 0xE550, 0xE52F, 0xDD0F, 0xDCEF, 0xDD30, 0xDCEF,
  0xD48D, 0xD48D, 0xD48D, 0xD46C, 0xD42C, 0xD44C, 0xCC4C, 0xCC0C, 0xCC0B, 0xC3CA, 0xC3CA, 0xC3AA,
  0xC38A, 0xBB49, 0xBB8A, 0xBB8A, 0xB349, 0xB308, 0xB328, 0xB308, 0xAAE7, 0xA286, 0xA265, 0xA2A7,
  0xA286, 0x9A45, 0x9A46, 0x9A46, 0x9225, 0x9225, 0x9205, 0x89E4, 0x8A05, 0x89E4, 0x89C4, 0x81A3,
  0x81E5, 0x81C4, 0x81A4, 0x79A4, 0x7984, 0x7963, 0x7942, 0x7142, 0x7121, 0x7122, 0x7142, 0x7122,
  0x7122, 0x7142, 0x7143, 0x7142, 0x6922, 0x6922, 0x6902, 0x6922, 0x6922, 0x6922, 0x6901, 0x6943,
  0x6923, 0x6922, 0x6922, 0x6101, 0x6122, 0x6102, 0x6101, 0x6102, 0x6122, 0x6102, 0x60E1, 0x60E1,
  0x58C1, 0x58C1, 0x58E1, 0x58E1, 0x6102, 0x6123, 0x6122, 0x6101, 0x58E1, 0x5902, 0x5902, 0x58E1,
  0x58E1, 0x58E1, 0x50C1, 0x50A0, 0x50A0, 0x50C1, 0x50E1, 0x50E2, 0x5102, 0x50E2, 0x50E1, 0x50C1,
  0x48C1, 0x48C1, 0x48A0, 0x48C1, 0x5123, 0x5963, 0x6184, 0x69A4, 0x69A4, 0x6983, 0x71A3, 0x7A05,
  0x8245, 0x8A45, 0x8A65, 0x9265, 0x9286, 0x9AA6, 0x9AC6, 0xA2E7, 0xA307, 0xAB28, 0xAB28, 0xAB07,
  0xCB47, 0xC326, 0xC2E6, 0xBAC5, 0xBAA5, 0xBAA5, 0xBAA5, 0xBAC6, 0xBAE6, 0xC307, 0xC347, 0xC347,
  0xCB48, 0xCB88, 0xCBA9, 0xD42B, 0xD44C, 0xDC8C, 0xDCAD, 0xDCCD, 0xDCCE, 0xDD0F, 0xDD0F, 0xE52F,
  0xE52F, 0xE50F, 0xE52F, 0xE52F, 0xE52F, 0xE550, 0xE550, 0xED70, 0xED70, 0xED4F, 0xED6F, 0xED90,
  0xED91, 0xED91, 0xED91, 0xEDB1, 0xED90, 0xED6F, 0xED6F, 0xED4E, 0xED2D, 0xED4E, 0xF56E, 0xF590,
  0xF5D1, 0xF5F2, 0xF5F2, 0xF633, 0xF613, 0xF634, 0xF612, 0xF5F1, 0xF612, 0xF633, 0xF654, 0xF654,
  0xF675, 0xF675, 0xF675, 0xF654, 0xF674, 0xF654, 0xF675, 0xF674, 0xFE75, 0xF674, 0xF675, 0xFE95,
  0xF674, 0xF695, 0xF695, 0xF674, 0xF675, 0xF6B6, 0xF6B6, 0xF6F8, 0xF6D7, 0xF695, 0xF6B6, 0xF6D7,
  0xFEB6, 0xF674, 0xF695, 0xF6B6, 0xF6B7, 0xF696, 0xF674, 0xF674, 0xF675, 0xF675, 0xF654, 0xF675,
  0xF696, 0xF675, 0xF655, 0xF634, 0xF634, 0xEE13, 0xEE13, 0xEDF3, 0xEDF3, 0xEDF2, 0xEDD2, 0xEDB1,
  0xEDB1, 0xE571, 0xE570, 0xE550, 0xE530, 0xE530, 0xE530, 0xDD0F, 0xDCEF, 0xDD0F, 0xDCEE, 0xDCAE,
  0xDCAD, 0xD4AE, 0xD46C, 0xD44C, 0xD48E, 0xD46E, 0xCC2C, 0xCC0B, 0xC3EB, 0xC3CA, 0xC389, 0xC3AA,
  0xBB69, 0xBB48, 0xBBAB, 0xB349, 0xB328, 0xB308, 0xAAE7, 0xAAE8, 0xAAA7, 0xAAA6, 0xA265, 0xA266,
  0x9A66, 0x9A66, 0x9A46, 0x9225, 0x9205, 0x9204, 0x91E4, 0x91E4, 0x8A05, 0x89C4, 0x89C4, 0x81A3,
  0x81C4, 0x81A4, 0x81A4, 0x81A4, 0x7984, 0x7983, 0x7963, 0x7142, 0x7142, 0x7101, 0x7122, 0x7122,
  0x7122, 0x7122, 0x7122, 0x6922, 0x6922, 0x6902, 0x6902, 0x6922, 0x6942, 0x6902, 0x6902, 0x6922,
  0x6922, 0x6922, 0x6101, 0x6102, 0x6943, 0x6102, 0x6122, 0x6123, 0x6122, 0x6122, 0x6102, 0x6102,
  0x60E1, 0x58C1, 0x58C1, 0x60E1, 0x58E1, 0x6122, 0x6102, 0x6102, 0x58E1, 0x6102, 0x6122, 0x5902,
  0x5902, 0x5902, 0x58E1, 0x50C1, 0x50A0, 0x50A0, 0x50C1, 0x50E1, 0x5902, 0x50E2, 0x50E1, 0x50E1,
  0x50C1, 0x50C1, 0x50A0, 0x48A0, 0x50E2, 0x5943, 0x6184, 0x69A4, 0x69C4, 0x71E5, 0x71C4, 0x79E4,
  0x8225, 0x8A86, 0x92A7, 0x9286, 0x9265, 0x9AA6, 0x9AC6, 0xA2C6, 0xA2E6, 0xA307, 0xAB28, 0xAB48,
  0xCB47, 0xCB47, 0xC306, 0xC2E6, 0xBAC5, 0xBAC5, 0xBAC6, 0xC2E6, 0xC307, 0xC327, 0xC368, 0xCB88,
  0xCB89, 0xCB88, 0xCBA8, 0xD3E9, 0xD42B, 0xDC6C, 0xDC8C, 0xDCAD, 0xDCCE, 0xDCEE, 0xDD2F, 0xE530,
  0xE530, 0xE530, 0xE530, 0xE570, 0xE550, 0xE52F, 0xE570, 0xE591, 0xEDB2, 0xEDB2, 0xED6F, 0xED4F,
  0xED70, 0xED90, 0xED70, 0xED90, 0xED90, 0xED6F, 0xED6F, 0xED6F, 0xED6F, 0xED90, 0xED4E, 0xED4E,
  0xF56E, 0xF58F, 0xF58F, 0xF5B0, 0xF5D1, 0xF5D1, 0xF5F2, 0xF5F1, 0xF5D1, 0xF5F1, 0xF654, 0xF654,
  0xF633, 0xF654, 0xF654, 0xF654, 0xF653, 0xF654, 0xF633, 0xF632, 0xF633, 0xF653, 0xF632, 0xF653,
  0xF654, 0xF653, 0xF654, 0xF696, 0xF695, 0xF674, 0xF674, 0xF695, 0xF675, 0xF675, 0xF675, 0xF6D7,
  0xF6B7, 0xF695, 0xF6B6, 0xF695, 0xF695, 0xF675, 0xF695, 0xF675, 0xF675, 0xF675, 0xF675, 0xF6B7,
  0xF675, 0xF696, 0xF675, 0xF655, 0xF634, 0xF613, 0xF5F2, 0xEDD2, 0xEDD1, 0xEDD2, 0xEDD2, 0xED91,
  0xED70, 0xE570, 0xE52F, 0xE550, 0xE550, 0xE550, 0xE550, 0xDD0F, 0xDD0F, 0xDCCE, 0xDCAD, 0xD48D,
  0xD46D, 0xD46D, 0xD44B, 0xCC2B, 0xD48E, 0xCC4D, 0xCC0B, 0xC3CA, 0xC3CB, 0xC3CB, 0xC38A, 0xBB89,
  0xBB49, 0xBB28, 0xBB69, 0xB328, 0xB308, 0xAAE7, 0xB328, 0xAAC7, 0xAAC7, 0xA286, 0xA266, 0x9A66,
  0xA286, 0x9A25, 0x9A46, 0x9225, 0x9225, 0x9205, 0x89C4, 0x89C4, 0x89E5, 0x89E5, 0x89C4, 0x81A3,
  0x81A3, 0x81A4, 0x79A4, 0x81A4, 0x79A4, 0x7983, 0x7983, 0x7143, 0x7143, 0x7143, 0x7122, 0x6901,
  0x6901, 0x6901, 0x6922, 0x6902, 0x6901, 0x6901, 0x6902, 0x6922, 0x6922, 0x6902, 0x6902, 0x6943,
  0x6922, 0x6922, 0x6902, 0x6943, 0x6943, 0x6122, 0x6943, 0x6943, 0x6122, 0x6122, 0x6102, 0x6122,
  0x6102, 0x6102, 0x60E1, 0x58E1, 0x58E1, 0x60E1, 0x6102, 0x60E1, 0x6101, 0x6122, 0x6122, 0x6102,
  0x6122, 0x6102, 0x5901, 0x58E1, 0x58C1, 0x50A0, 0x50C0, 0x50C1, 0x5902, 0x5922, 0x5902, 0x50E2,
  0x50C1, 0x50C1, 0x50C1, 0x48A0, 0x48C1, 0x5923, 0x6184, 0x69A4, 0x71E5, 0x7205, 0x7A05, 0x79E4,
  0x8225, 0x8A45, 0x9286, 0x92A7, 0x9AA6, 0x9A65, 0x9AA6, 0xA2E7, 0xA2A6, 0xA2E7, 0xAB28, 0xAB48,
  0xCB67, 0xCB47, 0xCB27, 0xC306, 0xC2C6, 0xBAC5, 0xC2E6, 0xC307, 0xC307, 0xC327, 0xCB68, 0xCB89,
  0xCBC9, 0xCBC9, 0xCBC9, 0xD3C9, 0xD3E9, 0xD42A, 0xDC4B, 0xDC8C, 0xDCCD, 0xDCEE, 0xDD0F, 0xDD2F,
  0xE530, 0xE570, 0xE571, 0xE591, 0xE591, 0xE570, 0xE570, 0xED91, 0xE5B2, 0xEDB2, 0xEDB2, 0xED90,
  0xED90, 0xEDB1, 0xEDB1, 0xEDB1, 0xEDD2, 0xEDB1, 0xEDB1, 0xED90, 0xED6F, 0xED70, 0xEDB1, 0xF5D1,
  0xED6F, 0xF58F, 0xF56F, 0xF56E, 0xF54E, 0xF56E, 0xF56E, 0xF56F, 0xF58F, 0xF58F, 0xF5AF, 0xF5F1,
  0xF612, 0xF613, 0xF612, 0xF633, 0xF613, 0xF654, 0xF633, 0xF613, 0xF633, 0xF633, 0xF654, 0xF654,
  0xF674, 0xF654, 0xF633, 0xF654, 0xF675, 0xF674, 0xF6B6, 0xF695, 0xF6B6, 0xF6B7, 0xF6B6, 0xF674,
  0xF696, 0xF675, 0xF633, 0xF654, 0xF674, 0xF675, 0xF675, 0xF695, 0xF675, 0xF695, 0xF675, 0xF654,
  0xF634, 0xF675, 0xF634, 0xEE34, 0xF655, 0xEDF3, 0xEDF3, 0xEDD2, 0xEDD2, 0xEDB1, 0xEDB2, 0xED91,
  0xE54F, 0xE550, 0xE591, 0xE591, 0xE550, 0xE4EE, 0xDCCD, 0xDCEE, 0xDCCE, 0xDCCE, 0xDD10, 0xDCCE,
  0xD48D, 0xD46D, 0xD44C, 0xCC0B, 0xCC4D, 0xCC4C, 0xC3CA, 0xC3AA, 0xC3AA, 0xC3CA, 0xC38A, 0xBB69,
  0xBB49, 0xBB49, 0xB328, 0xB308, 0xB349, 0xB349, 0xB34A, 0xAAE8, 0xAAA7, 0xA286, 0xA286, 0x9A66,
  0x9A45, 0x9A46, 0x9225, 0x9225, 0x91E4, 0x9204, 0x89C4, 0x89E5, 0x89E5, 0x89E4, 0x81A4, 0x81A3,
  0x8183, 0x81C4, 0x7983, 0x7983, 0x7984, 0x7984, 0x7983, 0x7963, 0x7163, 0x7163, 0x7142, 0x7143,
  0x6922, 0x6902, 0x6901, 0x6901, 0x68E1, 0x68E1, 0x6901, 0x6922, 0x6922, 0x6901, 0x6922, 0x6943,
  0x6922, 0x6922, 0x6102, 0x6943, 0x6943, 0x6102, 0x6943, 0x6963, 0x6922, 0x6122, 0x6122, 0x6943,
  0x6102, 0x6101, 0x6102, 0x60E1, 0x60E1, 0x60E1, 0x60E1, 0x6101, 0x6102, 0x6143, 0x6143, 0x6102,
  0x6122, 0x6122, 0x6102, 0x5901, 0x58E1, 0x58C1, 0x50C0, 0x50A0, 0x50E1, 0x5922, 0x5923, 0x5902,
  0x50E1, 0x50C1, 0x50E1, 0x50C1, 0x50C0, 0x50E1, 0x5943, 0x69A4, 0x71E5, 0x7205, 0x7A05, 0x7A05,
  0x8204, 0x8224, 0x8A45, 0x92A6, 0x9AE8, 0x9AA6, 0x9A85, 0xA2E7, 0xA2C6, 0xA2C6, 0xAB27, 0xAB48,
  0xCB68, 0xCB47, 0xCB47, 0xCB27, 0xC306, 0xBAE6, 0xBAC6, 0xC307, 0xC327, 0xC347, 0xC368, 0xCB89,
  0xCBCA, 0xD40B, 0xD40B, 0xD40A, 0xD3E9, 0xD3E9, 0xD40A, 0xDC4B, 0xDCAC, 0xDCCD, 0xDCEE, 0xDD0F,
  0xDD0F, 0xE550, 0xE571, 0xE571, 0xE592, 0xE571, 0xE570, 0xE570, 0xE591, 0xED91, 0xEDD2, 0xEDF3,
  0xEDB1, 0xEDB1, 0xEE14, 0xEE35, 0xEDF2, 0xEDF3, 0xEE34, 0xF614, 0xEDD2, 0xEDB1, 0xEDD2, 0xEDB1,
  0xF590, 0xF590, 0xF5D1, 0xF5F2, 0xF5F3, 0xF5F2, 0xF5D1, 0xF590, 0xF56F, 0xF54E, 0xF54E, 0xF56E,
  0xF58F, 0xF5AF, 0xF5B0, 0xF5D0, 0xF5D0, 0xF5F1, 0xF5F2, 0xF5F2, 0xF612, 0xF612, 0xF632, 0xF612,
  0xF633, 0xF633, 0xF633, 0xF5F1, 0xF612, 0xF612, 0xF633, 0xF653, 0xF674, 0xF675, 0xF675, 0xF696,
  0xF654, 0xF674, 0xF674, 0xF633, 0xF632, 0xF633, 0xF654, 0xF674, 0xF696, 0xF654, 0xF675, 0xF634,
  0xF5F2, 0xF5F2, 0xF634, 0xF634, 0xEDF3, 0xEDF3, 0xEDF3, 0xEDD2, 0xEDB1, 0xEDB2, 0xEDB2, 0xED91,
  0xED91, 0xE52F, 0xE52F, 0xE550, 0xE530, 0xDCEE, 0xDCEE, 0xDCCD, 0xDCCE, 0xDCCE, 0xD4AD, 0xD46D,
  0xD46C, 0xD42C, 0xCC2B, 0xCBEA, 0xCC0B, 0xCBEB, 0xC3CA, 0xC389, 0xC389, 0xBB69, 0xBB48, 0xBB69,
  0xBB69, 0xB349, 0xB308, 0xB329, 0xB329, 0xAB28, 0xAB29, 0xAAC7, 0xAAC7, 0xA266, 0xA286, 0x9A66,
  0x9A46, 0x9A45, 0x9225, 0x9205, 0x9204, 0x91E4, 0x89C4, 0x8A05, 0x89E5, 0x89E5, 0x81A3, 0x8183,
  0x81A4, 0x81C5, 0x81A4, 0x7983, 0x7983, 0x7983, 0x7963, 0x7963, 0x7183, 0x7163, 0x7143, 0x7163,
  0x7122, 0x6922, 0x6922, 0x6901, 0x68E1, 0x60E1, 0x60E1, 0x6902, 0x6901, 0x6901, 0x6902, 0x6922,
  0x6922, 0x6922, 0x6102, 0x6964, 0x6922, 0x6922, 0x6984, 0x6964, 0x6942, 0x6922, 0x6922, 0x6122,
  0x6122, 0x6102, 0x6102, 0x6122, 0x6102, 0x60E1, 0x60E1, 0x60E1, 0x6143, 0x6943, 0x6122, 0x6122,
  0x6122, 0x6143, 0x6122, 0x6122, 0x5901, 0x58E1, 0x58E1, 0x58C1, 0x50C0, 0x5902, 0x5943, 0x5922,
  0x5902, 0x5901, 0x58E1, 0x58E1, 0x58E1, 0x50C1, 0x50E1, 0x6163, 0x71E5, 0x7206, 0x7A26, 0x8246,
  0x8A66, 0x8225, 0x8A24, 0x9265, 0x9AA6, 0xA2E7, 0x9AC6, 0xA2C6, 0xA2E7, 0xA2E6, 0xAAE7, 0xAB28,
  0xD388, 0xCB67, 0xCB47, 0xCB47, 0xCB27, 0xC306, 0xBAE6, 0xBAE6, 0xC327, 0xCB48, 0xCB68, 0xCB89,
  0xCBC9, 0xCC0A, 0xD42B, 0xD42B, 0xD40A, 0xD40A, 0xD40A, 0xD40A, 0xDC4B, 0xDC8C, 0xDCCD, 0xDCEE,
  0xDCEE, 0xE52F, 0xE530, 0xE530, 0xE550, 0xE571, 0xE571, 0xE570, 0xE570, 0xE570, 0xED91, 0xEDB2,
  0xEDB1, 0xED70, 0xED91, 0xEDF3, 0xEDD2, 0xEDF3, 0xEDF3, 0xEDF3, 0xEE14, 0xEDF3, 0xEDD2, 0xF634,
  0xEDB1, 0xED90, 0xED90, 0xF5D1, 0xEDB1, 0xF5D1, 0xF613, 0xF5F2, 0xF5F2, 0xF613, 0xF613, 0xF5D1,
  0xF5B0, 0xF5B0, 0xF56F, 0xF58F, 0xF58F, 0xF58F, 0xF5B0, 0xF58F, 0xF5AF, 0xF5AF, 0xF5B0, 0xF5D0,
  0xF5D0, 0xF5D0, 0xF5D1, 0xF5D1, 0xF5F2, 0xF612, 0xF632, 0xF633, 0xF653, 0xF612, 0xF633, 0xF633,
  0xF653, 0xF654, 0xF654, 0xF633, 0xF633, 0xF633, 0xF5F2, 0xF612, 0xF612, 0xF612, 0xF612, 0xF612,
  0xF5F2, 0xF5F2, 0xF613, 0xF613, 0xEDD2, 0xEDF3, 0xEDF3, 0xEDB1, 0xEDD2, 0xEDB2, 0xEDD2, 0xEDB2,
  0xE591, 0xE571, 0xE550, 0xE50F, 0xE4EE, 0xE4EF, 0xDD0F, 0xDCCE, 0xDC8D, 0xD46C, 0xD46C, 0xD44C,
  0xD44C, 0xCC2B, 0xCBEA, 0xCBCA, 0xCC2C, 0xCC2C, 0xC3AA, 0xC389, 0xBB89, 0xBB69, 0xBB28, 0xBB49,
  0xB349, 0xB328, 0xB2E7, 0xB329, 0xAB08, 0xAAE8, 0xAAC7, 0xAAC7, 0xA286, 0xA265, 0xA266, 0x9A46,
  0x9A45, 0x9A46, 0x9225, 0x9205, 0x91E4, 0x89C4, 0x8A05, 0x89E5, 0x89E5, 0x81C4, 0x81A4, 0x8183,
  0x81C4, 0x79A4, 0x81A4, 0x81A4, 0x7983, 0x7983, 0x7963, 0x7963, 0x7983, 0x7142, 0x7143, 0x7163,
  0x7143, 0x7142, 0x7122, 0x6922, 0x68E1, 0x60E1, 0x60C1, 0x60E1, 0x60E1, 0x6901, 0x6902, 0x6902,
  0x6902, 0x6902, 0x6122, 0x6943, 0x6922, 0x6922, 0x6963, 0x6963, 0x6922, 0x6922, 0x6943, 0x6943,
  0x6922, 0x6122, 0x6102, 0x6943, 0x6943, 0x6102, 0x60E1, 0x60E1, 0x6102, 0x6122, 0x6122, 0x6142,
  0x6122, 0x6963, 0x6943, 0x6122, 0x6101, 0x6101, 0x6101, 0x58E1, 0x58C1, 0x58C1, 0x5902, 0x5922,
  0x6143, 0x6122, 0x5902, 0x58E1, 0x58E1, 0x58E1, 0x58C1, 0x5902, 0x69A4, 0x71E5, 0x7A26, 0x8246,
  0x8A87, 0x8A87, 0x8A25, 0x8A45, 0x9286, 0x9AC7, 0xA308, 0xA2C7, 0xA2E7, 0xA307, 0xAAE7, 0xAB07,
  0xD388, 0xCB88, 0xCB67, 0xCB68, 0xCB47, 0xC327, 0xC2E6, 0xC2E6, 0xC2E6, 0xC347, 0xCB68, 0xCB68,
  0xCBA9, 0xCBEA, 0xCC0B, 0xD42B, 0xD44B, 0xD44B, 0xD42B, 0xD42A, 0xDC2A, 0xDC4B, 0xDC8C, 0xDCCD,
  0xDCEE, 0xDD0F, 0xE52F, 0xE52F, 0xE50F, 0xE54F, 0xE571, 0xE591, 0xE591, 0xE590, 0xED91, 0xED91,
  0xED91, 0xEDB1, 0xED6F, 0xED6F, 0xEDB1, 0xEDD2, 0xEDF3, 0xEE13, 0xEDF3, 0xEE14, 0xF614, 0xEDF2,
  0xEE13, 0xF634, 0xED90, 0xEDB1, 0xF613, 0xEDB1, 0xEDB0, 0xF5F2, 0xF5D2, 0xF5D2, 0xF613, 0xF634,
  0xF614, 0xF634, 0xF613, 0xF633, 0xF5F2, 0xF5D1, 0xF5D1, 0xF5D1, 0xF5F2, 0xF5F2, 0xF5F1, 0xF5F2,
  0xF612, 0xF5F1, 0xF5B0, 0xF5D1, 0xF5F1, 0xF5D1, 0xF612, 0xF5F1, 0xF5F1, 0xF5F1, 0xF5F1, 0xF5F1,
  0xF612, 0xF612, 0xF633, 0xF675, 0xF654, 0xF633, 0xF633, 0xF633, 0xF5F2, 0xF5F1, 0xF5D1, 0xF5B0,
  0xF5D1, 0xF5D1, 0xEDD1, 0xEDB1, 0xEDB1, 0xEDB0, 0xEDB1, 0xEDB1, 0xEDB1, 0xED90, 0xED91, 0xED70,
  0xE550, 0xE550, 0xE52F, 0xE52F, 0xE50F, 0xDCCE, 0xDCAD, 0xDCAD, 0xDC8D, 0xD48C, 0xD44C, 0xD44C,
  0xD44C, 0xCC0B, 0xCC0B, 0xCBCA, 0xCBEB, 0xC3AA, 0xC389, 0xC368, 0xBB48, 0xBB28, 0xBB28, 0xBB48,
  0xB308, 0xB2E7, 0xB2E7, 0xAAE7, 0xAAE7, 0xAAA7, 0xAAA7, 0xA286, 0xA266, 0xA245, 0x9A45, 0x9A25,
  0x9205, 0x9225, 0x9205, 0x91E5, 0x91E4, 0x89A3, 0x8A05, 0x89E5, 0x89C4, 0x81C4, 0x8163, 0x7983,
  0x81A4, 0x81A4, 0x79A4, 0x7983, 0x7963, 0x7983, 0x7963, 0x7942, 0x7122, 0x7163, 0x7163, 0x7184,
  0x7163, 0x7142, 0x7122, 0x6922, 0x6902, 0x6901, 0x60C1, 0x60C1, 0x6902, 0x60E1, 0x60E1, 0x60E1,
  0x6101, 0x6102, 0x6943, 0x6922, 0x6922, 0x6922, 0x6963, 0x6963, 0x6942, 0x6902, 0x6964, 0x6963,
  0x6922, 0x6122, 0x6942, 0x6943, 0x6963, 0x6922, 0x6101, 0x6101, 0x6101, 0x6101, 0x6102, 0x6942,
  0x6942, 0x6963, 0x6943, 0x6942, 0x6101, 0x6122, 0x6122, 0x6101, 0x60E1, 0x58C0, 0x58E1, 0x5902,
  0x6143, 0x6122, 0x6142, 0x6101, 0x5901, 0x6101, 0x5901, 0x58E1, 0x6142, 0x71C5, 0x7A26, 0x8246,
  0x8267, 0x8A87, 0x8A86, 0x8A45, 0x9285, 0x9AA6, 0xA308, 0xA328, 0xA307, 0xAB07, 0xAB07, 0xAB07,
  0xD3A8, 0xD3A8, 0xCB68, 0xCB68, 0xCB68, 0xCB47, 0xC307, 0xC2E6, 0xC2C6, 0xC2E6, 0xC347, 0xCB68,
  0xCB88, 0xCBA9, 0xCBEA, 0xCC0B, 0xD42B, 0xD44C, 0xD44C, 0xD44B, 0xDC4B, 0xDC4B, 0xDC4B, 0xDC6B,
  0xDCAC, 0xDCEE, 0xE50F, 0xE50F, 0xE52F, 0xE52F, 0xE550, 0xE550, 0xE571, 0xE570, 0xE570, 0xE570,
  0xED71, 0xEDB2, 0xEDB2, 0xED70, 0xED4F, 0xED91, 0xEDB2, 0xEE13, 0xEDF3, 0xEDB2, 0xEDB1, 0xEDB1,
  0xEDB1, 0xF634, 0xF634, 0xED90, 0xEDF3, 0xF655, 0xF613, 0xF5F2, 0xED90, 0xF5B1, 0xF5F2, 0xF634,
  0xF655, 0xF634, 0xF675, 0xF5F3, 0xF655, 0xF655, 0xF613, 0xF5F2, 0xF5D0, 0xF5F2, 0xF634, 0xF634,
  0xF654, 0xF696, 0xF675, 0xF633, 0xF675, 0xF654, 0xF634, 0xF634, 0xF613, 0xF613, 0xF633, 0xF633,
  0xF633, 0xF5F2, 0xF5F2, 0xF5F1, 0xF5F1, 0xF5F2, 0xF5F2, 0xF5F2, 0xEE13, 0xF613, 0xEE13, 0xEE34,
  0xEE13, 0xEE13, 0xEDF2, 0xEDF2, 0xEDF3, 0xEDD2, 0xEDB2, 0xED70, 0xED70, 0xED4F, 0xE52F, 0xE50E,
  0xE50E, 0xE4EE, 0xE4ED, 0xE4CD, 0xDCAD, 0xDCAC, 0xDC8C, 0xDC6C, 0xDC6C, 0xDC8C, 0xD44B, 0xD42B,
  0xD40B, 0xCBEA, 0xCBCA, 0xCBA9, 0xC389, 0xC389, 0xC348, 0xBB28, 0xBB69, 0xBB49, 0xBB28, 0xB307,
  0xB2C7, 0xB2C7, 0xAAC6, 0xAAA6, 0xAA86, 0xA286, 0xA266, 0xA265, 0xA265, 0x9A25, 0x9205, 0x9205,
  0x9205, 0x9205, 0x9204, 0x89E4, 0x89C4, 0x89A3, 0x89E5, 0x81A4, 0x81C4, 0x8183, 0x7962, 0x8183,
  0x79A4, 0x79A4, 0x7984, 0x7963, 0x7963, 0x7963, 0x7963, 0x7142, 0x7142, 0x7163, 0x7163, 0x7163,
  0x7163, 0x7163, 0x7143, 0x6922, 0x6922, 0x6922, 0x60E1, 0x6102, 0x6922, 0x6101, 0x60E1, 0x60E1,
  0x60E1, 0x6101, 0x6902, 0x6902, 0x6902, 0x6922, 0x6943, 0x6943, 0x6922, 0x6942, 0x71A4, 0x6963,
  0x6922, 0x6943, 0x6943, 0x6963, 0x6963, 0x6942, 0x6922, 0x6902, 0x6101, 0x6922, 0x6101, 0x6101,
  0x6922, 0x6963, 0x6963, 0x6942, 0x6122, 0x6963, 0x6943, 0x6122, 0x6101, 0x58E1, 0x58C0, 0x58E1,
  0x6122, 0x6142, 0x6143, 0x6142, 0x6122, 0x6101, 0x6122, 0x6101, 0x6101, 0x69A4, 0x7A46, 0x8246,
  0x8AA7, 0x92C8, 0x92C8, 0x9287, 0x9265, 0x9A85, 0x9AC6, 0xA2E7, 0xA307, 0xAB28, 0xAB07, 0xAB07,
  0xD3C9, 0xD3A8, 0xD388, 0xCB68, 0xCB68, 0xCB68, 0xCB47, 0xC306, 0xC2E6, 0xC2E6, 0xC2E6, 0xC347,
  0xCB68, 0xCB88, 0xCBA9, 0xCBEA, 0xD42B, 0xD44B, 0xD44C, 0xD46C, 0xD48C, 0xD46C, 0xDC6C, 0xDC4B,
  0xDC6B, 0xDC8B, 0xDCCD, 0xE50E, 0xE50F, 0xE52F, 0xE52F, 0xE52F, 0xE550, 0xE570, 0xE570, 0xE54F,
  0xED70, 0xED91, 0xEDB2, 0xED91, 0xED70, 0xED2E, 0xED6F, 0xEDB1, 0xEDD2, 0xEDF2, 0xEDB1, 0xEDB1,
  0xEDB1, 0xEDB1, 0xEE13, 0xF634, 0xED90, 0xEDD2, 0xF655, 0xEDF3, 0xF634, 0xEDD1, 0xF5D1, 0xF5D1,
  0xF5F2, 0xF633, 0xF633, 0xF613, 0xF5F2, 0xF675, 0xF6B7, 0xF634, 0xF5F2, 0xF5D1, 0xF5F1, 0xF5F2,
  0xF633, 0xF633, 0xF654, 0xF634, 0xF633, 0xF634, 0xF696, 0xF6D8, 0xF6B6, 0xF696, 0xF6F8, 0xF6B7,
  0xF654, 0xF675, 0xF6B6, 0xF696, 0xF696, 0xF675, 0xF6B7, 0xF655, 0xF696, 0xEE76, 0xF676, 0xEE55,
  0xEE97, 0xEE55, 0xEE76, 0xEE75, 0xEE14, 0xED91, 0xE591, 0xEDB2, 0xEDB2, 0xE5B2, 0xE591, 0xE550,
  0xE52F, 0xE52F, 0xDCEE, 0xDCCD, 0xDCAD, 0xDCAD, 0xDC8C, 0xD44C, 0xD44C, 0xD42B, 0xD42B, 0xD40A,
  0xCBEA, 0xCBC9, 0xCBA9, 0xC368, 0xC368, 0xC348, 0xC368, 0xBB68, 0xBB48, 0xBB48, 0xB307, 0xB2C6,
  0xB2C6, 0xB2E7, 0xAAA6, 0xAA85, 0xAAA6, 0xA2A7, 0xA266, 0xA245, 0x9A25, 0x9A04, 0x9205, 0x9225,
  0x9205, 0x91E4, 0x91E4, 0x89C4, 0x89A3, 0x8183, 0x81A3, 0x81A3, 0x81A3, 0x8162, 0x7983, 0x8183,
  0x7983, 0x79A4, 0x7984, 0x7983, 0x7963, 0x7963, 0x7942, 0x7122, 0x7142, 0x7163, 0x7163, 0x7163,
  0x7143, 0x7163, 0x7163, 0x6942, 0x7163, 0x6922, 0x68E1, 0x6922, 0x6943, 0x6922, 0x6902, 0x60E1,
  0x60E1, 0x6101, 0x6101, 0x6101, 0x6101, 0x6943, 0x6922, 0x6942, 0x6922, 0x6943, 0x6963, 0x6963,
  0x6922, 0x6942, 0x6942, 0x6963, 0x6963, 0x6963, 0x6922, 0x6922, 0x6942, 0x6963, 0x6922, 0x6922,
  0x6922, 0x6942, 0x6942, 0x6921, 0x6942, 0x6984, 0x6963, 0x6963, 0x6922, 0x6101, 0x60E1, 0x58E1,
  0x6101, 0x6122, 0x6963, 0x6963, 0x6942, 0x6121, 0x6142, 0x6942, 0x6101, 0x6142, 0x71E5, 0x8246,
  0x8A87, 0x92C8, 0x92E9, 0x9AE8, 0x9AC7, 0x9AA6, 0x9AA6, 0xA2E7, 0xA308, 0xAB28, 0xAB27, 0xAB07,
  0xD3E9, 0xD3C9, 0xD3A8, 0xD388, 0xCB68, 0xCB67, 0xD368, 0xCB27, 0xC306, 0xC2E5, 0xC2C5, 0xC2E6,
  0xC347, 0xCB68, 0xCB88, 0xCBA9, 0xCBEA, 0xD42B, 0xD44C, 0xD46C, 0xD48D, 0xD4AD, 0xD4AD, 0xDCAD,
  0xDC8C, 0xDC6B, 0xDC6B, 0xDCAC, 0xDCCD, 0xE50E, 0xE50F, 0xE52F, 0xE52F, 0xE50F, 0xE52F, 0xE52F,
  0xE54F, 0xE54F, 0xED70, 0xED91, 0xED91, 0xED90, 0xED2E, 0xED2E, 0xED90, 0xEDD2, 0xEDB1, 0xEDF3,
  0xEDB2, 0xEDB1, 0xEDD2, 0xEE13, 0xEDD2, 0xED8F, 0xEDB1, 0xF5F3, 0xEDF2, 0xF634, 0xF655, 0xF613,
  0xF5F2, 0xF5F2, 0xF5D2, 0xF5D1, 0xF5F1, 0xF613, 0xEE34, 0xF675, 0xF696, 0xF696, 0xF696, 0xF655,
  0xF613, 0xF613, 0xF613, 0xF612, 0xF653, 0xF654, 0xF634, 0xF654, 0xF654, 0xF675, 0xF654, 0xEE55,
  0xF675, 0xEE54, 0xEE34, 0xEE34, 0xEE54, 0xF676, 0xEE96, 0xEEB7, 0xF696, 0xF696, 0xEE97, 0xEE96,
  0xEE75, 0xEE34, 0xEDF3, 0xEDD2, 0xEDD2, 0xEE13, 0xEDD2, 0xE5B2, 0xE571, 0xE570, 0xE592, 0xE591,
  0xE52F, 0xE530, 0xE50F, 0xDCEE, 0xDC8D, 0xDCCE, 0xDCCF, 0xDCCE, 0xD4AE, 0xD48D, 0xD48E, 0xD44C,
  0xCC2C, 0xCC0B, 0xC3AA, 0xC389, 0xC348, 0xC368, 0xC348, 0xBB27, 0xBB27, 0xB307, 0xB2E6, 0xB2A6,
  0xB2C6, 0xAAA6, 0xAAA6, 0xAA86, 0xAAA6, 0xA286, 0xA265, 0xA245, 0x9A04, 0x9A04, 0x91E4, 0x9204,
  0x91E4, 0x89C3, 0x89C3, 0x89A3, 0x8983, 0x8183, 0x8183, 0x8182, 0x7962, 0x8183, 0x7983, 0x7983,
  0x7963, 0x7984, 0x7983, 0x7963, 0x7963, 0x7942, 0x7142, 0x7121, 0x7163, 0x7184, 0x7163, 0x7163,
  0x7163, 0x7163, 0x7142, 0x6943, 0x7142, 0x6901, 0x6901, 0x6943, 0x6963, 0x6943, 0x6922, 0x6101,
  0x6102, 0x6122, 0x6101, 0x6101, 0x6101, 0x6922, 0x6922, 0x6922, 0x6101, 0x6963, 0x6963, 0x6963,
  0x6922, 0x6942, 0x7184, 0x6963, 0x7183, 0x6963, 0x6942, 0x6922, 0x7183, 0x6983, 0x6942, 0x6942,
  0x6942, 0x6922, 0x6921, 0x6921, 0x6963, 0x7184, 0x7184, 0x6983, 0x6942, 0x6942, 0x6922, 0x6101,
  0x6101, 0x6122, 0x6963, 0x7183, 0x6963, 0x6942, 0x6942, 0x6963, 0x6942, 0x6921, 0x7183, 0x8226,
  0x8266, 0x8A86, 0x92C8, 0x9B09, 0x9B08, 0x9AC7, 0x9AA6, 0x9AA6, 0xA307, 0xAB07, 0xAB27, 0xAB27,
  0xDBE9, 0xDBE9, 0xD3C9, 0xD3A8, 0xD388, 0xD368, 0xCB67, 0xCB67, 0xCB27, 0xC2E6, 0xC2C5, 0xBAA5,
  0xBAC5, 0xC307, 0xC348, 0xCB88, 0xCBCA, 0xCC0A, 0xD42B, 0xD44C, 0xD46D, 0xD48D, 0xD4CE, 0xDCCE,
  0xDCAD, 0xDC8D, 0xDC8C, 0xDC6B, 0xDC8B, 0xE4AC, 0xE4ED, 0xE50E, 0xE52F, 0xE52F, 0xE550, 0xE570,
  0xE570, 0xE570, 0xE550, 0xED70, 0xEDB1, 0xEDD2, 0xEDB1, 0xED4F, 0xED2E, 0xED4F, 0xED90, 0xEDF3,
  0xEDF3, 0xEDD2, 0xEDB1, 0xEDB2, 0xEDF3, 0xEDB1, 0xED6F, 0xED6F, 0xF5B1, 0xEDF2, 0xF635, 0xF6B7,
  0xEE14, 0xF655, 0xF6B7, 0xF696, 0xF5F2, 0xF5D1, 0xF613, 0xF633, 0xF633, 0xF696, 0xF696, 0xF6D7,
  0xF696, 0xF633, 0xF613, 0xF612, 0xF612, 0xF633, 0xF695, 0xF634, 0xF634, 0xF696, 0xF6D7, 0xF696,
  0xF6B7, 0xF6B7, 0xF696, 0xF654, 0xEE55, 0xEE55, 0xF676, 0xEE96, 0xEE75, 0xEE54, 0xEE34, 0xEDF3,
  0xEDF2, 0xEDF2, 0xEDF3, 0xEDF3, 0xEE35, 0xEE14, 0xEDF3, 0xE5D3, 0xE571, 0xE591, 0xE5B2, 0xE5B2,
  0xE571, 0xE530, 0xDD0F, 0xDCEF, 0xDCEF, 0xDD10, 0xDD10, 0xDD30, 0xD48E, 0xD4AE, 0xD48D, 0xCC4C,
  0xCC2C, 0xCBEB, 0xC3CB, 0xC389, 0xC3CA, 0xC38A, 0xBB69, 0xBB48, 0xBB48, 0xB328, 0xB308, 0xB2E7,
  0xAAE7, 0xAAA6, 0xAA86, 0xA265, 0xA265, 0xA265, 0xA245, 0x9A25, 0x9A04, 0x9A04, 0x9204, 0x91E4,
  0x91C3, 0x89A3, 0x89A3, 0x8983, 0x8182, 0x81A3, 0x8183, 0x8183, 0x7962, 0x7963, 0x7962, 0x7962,
  0x7962, 0x7983, 0x7963, 0x7963, 0x7963, 0x7142, 0x7122, 0x7163, 0x7164, 0x7163, 0x7163, 0x7142,
  0x7163, 0x7143, 0x7142, 0x7142, 0x6902, 0x6901, 0x6942, 0x6963, 0x6984, 0x6963, 0x6902, 0x6101,
  0x6922, 0x6943, 0x6922, 0x6922, 0x6902, 0x6101, 0x6901, 0x6101, 0x6101, 0x6963, 0x6963, 0x6942,
  0x6942, 0x6922, 0x71A4, 0x6984, 0x7184, 0x6942, 0x6942, 0x6963, 0x71C5, 0x71A4, 0x7163, 0x6942,
  0x7183, 0x6922, 0x6901, 0x6921, 0x6963, 0x71A4, 0x71A4, 0x71A4, 0x7163, 0x7163, 0x6942, 0x6921,
  0x6901, 0x6921, 0x6942, 0x6983, 0x7183, 0x6962, 0x6942, 0x7183, 0x7183, 0x6942, 0x6942, 0x79E5,
  0x8266, 0x8A66, 0x8A87, 0x9B29, 0x9B29, 0x9AC7, 0xA308, 0xA2E7, 0xA2C6, 0xAB28, 0xAB28, 0xAB27,
  0xDC0A, 0xDC0A, 0xD3E9, 0xD3C9, 0xD3A8, 0xD388, 0xD367, 0xCB47, 0xCB27, 0xCB06, 0xC2C5, 0xBAA5,
  0xBA85, 0xBA85, 0xBAE6, 0xC327, 0xC368, 0xCBA9, 0xCBEA, 0xD42B, 0xD44C, 0xD46C, 0xD48D, 0xD4AE,
  0xD4AE, 0xDCCE, 0xDCCE, 0xDCCD, 0xDC8C, 0xDC8B, 0xDC8C, 0xDCAC, 0xE4CD, 0xE50F, 0xE550, 0xE571,
  0xE591, 0xE571, 0xE591, 0xE570, 0xE570, 0xEDD2, 0xEDF3, 0xEDD2, 0xED70, 0xED2E, 0xED2E, 0xED4F,
  0xEDB1, 0xEDF3, 0xEDD2, 0xEDF2, 0xEE14, 0xEE34, 0xEDD2, 0xEDD2, 0xED90, 0xEDB1, 0xEDD1, 0xEE13,
  0xF655, 0xEE13, 0xEE14, 0xF697, 0xF6D8, 0xF634, 0xF613, 0xF5F1, 0xF5F2, 0xF5F2, 0xF5F2, 0xF633,
  0xF675, 0xF6D7, 0xF696, 0xF6B7, 0xF654, 0xF613, 0xF634, 0xF696, 0xF696, 0xF634, 0xF633, 0xF654,
  0xF655, 0xF675, 0xF6B7, 0xF697, 0xF675, 0xF697, 0xEE75, 0xEE55, 0xEE34, 0xEE13, 0xEE34, 0xEE34,
  0xEE34, 0xEE14, 0xEE76, 0xEE97, 0xEE14, 0xEDF4, 0xE5B2, 0xE5F3, 0xEDF4, 0xE5F4, 0xE5B2, 0xE571,
  0xDD2F, 0xDD0F, 0xDD0F, 0xDD30, 0xDD51, 0xDD0F, 0xDCAE, 0xD48D, 0xD48D, 0xD4CF, 0xD4CF, 0xCC6D,
  0xCC4C, 0xCC0B, 0xC3CB, 0xC3EB, 0xC3CB, 0xBB89, 0xBB48, 0xBB28, 0xBB69, 0xBB6A, 0xB328, 0xB2E8,
  0xAAE8, 0xAAE8, 0xAAC7, 0xAAC8, 0xA2A7, 0xA287, 0x9A66, 0x9A45, 0x9A45, 0x9A66, 0x9A46, 0x9205,
  0x91E4, 0x89E4, 0x89C4, 0x89A3, 0x81A3, 0x81A4, 0x8183, 0x8183, 0x8183, 0x7963, 0x7963, 0x7942,
  0x7942, 0x7962, 0x7942, 0x7942, 0x7142, 0x7122, 0x7121, 0x7163, 0x7163, 0x7163, 0x7142, 0x7143,
  0x7163, 0x7142, 0x7142, 0x7142, 0x6922, 0x6902, 0x6942, 0x6963, 0x71A4, 0x6943, 0x6922, 0x6102,
  0x6984, 0x6963, 0x6922, 0x6943, 0x6922, 0x6901, 0x6901, 0x60E1, 0x6901, 0x6922, 0x6922, 0x6922,
  0x6922, 0x6942, 0x6984, 0x71A4, 0x71A4, 0x7142, 0x6942, 0x71A4, 0x71C5, 0x7183, 0x7163, 0x7183,
  0x7183, 0x7142, 0x6921, 0x6942, 0x7163, 0x7183, 0x7183, 0x7183, 0x7163, 0x7184, 0x7183, 0x7142,
  0x6922, 0x6921, 0x6921, 0x6942, 0x7183, 0x7183, 0x7162, 0x6942, 0x71A4, 0x71A3, 0x7162, 0x7183,
  0x8A67, 0x92E9, 0x8A87, 0x92C7, 0x9B29, 0xA308, 0xA308, 0xA328, 0xA2E7, 0xAB07, 0xAB07, 0xAB28,
  0xDC2A, 0xDC2A, 0xDC0A, 0xDBE9, 0xD3C9, 0xD3A8, 0xD388, 0xD367, 0xCB47, 0xCB26, 0xCAE6, 0xC2A5,
  0xBA64, 0xBA44, 0xBA64, 0xBAA5, 0xC307, 0xC348, 0xCB88, 0xCBCA, 0xCC0A, 0xD42B, 0xD46C, 0xD48D,
  0xD4AE, 0xD4CE, 0xDCCE, 0xDCEF, 0xDCCE, 0xDCCD, 0xDCAD, 0xDCAC, 0xDC8B, 0xE4AC, 0xE4ED, 0xE52F,
  0xE550, 0xE571, 0xE5B2, 0xE591, 0xE591, 0xE550, 0xE570, 0xEDB2, 0xEDD2, 0xEDF4, 0xED4F, 0xED0D,
  0xED2E, 0xED6F, 0xED90, 0xED90, 0xEDD2, 0xEE35, 0xEDF3, 0xEE34, 0xF676, 0xEE13, 0xEDF3, 0xEDB1,
  0xEDD2, 0xEDD1, 0xEDF2, 0xF613, 0xF634, 0xF655, 0xF654, 0xEE34, 0xF655, 0xF654, 0xEE54, 0xF675,
  0xEE34, 0xEE55, 0xF675, 0xEE96, 0xF6F8, 0xF696, 0xF612, 0xF654, 0xF6B7, 0xF6B7, 0xF6D8, 0xF6D7,
  0xEE76, 0xF675, 0xF655, 0xEE55, 0xEE55, 0xEE54, 0xEE75, 0xEE75, 0xEE76, 0xEE14, 0xEE55, 0xEE55,
  0xEE55, 0xEE34, 0xEE14, 0xEE14, 0xEE14, 0xE5B2, 0xE591, 0xE571, 0xE571, 0xE592, 0xE592, 0xDD50,
  0xE550, 0xDD30, 0xDCEF, 0xDD51, 0xDD30, 0xDCEF, 0xD4CE, 0xDCCE, 0xD4CF, 0xD4CF, 0xD4EF, 0xCC6D,
  0xCC6D, 0xC3EB, 0xC3EB, 0xC40C, 0xBBAA, 0xBB89, 0xBB49, 0xBB69, 0xB349, 0xB328, 0xB308, 0xB2E7,
  0xAB09, 0xAAC8, 0xB34A, 0xAB29, 0xA2C8, 0xA287, 0x9A87, 0xA287, 0x9A66, 0x9A46, 0x9205, 0x9225,
  0x8A05, 0x8A05, 0x89E5, 0x89C4, 0x89E5, 0x81E5, 0x81A4, 0x8183, 0x7983, 0x81A4, 0x7983, 0x79A4,
  0x79A4, 0x7963, 0x7942, 0x7942, 0x7142, 0x7142, 0x7122, 0x7142, 0x7143, 0x7142, 0x7143, 0x7143,
  0x7142, 0x7122, 0x7122, 0x6922, 0x6922, 0x6922, 0x6922, 0x6963, 0x6943, 0x6942, 0x6902, 0x6922,
  0x6984, 0x6943, 0x6943, 0x6963, 0x6943, 0x6922, 0x6101, 0x6922, 0x6902, 0x6101, 0x6901, 0x6902,
  0x6922, 0x6942, 0x6963, 0x71C5, 0x7183, 0x7162, 0x7163, 0x79C5, 0x71A4, 0x7163, 0x7163, 0x71C4,
  0x7183, 0x7162, 0x7141, 0x7163, 0x7183, 0x7162, 0x7162, 0x7183, 0x71A4, 0x79E5, 0x79C4, 0x7183,
  0x7142, 0x7142, 0x7141, 0x6941, 0x7162, 0x7183, 0x79A3, 0x7162, 0x7183, 0x79E4, 0x79A3, 0x7182,
  0x79C4, 0x9309, 0xA3AC, 0x92A7, 0x9AE8, 0xA349, 0xA308, 0xAB49, 0xAB49, 0xAB27, 0xAB48, 0xAB48,
  0xDC6B, 0xDC4B, 0xDC4B, 0xDC2A, 0xDC0A, 0xD3C9, 0xD3A8, 0xD388, 0xCB67, 0xCB27, 0xCAE6, 0xC2A5,
  0xC284, 0xBA43, 0xB223, 0xB244, 0xBA84, 0xBAC5, 0xC307, 0xC348, 0xCBA9, 0xCBEA, 0xCC0B, 0xD44C,
  0xD46D, 0xD48D, 0xD4AD, 0xD4CE, 0xD4CE, 0xDCEE, 0xDCEF, 0xDCEE, 0xDCCD, 0xDC8C, 0xDC8B, 0xE4AC,
  0xE50E, 0xE52F, 0xE550, 0xE570, 0xE592, 0xE592, 0xE571, 0xE570, 0xEDD3, 0xEE14, 0xEDF3, 0xEDF3,
  0xED91, 0xED2E, 0xED2E, 0xED2E, 0xED4F, 0xEDB1, 0xEDF3, 0xEDD2, 0xEE34, 0xEDD2, 0xEE55, 0xEE14,
  0xEDD1, 0xEDD2, 0xF5F2, 0xEDF2, 0xEDD1, 0xF5F2, 0xF613, 0xF613, 0xF613, 0xF634, 0xF633, 0xEE34,
  0xEE55, 0xF675, 0xF6B7, 0xF675, 0xEE76, 0xF6B7, 0xEE96, 0xF612, 0xF633, 0xF634, 0xF675, 0xF696,
  0xF6B7, 0xF6D7, 0xF6D8, 0xEE75, 0xF675, 0xEE13, 0xEE34, 0xEE34, 0xF6D8, 0xF6B8, 0xEE55, 0xEE55,
  0xEDF3, 0xEE13, 0xEDF3, 0xEDB2, 0xE5D2, 0xE5B2, 0xE591, 0xE5D3, 0xE5D3, 0xE570, 0xDD50, 0xE571,
  0xE5D3, 0xE571, 0xDD30, 0xDD72, 0xDD30, 0xDD30, 0xD4CE, 0xD4AE, 0xD48D, 0xD48D, 0xCC6D, 0xCC4C,
  0xCC0B, 0xCBEB, 0xC3EB, 0xC3CA, 0xC3CA, 0xBB8A, 0xBB49, 0xBB8A, 0xB348, 0xB349, 0xB328, 0xB2E7,
  0xB349, 0xAB08, 0xAB08, 0xA2C8, 0xA2A7, 0xA2C8, 0xA2A7, 0x9A66, 0x9A66, 0x9A25, 0x9225, 0x9226,
  0x9246, 0x89E5, 0x8A05, 0x89C4, 0x81C4, 0x89E5, 0x81C4, 0x81A4, 0x81A4, 0x79A4, 0x7983, 0x79A4,
  0x7984, 0x7963, 0x7963, 0x7963, 0x7962, 0x7122, 0x7142, 0x7143, 0x7163, 0x7142, 0x7142, 0x7143,
  0x6942, 0x6901, 0x6901, 0x6922, 0x6922, 0x6922, 0x6963, 0x6984, 0x6943, 0x6901, 0x6922, 0x6943,
  0x6964, 0x6922, 0x6963, 0x6984, 0x6943, 0x6922, 0x6101, 0x6943, 0x6942, 0x6942, 0x6901, 0x6901,
  0x6901, 0x6922, 0x7163, 0x7184, 0x7163, 0x7142, 0x71A4, 0x79E5, 0x7184, 0x7163, 0x7183, 0x71A4,
  0x7163, 0x7162, 0x7142, 0x79E5, 0x79C4, 0x7983, 0x7162, 0x7183, 0x79E5, 0x79E5, 0x79C4, 0x79A4,
  0x7162, 0x7162, 0x7142, 0x7142, 0x7162, 0x79A3, 0x79C4, 0x79A3, 0x7982, 0x79C4, 0x81E4, 0x79A3,
  0x79A2, 0x8A66, 0x9B6B, 0x9B09, 0x9AE8, 0xA349, 0xA328, 0xA328, 0xAB8A, 0xAB69, 0xAB28, 0xB348,
  0xE48C, 0xE46C, 0xDC6B, 0xDC4B, 0xDC2A, 0xDC0A, 0xD3E9, 0xD3A9, 0xD388, 0xCB47, 0xCB06, 0xCAC5,
  0xC2A5, 0xBA64, 0xBA23, 0xB203, 0xB203, 0xB223, 0xB285, 0xBAC6, 0xC327, 0xC368, 0xCBC9, 0xCC0B,
  0xD42B, 0xD44C, 0xD46C, 0xD4AD, 0xD4AE, 0xD4CE, 0xDCEF, 0xDD10, 0xDD0F, 0xDCEE, 0xDCCD, 0xDC8C,
  0xDCAC, 0xE4CD, 0xE50E, 0xE52F, 0xE550, 0xE570, 0xE5B2, 0xE571, 0xE571, 0xEDD2, 0xEDF3, 0xEE14,
  0xEE76, 0xEDF3, 0xEDB1, 0xED91, 0xED6F, 0xED2E, 0xED4F, 0xED90, 0xEDB1, 0xEDF2, 0xEDD2, 0xEDD2,
  0xEDB1, 0xEDF2, 0xEDF2, 0xEE55, 0xF696, 0xF613, 0xEDD2, 0xEDF2, 0xEDD1, 0xEDD1, 0xEDD1, 0xF5F2,
  0xF612, 0xF633, 0xF612, 0xEE34, 0xF696, 0xF6B7, 0xF6B7, 0xF6B7, 0xEE75, 0xF612, 0xEE12, 0xF634,
  0xF655, 0xEE54, 0xF676, 0xEE96, 0xEE35, 0xEE34, 0xEE34, 0xEE54, 0xEE34, 0xEE34, 0xEE34, 0xE634,
  0xEE14, 0xEDF2, 0xEDD2, 0xE5D2, 0xEE35, 0xE614, 0xE5B2, 0xE5D3, 0xE5D3, 0xE571, 0xE592, 0xE5B2,
  0xDD50, 0xDD51, 0xDD50, 0xE572, 0xDD30, 0xDCEE, 0xD4CE, 0xDD31, 0xD4AE, 0xD46D, 0xCC6D, 0xCC8E,
  0xCC4D, 0xC40B, 0xC3EB, 0xC3EB, 0xC3CB, 0xBB69, 0xBBAA, 0xBBCB, 0xB369, 0xB349, 0xB328, 0xAAE7,
  0xAB08, 0xAAC7, 0xAAE8, 0xA2C7, 0xA2A7, 0xA286, 0x9A66, 0x9A66, 0x9A66, 0x9A25, 0x9246, 0x9246,
  0x9246, 0x89E4, 0x8A05, 0x89C4, 0x89E4, 0x81E5, 0x89E5, 0x8183, 0x81C4, 0x8205, 0x79C4, 0x79A4,
  0x7983, 0x7983, 0x7983, 0x7963, 0x7142, 0x7142, 0x7184, 0x7163, 0x7163, 0x7163, 0x7163, 0x7143,
  0x6922, 0x6921, 0x6942, 0x6963, 0x6942, 0x6942, 0x71A4, 0x6984, 0x6963, 0x6901, 0x6922, 0x6943,
  0x6943, 0x6922, 0x6963, 0x71A4, 0x6943, 0x6922, 0x6922, 0x6984, 0x6963, 0x6943, 0x6943, 0x6922,
  0x6901, 0x6922, 0x6942, 0x7143, 0x7162, 0x6942, 0x71A4, 0x79E5, 0x7184, 0x7163, 0x71A4, 0x79A4,
  0x7162, 0x7142, 0x79E5, 0x8247, 0x79E4, 0x79A4, 0x7983, 0x7983, 0x79A3, 0x79C4, 0x79E5, 0x79E4,
  0x79A3, 0x7983, 0x7962, 0x7162, 0x7962, 0x7983, 0x79C4, 0x81C4, 0x79A3, 0x79A3, 0x8204, 0x81E4,
  0x81C3, 0x81C3, 0x92A7, 0xA36A, 0xA349, 0xA308, 0xA328, 0xA308, 0xAB49, 0xAB8A, 0xB369, 0xB348,
  0xE4AC, 0xE48C, 0xE46C, 0xDC6B, 0xDC4B, 0xDC2A, 0xDBEA, 0xD3C9, 0xD3A8, 0xD388, 0xCB47, 0xCB26,
  0xCAE6, 0xC2A5, 0xBA64, 0xB223, 0xB1E3, 0xA9E2, 0xA9E3, 0xB244, 0xBAA5, 0xBB06, 0xC347, 0xC389,
  0xCBCA, 0xCC0B, 0xCC2B, 0xD44C, 0xD48D, 0xD48D, 0xD4CE, 0xDCEF, 0xDD0F, 0xDD30, 0xDD0F, 0xDCEE,
  0xDCEE, 0xDCAD, 0xDCAC, 0xE4AC, 0xE50E, 0xE52F, 0xE550, 0xE571, 0xE570, 0xE550, 0xEDB1, 0xE5B2,
  0xE5B2, 0xEDB2, 0xEDB2, 0xEDB1, 0xEDF3, 0xEDD3, 0xEDB1, 0xED70, 0xED6F, 0xED4E, 0xED90, 0xEDD2,
  0xEDD2, 0xEDF2, 0xEDB1, 0xEDD2, 0xEE35, 0xF675, 0xF697, 0xEE76, 0xEE76, 0xEE76, 0xF696, 0xF634,
  0xEE13, 0xEDD1, 0xF5F1, 0xF5D1, 0xF5F2, 0xEE12, 0xEE12, 0xEE13, 0xF613, 0xF634, 0xEE13, 0xEDF2,
  0xEDF2, 0xEDF1, 0xEE13, 0xEE13, 0xEE34, 0xEE13, 0xEE13, 0xEE13, 0xEE13, 0xEE34, 0xEE34, 0xEE55,
  0xEE34, 0xEDF3, 0xE5B2, 0xEE55, 0xE614, 0xE5D3, 0xE5F4, 0xE5B2, 0xE591, 0xE571, 0xE592, 0xDD71,
  0xDD50, 0xDD50, 0xDD0F, 0xDD30, 0xDD10, 0xD4CE, 0xD4CE, 0xD4CF, 0xD48D, 0xD48E, 0xCCCF, 0xD531,
  0xCC4D, 0xC40C, 0xC3EB, 0xC3EB, 0xC3AA, 0xBB69, 0xBBCB, 0xBBCB, 0xBBCB, 0xB36A, 0xB307, 0xAAE7,
  0xB36A, 0xB36A, 0xAB29, 0xA2E8, 0xA2E8, 0xA287, 0x9A86, 0x9A66, 0x9A45, 0x9225, 0x9226, 0x9246,
  0x9226, 0x8A05, 0x89E5, 0x89C4, 0x81A4, 0x8A26, 0x81E5, 0x8183, 0x79A4, 0x81C5, 0x79A4, 0x7963,
  0x7983, 0x7983, 0x7963, 0x7983, 0x7142, 0x7142, 0x7184, 0x71A4, 0x7184, 0x7184, 0x7143, 0x7142,
  0x6901, 0x6922, 0x6963, 0x6963, 0x6922, 0x6943, 0x6964, 0x7184, 0x6922, 0x6922, 0x6984, 0x6963,
  0x6922, 0x6943, 0x71A5, 0x6963, 0x7163, 0x6922, 0x6984, 0x6984, 0x6942, 0x6963, 0x6963, 0x6942,
  0x6922, 0x6942, 0x6922, 0x6942, 0x7142, 0x7142, 0x7184, 0x71A4, 0x7183, 0x71A4, 0x71A4, 0x7183,
  0x7162, 0x7983, 0x8247, 0x8267, 0x81E5, 0x79C4, 0x79E4, 0x79C4, 0x7983, 0x79A3, 0x8205, 0x81E5,
  0x79A3, 0x81C3, 0x81A3, 0x7982, 0x7982, 0x79A3, 0x8205, 0x81E4, 0x81E4, 0x81C3, 0x81E4, 0x8A05,
  0x81E4, 0x81E3, 0x8A45, 0xA34A, 0xABED, 0xA36A, 0xA308, 0xA328, 0xAB69, 0xAB8A, 0xB3CB, 0xB389,
  0xE4AC, 0xE4AC, 0xE48C, 0xDC6B, 0xDC4B, 0xDC2A, 0xDC0A, 0xDC0A, 0xD3E9, 0xD3C9, 0xD3A9, 0xD388,
  0xCB27, 0xCAE6, 0xC2A5, 0xBA64, 0xB203, 0xA9C2, 0xA1A2, 0xA1C2, 0xA9E3, 0xB244, 0xBAC6, 0xBB07,
  0xC347, 0xC389, 0xCBCA, 0xCC0A, 0xCC2B, 0xD44C, 0xD48D, 0xD4AE, 0xD4CE, 0xDCEF, 0xDD10, 0xDCEF,
  0xDCEF, 0xDD0F, 0xDCEE, 0xDCCD, 0xDCAC, 0xE4CC, 0xE4ED, 0xE50E, 0xE52F, 0xE54F, 0xE570, 0xED91,
  0xE5B2, 0xEE14, 0xED91, 0xEDD2, 0xEDB1, 0xEE35, 0xEE35, 0xEE14, 0xEE34, 0xEDF2, 0xED70, 0xED4E,
  0xED8F, 0xEDB1, 0xEDF2, 0xEE13, 0xEE34, 0xEDD1, 0xEDF3, 0xEE34, 0xEE55, 0xEE96, 0xEE96, 0xEE76,
  0xEEB8, 0xEE76, 0xEE34, 0xEE34, 0xF633, 0xEE34, 0xEE75, 0xEE96, 0xEE96, 0xEE13, 0xF675, 0xEE55,
  0xEE75, 0xEE34, 0xEDF2, 0xEE33, 0xEE34, 0xEDF2, 0xEE13, 0xEDF3, 0xEDD2, 0xEDB1, 0xEDD2, 0xEDF2,
  0xEDF3, 0xEDF3, 0xEDF3, 0xE5B1, 0xE5B1, 0xE5D3, 0xE5D3, 0xE591, 0xE570, 0xE571, 0xE571, 0xDD50,
  0xDD2F, 0xDD0F, 0xDCEE, 0xDCEF, 0xDCEE, 0xD48D, 0xD4AD, 0xD48D, 0xD48E, 0xD4CF, 0xCC4C, 0xCC6D,
  0xC40C, 0xC42C, 0xC40B, 0xC3CB, 0xC3AA, 0xBB89, 0xBBCB, 0xBBAB, 0xBB8A, 0xB349, 0xB307, 0xAB08,
  0xB38B, 0xAB29, 0xAB08, 0xA2E8, 0xA2C7, 0xA286, 0x9A66, 0x9A45, 0x9225, 0x9A66, 0x9246, 0x9225,
  0x8A05, 0x89E5, 0x8A05, 0x89E5, 0x81C4, 0x8A05, 0x81C4, 0x8183, 0x81C5, 0x79C4, 0x81A4, 0x7983,
  0x7183, 0x7963, 0x7163, 0x7983, 0x7142, 0x7163, 0x7184, 0x71A4, 0x7163, 0x7163, 0x7183, 0x7122,
  0x6922, 0x6963, 0x7184, 0x7163, 0x6922, 0x6984, 0x71A4, 0x6963, 0x6922, 0x6963, 0x69A4, 0x6983,
  0x6922, 0x6963, 0x71A4, 0x6963, 0x6942, 0x6922, 0x71A4, 0x6963, 0x6942, 0x7184, 0x7163, 0x6942,
  0x6942, 0x7184, 0x6963, 0x6942, 0x6922, 0x6942, 0x7163, 0x7163, 0x7184, 0x71A4, 0x7183, 0x7162,
  0x79A4, 0x8226, 0x8267, 0x8267, 0x81E4, 0x81E4, 0x8205, 0x81C4, 0x79A3, 0x79A3, 0x81C4, 0x81C4,
  0x81C4, 0x81C4, 0x81C3, 0x81A3, 0x81A3, 0x81A3, 0x81C3, 0x8A25, 0x8A45, 0x8A04, 0x89E3, 0x8A04,
  0x8A04, 0x8A04, 0x8A04, 0x9286, 0xAC0D, 0xB42E, 0xAB8A, 0xAB49, 0xAB49, 0xAB89, 0xB3AA, 0xB3CA,
  0xE4AC, 0xE4AC, 0xE48C, 0xE46B, 0xDC4B, 0xDC2A, 0xDC2A, 0xDC2A, 0xDC2A, 0xDC0A, 0xD3EA, 0xD3A9,
  0xD347, 0xCB06, 0xC2A5, 0xBA64, 0xBA23, 0xB1E3, 0xA9A2, 0xA182, 0xA182, 0x99A2, 0xA203, 0xB264,
  0xB2A5, 0xBAE6, 0xC347, 0xC388, 0xCBCA, 0xCC0A, 0xCC4B, 0xD48D, 0xD4CE, 0xD4CE, 0xD4AE, 0xDCEF,
  0xDCEF, 0xDD30, 0xDD30, 0xDD30, 0xDD2F, 0xDCCD, 0xE4CC, 0xE4CC, 0xE4CC, 0xE4CC, 0xE4ED, 0xE52F,
  0xE550, 0xE570, 0xEDB1, 0xEDB1, 0xE570, 0xED91, 0xEDD3, 0xEE55, 0xEE35, 0xEE34, 0xEE76, 0xEDF3,
  0xED4E, 0xED2E, 0xED6F, 0xED90, 0xEDB1, 0xEE13, 0xEE13, 0xEE13, 0xEE75, 0xEE55, 0xEE55, 0xEE34,
  0xEE76, 0xEE97, 0xEE76, 0xEE55, 0xEE13, 0xEDF2, 0xEE13, 0xEE34, 0xEE34, 0xEE76, 0xEE34, 0xEE13,
  0xEE13, 0xF697, 0xEE55, 0xEE13, 0xEE97, 0xEE97, 0xEE55, 0xEE55, 0xEE76, 0xEE35, 0xE5D2, 0xEDB1,
  0xEDB1, 0xE591, 0xE591, 0xE591, 0xEDB1, 0xE570, 0xE54F, 0xE54F, 0xE550, 0xE550, 0xE550, 0xDD0F,
  0xDD0F, 0xDD0F, 0xDCCE, 0xDCCE, 0xD4CE, 0xD4AD, 0xD4AE, 0xD48D, 0xD48D, 0xD48E, 0xCC6D, 0xCC6D,
  0xCC4C, 0xC42C, 0xC3EB, 0xC3EB, 0xC3CB, 0xBB69, 0xC40C, 0xBBCB, 0xB38A, 0xB328, 0xAAE7, 0xB349,
  0xB36A, 0xAB09, 0xAB29, 0xA308, 0xA2A7, 0x9A66, 0x9A45, 0x9A45, 0x9246, 0x9266, 0x9246, 0x9225,
  0x8A25, 0x8A25, 0x89E5, 0x89E4, 0x81A4, 0x8205, 0x81C4, 0x8183, 0x7983, 0x79A4, 0x7983, 0x7163,
  0x7984, 0x7163, 0x7963, 0x7142, 0x7142, 0x7163, 0x7184, 0x7184, 0x7163, 0x7163, 0x7142, 0x6922,
  0x6942, 0x7184, 0x6963, 0x6942, 0x6943, 0x6984, 0x6963, 0x6922, 0x6922, 0x6964, 0x71A4, 0x6963,
  0x6942, 0x71C5, 0x6963, 0x6942, 0x6922, 0x6942, 0x6963, 0x7183, 0x6963, 0x6963, 0x7163, 0x6942,
  0x7163, 0x71A4, 0x7184, 0x7163, 0x6922, 0x7142, 0x7142, 0x7142, 0x7163, 0x7183, 0x7162, 0x7163,
  0x8226, 0x8A88, 0x81E5, 0x8205, 0x8205, 0x81E4, 0x8205, 0x81E4, 0x81C4, 0x81C3, 0x81C3, 0x81C3,
  0x81C3, 0x81E4, 0x81C3, 0x81C3, 0x89E3, 0x89E3, 0x81C3, 0x8A25, 0x9245, 0x8A25, 0x9204, 0x8A03,
  0x9245, 0x9245, 0x9224, 0x9245, 0xA329, 0xABED, 0xBCB0, 0xB40D, 0xAB49, 0xB3AA, 0xB3AA, 0xB3CA,
  0xE4CD, 0xE4AC, 0xE48C, 0xE48C, 0xDC6B, 0xDC4B, 0xDC2A, 0xDC2A, 0xDC2A, 0xDC0A, 0xD3E9, 0xD3A8,
  0xCB47, 0xCB06, 0xC2C5, 0xBA84, 0xBA44, 0xB203, 0xA9E2, 0xA1A2, 0x9981, 0x9961, 0x9161, 0x91A2,
  0x99E3, 0xAA44, 0xB2A5, 0xBAE6, 0xBB27, 0xC388, 0xCBCA, 0xCC2B, 0xCC6C, 0xD4AE, 0xD4AE, 0xD4CE,
  0xD4EF, 0xDD10, 0xDD51, 0xE571, 0xDD51, 0xDD30, 0xDD0F, 0xE52F, 0xE52F, 0xE50E, 0xE4ED, 0xE4ED,
  0xE50E, 0xE52E, 0xE570, 0xEDB1, 0xEDD3, 0xEDD2, 0xEDB2, 0xE591, 0xEE14, 0xEDF3, 0xEE14, 0xEE14,
  0xEE13, 0xEDD2, 0xEDB1, 0xED90, 0xED90, 0xED90, 0xED90, 0xEDB0, 0xEDB1, 0xEE34, 0xEE34, 0xEE55,
  0xEE76, 0xEE55, 0xEE55, 0xEE76, 0xEE97, 0xEEB7, 0xEE97, 0xEE76, 0xEE34, 0xEDF3, 0xEE55, 0xEE34,
  0xEE13, 0xEE13, 0xEE55, 0xEE96, 0xEDF2, 0xEDF3, 0xEDF3, 0xEE13, 0xEE14, 0xEE14, 0xEE96, 0xEE76,
  0xEDD2, 0xE5F3, 0xEE35, 0xE635, 0xEDF3, 0xE591, 0xE571, 0xE5B2, 0xE5B2, 0xE550, 0xDD2F, 0xDD0F,
  0xDD0F, 0xDCEF, 0xDCCE, 0xDCAD, 0xD48C, 0xD48C, 0xD46C, 0xD44C, 0xCC4C, 0xCC4C, 0xCC2B, 0xCC0B,
  0xC3EA, 0xC3EB, 0xC3EA, 0xC3AA, 0xBB89, 0xBB69, 0xBBAA, 0xBB8A, 0xB349, 0xB328, 0xAAE7, 0xAB08,
  0xAB29, 0xAB29, 0xAB08, 0xA2C7, 0xA2A7, 0x9A66, 0x9A45, 0x9A46, 0x9246, 0x9246, 0x9246, 0x8A05,
  0x8A26, 0x8A26, 0x8A05, 0x81A4, 0x81E4, 0x8205, 0x81A3, 0x8183, 0x8183, 0x79A4, 0x7983, 0x7983,
  0x7963, 0x7983, 0x7963, 0x7962, 0x7142, 0x7163, 0x6963, 0x7163, 0x7163, 0x7163, 0x7142, 0x6921,
  0x6963, 0x6963, 0x7163, 0x6942, 0x6963, 0x6983, 0x6963, 0x6922, 0x6943, 0x6984, 0x6984, 0x6942,
  0x6943, 0x71A4, 0x6963, 0x6942, 0x6922, 0x6984, 0x7184, 0x6963, 0x6963, 0x6963, 0x6942, 0x6942,
  0x7184, 0x71A4, 0x7183, 0x7163, 0x7142, 0x7163, 0x7163, 0x7142, 0x7162, 0x7162, 0x7962, 0x79A4,
  0x8226, 0x8226, 0x8205, 0x8205, 0x8205, 0x8205, 0x8225, 0x8204, 0x81E4, 0x81C3, 0x89E4, 0x8A04,
  0x81E4, 0x89E3, 0x89E3, 0x89E3, 0x8A04, 0x89E3, 0x89E3, 0x89E3, 0x9224, 0x9245, 0x9245, 0x9224,
  0x9245, 0x9A66, 0x9A65, 0x9244, 0x9AC7, 0xABED, 0xB46F, 0xBC8F, 0xB3CB, 0xB389, 0xBBEC, 0xBBEB,
  0xE4CD, 0xE4AC, 0xE48C, 0xE48C, 0xE46B, 0xDC4B, 0xDC2A, 0xDC2A, 0xDC0A, 0xDC0A, 0xD3C9, 0xD388,
  0xCB67, 0xCB26, 0xC2E6, 0xC2C5, 0xBA85, 0xBA64, 0xB203, 0xA9C3, 0xA1A2, 0x9162, 0x8121, 0x6902,
  0x6922, 0x8182, 0x99E3, 0xA244, 0xB2A5, 0xB2E6, 0xBB27, 0xC389, 0xCBEA, 0xCC2C, 0xCC6C, 0xD4AE,
  0xD4CE, 0xD4CE, 0xDD10, 0xDD51, 0xDD51, 0xDD50, 0xDD30, 0xE550, 0xEE14, 0xE5B2, 0xE591, 0xE5B2,
  0xE571, 0xE52F, 0xE50E, 0xE52E, 0xE54F, 0xE5B1, 0xEDF3, 0xEDF3, 0xEDF3, 0xEDF3, 0xE5B1, 0xEDD2,
  0xEDF3, 0xEE34, 0xEDF3, 0xEE13, 0xEE14, 0xEE35, 0xEE55, 0xEE14, 0xEDB0, 0xED90, 0xEDB1, 0xEDD2,
  0xEDF2, 0xEE55, 0xEE75, 0xEE76, 0xEE75, 0xEE55, 0xEE35, 0xEE76, 0xEE76, 0xF6B7, 0xEE55, 0xEE96,
  0xEE55, 0xEE13, 0xEE34, 0xEDF3, 0xEE13, 0xEDF2, 0xEE76, 0xEE34, 0xEE14, 0xEE14, 0xEE35, 0xEDF4,
  0xE5B2, 0xE5D2, 0xE5F3, 0xE614, 0xE5D2, 0xE571, 0xE5B2, 0xE571, 0xDD51, 0xDD71, 0xDD50, 0xDD51,
  0xDD30, 0xDD30, 0xDD31, 0xD4CE, 0xD4AE, 0xD4EF, 0xD4CF, 0xD4AE, 0xCC8D, 0xCC4C, 0xCC2B, 0xCC2C,
  0xCC4D, 0xC44D, 0xC40B, 0xC3CA, 0xBB89, 0xBB69, 0xBBAB, 0xB3AB, 0xB38A, 0xB328, 0xB308, 0xAAC7,
  0xAAE8, 0xAB08, 0xA2C7, 0xA2A6, 0xA286, 0x9A45, 0x9A45, 0x9A66, 0x9266, 0x9246, 0x9225, 0x8A05,
  0x8A05, 0x8A05, 0x89C4, 0x81C4, 0x81E5, 0x81C4, 0x8183, 0x7983, 0x79A3, 0x7983, 0x7983, 0x7983,
  0x7983, 0x7983, 0x7983, 0x7162, 0x7122, 0x7184, 0x71A4, 0x7184, 0x7184, 0x7163, 0x7142, 0x6922,
  0x71A4, 0x6963, 0x6943, 0x6922, 0x6963, 0x6963, 0x6922, 0x6942, 0x6964, 0x69A4, 0x6963, 0x6943,
  0x6963, 0x6963, 0x6942, 0x6922, 0x6963, 0x6984, 0x7184, 0x6963, 0x6943, 0x6963, 0x6922, 0x6963,
  0x71A4, 0x7184, 0x7183, 0x7163, 0x7142, 0x7163, 0x7183, 0x7983, 0x7162, 0x7142, 0x7983, 0x7983,
  0x79C4, 0x8205, 0x8205, 0x8205, 0x8205, 0x8205, 0x8A05, 0x8A05, 0x8A25, 0x8A25, 0x8A45, 0x8A25,
  0x8A04, 0x89E3, 0x89E3, 0x9204, 0x9224, 0x9224, 0x9204, 0x9204, 0x9224, 0x9A65, 0x9AA6, 0x9A85,
  0x9A45, 0x9A86, 0x9AC6, 0x9A85, 0x9A65, 0xA329, 0xB46F, 0xBCB0, 0xBC4E, 0xB38A, 0xB3AA, 0xBBEB,
  0xE4ED, 0xE4CD, 0xE4AC, 0xE48C, 0xE48C, 0xDC6B, 0xDC4B, 0xDC2A, 0xDC0A, 0xDC0A, 0xD3E9, 0xD3A9,
  0xD388, 0xCB67, 0xCB47, 0xCB27, 0xC2E6, 0xBAA5, 0xB244, 0xAA04, 0xA1C3, 0x8962, 0x6122, 0x48E2,
  0x40C2, 0x48C1, 0x6902, 0x8982, 0x99E3, 0xA244, 0xAA85, 0xB2E6, 0xBB48, 0xC3C9, 0xCC0A, 0xCC4C,
  0xD48D, 0xD4AE, 0xD4AE, 0xD4CE, 0xDD0F, 0xDD30, 0xE592, 0xDD30, 0xE571, 0xE5B2, 0xE5B3, 0xE592,
  0xE5D3, 0xE5B2, 0xE591, 0xE550, 0xE50E, 0xE52E, 0xE570, 0xEDB2, 0xE5B2, 0xE5F3, 0xEE97, 0xEDF3,
  0xE591, 0xEDF3, 0xE5F3, 0xEDD2, 0xEDB1, 0xEE14, 0xEE34, 0xEE55, 0xEE76, 0xEE75, 0xEDF3, 0xED90,
  0xEDB1, 0xEDF3, 0xEE14, 0xEE97, 0xEE96, 0xEE97, 0xEE96, 0xEE96, 0xEE55, 0xEE34, 0xEE13, 0xEDF3,
  0xE5F3, 0xEDF3, 0xEE13, 0xEDF3, 0xEE34, 0xEE55, 0xEDD2, 0xEEB7, 0xEE76, 0xEE35, 0xE5F4, 0xEE35,
  0xEE35, 0xE5B1, 0xE5B2, 0xE5D3, 0xE591, 0xE571, 0xE591, 0xE5D3, 0xE5B3, 0xDDB3, 0xDD71, 0xDCEF,
  0xDD0F, 0xDD30, 0xDD10, 0xD4EF, 0xD4CF, 0xD510, 0xD4CF, 0xD4CF, 0xCC6D, 0xCC2C, 0xCC2C, 0xCCCF,
  0xCCAF, 0xC42D, 0xC42C, 0xBBCB, 0xBBAA, 0xBB8A, 0xBBEC, 0xB3AB, 0xB38A, 0xAB28, 0xAB08, 0xAAE7,
  0xAB6A, 0xA2E8, 0xA2C7, 0xA286, 0x9A66, 0x9A25, 0x9A87, 0x9A87, 0x9246, 0x9246, 0x9225, 0x89E4,
  0x89E4, 0x81C4, 0x81A4, 0x81E5, 0x81E5, 0x81C4, 0x7983, 0x7983, 0x79A4, 0x79C5, 0x79A4, 0x7983,
  0x7983, 0x7963, 0x7983, 0x7142, 0x7142, 0x6963, 0x7183, 0x71A4, 0x7163, 0x7163, 0x6921, 0x6942,
  0x6963, 0x6963, 0x6942, 0x6943, 0x6984, 0x6942, 0x6101, 0x6942, 0x6984, 0x6963, 0x6943, 0x6984,
  0x6963, 0x6942, 0x6921, 0x6922, 0x6984, 0x71A5, 0x6963, 0x7163, 0x7163, 0x6942, 0x6942, 0x6963,
  0x71A4, 0x71A4, 0x7183, 0x7142, 0x7183, 0x71A4, 0x71A4, 0x7163, 0x7162, 0x7183, 0x79A4, 0x79A3,
  0x79A4, 0x81E5, 0x81E4, 0x81E4, 0x81E4, 0x8204, 0x8A25, 0x9287, 0x8A67, 0x8A46, 0x8A45, 0x9225,
  0x8A04, 0x9204, 0x9224, 0x9245, 0x9A45, 0x9A44, 0x9224, 0x9A44, 0x9A44, 0x9A44, 0xA2A6, 0xA2C7,
  0xA285, 0xA2A6, 0xA308, 0xA2E7, 0xA2A6, 0xA2C6, 0xB40D, 0xBC4E, 0xC4D0, 0xBC2D, 0xB3AA, 0xBBCA,
  0xED2E, 0xE50E, 0xE4ED, 0xE4CD, 0xE4AD, 0xDC8C, 0xDC8C, 0xDC6C, 0xDC4B, 0xDC4B, 0xDC2A, 0xD40A,
  0xD3EA, 0xD3C9, 0xCBA9, 0xCB68, 0xC327, 0xBAC6, 0xB285, 0xA224, 0x91C3, 0x7163, 0x4903, 0x40E2,
  0x38C1, 0x30A1, 0x48C1, 0x60E1, 0x7121, 0x8182, 0x91C3, 0xA224, 0xAA85, 0xB2E6, 0xC368, 0xC3A9,
  0xCBEA, 0xCC2B, 0xD48D, 0xD4CF, 0xD4EF, 0xDD0F, 0xDD51, 0xDD71, 0xDD2F, 0xE550, 0xE5B2, 0xE5F4,
  0xE635, 0xE614, 0xE5B2, 0xE5F3, 0xE5B2, 0xE52F, 0xE50E, 0xE52E, 0xE591, 0xE5B1, 0xEDF3, 0xEE56,
  0xE5B2, 0xEDF3, 0xEE55, 0xEE97, 0xEE14, 0xE570, 0xED91, 0xEDF2, 0xEE14, 0xE614, 0xEE55, 0xEE76,
  0xEDF3, 0xEDB1, 0xEDD2, 0xEDD2, 0xEE13, 0xEE13, 0xEDF3, 0xEE34, 0xEE75, 0xEE14, 0xEE55, 0xEE75,
  0xEED8, 0xEE97, 0xEE55, 0xEE97, 0xE5F3, 0xEDD2, 0xEDF3, 0xEE34, 0xEE76, 0xE677, 0xEE76, 0xE5D2,
  0xE614, 0xE5B2, 0xE5F3, 0xE591, 0xE592, 0xE5F4, 0xE615, 0xDD71, 0xE5B2, 0xDD51, 0xDD71, 0xDD30,
  0xDCEF, 0xD50F, 0xD4EF, 0xD4AD, 0xD4AE, 0xD4CF, 0xCC8D, 0xCCAE, 0xCC8E, 0xCC4C, 0xCC4C, 0xCC8E,
  0xC46E, 0xC40B, 0xBBCB, 0xBBAA, 0xBB8A, 0xBB8A, 0xB3AB, 0xB38A, 0xB369, 0xAB49, 0xAAE8, 0xAAE7,
  0xAB6A, 0xAB09, 0xA2A7, 0xA286, 0x9A45, 0x9A25, 0x9A87, 0x9287, 0x9266, 0x9246, 0x9205, 0x89E4,
  0x89E4, 0x8A05, 0x81C4, 0x8A05, 0x81C4, 0x81A3, 0x7983, 0x81C4, 0x79C4, 0x79C4, 0x7983, 0x7984,
  0x7983, 0x7163, 0x7983, 0x7121, 0x6922, 0x6943, 0x7184, 0x7184, 0x6942, 0x6921, 0x6901, 0x6943,
  0x6963, 0x6943, 0x6922, 0x6942, 0x6922, 0x6922, 0x6122, 0x6963, 0x6963, 0x6922, 0x6942, 0x6963,
  0x6942, 0x6901, 0x6101, 0x6143, 0x6963, 0x6963, 0x6963, 0x6942, 0x7142, 0x6921, 0x6943, 0x6964,
  0x7184, 0x7183, 0x7162, 0x7162, 0x71C4, 0x71A4, 0x7183, 0x7142, 0x7183, 0x79E5, 0x79C4, 0x8205,
  0x79C4, 0x79A3, 0x81A3, 0x81C3, 0x81E4, 0x8A25, 0x92E9, 0x92E9, 0x9287, 0x8A45, 0x9245, 0x9224,
  0x9204, 0x9245, 0x9A86, 0x9A86, 0x9A86, 0x9A65, 0xA285, 0xA2A6, 0xA2A6, 0xA2A5, 0xA265, 0xA2A6,
  0xA2C6, 0xA2A5, 0xAB28, 0xAB28, 0xA2E7, 0xA2C6, 0xA307, 0xBC2D, 0xBC6E, 0xBC6E, 0xBC0C, 0xBBEB,
  0xED4F, 0xE52F, 0xE52F, 0xE50E, 0xE4EE, 0xE4CD, 0xE4AD, 0xE4AD, 0xDC8C, 0xDC8C, 0xDC4B, 0xD44B,
  0xD42B, 0xD3EA, 0xCBC9, 0xCB88, 0xC327, 0xBAE6, 0xAA65, 0x91E4, 0x6963, 0x5103, 0x48E2, 0x40C2,
  0x38C1, 0x40A1, 0x48C1, 0x48A1, 0x40A1, 0x58C1, 0x6921, 0x8162, 0x91E3, 0xA224, 0xAAA5, 0xBB07,
  0xBB48, 0xC388, 0xCBEA, 0xCC4C, 0xD4AD, 0xD4AE, 0xD4EF, 0xDD0F, 0xDD0F, 0xDCCE, 0xDD2F, 0xE571,
  0xE592, 0xE5D3, 0xE614, 0xE5F4, 0xE5D3, 0xE5D3, 0xE591, 0xE550, 0xE50D, 0xE52F, 0xE570, 0xE5B1,
  0xE591, 0xE591, 0xE5D3, 0xE5D2, 0xEE76, 0xEE56, 0xE5D2, 0xE591, 0xEDD2, 0xEE34, 0xEE55, 0xEE35,
  0xEE55, 0xE614, 0xEDB1, 0xED90, 0xED90, 0xEDF2, 0xEDF2, 0xEDF2, 0xEE14, 0xEE97, 0xEE76, 0xEE34,
  0xEE14, 0xEE34, 0xEE55, 0xEE34, 0xEE55, 0xEE55, 0xE5D2, 0xEDF3, 0xEE34, 0xEE55, 0xE5F3, 0xE5D2,
  0xE591, 0xE591, 0xE592, 0xE5D3, 0xE5B2, 0xE571, 0xDD71, 0xDD0F, 0xDD0F, 0xDD51, 0xDD50, 0xD4EF,
  0xDD51, 0xD4EF, 0xD4AE, 0xD48D, 0xD48D, 0xCC8D, 0xCC6C, 0xCC8E, 0xCC4D, 0xCC2C, 0xCC2C, 0xC42D,
  0xC40B, 0xBBCB, 0xBBCB, 0xBBCB, 0xBBAA, 0xBB69, 0xB328, 0xB36A, 0xB36A, 0xAB29, 0xAAE7, 0xAAC7,
  0xA308, 0xA2C8, 0xA286, 0x9A66, 0x9A25, 0x9245, 0x9A87, 0x9287, 0x9266, 0x9225, 0x89E4, 0x89E4,
  0x8A26, 0x8A26, 0x81C4, 0x81C4, 0x81A3, 0x7963, 0x7983, 0x79A4, 0x79C4, 0x79A4, 0x79A4, 0x7183,
  0x7983, 0x7142, 0x7142, 0x6901, 0x6942, 0x6963, 0x6963, 0x6943, 0x6942, 0x6901, 0x6102, 0x6122,
  0x6122, 0x6922, 0x6922, 0x6942, 0x6922, 0x6101, 0x6122, 0x6143, 0x6122, 0x6122, 0x6943, 0x6122,
  0x6921, 0x60E1, 0x6122, 0x6122, 0x6122, 0x6122, 0x6922, 0x6942, 0x6101, 0x6963, 0x6984, 0x6963,
  0x6963, 0x6942, 0x6942, 0x71A4, 0x79E5, 0x7183, 0x7162, 0x7162, 0x79E5, 0x7A06, 0x79E5, 0x81E5,
  0x81C4, 0x81C4, 0x81C3, 0x81C3, 0x81C3, 0x8A46, 0x9287, 0x9266, 0x9266, 0x9246, 0x9225, 0x9224,
  0x9265, 0x9AA6, 0xA2E8, 0xA2E8, 0xA2C7, 0xA2A6, 0xA2C6, 0xAB07, 0xAAE7, 0xAAE6, 0xAAC6, 0xAAC6,
  0xAAE6, 0xAAC6, 0xAB07, 0xAB28, 0xAB48, 0xAB07, 0xAAE6, 0xB369, 0xBC2D, 0xBC6E, 0xBC0C, 0xBBEB,
  0xED70, 0xED70, 0xE550, 0xE52F, 0xE50F, 0xE4EE, 0xE4CD, 0xDCCD, 0xDCAD, 0xDC8D, 0xDC8C, 0xDC6C,
  0xD44B, 0xD40A, 0xCBC9, 0xCB89, 0xC327, 0xAAA6, 0x8A05, 0x6163, 0x5102, 0x5102, 0x50E2, 0x48E2,
  0x48C1, 0x50E1, 0x50C1, 0x3081, 0x2861, 0x3080, 0x4080, 0x48A1, 0x6901, 0x8162, 0x91E3, 0xA244,
  0xAA85, 0xB2E6, 0xBB47, 0xC3A9, 0xCBEA, 0xCC4C, 0xCC6D, 0xD4AE, 0xD4EF, 0xD4CE, 0xDCCD, 0xDCEE,
  0xDD50, 0xE571, 0xE592, 0xE614, 0xE5B2, 0xE5D3, 0xE5D3, 0xE615, 0xE5D3, 0xE52F, 0xE50E, 0xE54F,
  0xE590, 0xE5B2, 0xE614, 0xEE35, 0xE614, 0xE614, 0xE614, 0xE5F3, 0xE5B1, 0xE5D2, 0xEDF3, 0xEE34,
  0xEE35, 0xEE76, 0xEE56, 0xEE55, 0xEDF3, 0xE5B1, 0xEDF2, 0xEE13, 0xEDF3, 0xEDF3, 0xEE14, 0xEE14,
  0xEE14, 0xEE35, 0xE635, 0xEE34, 0xE5F3, 0xE614, 0xE5D2, 0xE5B1, 0xE591, 0xE591, 0xE571, 0xE5D2,
  0xE591, 0xE591, 0xE5D3, 0xE635, 0xE615, 0xE5B3, 0xE5B3, 0xDD71, 0xDD0F, 0xDD51, 0xD4EF, 0xD4CE,
  0xD4EF, 0xD4CF, 0xD4AE, 0xD48D, 0xD46D, 0xCCAE, 0xCCAE, 0xCC6D, 0xCC4D, 0xC40B, 0xC3CA, 0xC40B,
  0xBBEB, 0xBBAA, 0xBBAA, 0xBB8A, 0xBB69, 0xB349, 0xB38A, 0xB38A, 0xB349, 0xAB28, 0xAAC7, 0xA2C7,
  0xA309, 0xA2E8, 0x9A87, 0x9A65, 0x9204, 0x9266, 0x92A7, 0x9287, 0x8A26, 0x9245, 0x8A04, 0x89E5,
  0x8A47, 0x81E4, 0x81C4, 0x81A4, 0x7983, 0x7983, 0x79A4, 0x79A4, 0x7983, 0x79A4, 0x7184, 0x7183,
  0x7162, 0x7163, 0x7142, 0x6901, 0x6122, 0x6963, 0x6943, 0x6942, 0x6942, 0x6101, 0x6122, 0x6102,
  0x6102, 0x6122, 0x6122, 0x6101, 0x6101, 0x6101, 0x6963, 0x6963, 0x6142, 0x6142, 0x6122, 0x6122,
  0x60E1, 0x6101, 0x6122, 0x6142, 0x6122, 0x6122, 0x6122, 0x60E1, 0x6101, 0x6163, 0x6963, 0x6943,
  0x6922, 0x6922, 0x6963, 0x71A4, 0x7183, 0x7162, 0x7142, 0x79C4, 0x7A06, 0x8227, 0x79E5, 0x79A4,
  0x81C4, 0x81C4, 0x81A3, 0x81A3, 0x81C4, 0x8A04, 0x8A25, 0x9246, 0x9266, 0x9245, 0x9204, 0x9AA7,
  0xA349, 0xA308, 0xAB49, 0xAB28, 0xAAE7, 0xAAE7, 0xAB48, 0xAB27, 0xAB27, 0xB307, 0xB327, 0xB307,
  0xAB06, 0xAAE6, 0xAAE6, 0xB348, 0xB389, 0xB368, 0xAB07, 0xAB28, 0xB3AA, 0xBC0C, 0xC46E, 0xBC0B,
  0xED90, 0xED70, 0xED70, 0xE54F, 0xE52F, 0xE50E, 0xE4EE, 0xE4CD, 0xDCCD, 0xDCAD, 0xDC8C, 0xDC6C,
  0xD44C, 0xD40B, 0xD3EA, 0xC369, 0xAAC7, 0x8A05, 0x6163, 0x5922, 0x6943, 0x6942, 0x5902, 0x5902,
  0x6102, 0x58E1, 0x38A1, 0x2881, 0x3081, 0x3081, 0x2040, 0x1840, 0x2860, 0x40A1, 0x6101, 0x7962,
  0x91C3, 0x9A03, 0xA244, 0xB2C6, 0xBB27, 0xC389, 0xC3EA, 0xCC2B, 0xCC6D, 0xD4AE, 0xD4CE, 0xD4AD,
  0xDCAD, 0xDD0F, 0xDD30, 0xDD92, 0xE5F4, 0xE5F4, 0xE5D3, 0xE5B2, 0xE614, 0xE5F4, 0xE52F, 0xE50E,
  0xE52F, 0xE591, 0xE571, 0xEE14, 0xE635, 0xEE35, 0xE5F3, 0xEE35, 0xEDB1, 0xEDF3, 0xEDF3, 0xE5B2,
  0xEDD2, 0xEE14, 0xEE34, 0xEE55, 0xE5F3, 0xEE34, 0xEDD1, 0xEDB1, 0xEE13, 0xEE56, 0xE614, 0xE5D2,
  0xEDF3, 0xEE13, 0xE5F3, 0xE614, 0xE5D2, 0xE5B2, 0xE5F3, 0xE591, 0xE591, 0xE5B1, 0xE570, 0xE591,
  0xE592, 0xE5D3, 0xE5F3, 0xDD92, 0xDD72, 0xDD71, 0xDD30, 0xDD30, 0xDD0F, 0xD4CE, 0xDD0F, 0xDD51,
  0xDD31, 0xD4EF, 0xD4AE, 0xCC6D, 0xCC4C, 0xCC6D, 0xCC6D, 0xC44C, 0xC44D, 0xC42C, 0xC3CB, 0xC46E,
  0xC40C, 0xBBAA, 0xBBEB, 0xB38A, 0xB349, 0xB369, 0xB3AB, 0xB38A, 0xAB49, 0xAB08, 0xA2A6, 0xA2E8,
  0xA2E8, 0x9AC7, 0x9A86, 0x9A66, 0x9204, 0x9287, 0x9267, 0x9266, 0x8A25, 0x8A05, 0x89C4, 0x8A05,
  0x8226, 0x81C5, 0x81C4, 0x7983, 0x7962, 0x7983, 0x79C5, 0x79C5, 0x79A4, 0x7183, 0x7183, 0x7163,
  0x7163, 0x7142, 0x6921, 0x6922, 0x6963, 0x6943, 0x6922, 0x6942, 0x6902, 0x6101, 0x6122, 0x6122,
  0x6122, 0x6122, 0x6102, 0x60E1, 0x58E1, 0x6122, 0x6123, 0x6143, 0x6122, 0x6122, 0x6122, 0x6101,
  0x58E1, 0x6102, 0x5902, 0x5902, 0x6102, 0x6101, 0x58E1, 0x58E1, 0x5901, 0x6122, 0x6122, 0x6102,
  0x6122, 0x6943, 0x6984, 0x6943, 0x6942, 0x6921, 0x6963, 0x79C5, 0x7A26, 0x79E5, 0x79A3, 0x79A3,
  0x79A3, 0x79A3, 0x81A3, 0x81A3, 0x8A26, 0x8A26, 0x8A25, 0x8A25, 0x9245, 0x9204, 0x9A86, 0xA34A,
  0xABAB, 0xAB6A, 0xAB49, 0xAB28, 0xAB07, 0xB38A, 0xB38A, 0xB348, 0xB368, 0xB348, 0xB368, 0xBB88,
  0xB368, 0xB327, 0xB307, 0xB348, 0xB369, 0xB389, 0xB348, 0xB348, 0xBBAA, 0xBBEB, 0xBC0C, 0xC44D,
  0xED91, 0xED91, 0xED70, 0xED50, 0xE52F, 0xE50E, 0xE4EE, 0xE4CE, 0xDCCD, 0xDCAD, 0xDC8D, 0xD46C,
  0xD42B, 0xD40B, 0xC389, 0xA2C7, 0x7A05, 0x5963, 0x6163, 0x79A3, 0x7183, 0x6963, 0x6962, 0x7962,
  0x7142, 0x48E2, 0x30A1, 0x38A1, 0x38A1, 0x2881, 0x1840, 0x1020, 0x1020, 0x2060, 0x2061, 0x38A1,
  0x6922, 0x8182, 0x91C3, 0x91E3, 0xA244, 0xAAA5, 0xBB07, 0xC3A9, 0xC3EA, 0xCC4C, 0xCC4C, 0xD48D,
  0xD4AD, 0xD48C, 0xDCAD, 0xDCEE, 0xDD30, 0xE571, 0xE592, 0xDD92, 0xE5F4, 0xE615, 0xEE76, 0xE571,
  0xE571, 0xE52F, 0xE591, 0xE591, 0xE570, 0xE5B1, 0xE5F3, 0xE592, 0xE5F3, 0xE590, 0xEE14, 0xEE55,
  0xEE97, 0xEE14, 0xE5B1, 0xE5D2, 0xE614, 0xE614, 0xE635, 0xEDD2, 0xE5B1, 0xE5D2, 0xE5D2, 0xEDF3,
  0xE5B1, 0xE5B1, 0xE591, 0xE5B2, 0xE5F3, 0xE5D3, 0xE5B2, 0xE5D3, 0xE571, 0xE571, 0xDD50, 0xE550,
  0xE550, 0xE550, 0xDD2F, 0xDD30, 0xDD0F, 0xDD2F, 0xDD0F, 0xD4EF, 0xD4CE, 0xD4AD, 0xD4EF, 0xD4EF,
  0xD4AE, 0xD48D, 0xCC8E, 0xCCAE, 0xCC4C, 0xCC2C, 0xCC6E, 0xCC8E, 0xC44D, 0xC3EB, 0xC3CA, 0xBBEB,
  0xBBCB, 0xBBCB, 0xBBAA, 0xB349, 0xB307, 0xB3AB, 0xB38B, 0xAB29, 0xAAE8, 0xA2C7, 0xA286, 0x9AA7,
  0x9A87, 0x9A66, 0x9A45, 0x9204, 0x9204, 0x9287, 0x9267, 0x8A46, 0x8A26, 0x89E4, 0x89E4, 0x8A26,
  0x81E5, 0x81C4, 0x79A3, 0x7962, 0x7962, 0x79A4, 0x79A4, 0x71A4, 0x79A4, 0x79A4, 0x7163, 0x7142,
  0x7142, 0x6942, 0x6101, 0x6943, 0x6963, 0x6942, 0x6122, 0x6922, 0x6102, 0x6101, 0x6102, 0x6122,
  0x6122, 0x6122, 0x6101, 0x58E1, 0x58C1, 0x58E1, 0x5902, 0x6122, 0x5901, 0x6101, 0x60E1, 0x58C0,
  0x5902, 0x5902, 0x5902, 0x58E1, 0x58E1, 0x58C0, 0x50C0, 0x5901, 0x5902, 0x5901, 0x58E1, 0x5901,
  0x6122, 0x6122, 0x6122, 0x6922, 0x6901, 0x6921, 0x7183, 0x71A4, 0x7183, 0x7183, 0x7183, 0x79A4,
  0x7983, 0x7982, 0x7982, 0x8225, 0x8A87, 0x8A66, 0x8A25, 0x8A04, 0x9204, 0x9245, 0x9AE8, 0xA308,
  0xA308, 0xAB49, 0xAB8A, 0xAB28, 0xB348, 0xB3CB, 0xBBCA, 0xBBA9, 0xBB89, 0xBB88, 0xBBA9, 0xBBA9,
  0xBB88, 0xBB88, 0xBB68, 0xB347, 0xBB88, 0xBBA9, 0xBBA9, 0xB388, 0xBBEB, 0xBC0C, 0xBC4D, 0xC48E,
  0xEDB1, 0xED91, 0xED91, 0xED70, 0xE54F, 0xE52F, 0xE50F, 0xE4EE, 0xDCCE, 0xDCAD, 0xDC8D, 0xD44C,
  0xC3CA, 0xAB28, 0x8A66, 0x71E5, 0x69A4, 0x79C4, 0x81E4, 0x79A4, 0x79A3, 0x8183, 0x89A3, 0x8183,
  0x5922, 0x38C2, 0x38C1, 0x40C2, 0x30A1, 0x2061, 0x1040, 0x1020, 0x1840, 0x1861, 0x1040, 0x1861,
  0x2881, 0x48C1, 0x6922, 0x8182, 0x89A2, 0x91E3, 0xA224, 0xAAA5, 0xBB47, 0xC389, 0xC3CA, 0xCBEB,
  0xCC4C, 0xD46C, 0xD46C, 0xD46C, 0xD48D, 0xDCEF, 0xDCEF, 0xDD0F, 0xDD50, 0xE5D3, 0xE5F4, 0xE5B3,
  0xDD92, 0xE550, 0xE4ED, 0xE571, 0xEE14, 0xE5F3, 0xE5B2, 0xE5B1, 0xE615, 0xE614, 0xE591, 0xE5F3,
  0xE656, 0xEEB8, 0xEE76, 0xE5F3, 0xE614, 0xE634, 0xE635, 0xEE76, 0xEE76, 0xEDF3, 0xE5B1, 0xE5F3,
  0xE5D3, 0xE614, 0xE614, 0xE5B2, 0xE570, 0xE570, 0xE54F, 0xDD50, 0xE5F4, 0xE5F4, 0xDDB2, 0xE592,
  0xDD2F, 0xDD2F, 0xDD2F, 0xDD50, 0xDD71, 0xDD30, 0xDD0F, 0xD50F, 0xD530, 0xD4CE, 0xD4AE, 0xD4CF,
  0xD4CF, 0xCC6C, 0xD531, 0xD552, 0xCC6D, 0xCC0B, 0xCC8D, 0xC42C, 0xC40B, 0xC3EB, 0xC3AA, 0xC3CB,
  0xBBAA, 0xB369, 0xBB8A, 0xB328, 0xAB08, 0xB3EC, 0xAB6A, 0xA308, 0xAAE8, 0xA2A6, 0x9A65, 0xA2C8,
  0x9A86, 0x9A66, 0x9245, 0x9204, 0x9204, 0x8A67, 0x8A46, 0x8A05, 0x8A25, 0x81C4, 0x8205, 0x8205,
  0x81C4, 0x81C4, 0x7983, 0x7962, 0x7183, 0x71A4, 0x79C4, 0x7184, 0x7183, 0x7163, 0x7142, 0x6942,
  0x6922, 0x6101, 0x6922, 0x6122, 0x6122, 0x6922, 0x6122, 0x6102, 0x6102, 0x5901, 0x5902, 0x6122,
  0x6102, 0x6101, 0x58E1, 0x58C0, 0x50C1, 0x5902, 0x58E1, 0x58E1, 0x58C1, 0x58C1, 0x50A0, 0x50C1,
  0x50E1, 0x50C1, 0x50C1, 0x50C0, 0x50A0, 0x50A0, 0x50E1, 0x50E1, 0x50C1, 0x50A0, 0x50C1, 0x58E1,
  0x58E1, 0x58E1, 0x58E1, 0x58E0, 0x6101, 0x6122, 0x6943, 0x6963, 0x6942, 0x7163, 0x7183, 0x7162,
  0x7162, 0x7983, 0x81E5, 0x8246, 0x8205, 0x8205, 0x8A04, 0x89E3, 0x8A04, 0x9245, 0x9AA7, 0xA36A,
  0xA36A, 0xAB69, 0xAB48, 0xB389, 0xBBEB, 0xBBEB, 0xBBEB, 0xBC0B, 0xC3EA, 0xBBA9, 0xC3EA, 0xC3EA,
  0xC3A9, 0xC3C9, 0xBBC9, 0xBB88, 0xBB88, 0xBBEA, 0xBBCA, 0xBBA9, 0xBB89, 0xC44D, 0xC4CF, 0xCD10,
  0xE550, 0xE550, 0xED50, 0xE550, 0xE52F, 0xE50F, 0xE4EE, 0xDCAD, 0xD46C, 0xCC0B, 0xBBAA, 0xA2E8,
  0x8266, 0x71E5, 0x71E5, 0x8205, 0x8A25, 0x8A25, 0x8A05, 0x9204, 0x9204, 0x91E4, 0x89C4, 0x6143,
  0x40E2, 0x40C2, 0x40E2, 0x30C2, 0x2081, 0x1861, 0x0820, 0x1840, 0x2061, 0x1861, 0x1841, 0x1861,
  0x1040, 0x1840, 0x2860, 0x48A0, 0x6921, 0x8162, 0x89C3, 0x91E3, 0x9A24, 0xAAA6, 0xBB07, 0xBB68,
  0xC3A9, 0xC3EA, 0xCC2B, 0xD46C, 0xD44C, 0xD44B, 0xD48D, 0xD4AD, 0xDCCD, 0xDD30, 0xDD51, 0xDD71,
  0xE592, 0xE592, 0xDD50, 0xDCED, 0xE52F, 0xE5B2, 0xE5F4, 0xE5B3, 0xE591, 0xE614, 0xE5D3, 0xE570,
  0xE5D2, 0xE5F4, 0xE656, 0xE5F4, 0xE591, 0xE5D2, 0xE614, 0xE5F4, 0xE614, 0xE5F4, 0xE5B2, 0xE5B2,
  0xE5D3, 0xE614, 0xE5F3, 0xE5F4, 0xE614, 0xDDB2, 0xE591, 0xDD70, 0xDD30, 0xDD71, 0xDD92, 0xE5F4,
  0xE5D4, 0xDD30, 0xDCEE, 0xDD71, 0xDDB3, 0xD530, 0xDD30, 0xD4EF, 0xD4CF, 0xD4EF, 0xD46C, 0xD48D,
  0xCC6D, 0xCC6C, 0xCCCF, 0xCC6D, 0xC40B, 0xC3EB, 0xC42C, 0xC48E, 0xC44D, 0xBC0C, 0xBB89, 0xBB8A,
  0xBBAA, 0xB369, 0xB369, 0xAAE7, 0xB36A, 0xAB8A, 0xAB49, 0xA308, 0xA2C7, 0xA286, 0x9A45, 0x9AC7,
  0x9A87, 0x9246, 0x9225, 0x9204, 0x8A05, 0x8A67, 0x8A05, 0x8205, 0x8A05, 0x81C4, 0x8226, 0x81E5,
  0x79C4, 0x81A4, 0x7983, 0x7162, 0x71A4, 0x71A4, 0x7183, 0x7183, 0x7163, 0x7163, 0x6922, 0x6922,
  0x6101, 0x60E1, 0x6122, 0x6122, 0x58E1, 0x6101, 0x5902, 0x6102, 0x5901, 0x5902, 0x5902, 0x58E1,
  0x58E1, 0x58E1, 0x50C0, 0x50A0, 0x50E1, 0x50E1, 0x50C1, 0x50A0, 0x50A0, 0x4880, 0x48A0, 0x48A1,
  0x50A0, 0x50A0, 0x4880, 0x4880, 0x4880, 0x48A1, 0x48A0, 0x48A0, 0x4880, 0x48A0, 0x50A0, 0x50A0,
  0x50C0, 0x50C0, 0x50C0, 0x58E1, 0x5901, 0x6102, 0x6122, 0x6101, 0x6921, 0x6921, 0x6942, 0x6921,
  0x7162, 0x79C4, 0x79E5, 0x79A3, 0x81C4, 0x81C3, 0x81A2, 0x89E3, 0x8A24, 0x9265, 0x9286, 0xA308,
  0xA328, 0xAB07, 0xAB48, 0xBC2D, 0xBC6E, 0xBC2C, 0xC42B, 0xC48E, 0xC42B, 0xC42B, 0xCC6C, 0xC42B,
  0xC3EA, 0xC3EA, 0xC42B, 0xC3E9, 0xC3A9, 0xC40B, 0xC3EA, 0xC3CA, 0xBBA9, 0xC44C, 0xC4AF, 0xCD31,
  0xBC2B, 0xBC2C, 0xBC2C, 0xBC2C, 0xBBEB, 0xB3AA, 0xB38A, 0xAB49, 0x9B08, 0x8A87, 0x7A26, 0x69E5,
  0x69E5, 0x8246, 0x9286, 0x9AA6, 0xA2A6, 0xA2A6, 0xAAA6, 0xAA86, 0xAA85, 0x9225, 0x6963, 0x38E2,
  0x40E2, 0x40E2, 0x30A2, 0x2081, 0x1881, 0x1041, 0x2061, 0x3081, 0x2881, 0x1861, 0x1861, 0x1041,
  0x0840, 0x0820, 0x0800, 0x1800, 0x3060, 0x50C1, 0x6901, 0x7962, 0x89A3, 0x91C3, 0x9A03, 0xA264,
  0xB2C6, 0xBB27, 0xBB68, 0xC3A9, 0xCC0B, 0xCC0A, 0xD44B, 0xD46C, 0xD46C, 0xD48C, 0xD4CD, 0xDCEF,
  0xDD10, 0xDD51, 0xDD51, 0xDD50, 0xDC8C, 0xDCCC, 0xDD4F, 0xDD71, 0xE5B2, 0xE592, 0xE5B3, 0xE5D3,
  0xE550, 0xE571, 0xE5F3, 0xE5B2, 0xE5D2, 0xE550, 0xE591, 0xE5D3, 0xE5D3, 0xE635, 0xE614, 0xE591,
  0xE571, 0xE571, 0xE591, 0xDD50, 0xDD71, 0xDD92, 0xDD30, 0xDD2F, 0xDD50, 0xDD50, 0xDD0F, 0xDD50,
  0xDD30, 0xDD0F, 0xDD30, 0xD4EF, 0xD4EF, 0xD4CF, 0xD48D, 0xD48D, 0xCC8D, 0xCC6D, 0xCC2B, 0xCC2B,
  0xCC4C, 0xCC2B, 0xCC4D, 0xCC4D, 0xC42C, 0xC3EA, 0xC3EB, 0xC40C, 0xBC0C, 0xBBCB, 0xB369, 0xBBAA,
  0xB369, 0xB328, 0xAAE7, 0xAAE7, 0xAB6A, 0xAB49, 0xA2E8, 0xA2C7, 0xA2A7, 0x9A65, 0x9245, 0x9286,
  0x9266, 0x9246, 0x9225, 0x89E3, 0x89E4, 0x8A26, 0x81E5, 0x81E4, 0x81C4, 0x8205, 0x8226, 0x79C4,
  0x79A4, 0x7983, 0x7162, 0x7184, 0x7184, 0x7183, 0x71A4, 0x7183, 0x7163, 0x7142, 0x6922, 0x6902,
  0x58C0, 0x6122, 0x6102, 0x58E1, 0x58E1, 0x58E1, 0x5902, 0x58E1, 0x58C1, 0x50C1, 0x50E1, 0x50C1,
  0x50C1, 0x50A0, 0x48A0, 0x48A1, 0x48A0, 0x48A0, 0x4880, 0x4880, 0x4880, 0x4060, 0x4880, 0x4080,
  0x4080, 0x4060, 0x4060, 0x3840, 0x3860, 0x3860, 0x3860, 0x4060, 0x4060, 0x4060, 0x4060, 0x4880,
  0x4880, 0x4880, 0x4880, 0x50A0, 0x50C0, 0x50C0, 0x58C0, 0x58E1, 0x60E1, 0x60E1, 0x60E1, 0x6922,
  0x6963, 0x7163, 0x7183, 0x7983, 0x7982, 0x7982, 0x81A3, 0x8A25, 0x9287, 0x92A7, 0x9AA6, 0x9A86,
  0xA2A6, 0xA2E7, 0xB38A, 0xBC6E, 0xC4CF, 0xC48E, 0xBC0B, 0xC46C, 0xCC6C, 0xCC6C, 0xCC8D, 0xCC8C,
  0xCC2B, 0xC40A, 0xCC2B, 0xCC2A, 0xC40A, 0xC3EA, 0xC40B, 0xC40B, 0xC3C9, 0xC40A, 0xCCF0, 0xCCF0,
  0xC46D, 0xBC0B, 0xB3CB, 0xA36A, 0x9B49, 0x9309, 0x8AC8, 0x8AA7, 0x8AA7, 0x8A87, 0x9287, 0x9AC7,
  0xAB08, 0xB328, 0xBB69, 0xBB48, 0xBB27, 0xBB27, 0xBB07, 0xB2E7, 0x9A66, 0x6184, 0x3902, 0x3902,
  0x4102, 0x30E2, 0x28C2, 0x20A2, 0x1061, 0x2081, 0x38C2, 0x30C2, 0x1861, 0x1861, 0x1041, 0x0820,
  0x0820, 0x0000, 0x0800, 0x1800, 0x2020, 0x1840, 0x2040, 0x3880, 0x58E1, 0x7942, 0x8182, 0x89A2,
  0x91E3, 0x9A24, 0xAA85, 0xB2E6, 0xBB47, 0xC388, 0xC3A9, 0xC3CA, 0xCC0B, 0xCC2B, 0xD46C, 0xD46C,
  0xD4CE, 0xD4EF, 0xDD10, 0xD510, 0xDD30, 0xD48C, 0xD46B, 0xDCCD, 0xDD2F, 0xDD50, 0xDD71, 0xDD30,
  0xDD50, 0xDD0E, 0xDD2F, 0xDD2F, 0xDD2F, 0xE550, 0xE52F, 0xDD2E, 0xE5D3, 0xE615, 0xE656, 0xE615,
  0xDDB3, 0xE571, 0xE571, 0xDD0F, 0xDD0F, 0xDD30, 0xDD2F, 0xDCEE, 0xDD30, 0xE5B3, 0xDD30, 0xDCEE,
  0xDD30, 0xDD51, 0xDD51, 0xDD92, 0xD4AE, 0xD4AD, 0xD4CF, 0xD4EF, 0xD4EF, 0xCC6D, 0xCC8D, 0xCC0B,
  0xC40B, 0xCC8E, 0xC46E, 0xC40C, 0xC42C, 0xC3EB, 0xBBAA, 0xBBEB, 0xBBAA, 0xB369, 0xB369, 0xB38A,
  0xB369, 0xAAE7, 0xAAA6, 0xAB08, 0xAB6A, 0xA349, 0xA2C7, 0xA2A7, 0x9A86, 0x9A45, 0x9225, 0x92A8,
  0x9287, 0x8A26, 0x8A04, 0x89C3, 0x81E4, 0x81E5, 0x81E4, 0x81C4, 0x79A3, 0x8206, 0x79C4, 0x79A4,
  0x7983, 0x7142, 0x7163, 0x7184, 0x7183, 0x7163, 0x6963, 0x6942, 0x6942, 0x6922, 0x6101, 0x58C0,
  0x5901, 0x5902, 0x58E1, 0x58E1, 0x50C1, 0x58E1, 0x50E1, 0x50C1, 0x50A0, 0x50A1, 0x50A1, 0x48A0,
  0x48A0, 0x4860, 0x48A0, 0x4080, 0x4080, 0x4060, 0x4060, 0x3860, 0x3840, 0x3840, 0x3840, 0x3840,
  0x3020, 0x3020, 0x3020, 0x3020, 0x3020, 0x2820, 0x2820, 0x3020, 0x3020, 0x3020, 0x3020, 0x3840,
  0x3840, 0x4060, 0x4060, 0x4060, 0x4860, 0x4880, 0x4880, 0x5080, 0x5080, 0x50A0, 0x5901, 0x6122,
  0x6121, 0x6921, 0x6942, 0x7141, 0x7141, 0x7982, 0x81E4, 0x8A25, 0x8A04, 0x8A24, 0x9245, 0x9A65,
  0xA2A5, 0xAB07, 0xAB69, 0xB3AA, 0xBBEB, 0xBC2B, 0xC48E, 0xC46C, 0xCCCE, 0xCCCE, 0xCCAD, 0xCC8D,
  0xCC8C, 0xCC4B, 0xCC4B, 0xCC8D, 0xCC6C, 0xCC2B, 0xCC2B, 0xCC4C, 0xC42A, 0xC3EA, 0xCCAE, 0xCD10,
  0xE571, 0xDD2F, 0xD4CE, 0xCC6D, 0xCC2C, 0xC3EB, 0xBBCA, 0xBBAA, 0xC3CA, 0xC3CA, 0xCBCA, 0xCBCA,
  0xCBCA, 0xCBCA, 0xCBA9, 0xC389, 0xC368, 0xBB48, 0xB307, 0x9266, 0x5984, 0x3103, 0x3903, 0x4103,
  0x30E3, 0x28E3, 0x20C2, 0x1882, 0x20A2, 0x30C2, 0x38C2, 0x2081, 0x1861, 0x1841, 0x1041, 0x0841,
  0x0000, 0x0800, 0x1800, 0x2820, 0x2040, 0x1020, 0x0820, 0x0800, 0x1820, 0x3081, 0x50E1, 0x7121,
  0x7962, 0x8182, 0x91C3, 0x91E3, 0xA244, 0xAAA5, 0xB327, 0xBB48, 0xBB68, 0xC389, 0xC3A9, 0xCBEA,
  0xCC2B, 0xD46C, 0xD48D, 0xD4CE, 0xD4EF, 0xD510, 0xD4CF, 0xD44B, 0xDC6B, 0xDC8C, 0xDCEE, 0xDD0F,
  0xDD50, 0xDD51, 0xDCEE, 0xDD0E, 0xDD2F, 0xDD2F, 0xDD71, 0xDD2F, 0xDCCD, 0xDD2F, 0xDD50, 0xDD50,
  0xDD92, 0xDD71, 0xDD71, 0xE5B2, 0xDD2F, 0xDD30, 0xD4EE, 0xD4EE, 0xDCCD, 0xD4AD, 0xD4CE, 0xD4AD,
  0xD4CE, 0xD4CE, 0xD4EF, 0xD4EF, 0xCC6C, 0xCC6C, 0xCCCE, 0xCC8D, 0xCC6D, 0xCC6D, 0xCC4C, 0xC3EA,
  0xC3A9, 0xC3CA, 0xBC0B, 0xBBEB, 0xBBAA, 0xBB89, 0xBB69, 0xBBCB, 0xB38A, 0xB349, 0xB328, 0xB328,
  0xAB28, 0xAAC7, 0xA285, 0xA2E8, 0xAB4A, 0xA2E8, 0x9A86, 0x9A66, 0x9A45, 0x9204, 0x9225, 0x9266,
  0x8A25, 0x8A05, 0x89E4, 0x81A3, 0x81E4, 0x81E5, 0x81C4, 0x7982, 0x79C4, 0x79A4, 0x7183, 0x7183,
  0x7162, 0x6942, 0x6963, 0x6963, 0x6963, 0x6943, 0x6942, 0x6942, 0x6922, 0x6101, 0x58C1, 0x50C1,
  0x58E1, 0x5902, 0x58C1, 0x50C0, 0x50C1, 0x50C1, 0x50C1, 0x48A0, 0x48A0, 0x48A0, 0x48A0, 0x4880,
  0x4060, 0x4060, 0x4060, 0x3840, 0x3040, 0x3020, 0x3020, 0x2800, 0x2800, 0x2000, 0x2800, 0x2000,
  0x1000, 0x1000, 0x1000, 0x1800, 0x0800, 0x0800, 0x0800, 0x1000, 0x1000, 0x0800, 0x1800, 0x1800,
  0x2800, 0x2820, 0x3020, 0x3820, 0x3840, 0x3840, 0x4040, 0x4040, 0x4880, 0x50A0, 0x50A0, 0x58C0,
  0x58C1, 0x60E0, 0x60E1, 0x6901, 0x7142, 0x79A3, 0x79A3, 0x81C3, 0x81C3, 0x89E3, 0x9204, 0x9A64,
  0xA2A6, 0xA2E7, 0xAB07, 0xB348, 0xBBCA, 0xBC2B, 0xC48D, 0xCCAE, 0xCC8C, 0xCCCE, 0xD4EE, 0xD4AD,
  0xD4AD, 0xD4AD, 0xCC6C, 0xD48C, 0xCC8D, 0xCCAD, 0xCC6C, 0xCC6D, 0xCC4B, 0xCC2B, 0xCC4B, 0xCCAE,
  0xEDB2, 0xEDB1, 0xE570, 0xE52F, 0xE50F, 0xDCEE, 0xDCAE, 0xDCAD, 0xDC8D, 0xDC6C, 0xD46C, 0xD42B,
  0xD40A, 0xCBCA, 0xCBA9, 0xC389, 0xBB69, 0xA2C7, 0x7A05, 0x4964, 0x3103, 0x4103, 0x4123, 0x3103,
  0x28E3, 0x28E3, 0x20C2, 0x20A2, 0x30A1, 0x40C2, 0x28A2, 0x1861, 0x1861, 0x1041, 0x0841, 0x0020,
  0x0800, 0x1820, 0x3040, 0x3060, 0x1840, 0x0840, 0x0820, 0x0800, 0x1040, 0x0840, 0x1020, 0x2040,
  0x4080, 0x6101, 0x7121, 0x8162, 0x89A2, 0x89C2, 0x9A24, 0xA264, 0xAAA5, 0xB2C6, 0xB306, 0xBB27,
  0xBB47, 0xC388, 0xCC0A, 0xCC0A, 0xCC2B, 0xCC6C, 0xCC8D, 0xD48D, 0xCC0A, 0xD40A, 0xD42A, 0xD46B,
  0xD4AD, 0xDD0F, 0xD50F, 0xD4CE, 0xD4CE, 0xD4AD, 0xDCEE, 0xD530, 0xD530, 0xD4CE, 0xDCCD, 0xDD0F,
  0xDD51, 0xDD50, 0xD510, 0xDD51, 0xDD71, 0xD4AD, 0xD4CE, 0xD4EF, 0xD4CE, 0xD4AD, 0xD46C, 0xD48D,
  0xD48C, 0xD48D, 0xD4AE, 0xCC6C, 0xCC8D, 0xCC2B, 0xCC2B, 0xCC2B, 0xC40B, 0xCC4C, 0xC3EB, 0xC3CA,
  0xBB68, 0xBBAA, 0xBC0C, 0xBBCB, 0xBBAA, 0xBB89, 0xB348, 0xB38A, 0xB38A, 0xAB28, 0xAB07, 0xAB07,
  0xA2E7, 0xA2C7, 0xA285, 0xA2C7, 0xA2E8, 0x9AA7, 0x9A66, 0x9245, 0x9225, 0x89E3, 0x8A25, 0x8A05,
  0x8A05, 0x81E4, 0x81A3, 0x7982, 0x79C4, 0x79A4, 0x7983, 0x7183, 0x79C4, 0x7183, 0x7163, 0x7142,
  0x6922, 0x6942, 0x6942, 0x6942, 0x6122, 0x6122, 0x6122, 0x6101, 0x6101, 0x58C0, 0x50A0, 0x50E1,
  0x50C1, 0x50C1, 0x50A1, 0x48A0, 0x48A0, 0x48A0, 0x4880, 0x4080, 0x4060, 0x4060, 0x3860, 0x3840,
  0x3040, 0x3020, 0x2800, 0x2000, 0x1000, 0x2000, 0x2000, 0x0000, 0x1000, 0x0000, 0x1800, 0x1000,
  0x0800, 0x0000, 0x0000, 0x1000, 0x0800, 0x0000, 0x0800, 0x0800, 0x1000, 0x0000, 0x1000, 0x1000,
  0x0800, 0x0800, 0x2000, 0x1800, 0x2000, 0x2800, 0x3020, 0x3040, 0x3840, 0x4060, 0x4060, 0x4880,
  0x4880, 0x50A0, 0x58C0, 0x6101, 0x6921, 0x6942, 0x7142, 0x7962, 0x7982, 0x81A2, 0x89C3, 0x9224,
  0x9A65, 0xA285, 0xAAE6, 0xB348, 0xB3AA, 0xBC2C, 0xBC2B, 0xC44B, 0xCC6C, 0xCCCE, 0xD571, 0xD530,
  0xD50F, 0xD4CD, 0xD50E, 0xD4AC, 0xD4CE, 0xD50F, 0xD4AD, 0xD4CE, 0xD4AD, 0xCC4B, 0xCC8C, 0xD4EF,
  0xDD30, 0xE570, 0xED71, 0xED70, 0xE570, 0xE550, 0xE52F, 0xE50F, 0xDCCE, 0xDCAD, 0xDC8C, 0xD44C,
  0xD40B, 0xCBCA, 0xBB49, 0xA2E7, 0x8226, 0x5164, 0x30E2, 0x3903, 0x4123, 0x4123, 0x3103, 0x2903,
  0x2903, 0x2903, 0x28A2, 0x38C1, 0x48E2, 0x30C2, 0x1881, 0x1881, 0x1061, 0x0841, 0x0800, 0x0800,
  0x1800, 0x3040, 0x3860, 0x2860, 0x1041, 0x0841, 0x0820, 0x1040, 0x1882, 0x0820, 0x0820, 0x0800,
  0x2820, 0x2860, 0x2861, 0x3880, 0x58E1, 0x6921, 0x7962, 0x8182, 0x89A2, 0x91E3, 0x9A24, 0xA264,
  0xAAA5, 0xB2E6, 0xB306, 0xBB68, 0xC3A9, 0xC3CA, 0xC3CA, 0xC3EA, 0xC3EA, 0xCBC9, 0xCBE9, 0xCBEA,
  0xCC0A, 0xCC2B, 0xD48D, 0xD4CE, 0xD4AE, 0xD4AD, 0xD4AD, 0xD4CE, 0xDD10, 0xD50F, 0xD4CE, 0xD48C,
  0xD4AD, 0xD50F, 0xD4CE, 0xD4CE, 0xD4CE, 0xD48D, 0xD4CE, 0xD4CE, 0xD4EF, 0xD48D, 0xCC6C, 0xCC6C,
  0xCC4C, 0xCC2B, 0xCC4C, 0xCC4C, 0xC42C, 0xCC4C, 0xC40A, 0xC3EA, 0xC3EA, 0xC3EB, 0xBBA9, 0xBB88,
  0xBB48, 0xBB68, 0xB389, 0xBB8A, 0xB369, 0xB369, 0xAAE7, 0xAB07, 0xAB28, 0xAB08, 0xAAE7, 0xA2A6,
  0xA2A6, 0xA286, 0x9A45, 0x9AA7, 0x9AC7, 0x9A86, 0x9246, 0x9225, 0x89E4, 0x81C3, 0x8205, 0x81E5,
  0x81C4, 0x81C4, 0x7982, 0x7963, 0x79A4, 0x79A4, 0x7162, 0x7183, 0x7183, 0x6942, 0x6942, 0x6922,
  0x6101, 0x6102, 0x6122, 0x6122, 0x6102, 0x6101, 0x6101, 0x58E1, 0x58C0, 0x4880, 0x50A0, 0x4880,
  0x48A0, 0x4880, 0x4080, 0x4080, 0x4060, 0x4060, 0x3860, 0x3840, 0x3040, 0x3020, 0x2820, 0x1800,
  0x2000, 0x1000, 0x0000, 0x0800, 0x0000, 0x1800, 0x2000, 0x0000, 0x0800, 0x0000, 0x1000, 0x1800,
  0x1000, 0x0000, 0x0000, 0x1000, 0x0800, 0x0000, 0x0800, 0x0000, 0x1800, 0x0000, 0x1000, 0x1000,
  0x0000, 0x0800, 0x1800, 0x0800, 0x1800, 0x1800, 0x2000, 0x2000, 0x2000, 0x2800, 0x3020, 0x3020,
  0x3840, 0x4060, 0x4860, 0x50A0, 0x58C0, 0x58C0, 0x60E0, 0x6900, 0x7121, 0x7961, 0x8182, 0x89E3,
  0x9203, 0x9A44, 0xA285, 0xAAC6, 0xB348, 0xBBCA, 0xC44C, 0xCC8D, 0xD510, 0xCCCD, 0xD4EE, 0xDD71,
  0xDD50, 0xD4EE, 0xDD50, 0xD4EE, 0xD4CD, 0xD52F, 0xD4CD, 0xD4EE, 0xD4AD, 0xD48C, 0xD48C, 0xDD72,
  0xCC8D, 0xBC2C, 0xC42C, 0xCC8D, 0xD4AE, 0xDCEF, 0xDCEE, 0xDCCE, 0xD48D, 0xD44C, 0xCBEB, 0xB38A,
  0xA2E8, 0x8267, 0x69E5, 0x4964, 0x3923, 0x3903, 0x4123, 0x4943, 0x4123, 0x3103, 0x30E3, 0x3103,
  0x30E2, 0x38E2, 0x4902, 0x5123, 0x3923, 0x20C2, 0x1882, 0x1082, 0x0841, 0x0820, 0x0000, 0x1000,
  0x3040, 0x4080, 0x4080, 0x1861, 0x1061, 0x0840, 0x1020, 0x18A2, 0x1082, 0x0820, 0x0820, 0x1820,
  0x2840, 0x2061, 0x1041, 0x0820, 0x1020, 0x1840, 0x3880, 0x48A0, 0x6901, 0x7942, 0x8182, 0x89A2,
  0x91C3, 0x9A44, 0xA285, 0xAAA5, 0xB2C6, 0xB2E6, 0xBB27, 0xBB68, 0xC388, 0xC388, 0xBB47, 0xC3A8,
  0xC3C9, 0xCBEA, 0xCC0A, 0xCC2B, 0xCC4B, 0xCC6C, 0xD48D, 0xCC4B, 0xD44C, 0xD48D, 0xD4CE, 0xD48D,
  0xD46C, 0xD44B, 0xD44B, 0xCC4B, 0xCC6C, 0xD4AE, 0xCC6C, 0xCC4B, 0xCC2B, 0xCC4B, 0xCC4C, 0xCC6D,
  0xCC4C, 0xCC2B, 0xCC0A, 0xC40B, 0xC42C, 0xC40B, 0xC3EA, 0xBBA9, 0xC3CA, 0xBBAA, 0xBB89, 0xBB89,
  0xB327, 0xB328, 0xB369, 0xB369, 0xB348, 0xAB07, 0xAAC6, 0xAAE7, 0xAB29, 0xAB29, 0xA2C7, 0xA2A6,
  0x9AA7, 0x9A65, 0x9A45, 0x9A65, 0x9286, 0x8A25, 0x8A04, 0x89E4, 0x89C3, 0x81C3, 0x81E5, 0x81C4,
  0x7983, 0x7983, 0x7162, 0x7163, 0x7183, 0x7183, 0x7162, 0x6942, 0x6942, 0x6922, 0x6922, 0x6101,
  0x6102, 0x6122, 0x5901, 0x5901, 0x5901, 0x50C1, 0x50C1, 0x50A0, 0x4880, 0x4880, 0x4060, 0x4060,
  0x4060, 0x3860, 0x3840, 0x3040, 0x3020, 0x3020, 0x2820, 0x2820, 0x1800, 0x0000, 0x1000, 0x0000,
  0x1000, 0x1000, 0x0000, 0x0800, 0x0000, 0x0800, 0x1800, 0x0800, 0x0000, 0x0000, 0x0800, 0x1800,
  0x1000, 0x0800, 0x0000, 0x0800, 0x1000, 0x0000, 0x0800, 0x0000, 0x1800, 0x0000, 0x1000, 0x1800,
  0x0000, 0x0000, 0x1800, 0x0800, 0x1800, 0x2000, 0x1800, 0x1800, 0x1800, 0x1800, 0x2000, 0x2000,
  0x2000, 0x2800, 0x3020, 0x3820, 0x4040, 0x4860, 0x5080, 0x58A0, 0x60E0, 0x6921, 0x7941, 0x8182,
  0x89C3, 0x9203, 0x9A44, 0xA285, 0xAAE6, 0xB368, 0xBBC9, 0xC40A, 0xCC8D, 0xCCAD, 0xCC8B, 0xD4EE,
  0xDD50, 0xDD50, 0xDD71, 0xDD2F, 0xDD2F, 0xDD2F, 0xD4CD, 0xDD50, 0xD50E, 0xD4CD, 0xD4AC, 0xDD71,
  0xA38A, 0xA36A, 0x9B29, 0x9308, 0x9309, 0xA349, 0x9B29, 0x9309, 0x92E8, 0x8288, 0x7247, 0x61E6,
  0x4964, 0x3924, 0x3924, 0x4964, 0x59A5, 0x61A5, 0x5164, 0x4124, 0x3103, 0x30E2, 0x4102, 0x4102,
  0x4102, 0x5943, 0x5964, 0x4164, 0x28E3, 0x20A2, 0x1882, 0x0841, 0x0800, 0x0000, 0x0800, 0x2840,
  0x4880, 0x48A0, 0x3081, 0x1882, 0x1061, 0x1020, 0x1882, 0x18A2, 0x0820, 0x0820, 0x1020, 0x2840,
  0x2040, 0x1061, 0x1041, 0x0820, 0x0820, 0x0000, 0x0800, 0x0800, 0x2020, 0x3080, 0x4080, 0x58E1,
  0x6921, 0x7962, 0x81A3, 0x9203, 0x9A44, 0xA265, 0xA265, 0xA285, 0xAAA5, 0xAAC6, 0xB307, 0xB2E6,
  0xBB27, 0xBB68, 0xC388, 0xC388, 0xC3A9, 0xC3C9, 0xC3EA, 0xC3EA, 0xCBEA, 0xCC0A, 0xCC0A, 0xCC2B,
  0xCC2B, 0xCC2B, 0xCC0A, 0xCC2B, 0xCC4B, 0xCC2B, 0xCC4C, 0xCC2B, 0xC3EA, 0xCBE9, 0xC3EA, 0xC3EA,
  0xC40B, 0xC3EA, 0xC3A9, 0xC3CA, 0xC40C, 0xC40B, 0xBBCA, 0xBB89, 0xBBAA, 0xBB89, 0xBB89, 0xB369,
  0xB327, 0xB307, 0xB369, 0xB369, 0xAB08, 0xAAE7, 0xA2A6, 0xA2C6, 0xA2E8, 0x9AA7, 0x9AA6, 0x9A45,
  0x9A65, 0x9245, 0x9204, 0x9225, 0x8A25, 0x8A04, 0x89E4, 0x81C3, 0x81A3, 0x79A3, 0x79A4, 0x7983,
  0x7983, 0x7162, 0x7121, 0x7163, 0x7183, 0x6963, 0x6922, 0x6942, 0x6942, 0x6122, 0x6101, 0x58E1,
  0x5901, 0x58E1, 0x58E1, 0x50C1, 0x50A0, 0x50A0, 0x4880, 0x4060, 0x4060, 0x3860, 0x3840, 0x3840,
  0x3020, 0x3020, 0x2820, 0x1800, 0x1000, 0x1800, 0x0800, 0x1000, 0x1000, 0x0000, 0x0800, 0x0000,
  0x1000, 0x1800, 0x0000, 0x0000, 0x0000, 0x0800, 0x1800, 0x0800, 0x0000, 0x0000, 0x0000, 0x1800,
  0x1000, 0x1000, 0x0000, 0x0000, 0x1000, 0x0000, 0x0820, 0x0000, 0x1000, 0x0800, 0x1000, 0x1800,
  0x0800, 0x0000, 0x1000, 0x0800, 0x1800, 0x2000, 0x2000, 0x2000, 0x2000, 0x2000, 0x2000, 0x2000,
  0x1800, 0x2000, 0x2000, 0x2800, 0x2800, 0x3000, 0x3820, 0x4040, 0x5080, 0x58C0, 0x68E0, 0x7121,
  0x7962, 0x81A2, 0x91E3, 0x9203, 0xA264, 0xAAE6, 0xB347, 0xBB88, 0xC3E9, 0xCC4B, 0xCC8C, 0xD4AC,
  0xDD2F, 0xDDB2, 0xDD92, 0xDD91, 0xDD50, 0xDD70, 0xDCED, 0xDD2F, 0xDD0E, 0xDCEE, 0xD4CD, 0xD4EE,
  0x6248, 0x7288, 0x7AA8, 0x7A88, 0x7268, 0x6A27, 0x49A5, 0x51A5, 0x59C6, 0x51A5, 0x51A5, 0x5164,
  0x4964, 0x4144, 0x4144, 0x51A5, 0x51A5, 0x4164, 0x3944, 0x4123, 0x5143, 0x5943, 0x5943, 0x5143,
  0x6184, 0x5984, 0x4165, 0x3104, 0x28E3, 0x18A2, 0x0841, 0x0800, 0x0800, 0x0800, 0x2040, 0x48A0,
  0x58C1, 0x40A1, 0x20A2, 0x18A2, 0x1040, 0x18A2, 0x20C3, 0x0841, 0x0000, 0x0820, 0x2020, 0x3860,
  0x2082, 0x1061, 0x0841, 0x0020, 0x0000, 0x0000, 0x0800, 0x0800, 0x1820, 0x0020, 0x0000, 0x1861,
  0x1840, 0x3880, 0x48A1, 0x58E1, 0x7162, 0x81A3, 0x89E3, 0x9203, 0x9224, 0x9A44, 0xA244, 0xA265,
  0xA285, 0xAAA5, 0xB2E6, 0xB307, 0xBB27, 0xBB47, 0xBB47, 0xBB67, 0xC388, 0xC388, 0xC3C9, 0xC3A9,
  0xC3C9, 0xC3CA, 0xC3EA, 0xC3EA, 0xC3C9, 0xC3C9, 0xC3A9, 0xC3C9, 0xC3C9, 0xC388, 0xC388, 0xC3A9,
  0xBB88, 0xBB89, 0xBB88, 0xBB68, 0xBB89, 0xBB89, 0xBB89, 0xBB89, 0xB369, 0xB348, 0xB369, 0xAB28,
  0xAAE7, 0xAAA6, 0xAB07, 0xAB28, 0xAAE7, 0xA2C7, 0xA2A6, 0x9A65, 0x9AA6, 0x9AA6, 0x9245, 0x9204,
  0x8A04, 0x8A04, 0x89E3, 0x81E4, 0x81E4, 0x81C4, 0x81A3, 0x7983, 0x7962, 0x7983, 0x7162, 0x7163,
  0x7142, 0x7142, 0x6922, 0x6942, 0x6122, 0x6122, 0x6101, 0x6101, 0x5901, 0x58E1, 0x58C1, 0x50C1,
  0x50C1, 0x48A0, 0x48A0, 0x4880, 0x4060, 0x4060, 0x3840, 0x3840, 0x3840, 0x3040, 0x2820, 0x2020,
  0x1800, 0x0800, 0x0800, 0x0800, 0x0000, 0x0800, 0x0000, 0x1000, 0x1800, 0x0000, 0x0000, 0x0800,
  0x0800, 0x1800, 0x0000, 0x0000, 0x0000, 0x0000, 0x1800, 0x1000, 0x0000, 0x0000, 0x0000, 0x1000,
  0x1800, 0x1800, 0x0800, 0x0000, 0x0800, 0x0000, 0x0820, 0x0000, 0x0800, 0x1000, 0x0800, 0x1800,
  0x0800, 0x0000, 0x1000, 0x1000, 0x1000, 0x2020, 0x2020, 0x2000, 0x2000, 0x2000, 0x2000, 0x2000,
  0x2000, 0x2000, 0x2000, 0x2000, 0x2800, 0x2800, 0x2800, 0x2800, 0x3000, 0x4040, 0x5080, 0x60C0,
  0x6901, 0x7941, 0x8181, 0x89C2, 0x9203, 0xA264, 0xAAC5, 0xB347, 0xC3C9, 0xC42A, 0xCC8C, 0xCC8C,
  0xD4CD, 0xDD92, 0xDDB2, 0xE614, 0xE635, 0xDD91, 0xDD2E, 0xDD4F, 0xDD2E, 0xDD2F, 0xDD0E, 0xDD30,
  0x6A68, 0x5207, 0x51E7, 0x49C6, 0x5A07, 0x59E6, 0x51C6, 0x59E6, 0x61E6, 0x61E6, 0x61E6, 0x61C6,
  0x5185, 0x4164, 0x4144, 0x4144, 0x4143, 0x4943, 0x6183, 0x79A4, 0x79C4, 0x6184, 0x61C5, 0x61E6,
  0x49A6, 0x4164, 0x3944, 0x3104, 0x18A2, 0x0840, 0x0820, 0x1020, 0x1020, 0x2840, 0x50C1, 0x6101,
  0x58E1, 0x28C2, 0x20C3, 0x1861, 0x18A2, 0x2104, 0x1061, 0x0000, 0x0800, 0x1020, 0x3860, 0x3881,
  0x20C3, 0x1041, 0x0840, 0x0000, 0x0000, 0x0000, 0x0000, 0x1820, 0x1840, 0x0000, 0x0000, 0x18A2,
  0x0000, 0x0800, 0x1020, 0x1020, 0x1861, 0x2860, 0x48A1, 0x6901, 0x7962, 0x8182, 0x89C3, 0x89C3,
  0x9203, 0x9A24, 0x9A24, 0x9A44, 0xA285, 0xB2E6, 0xAAE6, 0xAAA5, 0xAAC6, 0xB2E6, 0xB307, 0xBB47,
  0xBB47, 0xBB47, 0xBB68, 0xBB88, 0xBB68, 0xBB48, 0xBB48, 0xBB68, 0xBB68, 0xB347, 0xBB48, 0xBB48,
  0xB327, 0xBB47, 0xB307, 0xB307, 0xB327, 0xB306, 0xB327, 0xB327, 0xB327, 0xAB07, 0xAB07, 0xAAE7,
  0xA2C6, 0xA265, 0xA2A6, 0xA2A6, 0x9A86, 0x9AA6, 0x9A65, 0x9224, 0x9A65, 0x9245, 0x9224, 0x89E4,
  0x89E4, 0x89E4, 0x81C3, 0x81C3, 0x79A3, 0x79A3, 0x7983, 0x7982, 0x7142, 0x6942, 0x6942, 0x6942,
  0x6922, 0x6101, 0x6122, 0x6101, 0x58E1, 0x58E1, 0x58E1, 0x58C1, 0x50C0, 0x50A0, 0x4880, 0x4880,
  0x4080, 0x4060, 0x4060, 0x3840, 0x3840, 0x3040, 0x2820, 0x2020, 0x2000, 0x1000, 0x0000, 0x0000,
  0x0000, 0x0000, 0x0000, 0x0800, 0x0000, 0x0000, 0x0000, 0x0800, 0x1800, 0x0000, 0x0000, 0x0800,
  0x0000, 0x2000, 0x0800, 0x0000, 0x0000, 0x0000, 0x1800, 0x1800, 0x0000, 0x0000, 0x0800, 0x0800,
  0x1800, 0x1800, 0x1800, 0x0000, 0x0000, 0x0800, 0x0820, 0x0820, 0x0800, 0x1820, 0x0000, 0x1820,
  0x1000, 0x0800, 0x0800, 0x1800, 0x1000, 0x2020, 0x2020, 0x2020, 0x2000, 0x2000, 0x2000, 0x2000,
  0x2000, 0x2000, 0x2800, 0x2800, 0x2800, 0x2800, 0x2800, 0x2800, 0x2800, 0x3000, 0x3800, 0x4040,
  0x5080, 0x60C0, 0x68E0, 0x7941, 0x89A2, 0x91E2, 0xA244, 0xAAC5, 0xB346, 0xC3C8, 0xCC2A, 0xCC6B,
  0xD550, 0xDDB2, 0xDD91, 0xDD70, 0xE634, 0xE634, 0xE5B1, 0xDD4F, 0xDD70, 0xDD90, 0xDD2E, 0xDD91,
  0xBC0C, 0xABCB, 0x9B4A, 0x82C8, 0x7A87, 0x6A47, 0x6A27, 0x6206, 0x59E6, 0x59C5, 0x51A5, 0x5185,
  0x5184, 0x61A4, 0x69C5, 0x79E5, 0x8A05, 0x9245, 0x9225, 0x79E5, 0x59A5, 0x5A07, 0x5A28, 0x4186,
  0x4144, 0x3944, 0x2904, 0x1882, 0x0840, 0x1020, 0x1840, 0x1861, 0x2881, 0x5902, 0x7142, 0x6942,
  0x38E2, 0x28E3, 0x20A2, 0x18A2, 0x2924, 0x18A2, 0x0820, 0x0820, 0x1040, 0x2860, 0x48A1, 0x28A1,
  0x18C3, 0x1041, 0x0820, 0x0000, 0x0000, 0x0800, 0x0800, 0x2040, 0x0820, 0x0000, 0x0020, 0x10A2,
  0x0000, 0x0800, 0x2020, 0x0820, 0x1082, 0x0020, 0x0020, 0x1061, 0x2040, 0x40A1, 0x58E1, 0x6921,
  0x7142, 0x7962, 0x7982, 0x89A3, 0x89C3, 0x9203, 0x9204, 0xA265, 0xA244, 0xA264, 0xA285, 0xA285,
  0xAAA5, 0xAAA5, 0xAAC5, 0xAAC6, 0xAAC6, 0xAAE6, 0xAAC5, 0xAAE6, 0xB2E6, 0xAAE6, 0xB2E6, 0xAAE6,
  0xB307, 0xAAC6, 0xAAA6, 0xAAC6, 0xAAC6, 0xAAC6, 0xAAC6, 0xA2C6, 0xA2A6, 0xA2C6, 0xA285, 0x9A65,
  0x9A65, 0x9A24, 0x9245, 0x9245, 0x9245, 0x9245, 0x9204, 0x89E3, 0x89E4, 0x81E4, 0x81E4, 0x81C3,
  0x81C3, 0x79A3, 0x7983, 0x7162, 0x7162, 0x7163, 0x7163, 0x6942, 0x6942, 0x6121, 0x6101, 0x6101,
  0x58E1, 0x58E1, 0x58E1, 0x50C1, 0x50C1, 0x50C1, 0x48A0, 0x48A0, 0x4880, 0x4060, 0x4060, 0x3860,
  0x3840, 0x3020, 0x2820, 0x2020, 0x1000, 0x0800, 0x1800, 0x0000, 0x2000, 0x1000, 0x0000, 0x0000,
  0x0000, 0x0000, 0x0000, 0x1800, 0x0000, 0x0000, 0x0000, 0x0800, 0x2000, 0x0000, 0x0000, 0x0800,
  0x0000, 0x1800, 0x1000, 0x0000, 0x0000, 0x0000, 0x1000, 0x1800, 0x0800, 0x0000, 0x0800, 0x0000,
  0x1800, 0x1800, 0x2020, 0x0800, 0x0000, 0x0000, 0x0000, 0x1041, 0x0000, 0x1820, 0x0000, 0x1800,
  0x1820, 0x0800, 0x0800, 0x1800, 0x0800, 0x2020, 0x2020, 0x2020, 0x2000, 0x2000, 0x2000, 0x2000,
  0x2000, 0x2820, 0x2820, 0x2820, 0x2820, 0x2800, 0x2820, 0x3000, 0x3000, 0x3020, 0x3020, 0x3000,
  0x3820, 0x4020, 0x5060, 0x60A0, 0x7100, 0x8161, 0x91C2, 0xA244, 0xB2C5, 0xBB46, 0xC3A8, 0xCC4A,
  0xD4AC, 0xDD4F, 0xDD91, 0xDD91, 0xE590, 0xE5D2, 0xE5D2, 0xE56F, 0xE590, 0xE5B2, 0xE54F, 0xDD70,
  0xD4CE, 0xCC8D, 0xCC4C, 0xBBEB, 0xBBCB, 0xB38A, 0xAB69, 0xA329, 0x9AC7, 0x92A7, 0x9286, 0x9266,
  0x9A86, 0xA286, 0xA2A6, 0xAAC7, 0xA2C7, 0x9267, 0x6A06, 0x49C6, 0x41C7, 0x41C7, 0x3944, 0x3924,
  0x3124, 0x20C3, 0x1061, 0x1040, 0x2061, 0x30A1, 0x2081, 0x30A1, 0x6122, 0x7962, 0x7983, 0x4902,
  0x2904, 0x3103, 0x28A2, 0x2924, 0x2104, 0x0820, 0x1040, 0x2061, 0x2061, 0x48C1, 0x48C1, 0x20E3,
  0x1061, 0x1061, 0x0020, 0x0000, 0x0800, 0x0800, 0x1020, 0x1861, 0x0000, 0x0000, 0x1061, 0x0861,
  0x0000, 0x1000, 0x2820, 0x0841, 0x10A2, 0x0000, 0x0020, 0x0861, 0x0000, 0x0000, 0x0800, 0x1020,
  0x2860, 0x4080, 0x50C1, 0x6901, 0x7121, 0x7141, 0x7982, 0x81C3, 0x89E3, 0x89E3, 0x91E3, 0x91E3,
  0x91E3, 0x9203, 0x9224, 0x9224, 0x9A24, 0x9A44, 0x9A24, 0x9A24, 0x9A23, 0x9A44, 0x9A64, 0x9A44,
  0xA265, 0x9A65, 0x9A65, 0x9A44, 0x9A65, 0x9A65, 0x9A24, 0x9A24, 0x9A44, 0x9224, 0x9224, 0x9204,
  0x9203, 0x89C3, 0x89E3, 0x89E3, 0x89E3, 0x89E3, 0x81C3, 0x79A2, 0x79A3, 0x79A3, 0x7983, 0x7982,
  0x7162, 0x7162, 0x6942, 0x6942, 0x6101, 0x6922, 0x6122, 0x6101, 0x6101, 0x58E1, 0x58E1, 0x50E1,
  0x50C1, 0x50C1, 0x48A0, 0x4880, 0x4880, 0x4080, 0x4060, 0x3860, 0x3840, 0x3040, 0x2820, 0x2820,
  0x1800, 0x1000, 0x0800, 0x0000, 0x0000, 0x0000, 0x1000, 0x0000, 0x1800, 0x1800, 0x0000, 0x0000,
  0x0000, 0x0000, 0x0000, 0x1800, 0x0000, 0x0000, 0x0000, 0x0000, 0x2000, 0x0800, 0x0000, 0x0000,
  0x0000, 0x1800, 0x1800, 0x0000, 0x0000, 0x0000, 0x1000, 0x1800, 0x1000, 0x0000, 0x0800, 0x0000,
  0x1800, 0x1800, 0x2020, 0x1820, 0x0000, 0x0000, 0x0000, 0x1041, 0x0000, 0x1820, 0x1000, 0x0800,
  0x2020, 0x1020, 0x0000, 0x1800, 0x0800, 0x1800, 0x2020, 0x2020, 0x2020, 0x2000, 0x2000, 0x2000,
  0x2820, 0x2820, 0x2840, 0x2820, 0x2820, 0x2820, 0x3020, 0x3020, 0x3040, 0x3040, 0x3840, 0x3820,
  0x3820, 0x3820, 0x4020, 0x4840, 0x5880, 0x68E0, 0x8141, 0x91C2, 0xA243, 0xB2C5, 0xBB46, 0xC3C8,
  0xCC4A, 0xD4CD, 0xDD0E, 0xE5B1, 0xE5B1, 0xE5D2, 0xE5B1, 0xE5F3, 0xE5B1, 0xE614, 0xE5B1, 0xE570,
  0xE591, 0xE571, 0xDD50, 0xD4EE, 0xD4AD, 0xCC6C, 0xCC2C, 0xCC2B, 0xCBEA, 0xC3CA, 0xC3A9, 0xC389,
  0xC389, 0xBB68, 0xBB49, 0xA2E8, 0x7A67, 0x6228, 0x5228, 0x49E7, 0x3145, 0x28E3, 0x3104, 0x2904,
  0x18C2, 0x1061, 0x1861, 0x40E2, 0x4903, 0x30C2, 0x38C2, 0x7163, 0x81A3, 0x81A3, 0x5943, 0x3145,
  0x3124, 0x30C2, 0x3124, 0x2924, 0x1041, 0x1040, 0x30A1, 0x2081, 0x38C1, 0x6102, 0x38E2, 0x2925,
  0x1061, 0x0841, 0x0000, 0x0000, 0x0820, 0x0820, 0x1861, 0x0841, 0x0000, 0x0000, 0x18E3, 0x0000,
  0x0800, 0x2840, 0x2040, 0x18A2, 0x0861, 0x0020, 0x0841, 0x0861, 0x0000, 0x0820, 0x0000, 0x0000,
  0x0841, 0x0000, 0x0000, 0x3040, 0x2040, 0x3060, 0x40A0, 0x50E1, 0x6101, 0x6921, 0x6921, 0x7162,
  0x7162, 0x7962, 0x7962, 0x7962, 0x7982, 0x7982, 0x7982, 0x81A2, 0x81A2, 0x81A2, 0x81C3, 0x81C3,
  0x89C3, 0x89C3, 0x81C3, 0x89C3, 0x89E3, 0x89E3, 0x89C3, 0x81C3, 0x81A3, 0x81A2, 0x81A3, 0x81C3,
  0x7982, 0x7962, 0x7982, 0x7982, 0x7983, 0x7162, 0x7162, 0x6921, 0x6942, 0x6942, 0x6941, 0x6921,
  0x6121, 0x6122, 0x6101, 0x6101, 0x58E1, 0x5901, 0x58E1, 0x50C1, 0x50C1, 0x48A0, 0x48A0, 0x4880,
  0x4080, 0x4080, 0x3860, 0x3840, 0x3040, 0x3020, 0x2020, 0x1820, 0x1000, 0x2000, 0x0000, 0x2000,
  0x1800, 0x0000, 0x0000, 0x0000, 0x0000, 0x0000, 0x0800, 0x0000, 0x1800, 0x2000, 0x0800, 0x0000,
  0x0000, 0x0000, 0x0000, 0x1800, 0x0800, 0x0000, 0x0000, 0x0000, 0x1800, 0x1800, 0x0000, 0x0000,
  0x0000, 0x1000, 0x2000, 0x0800, 0x0000, 0x0000, 0x0800, 0x1800, 0x1800, 0x0000, 0x0000, 0x0800,
  0x0800, 0x2020, 0x2020, 0x2020, 0x1000, 0x0000, 0x0020, 0x1020, 0x0000, 0x1000, 0x1820, 0x0800,
  0x2020, 0x1820, 0x0000, 0x0800, 0x1000, 0x1800, 0x2020, 0x2020, 0x2020, 0x2020, 0x2020, 0x2820,
  0x2820, 0x2840, 0x2820, 0x2820, 0x2820, 0x2820, 0x3040, 0x3881, 0x4081, 0x3861, 0x3840, 0x3860,
  0x4060, 0x4020, 0x4020, 0x4040, 0x4840, 0x5860, 0x68C0, 0x8141, 0x91C2, 0xA243, 0xB2E5, 0xBB66,
  0xCBE8, 0xD46B, 0xDD2E, 0xDD2E, 0xE5B1, 0xEE97, 0xEE76, 0xE5F2, 0xE5B1, 0xEE34, 0xE5D2, 0xE5B2,
  0xC4AF, 0xDD71, 0xEDB2, 0xE591, 0xE550, 0xDD0F, 0xDCCE, 0xDCAD, 0xD48C, 0xD44C, 0xCC2B, 0xCBEA,
  0xC3AA, 0xAB29, 0x82A8, 0x6227, 0x51C6, 0x51C7, 0x4185, 0x28E3, 0x20A2, 0x20C2, 0x20E3, 0x18A2,
  0x1881, 0x30C2, 0x6143, 0x6163, 0x38E2, 0x5122, 0x79A3, 0x89E4, 0x89E4, 0x6984, 0x3145, 0x3166,
  0x30E2, 0x3104, 0x2924, 0x1061, 0x1040, 0x40E2, 0x30C2, 0x38C2, 0x6122, 0x6122, 0x3145, 0x18C3,
  0x1041, 0x0000, 0x0000, 0x1020, 0x0820, 0x1840, 0x20A2, 0x0020, 0x0000, 0x0841, 0x18E3, 0x0000,
  0x2040, 0x3860, 0x1861, 0x18E3, 0x0841, 0x0020, 0x1082, 0x0020, 0x0000, 0x0020, 0x0000, 0x0000,
  0x0841, 0x0000, 0x0000, 0x2020, 0x0020, 0x0841, 0x0000, 0x0841, 0x2040, 0x1840, 0x2060, 0x3060,
  0x3880, 0x40A0, 0x50C1, 0x50E1, 0x5901, 0x58E1, 0x58E1, 0x6101, 0x6101, 0x6101, 0x6101, 0x6921,
  0x6921, 0x6942, 0x7142, 0x7142, 0x7142, 0x7142, 0x7142, 0x6942, 0x6922, 0x6921, 0x6941, 0x6921,
  0x6921, 0x6901, 0x6901, 0x6921, 0x6121, 0x6101, 0x6101, 0x58E1, 0x58E1, 0x58E1, 0x58E1, 0x58E1,
  0x58E1, 0x50E1, 0x50C1, 0x50C1, 0x48C1, 0x48C1, 0x48A0, 0x4880, 0x4060, 0x3860, 0x3040, 0x3040,
  0x3040, 0x2820, 0x1000, 0x1000, 0x1000, 0x0000, 0x0000, 0x0000, 0x0000, 0x1800, 0x0000, 0x2000,
  0x1800, 0x0000, 0x0000, 0x0000, 0x0000, 0x0000, 0x0800, 0x0000, 0x1000, 0x2000, 0x1000, 0x0000,
  0x0000, 0x0000, 0x0000, 0x0800, 0x1800, 0x0000, 0x0000, 0x0000, 0x1800, 0x1800, 0x0000, 0x0000,
  0x0000, 0x0800, 0x2000, 0x1800, 0x0000, 0x0000, 0x0000, 0x2000, 0x1800, 0x1000, 0x0000, 0x1000,
  0x0000, 0x1800, 0x2020, 0x2040, 0x2020, 0x0800, 0x0000, 0x0020, 0x0000, 0x0000, 0x2040, 0x1020,
  0x1020, 0x2040, 0x0800, 0x0000, 0x1000, 0x1000, 0x2020, 0x2040, 0x2020, 0x2820, 0x2820, 0x2820,
  0x2820, 0x2820, 0x2820, 0x2800, 0x2820, 0x3061, 0x40C2, 0x3881, 0x3860, 0x3861, 0x4081, 0x4060,
  0x3840, 0x4020, 0x4040, 0x4881, 0x4860, 0x4820, 0x5040, 0x68A0, 0x8121, 0x91C2, 0xAA64, 0xB305,
  0xC387, 0xCC09, 0xD4AC, 0xDCED, 0xDD6F, 0xE635, 0xEED8, 0xEE55, 0xE5D1, 0xE5F2, 0xE5D2, 0xE5D2,
  0x7AC8, 0x7288, 0x8B2A, 0xA3AB, 0xB42D, 0xC44D, 0xBC0C, 0xB3CB, 0xB3AB, 0xAB6A, 0xA329, 0x8AA8,
  0x7247, 0x51A5, 0x4185, 0x4165, 0x3944, 0x2904, 0x28E3, 0x28C2, 0x28C2, 0x18A2, 0x18A2, 0x28C2,
  0x5963, 0x71C4, 0x6184, 0x4902, 0x6163, 0x89E4, 0x9204, 0x91E4, 0x6984, 0x3985, 0x31A6, 0x2903,
  0x3103, 0x2904, 0x1061, 0x1040, 0x48E2, 0x4902, 0x30C2, 0x5922, 0x6922, 0x4923, 0x39C7, 0x0841,
  0x0840, 0x0820, 0x0820, 0x1840, 0x1840, 0x38A1, 0x1882, 0x0000, 0x0000, 0x18C3, 0x0861, 0x1020,
  0x3880, 0x3881, 0x1882, 0x10A3, 0x0020, 0x0820, 0x18C3, 0x0000, 0x0820, 0x0000, 0x0000, 0x0820,
  0x0861, 0x0000, 0x0000, 0x2020, 0x0020, 0x0861, 0x0000, 0x0841, 0x1840, 0x0820, 0x0000, 0x0820,
  0x0840, 0x0000, 0x1061, 0x0000, 0x0800, 0x1840, 0x1820, 0x2860, 0x2840, 0x2860, 0x2860, 0x3060,
  0x3880, 0x48A0, 0x48A0, 0x50C1, 0x50C0, 0x50C0, 0x50C1, 0x50C1, 0x50C1, 0x50C1, 0x50C1, 0x50C0,
  0x50A0, 0x48A0, 0x50A0, 0x48A0, 0x48A0, 0x48A0, 0x48A0, 0x48A0, 0x48A0, 0x4080, 0x4080, 0x4080,
  0x4080, 0x4080, 0x4060, 0x3860, 0x3860, 0x3040, 0x3040, 0x2020, 0x1000, 0x1000, 0x0800, 0x0000,
  0x0800, 0x2840, 0x0000, 0x0800, 0x1800, 0x0000, 0x0000, 0x0000, 0x0000, 0x1000, 0x0000, 0x2000,
  0x2000, 0x0000, 0x0000, 0x0000, 0x0000, 0x0000, 0x0000, 0x0000, 0x1000, 0x2000, 0x1800, 0x0000,
  0x0000, 0x0000, 0x0000, 0x0000, 0x2020, 0x0800, 0x0020, 0x0000, 0x1800, 0x2000, 0x1000, 0x0000,
  0x0020, 0x0000, 0x1800, 0x2000, 0x0800, 0x0020, 0x0000, 0x1800, 0x1800, 0x1820, 0x0000, 0x0800,
  0x0800, 0x0800, 0x2840, 0x2840, 0x2020, 0x2040, 0x0000, 0x0041, 0x0020, 0x0000, 0x1820, 0x2040,
  0x0800, 0x1820, 0x2020, 0x0820, 0x0800, 0x0800, 0x2020, 0x2840, 0x2820, 0x2820, 0x2820, 0x2840,
  0x2820, 0x2820, 0x2820, 0x2820, 0x3061, 0x38A2, 0x3861, 0x3840, 0x3840, 0x4081, 0x4061, 0x3820,
  0x3820, 0x3840, 0x4061, 0x50A2, 0x48A1, 0x4860, 0x4820, 0x5040, 0x6080, 0x7921, 0x91C2, 0xAA84,
  0xBB26, 0xC3C8, 0xD44A, 0xDCED, 0xDCED, 0xE590, 0xEE34, 0xEE55, 0xE5D1, 0xE5F2, 0xEE13, 0xE5D2,
  0xDD50, 0xBC4D, 0x934A, 0x6A67, 0x51C5, 0x49C5, 0x49A5, 0x3964, 0x3964, 0x3944, 0x3144, 0x3144,
  0x3145, 0x3165, 0x3144, 0x20E3, 0x20C2, 0x4144, 0x61C5, 0x5184, 0x2903, 0x28C2, 0x5163, 0x79E5,
  0x79E5, 0x5143, 0x5143, 0x79C4, 0x9224, 0x9A45, 0x9A45, 0x71C4, 0x3986, 0x39E8, 0x2903, 0x30E3,
  0x20E3, 0x1061, 0x1041, 0x40C2, 0x6143, 0x30C2, 0x5102, 0x6942, 0x6922, 0x3165, 0x2104, 0x0840,
  0x0820, 0x0820, 0x2061, 0x1861, 0x40C1, 0x38C2, 0x0841, 0x0000, 0x0000, 0x2124, 0x0800, 0x2860,
  0x50C1, 0x2881, 0x18C3, 0x18C3, 0x0000, 0x1061, 0x10A2, 0x0800, 0x0020, 0x0000, 0x0000, 0x1082,
  0x0820, 0x0000, 0x0000, 0x2040, 0x0841, 0x1082, 0x0000, 0x0861, 0x1861, 0x0841, 0x0000, 0x0820,
  0x0841, 0x0020, 0x1082, 0x0000, 0x0000, 0x0841, 0x0000, 0x1820, 0x0820, 0x0841, 0x0000, 0x0020,
  0x0000, 0x1840, 0x0820, 0x2040, 0x0800, 0x1820, 0x3060, 0x2060, 0x1840, 0x2040, 0x2040, 0x2040,
  0x2040, 0x3060, 0x3060, 0x3040, 0x2840, 0x3040, 0x2840, 0x2020, 0x2040, 0x1820, 0x2020, 0x1820,
  0x1020, 0x0800, 0x1820, 0x0800, 0x2020, 0x0000, 0x1820, 0x0000, 0x0000, 0x0000, 0x0000, 0x0000,
  0x0800, 0x2820, 0x0000, 0x0800, 0x1800, 0x0000, 0x0000, 0x0000, 0x0020, 0x1000, 0x0000, 0x2000,
  0x2000, 0x0000, 0x0000, 0x0000, 0x0020, 0x0000, 0x0000, 0x0000, 0x0800, 0x2820, 0x2000, 0x0000,
  0x0020, 0x0020, 0x0000, 0x0000, 0x1800, 0x1000, 0x0000, 0x0000, 0x1000, 0x2000, 0x1800, 0x0000,
  0x0020, 0x0000, 0x1800, 0x2020, 0x1800, 0x0020, 0x0020, 0x1000, 0x2020, 0x2020, 0x0800, 0x0000,
  0x1820, 0x0000, 0x1820, 0x2840, 0x2840, 0x2860, 0x2040, 0x0000, 0x0862, 0x0020, 0x0800, 0x2040,
  0x1840, 0x1000, 0x2040, 0x1820, 0x0800, 0x0800, 0x1820, 0x2840, 0x2820, 0x2820, 0x2840, 0x2820,
  0x3040, 0x3040, 0x2800, 0x3040, 0x3061, 0x3040, 0x3020, 0x3020, 0x3820, 0x3840, 0x3820, 0x3820,
  0x3820, 0x4040, 0x48A2, 0x48A2, 0x4860, 0x4840, 0x4860, 0x5060, 0x5020, 0x6080, 0x8120, 0x99E2,
  0xB2C4, 0xC366, 0xCC08, 0xD48B, 0xDCEC, 0xDD0D, 0xE56F, 0xE5F2, 0xE5F2, 0xE5F2, 0xEE55, 0xE5D1,
  0xAC2D, 0xC48E, 0xD4CF, 0xD4AE, 0xBC0C, 0xA36A, 0x8AA8, 0x7247, 0x5A07, 0x41A6, 0x3965, 0x3165,
  0x2945, 0x2924, 0x28E3, 0x3103, 0x5184, 0x6A06, 0x51A5, 0x3103, 0x4943, 0x7A05, 0x8A46, 0x61A4,
  0x5143, 0x71C4, 0x9A45, 0xA285, 0xA265, 0xA286, 0x71E5, 0x39A6, 0x4208, 0x3144, 0x3103, 0x20C3,
  0x1082, 0x1861, 0x38C1, 0x6143, 0x40E2, 0x4902, 0x6942, 0x7183, 0x4103, 0x31C8, 0x0841, 0x0820,
  0x0820, 0x1040, 0x2881, 0x2881, 0x6122, 0x20A2, 0x0800, 0x0000, 0x10A2, 0x18C3, 0x1020, 0x48C1,
  0x50E1, 0x1882, 0x1904, 0x0862, 0x0000, 0x18E3, 0x0841, 0x1020, 0x0000, 0x0000, 0x0820, 0x1082,
  0x0800, 0x0000, 0x0800, 0x1841, 0x10A2, 0x0861, 0x0000, 0x0841, 0x1861, 0x0841, 0x0000, 0x0841,
  0x0861, 0x0000, 0x18C3, 0x0000, 0x0000, 0x0841, 0x0000, 0x2020, 0x1020, 0x1061, 0x0000, 0x0020,
  0x0000, 0x1820, 0x0820, 0x1040, 0x0000, 0x1820, 0x2840, 0x1061, 0x0000, 0x0841, 0x0000, 0x0000,
  0x0800, 0x2040, 0x2040, 0x2020, 0x0000, 0x1820, 0x1020, 0x0000, 0x0020, 0x0000, 0x0020, 0x0000,
  0x0000, 0x0020, 0x1000, 0x0800, 0x1820, 0x0000, 0x1820, 0x0000, 0x0000, 0x0000, 0x0000, 0x0000,
  0x0000, 0x2820, 0x0000, 0x0800, 0x2000, 0x0000, 0x0000, 0x0000, 0x0020, 0x0800, 0x0000, 0x1800,
  0x2800, 0x0800, 0x0020, 0x0000, 0x0000, 0x0000, 0x0000, 0x0020, 0x0800, 0x2800, 0x2800, 0x0820,
  0x0000, 0x0820, 0x0000, 0x0000, 0x0820, 0x2000, 0x0800, 0x0841, 0x0800, 0x2000, 0x2000, 0x0800,
  0x0020, 0x0020, 0x1000, 0x2820, 0x2020, 0x0820, 0x1061, 0x0000, 0x2020, 0x2020, 0x1820, 0x0000,
  0x1000, 0x1000, 0x0800, 0x2840, 0x2840, 0x3081, 0x3060, 0x1820, 0x0020, 0x0841, 0x0000, 0x0800,
  0x2040, 0x1820, 0x1820, 0x2840, 0x1820, 0x0800, 0x0800, 0x2820, 0x2820, 0x2820, 0x2820, 0x2840,
  0x2840, 0x2800, 0x2800, 0x2800, 0x2800, 0x3000, 0x3000, 0x3000, 0x3000, 0x3000, 0x3800, 0x3800,
  0x3800, 0x4060, 0x4081, 0x4040, 0x4040, 0x4840, 0x4860, 0x5060, 0x5060, 0x5860, 0x68A0, 0x8941,
  0xAA43, 0xBB05, 0xCBC8, 0xD44A, 0xDD0E, 0xE590, 0xDD2D, 0xE5B0, 0xF6F9, 0xEE96, 0xEE96, 0xEE96,
  0x72C9, 0x6248, 0x5A47, 0x6268, 0x6248, 0x6268, 0x6227, 0x5A07, 0x49C6, 0x4185, 0x3965, 0x4165,
  0x4964, 0x4165, 0x4165, 0x4985, 0x49A6, 0x4144, 0x5184, 0x71E5, 0x7A06, 0x61C5, 0x61A4, 0x7A05,
  0x9A86, 0xAAC6, 0xAAE7, 0xAAE7, 0xA2C7, 0x69E5, 0x41E7, 0x4209, 0x3144, 0x3103, 0x18C3, 0x1081,
  0x1861, 0x38C2, 0x5923, 0x4902, 0x40E2, 0x7163, 0x7983, 0x7183, 0x2104, 0x18C3, 0x0840, 0x1040,
  0x1061, 0x38C2, 0x2081, 0x5102, 0x4923, 0x1061, 0x1840, 0x0000, 0x2124, 0x0820, 0x38A1, 0x6122,
  0x38A1, 0x18E3, 0x18E3, 0x0000, 0x0861, 0x1904, 0x0820, 0x0820, 0x0000, 0x0800, 0x1082, 0x1061,
  0x0800, 0x0000, 0x1820, 0x0840, 0x2104, 0x0000, 0x0040, 0x0020, 0x1861, 0x0882, 0x0000, 0x0861,
  0x0861, 0x0000, 0x18E4, 0x0000, 0x0000, 0x1082, 0x0000, 0x2020, 0x1020, 0x1061, 0x0000, 0x0841,
  0x0000, 0x1820, 0x0820, 0x1020, 0x0000, 0x2020, 0x2840, 0x1082, 0x0000, 0x0841, 0x0000, 0x0000,
  0x0800, 0x2040, 0x2040, 0x2020, 0x0000, 0x1820, 0x0800, 0x0000, 0x0000, 0x0000, 0x0020, 0x0000,
  0x0000, 0x0820, 0x1000, 0x0800, 0x1820, 0x0800, 0x1820, 0x0000, 0x0000, 0x0000, 0x0000, 0x0000,
  0x0000, 0x2820, 0x0800, 0x0000, 0x2800, 0x0000, 0x0020, 0x0000, 0x0020, 0x0000, 0x1000, 0x1800,
  0x2820, 0x1000, 0x0020, 0x0000, 0x0000, 0x0000, 0x0000, 0x0020, 0x0000, 0x2820, 0x2820, 0x1800,
  0x0000, 0x0841, 0x0000, 0x0800, 0x0840, 0x2000, 0x1820, 0x0820, 0x0000, 0x2000, 0x2000, 0x1800,
  0x0000, 0x0862, 0x0000, 0x2820, 0x2800, 0x2020, 0x0841, 0x0020, 0x1820, 0x2020, 0x2020, 0x0000,
  0x0800, 0x2020, 0x0820, 0x1820, 0x2860, 0x3081, 0x3060, 0x2820, 0x1820, 0x0862, 0x1020, 0x1041,
  0x0820, 0x2040, 0x1820, 0x1820, 0x2020, 0x1800, 0x0800, 0x1000, 0x2820, 0x2820, 0x2000, 0x2800,
  0x2800, 0x2800, 0x2800, 0x2800, 0x2800, 0x3000, 0x3000, 0x3000, 0x3000, 0x3000, 0x3000, 0x3800,
  0x3800, 0x3800, 0x3800, 0x4000, 0x4000, 0x4000, 0x4820, 0x4840, 0x5040, 0x5860, 0x6080, 0x78E0,
  0x99C2, 0xB2C4, 0xC387, 0xCC29, 0xD4AC, 0xDD4F, 0xE54F, 0xE56F, 0xEDF3, 0xEE34, 0xEE13, 0xEE97,
  0xBC2D, 0xB3EC, 0xA3AB, 0x9329, 0x8AE8, 0x8AC8, 0x8AA8, 0x8AA7, 0x8A67, 0x7A26, 0x69E6, 0x59C6,
  0x4985, 0x3944, 0x4164, 0x4985, 0x61C5, 0x69E5, 0x69E5, 0x61C5, 0x69E5, 0x8A86, 0xAAE7, 0xB348,
  0xBB69, 0xBB69, 0xBB69, 0x92A7, 0x51A5, 0x4208, 0x4208, 0x3124, 0x3124, 0x18C3, 0x1881, 0x28A2,
  0x38E2, 0x5122, 0x5923, 0x38E2, 0x6122, 0x7983, 0x81A3, 0x4102, 0x2125, 0x0820, 0x1861, 0x1061,
  0x30A1, 0x38E2, 0x38C2, 0x6963, 0x28E3, 0x2081, 0x1020, 0x0862, 0x18C3, 0x1840, 0x5922, 0x6142,
  0x20A2, 0x2124, 0x1082, 0x0000, 0x18E3, 0x18E4, 0x1040, 0x0000, 0x0000, 0x0800, 0x18C3, 0x1020,
  0x0000, 0x0000, 0x2020, 0x0820, 0x2104, 0x0000, 0x0861, 0x0800, 0x2082, 0x0841, 0x0000, 0x0861,
  0x1082, 0x0000, 0x2125, 0x0000, 0x0000, 0x1082, 0x0000, 0x2020, 0x1020, 0x0861, 0x0000, 0x0020,
  0x0000, 0x1820, 0x0820, 0x0820, 0x0000, 0x2840, 0x2840, 0x10A2, 0x0000, 0x0841, 0x0000, 0x0000,
  0x0800, 0x2040, 0x2020, 0x2020, 0x0000, 0x1820, 0x1000, 0x0000, 0x0000, 0x0000, 0x0841, 0x0000,
  0x0000, 0x0841, 0x1000, 0x1000, 0x1820, 0x0800, 0x1800, 0x0020, 0x0000, 0x0000, 0x0000, 0x0000,
  0x0000, 0x2820, 0x1000, 0x0000, 0x2000, 0x1020, 0x0020, 0x0000, 0x0841, 0x0000, 0x1000, 0x1820,
  0x2820, 0x2000, 0x0000, 0x0020, 0x0000, 0x0841, 0x0000, 0x0820, 0x0000, 0x2820, 0x2820, 0x2820,
  0x0000, 0x0841, 0x0841, 0x0000, 0x0800, 0x1041, 0x2820, 0x0820, 0x0841, 0x1800, 0x2000, 0x2800,
  0x0800, 0x10A2, 0x0000, 0x2020, 0x2820, 0x2820, 0x0820, 0x0861, 0x0800, 0x2820, 0x2820, 0x1820,
  0x0000, 0x1820, 0x2040, 0x0820, 0x2840, 0x3081, 0x3060, 0x2840, 0x2840, 0x1040, 0x1061, 0x2040,
  0x2060, 0x0820, 0x0820, 0x0820, 0x2020, 0x2820, 0x2020, 0x1000, 0x1000, 0x2000, 0x2800, 0x2800,
  0x2800, 0x3000, 0x3000, 0x3000, 0x3000, 0x3000, 0x3800, 0x3800, 0x3800, 0x3800, 0x3800, 0x3800,
  0x3800, 0x3800, 0x4000, 0x4000, 0x4000, 0x4800, 0x4820, 0x5020, 0x5020, 0x5840, 0x6060, 0x70A0,
  0x8941, 0xAA63, 0xBB46, 0xCBE8, 0xD46A, 0xDD0E, 0xDD4F, 0xE590, 0xEE55, 0xEE13, 0xEDF2, 0xEE34,
  0xBC4D, 0xC46E, 0xBC4D, 0xB3CB, 0xA36A, 0x9B29, 0x8AC8, 0x7227, 0x51C5, 0x3964, 0x3124, 0x3124,
  0x3944, 0x4164, 0x51A5, 0x59C5, 0x6A26, 0x7A46, 0x8AA7, 0xA308, 0xBB89, 0xC3C9, 0xC3CA, 0xC3EA,
  0xCC2B, 0xB3AA, 0x7246, 0x3965, 0x4208, 0x39C8, 0x3124, 0x3124, 0x18C2, 0x28A2, 0x40E2, 0x4902,
  0x4922, 0x6143, 0x4902, 0x5922, 0x7983, 0x79A3, 0x6963, 0x2104, 0x1081, 0x1861, 0x1061, 0x2081,
  0x38E2, 0x28C2, 0x7183, 0x5123, 0x1882, 0x38C1, 0x0000, 0x18C3, 0x0841, 0x4902, 0x6963, 0x4902,
  0x2986, 0x18C3, 0x0000, 0x0020, 0x2966, 0x1061, 0x1040, 0x0000, 0x0000, 0x1061, 0x1082, 0x1840,
  0x0000, 0x0000, 0x2020, 0x0861, 0x10A3, 0x0000, 0x1082, 0x1840, 0x20C3, 0x0020, 0x0820, 0x1082,
  0x1082, 0x0020, 0x1904, 0x0000, 0x0821, 0x0861, 0x0000, 0x2820, 0x0800, 0x0861, 0x0000, 0x0821,
  0x0800, 0x1820, 0x0820, 0x0000, 0x0800, 0x2840, 0x2840, 0x18C3, 0x0000, 0x1062, 0x0000, 0x0000,
  0x0820, 0x2040, 0x2020, 0x2020, 0x0020, 0x1820, 0x1020, 0x0000, 0x0000, 0x0000, 0x0841, 0x0000,
  0x0020, 0x0861, 0x1000, 0x1820, 0x1820, 0x0800, 0x1820, 0x0841, 0x0000, 0x0000, 0x0000, 0x0000,
  0x0000, 0x2820, 0x1000, 0x0020, 0x2000, 0x1820, 0x0020, 0x0000, 0x0841, 0x0000, 0x1000, 0x1820,
  0x3020, 0x2820, 0x0000, 0x0841, 0x0000, 0x0861, 0x0000, 0x0820, 0x0021, 0x2020, 0x2820, 0x2820,
  0x1800, 0x0841, 0x0020, 0x0020, 0x1000, 0x0841, 0x2820, 0x1000, 0x1082, 0x1000, 0x2800, 0x2820,
  0x1800, 0x0861, 0x0861, 0x1000, 0x2820, 0x2820, 0x2020, 0x0862, 0x0841, 0x1820, 0x2820, 0x2840,
  0x0820, 0x0820, 0x2840, 0x2040, 0x0820, 0x2860, 0x3060, 0x3060, 0x3060, 0x3060, 0x1041, 0x1840,
  0x2860, 0x3060, 0x2060, 0x1061, 0x1062, 0x1861, 0x2020, 0x2820, 0x2020, 0x1000, 0x2020, 0x3820,
  0x3020, 0x3020, 0x3820, 0x3820, 0x3820, 0x3820, 0x4020, 0x4020, 0x4020, 0x4020, 0x4020, 0x4020,
  0x4820, 0x4820, 0x4820, 0x4820, 0x4820, 0x5040, 0x5040, 0x5040, 0x5860, 0x6060, 0x68A0, 0x70E1,
  0x8121, 0xA203, 0xBB05, 0xCBC8, 0xD44A, 0xDCCC, 0xDD4F, 0xDD4E, 0xEE34, 0xEE55, 0xEE13, 0xEDD1,
  0xB44D, 0xA3CC, 0x832A, 0x72A8, 0x6A88, 0x6A67, 0x6226, 0x59E6, 0x6206, 0x6A26, 0x7A46, 0x8A87,
  0x92A7, 0x92C7, 0x9AE8, 0xA328, 0xB389, 0xC3EA, 0xCC0B, 0xCC2B, 0xCC4B, 0xD46C, 0xCC4C, 0xC42C,
  0x9309, 0x49A5, 0x39A6, 0x39E8, 0x3186, 0x3103, 0x2945, 0x20C2, 0x40E2, 0x6122, 0x6143, 0x4923,
  0x5943, 0x4103, 0x6143, 0x81A3, 0x79A3, 0x79A3, 0x3103, 0x18E4, 0x1061, 0x1881, 0x28A1, 0x5123,
  0x20A2, 0x6163, 0x71A3, 0x3103, 0x30C2, 0x2061, 0x0020, 0x10A2, 0x2881, 0x7183, 0x7183, 0x28E3,
  0x31A7, 0x0861, 0x0000, 0x10A3, 0x2125, 0x1861, 0x0000, 0x0000, 0x1020, 0x20E4, 0x1841, 0x0800,
  0x0000, 0x1000, 0x1840, 0x2124, 0x0020, 0x0841, 0x0841, 0x2881, 0x18E3, 0x0000, 0x1082, 0x10A2,
  0x10A2, 0x10A2, 0x10A2, 0x0000, 0x1082, 0x0020, 0x0000, 0x2840, 0x0800, 0x0861, 0x0020, 0x0841,
  0x0800, 0x1020, 0x1020, 0x0800, 0x1000, 0x3060, 0x2840, 0x18E3, 0x0000, 0x1082, 0x0000, 0x0000,
  0x0820, 0x2040, 0x2020, 0x2020, 0x0841, 0x1820, 0x1020, 0x0000, 0x0020, 0x0000, 0x0841, 0x0000,
  0x0000, 0x1082, 0x1020, 0x1820, 0x1820, 0x0800, 0x2020, 0x0861, 0x0000, 0x0000, 0x0000, 0x0020,
  0x0000, 0x2820, 0x2020, 0x0020, 0x1820, 0x2020, 0x0820, 0x0000, 0x0020, 0x0020, 0x1020, 0x1020,
  0x3020, 0x3020, 0x1000, 0x0861, 0x0000, 0x10A2, 0x0000, 0x0000, 0x0841, 0x1800, 0x3020, 0x3020,
  0x2820, 0x0820, 0x0861, 0x0020, 0x1020, 0x1820, 0x2040, 0x2820, 0x1061, 0x0841, 0x2820, 0x2820,
  0x2820, 0x0800, 0x18C3, 0x0000, 0x2020, 0x2820, 0x3040, 0x0800, 0x10A3, 0x0800, 0x2820, 0x2840,
  0x2040, 0x0020, 0x1020, 0x2860, 0x2060, 0x0820, 0x3060, 0x3080, 0x3881, 0x3881, 0x2881, 0x0820,
  0x3060, 0x3081, 0x3080, 0x3080, 0x3081, 0x2881, 0x1061, 0x1882, 0x20C3, 0x20C3, 0x1040, 0x1020,
  0x2820, 0x3040, 0x4040, 0x4040, 0x4040, 0x4040, 0x4040, 0x4840, 0x4860, 0x4840, 0x5040, 0x5040,
  0x5060, 0x5860, 0x5860, 0x5860, 0x5860, 0x5860, 0x6080, 0x6080, 0x68A0, 0x68C0, 0x70E1, 0x7921,
  0x8141, 0x99E2, 0xB2C5, 0xC3A7, 0xD42A, 0xDCAC, 0xDD2E, 0xE52E, 0xE56F, 0xEE75, 0xEEB7, 0xEE12,
  0xF613, 0xEDF2, 0xE591, 0xE570, 0xDD50, 0xDD0F, 0xD4AD, 0xCC4C, 0xC3EB, 0xC3CA, 0xC3CA, 0xC40B,
  0xCC2B, 0xD46C, 0xD46C, 0xD48C, 0xD4AD, 0xD48D, 0xD48C, 0xD48D, 0xD4AD, 0xCC8D, 0xA36A, 0x5A06,
  0x3145, 0x4A29, 0x4A6A, 0x2104, 0x3103, 0x2904, 0x3103, 0x6163, 0x7163, 0x6963, 0x4943, 0x5143,
  0x4923, 0x6143, 0x79A3, 0x79A3, 0x79C4, 0x4943, 0x2125, 0x1061, 0x1061, 0x38E2, 0x6963, 0x30E2,
  0x4943, 0x81C4, 0x5164, 0x20C3, 0x48E2, 0x0000, 0x1082, 0x0840, 0x6143, 0x79A3, 0x5123, 0x39C7,
  0x18E3, 0x0020, 0x0820, 0x31A7, 0x1061, 0x1881, 0x0000, 0x0000, 0x1020, 0x18E3, 0x2040, 0x0000,
  0x0000, 0x3040, 0x0820, 0x2945, 0x0000, 0x1082, 0x0000, 0x2861, 0x18E3, 0x0000, 0x1082, 0x18E4,
  0x10A3, 0x2125, 0x0021, 0x0000, 0x10C3, 0x0000, 0x0800, 0x3860, 0x0820, 0x0841, 0x0841, 0x0020,
  0x1000, 0x1020, 0x1041, 0x0000, 0x1820, 0x3880, 0x3060, 0x18E4, 0x0020, 0x1082, 0x0000, 0x0000,
  0x1020, 0x2040, 0x2020, 0x2820, 0x0841, 0x1820, 0x1020, 0x0000, 0x0000, 0x0020, 0x0861, 0x0000,
  0x0020, 0x10A2, 0x1020, 0x2020, 0x1020, 0x1000, 0x2020, 0x0862, 0x0000, 0x0020, 0x0000, 0x0820,
  0x0000, 0x2820, 0x2820, 0x0020, 0x1820, 0x2820, 0x0820, 0x0020, 0x0000, 0x0861, 0x0820, 0x0800,
  0x3840, 0x3040, 0x2020, 0x0841, 0x0841, 0x0861, 0x0841, 0x0800, 0x0841, 0x1000, 0x3020, 0x3040,
  0x3020, 0x1000, 0x10A3, 0x0000, 0x0820, 0x2820, 0x1041, 0x3040, 0x1820, 0x10A2, 0x1820, 0x3020,
  0x3020, 0x2820, 0x1082, 0x1082, 0x1820, 0x3020, 0x3020, 0x2820, 0x1082, 0x0861, 0x2020, 0x2840,
  0x3060, 0x1840, 0x0020, 0x1840, 0x3060, 0x2860, 0x1040, 0x2860, 0x40A1, 0x38A1, 0x38A1, 0x2881,
  0x1861, 0x38A1, 0x38A1, 0x3881, 0x40A1, 0x38A1, 0x3060, 0x4080, 0x3880, 0x38E2, 0x3903, 0x28A2,
  0x2081, 0x1861, 0x2061, 0x2860, 0x3881, 0x3881, 0x4880, 0x50A0, 0x50A0, 0x58A0, 0x60C0, 0x60A0,
  0x60A0, 0x60A0, 0x60C0, 0x68C0, 0x68C0, 0x70E0, 0x7101, 0x7100, 0x7921, 0x8121, 0x8161, 0x8982,
  0x91C3, 0xA264, 0xB2E5, 0xC387, 0xD44A, 0xDCEE, 0xDD0E, 0xE54E, 0xE54E, 0xEE13, 0xEE76, 0xEE34,
  0xEDF3, 0xEDD2, 0xE5B1, 0xE591, 0xDD2F, 0xD4CE, 0xD48D, 0xD48C, 0xD48C, 0xD4AD, 0xDCEE, 0xDD0F,
  0xDD0F, 0xDD0F, 0xDCEE, 0xDCEE, 0xDCEE, 0xDCEE, 0xDCEE, 0xCC8D, 0xA3AB, 0x6A47, 0x3965, 0x39C7,
  0x4A6A, 0x31C7, 0x2903, 0x3944, 0x3124, 0x4923, 0x79A4, 0x81A3, 0x7183, 0x5143, 0x4944, 0x4102,
  0x6163, 0x81C3, 0x81C4, 0x79C4, 0x5984, 0x2945, 0x10A3, 0x1061, 0x4102, 0x79C4, 0x3903, 0x4102,
  0x81E4, 0x79C4, 0x3124, 0x4902, 0x2060, 0x0000, 0x0841, 0x4902, 0x79A3, 0x71A3, 0x28E3, 0x31C7,
  0x0020, 0x0020, 0x1924, 0x2986, 0x2082, 0x0020, 0x0000, 0x0800, 0x18A2, 0x1861, 0x1020, 0x0000,
  0x1020, 0x3880, 0x10A2, 0x18E4, 0x0020, 0x0861, 0x0820, 0x28A2, 0x18C3, 0x0000, 0x1082, 0x2965,
  0x10A3, 0x2966, 0x0000, 0x0000, 0x18E4, 0x0000, 0x1000, 0x3840, 0x0841, 0x0041, 0x0862, 0x0000,
  0x1820, 0x1020, 0x1861, 0x0000, 0x2040, 0x3880, 0x3060, 0x1904, 0x0861, 0x0841, 0x0000, 0x0000,
  0x1020, 0x2020, 0x2820, 0x2820, 0x0841, 0x1820, 0x1020, 0x0000, 0x0000, 0x0020, 0x1082, 0x0000,
  0x0020, 0x10A2, 0x1020, 0x2840, 0x1020, 0x1020, 0x2820, 0x1082, 0x0000, 0x0841, 0x0000, 0x0020,
  0x0000, 0x2820, 0x3020, 0x0841, 0x1020, 0x3020, 0x1020, 0x0841, 0x0000, 0x1082, 0x0000, 0x1020,
  0x3840, 0x3840, 0x3020, 0x0800, 0x10A2, 0x0000, 0x10C3, 0x0000, 0x0841, 0x0800, 0x3020, 0x3040,
  0x3840, 0x2820, 0x10A3, 0x0020, 0x0841, 0x2820, 0x2040, 0x1840, 0x3040, 0x18C3, 0x0841, 0x3040,
  0x3020, 0x3020, 0x1820, 0x1904, 0x0820, 0x2820, 0x3020, 0x3040, 0x1820, 0x18C3, 0x0820, 0x2840,
  0x3040, 0x3060, 0x1020, 0x0821, 0x2040, 0x3060, 0x3880, 0x2860, 0x2861, 0x38A1, 0x40A1, 0x40C2,
  0x30A1, 0x1861, 0x40C1, 0x40A1, 0x48E2, 0x38A1, 0x48C1, 0x48C1, 0x50E1, 0x48C0, 0x50C0, 0x50C0,
  0x50C0, 0x50A0, 0x58A0, 0x58C0, 0x60C0, 0x60C0, 0x60E0, 0x68E0, 0x68E1, 0x68E0, 0x68E1, 0x7101,
  0x7101, 0x7121, 0x7921, 0x7921, 0x8141, 0x8161, 0x8161, 0x8161, 0x8982, 0x91A2, 0x91C2, 0x9A03,
  0xA244, 0xB2E6, 0xBB47, 0xC387, 0xCC29, 0xD4AC, 0xDD4F, 0xDD0D, 0xE570, 0xE5B0, 0xE5B0, 0xEE76,
  0xD52F, 0xD4EE, 0xD4EE, 0xDD0F, 0xDD2F, 0xE50F, 0xE50F, 0xE52F, 0xE54F, 0xE570, 0xE570, 0xE570,
  0xE550, 0xE570, 0xE550, 0xE550, 0xDD2F, 0xCCAE, 0xA40D, 0x62A9, 0x39A6, 0x39A6, 0x4208, 0x3A08,
  0x3145, 0x4123, 0x3903, 0x4144, 0x71C4, 0x89E4, 0x89C3, 0x79A3, 0x4923, 0x3923, 0x5143, 0x71A4,
  0x89E4, 0x8A24, 0x8A04, 0x6184, 0x2945, 0x10C3, 0x1881, 0x5143, 0x8204, 0x4123, 0x4123, 0x8204,
  0x8A24, 0x5984, 0x3903, 0x5122, 0x0000, 0x0841, 0x2081, 0x71A3, 0x79C3, 0x5123, 0x31C8, 0x10C3,
  0x0020, 0x0841, 0x3A29, 0x1061, 0x1861, 0x0000, 0x0000, 0x0820, 0x18C3, 0x2060, 0x0000, 0x0000,
  0x3880, 0x2881, 0x2966, 0x0020, 0x1082, 0x0020, 0x2060, 0x28E3, 0x0861, 0x0000, 0x10A2, 0x2986,
  0x18E3, 0x2966, 0x0000, 0x0021, 0x10A2, 0x0000, 0x2820, 0x3040, 0x10A2, 0x0000, 0x1082, 0x0000,
  0x2040, 0x1020, 0x1861, 0x0000, 0x3060, 0x40A1, 0x3060, 0x2125, 0x1082, 0x0020, 0x0000, 0x0000,
  0x1040, 0x2020, 0x2820, 0x2820, 0x0862, 0x1820, 0x1040, 0x0000, 0x0000, 0x0841, 0x10A2, 0x0000,
  0x0000, 0x0882, 0x1040, 0x3040, 0x0800, 0x1020, 0x2820, 0x10A2, 0x0000, 0x0841, 0x0000, 0x0020,
  0x0000, 0x2020, 0x3040, 0x1041, 0x1020, 0x3040, 0x2040, 0x0861, 0x0000, 0x10A2, 0x0000, 0x0820,
  0x3840, 0x3840, 0x3840, 0x1820, 0x10A2, 0x0000, 0x18E3, 0x0000, 0x0800, 0x0841, 0x2820, 0x3840,
  0x3860, 0x3020, 0x1841, 0x1904, 0x0020, 0x2040, 0x3020, 0x1840, 0x2820, 0x1840, 0x2966, 0x2020,
  0x3020, 0x3020, 0x3020, 0x1041, 0x10A2, 0x1020, 0x3840, 0x3040, 0x3840, 0x1041, 0x10A3, 0x1020,
  0x3060, 0x3060, 0x3880, 0x1840, 0x0020, 0x1840, 0x3880, 0x3880, 0x40A1, 0x38C1, 0x3081, 0x40C1,
  0x48E2, 0x40E1, 0x2881, 0x40E2, 0x5102, 0x40C1, 0x50E1, 0x5901, 0x5902, 0x58E1, 0x58E1, 0x60E1,
  0x6101, 0x6101, 0x6901, 0x6901, 0x6901, 0x6901, 0x6901, 0x7101, 0x7101, 0x7941, 0x7941, 0x7962,
  0x8162, 0x8182, 0x8982, 0x89A2, 0x91C3, 0x91C2, 0x91E3, 0x91E3, 0x9A03, 0x9A24, 0xA244, 0xA264,
  0xAAC6, 0xBB47, 0xC3A9, 0xC3A8, 0xD48C, 0xD4CD, 0xDD2F, 0xE570, 0xE50D, 0xEE34, 0xEE13, 0xE5D1,
  0xBC8E, 0xDD51, 0xEDB2, 0xEDB1, 0xE591, 0xE590, 0xED90, 0xEDB1, 0xEDD2, 0xEDD2, 0xEDB1, 0xE591,
  0xE591, 0xDD51, 0xD531, 0xAC4E, 0x732B, 0x41E8, 0x41C7, 0x41C6, 0x4208, 0x2945, 0x2904, 0x4964,
  0x6184, 0x4944, 0x5163, 0x79C4, 0x89E4, 0x89E4, 0x81E4, 0x4123, 0x3903, 0x69A4, 0x8A45, 0x9245,
  0x9265, 0x8205, 0x4943, 0x2945, 0x18C3, 0x18A1, 0x6183, 0x8A25, 0x5984, 0x30E2, 0x81E4, 0x8204,
  0x79E4, 0x3123, 0x71A4, 0x1040, 0x0020, 0x0820, 0x6963, 0x79A3, 0x79A3, 0x20E3, 0x2986, 0x0000,
  0x0840, 0x2986, 0x2986, 0x1061, 0x0000, 0x0000, 0x1020, 0x1882, 0x1882, 0x2061, 0x0000, 0x1820,
  0x50C1, 0x1061, 0x2125, 0x0820, 0x1082, 0x0000, 0x40C2, 0x18E4, 0x0841, 0x0000, 0x20E4, 0x31C7,
  0x18E4, 0x2966, 0x0000, 0x18C3, 0x0841, 0x0800, 0x4040, 0x2840, 0x10C3, 0x0000, 0x10A2, 0x0000,
  0x2820, 0x1020, 0x1861, 0x0800, 0x3880, 0x40A1, 0x2860, 0x2986, 0x18C3, 0x0000, 0x0000, 0x0000,
  0x1840, 0x2040, 0x2820, 0x3040, 0x1082, 0x1820, 0x1861, 0x0000, 0x0000, 0x0861, 0x10A3, 0x0000,
  0x0000, 0x1082, 0x1841, 0x3860, 0x0800, 0x1840, 0x3040, 0x18E3, 0x0000, 0x1082, 0x0000, 0x0841,
  0x0020, 0x2040, 0x3840, 0x2040, 0x1041, 0x3840, 0x3040, 0x1061, 0x0000, 0x10A2, 0x0000, 0x0820,
  0x3840, 0x3860, 0x3840, 0x2820, 0x1082, 0x0841, 0x18C3, 0x0020, 0x0800, 0x0861, 0x1820, 0x3840,
  0x3840, 0x3840, 0x2820, 0x2124, 0x0841, 0x1041, 0x3020, 0x3020, 0x1041, 0x3040, 0x31A7, 0x18A2,
  0x3020, 0x3820, 0x3820, 0x2820, 0x1904, 0x0841, 0x3040, 0x3860, 0x3860, 0x3040, 0x1882, 0x1082,
  0x1820, 0x3860, 0x3880, 0x3880, 0x2861, 0x0820, 0x1040, 0x3881, 0x40C1, 0x40C1, 0x48E2, 0x48C1,
  0x40E2, 0x40C1, 0x48E2, 0x40E2, 0x28A1, 0x48E1, 0x5902, 0x6122, 0x6122, 0x6121, 0x6921, 0x6921,
  0x6942, 0x7121, 0x7141, 0x7141, 0x7141, 0x7941, 0x7962, 0x7962, 0x8182, 0x8182, 0x8182, 0x89A3,
  0x89C3, 0x91C3, 0x91E3, 0x9203, 0x9A24, 0x9A24, 0x9A44, 0xA244, 0xA284, 0xAA85, 0xAAC6, 0xB2E6,
  0xBB68, 0xC3EA, 0xC3E9, 0xCBE9, 0xD4EF, 0xE5F4, 0xDD50, 0xE54F, 0xE52E, 0xE5D2, 0xEED8, 0xEE34,
  0x4A07, 0x4A07, 0x6AA9, 0x93AC, 0xAC2E, 0xB48F, 0xBCAF, 0xC4CF, 0xBCAF, 0xAC4E, 0x9BCC, 0x834B,
  0x6AEA, 0x5A69, 0x4A49, 0x39A6, 0x3145, 0x3985, 0x39A6, 0x2965, 0x3124, 0x5984, 0x8205, 0x69A4,
  0x4943, 0x69C4, 0x89E4, 0x91E4, 0x9245, 0x8205, 0x4123, 0x4943, 0x8A45, 0x9A86, 0xA2A6, 0x9A87,
  0x59A5, 0x2904, 0x2104, 0x18E3, 0x1881, 0x79E4, 0x8A25, 0x4943, 0x30E2, 0x81E4, 0x8204, 0x8204,
  0x4143, 0x6184, 0x30C2, 0x0841, 0x0820, 0x5122, 0x79A3, 0x79A3, 0x4923, 0x31C8, 0x0861, 0x0820,
  0x20A2, 0x3A29, 0x0861, 0x0841, 0x0000, 0x0820, 0x2061, 0x1082, 0x2881, 0x0820, 0x0000, 0x40A1,
  0x48C1, 0x2966, 0x1061, 0x10A2, 0x0841, 0x0820, 0x48E2, 0x18E3, 0x0861, 0x1041, 0x2966, 0x2965,
  0x2986, 0x10A3, 0x0000, 0x2145, 0x0000, 0x1820, 0x4860, 0x2020, 0x10C3, 0x0020, 0x10C3, 0x0000,
  0x3840, 0x1841, 0x2081, 0x1020, 0x4080, 0x48A1, 0x2861, 0x2986, 0x18E4, 0x0841, 0x0000, 0x0000,
  0x2040, 0x2840, 0x2840, 0x3840, 0x18C3, 0x1820, 0x1861, 0x0020, 0x0000, 0x10A2, 0x18E3, 0x0020,
  0x0000, 0x1082, 0x1861, 0x3880, 0x0800, 0x2040, 0x3040, 0x20E4, 0x0000, 0x1082, 0x0000, 0x0861,
  0x0000, 0x1840, 0x3840, 0x2840, 0x0861, 0x3860, 0x3840, 0x1840, 0x0862, 0x0841, 0x1082, 0x0820,
  0x3860, 0x4060, 0x4060, 0x3860, 0x0820, 0x18E3, 0x0020, 0x18E3, 0x0800, 0x0861, 0x0800, 0x3860,
  0x3840, 0x3840, 0x3840, 0x1041, 0x3A08, 0x0820, 0x3020, 0x3840, 0x2820, 0x1820, 0x2020, 0x4A8A,
  0x2020, 0x3820, 0x3840, 0x3840, 0x1820, 0x2125, 0x1020, 0x3860, 0x3860, 0x3840, 0x3040, 0x2124,
  0x1082, 0x1820, 0x3880, 0x4080, 0x4080, 0x3880, 0x2061, 0x0841, 0x2881, 0x40C1, 0x50E1, 0x5102,
  0x5102, 0x5102, 0x6143, 0x5102, 0x5922, 0x5922, 0x4902, 0x4902, 0x5902, 0x6142, 0x6942, 0x7162,
  0x7162, 0x7982, 0x7982, 0x7982, 0x7982, 0x81A2, 0x81C3, 0x81C3, 0x89C3, 0x89E3, 0x89E3, 0x91E3,
  0x9224, 0x9A24, 0x9A24, 0x9A65, 0xA265, 0xA285, 0xA285, 0xAAC6, 0xAAE6, 0xB306, 0xB307, 0xBB68,
  0xC3EA, 0xCC8D, 0xCC2A, 0xCC4B, 0xD46B, 0xDD71, 0xE5B2, 0xDD4F, 0xE56F, 0xE54F, 0xE613, 0xEE55,
  0xEE54, 0xD571, 0xA40D, 0x7B2A, 0x5A47, 0x4A06, 0x41A5, 0x39A6, 0x3165, 0x3165, 0x3165, 0x3965,
  0x3965, 0x3165, 0x2944, 0x3165, 0x3145, 0x3985, 0x59E5, 0x8AA7, 0xA2E7, 0x8A66, 0x59A4, 0x5984,
  0x8205, 0x9224, 0x9A65, 0xA2A6, 0x7205, 0x4144, 0x71E5, 0xA2C7, 0xA2E7, 0xA2E7, 0x7226, 0x3924,
  0x28E3, 0x2104, 0x18E3, 0x28C2, 0x71C4, 0x9245, 0x4943, 0x3902, 0x8204, 0x8A25, 0x8205, 0x5984,
  0x4923, 0x5143, 0x1082, 0x0841, 0x40E2, 0x81E4, 0x79C3, 0x6983, 0x2945, 0x2125, 0x0820, 0x2081,
  0x39E8, 0x18E4, 0x0820, 0x0000, 0x0000, 0x2881, 0x1061, 0x1841, 0x2881, 0x0000, 0x3060, 0x6122,
  0x28A1, 0x2986, 0x1840, 0x10C3, 0x0820, 0x3081, 0x38C2, 0x18C3, 0x1082, 0x1861, 0x2986, 0x1904,
  0x29A7, 0x0000, 0x0841, 0x2125, 0x0000, 0x3060, 0x50A0, 0x1041, 0x18E3, 0x0820, 0x18C3, 0x0000,
  0x4080, 0x1881, 0x2061, 0x1840, 0x48C1, 0x48C1, 0x2881, 0x2965, 0x2145, 0x0861, 0x0000, 0x0000,
  0x2860, 0x2040, 0x3060, 0x3840, 0x18E3, 0x1820, 0x2061, 0x0020, 0x0000, 0x10A2, 0x2124, 0x0820,
  0x0000, 0x10A2, 0x1861, 0x4080, 0x0800, 0x2840, 0x3060, 0x2924, 0x0000, 0x18E3, 0x0000, 0x0862,
  0x0000, 0x2061, 0x4060, 0x3860, 0x1082, 0x3040, 0x4060, 0x2840, 0x10A3, 0x0000, 0x1904, 0x0000,
  0x3060, 0x4060, 0x4080, 0x4060, 0x2840, 0x2145, 0x0000, 0x2125, 0x0000, 0x1061, 0x0841, 0x3040,
  0x4040, 0x4060, 0x4060, 0x2840, 0x2965, 0x18E3, 0x2040, 0x3840, 0x3840, 0x2040, 0x1861, 0x2104,
  0x4228, 0x3040, 0x3840, 0x4040, 0x3840, 0x1861, 0x18E4, 0x2840, 0x3860, 0x3840, 0x3860, 0x3860,
  0x2924, 0x10C3, 0x1820, 0x4080, 0x48A1, 0x48A0, 0x48A0, 0x4080, 0x28A2, 0x18A2, 0x20A2, 0x40E2,
  0x48E2, 0x6143, 0x5922, 0x5102, 0x6142, 0x6142, 0x6963, 0x7163, 0x6963, 0x6163, 0x6963, 0x7162,
  0x7183, 0x81C3, 0x81E4, 0x81A3, 0x81C3, 0x89E3, 0x89E3, 0x9245, 0x9224, 0x9224, 0x9224, 0x9224,
  0x9A65, 0x9A65, 0xA285, 0xA2A6, 0xA2A5, 0xAAC6, 0xAB07, 0xB327, 0xB369, 0xBB89, 0xBBA9, 0xBB88,
  0xC40A, 0xD4EF, 0xCC8C, 0xD4CD, 0xD48C, 0xDCED, 0xE5B2, 0xE5F3, 0xE591, 0xE590, 0xEE13, 0xEE13,
  0xFEB6, 0xFE96, 0xFE95, 0xF675, 0xF654, 0xF633, 0xEDF2, 0xE570, 0xDD0F, 0xC44D, 0xA3AB, 0x7288,
  0x3985, 0x3165, 0x4185, 0x6A26, 0x9308, 0xB38A, 0xBBA9, 0xAB28, 0x7A26, 0x61E5, 0x8A46, 0x9A86,
  0xA2A6, 0xAAE7, 0x9AC7, 0x5184, 0x4943, 0x9287, 0xAB08, 0x9AE8, 0x7226, 0x3944, 0x3103, 0x5164,
  0x3145, 0x18E4, 0x3923, 0x9266, 0x9266, 0x3902, 0x5984, 0x9265, 0x9A86, 0x8A45, 0x71C4, 0x3923,
  0x5164, 0x2925, 0x1082, 0x30C2, 0x81E4, 0x81C4, 0x79C4, 0x3903, 0x426A, 0x0841, 0x30A2, 0x3165,
  0x29A7, 0x0020, 0x0000, 0x0000, 0x30A1, 0x28A2, 0x1061, 0x40A1, 0x0840, 0x1020, 0x6101, 0x5902,
  0x2987, 0x30E3, 0x20E3, 0x0841, 0x0820, 0x6122, 0x28E3, 0x18C3, 0x0020, 0x2881, 0x2986, 0x2145,
  0x2966, 0x0000, 0x2966, 0x0841, 0x0800, 0x48A0, 0x50A0, 0x10A3, 0x1061, 0x20A2, 0x18C3, 0x1020,
  0x48A0, 0x1082, 0x2040, 0x2860, 0x48C1, 0x50C1, 0x28C2, 0x1904, 0x2125, 0x0020, 0x0000, 0x0000,
  0x3080, 0x2020, 0x3860, 0x3840, 0x2124, 0x1820, 0x2881, 0x0020, 0x0000, 0x10A2, 0x2986, 0x0820,
  0x0000, 0x10A3, 0x1861, 0x4880, 0x1040, 0x2860, 0x3060, 0x3124, 0x0020, 0x18C3, 0x0041, 0x0882,
  0x0020, 0x1861, 0x4080, 0x4080, 0x18A2, 0x2040, 0x4060, 0x4060, 0x18C3, 0x0000, 0x18E4, 0x0020,
  0x2040, 0x4080, 0x4080, 0x4080, 0x4060, 0x0841, 0x1904, 0x18C3, 0x1082, 0x1800, 0x10C3, 0x2020,
  0x4060, 0x4060, 0x4060, 0x4060, 0x1820, 0x4AAB, 0x0820, 0x3840, 0x3840, 0x3860, 0x2040, 0x20C2,
  0x4249, 0x2903, 0x4040, 0x4060, 0x4060, 0x3860, 0x2924, 0x1082, 0x3860, 0x4060, 0x4060, 0x4080,
  0x4080, 0x28C2, 0x2125, 0x18A2, 0x3081, 0x50C1, 0x50C1, 0x50E1, 0x5902, 0x5922, 0x5102, 0x40E2,
  0x30C2, 0x30A2, 0x38C2, 0x40E2, 0x4923, 0x5143, 0x5963, 0x5922, 0x6163, 0x71A4, 0x79A4, 0x81E4,
  0x81E4, 0x81C3, 0x89E4, 0x89E3, 0x8A04, 0x9204, 0x8A04, 0x9266, 0x9A86, 0x9A65, 0x9A85, 0x9A65,
  0x9A85, 0xA2A6, 0xA307, 0xAB28, 0xAAC6, 0xAAE6, 0xB348, 0xB348, 0xBBEB, 0xC42C, 0xC44C, 0xC40B,
  0xCC4B, 0xCC6C, 0xD4EF, 0xD50F, 0xD4ED, 0xDD50, 0xDD4F, 0xE635, 0xE590, 0xE56F, 0xE614, 0xE613,
  0xCD51, 0xCD92, 0xC531, 0xB4AF, 0xA42D, 0x9BED, 0x72C9, 0x5A27, 0x3985, 0x3964, 0x4185, 0x6226,
  0x82C8, 0xB3CA, 0xCC4C, 0xC3EA, 0xBBCA, 0xB369, 0x8AA7, 0x6A05, 0x8287, 0xAB08, 0xAB28, 0xB348,
  0xAB28, 0x7A26, 0x4963, 0x61A4, 0x92A7, 0x8267, 0x51C6, 0x3123, 0x4984, 0x6A05, 0x7A05, 0x3165,
  0x18C3, 0x4123, 0x9265, 0x7A05, 0x4143, 0x8246, 0xA2A6, 0x9A86, 0x9AA6, 0x8A66, 0x3944, 0x49A5,
  0x2145, 0x1082, 0x28A1, 0x81E4, 0x81E4, 0x81E4, 0x6184, 0x31A7, 0x18E4, 0x30A1, 0x38E2, 0x4AAB,
  0x0020, 0x0020, 0x0000, 0x38A1, 0x48E1, 0x18A2, 0x2040, 0x2061, 0x0820, 0x5102, 0x7142, 0x38E3,
  0x528A, 0x2881, 0x1904, 0x0000, 0x3081, 0x5902, 0x10A3, 0x1904, 0x1020, 0x30A2, 0x2986, 0x29A7,
  0x2124, 0x0000, 0x2145, 0x0000, 0x1820, 0x50C1, 0x40A1, 0x2145, 0x1020, 0x20E3, 0x0000, 0x2860,
  0x48A0, 0x1082, 0x2040, 0x38A1, 0x50E2, 0x58E1, 0x2924, 0x18E4, 0x2124, 0x0020, 0x0000, 0x0820,
  0x4080, 0x2040, 0x4080, 0x4060, 0x2986, 0x2040, 0x2881, 0x0841, 0x0000, 0x18E4, 0x2966, 0x0820,
  0x0000, 0x10A2, 0x2061, 0x48A0, 0x1840, 0x2860, 0x3060, 0x38E3, 0x0861, 0x0861, 0x1082, 0x0862,
  0x1082, 0x1041, 0x48A0, 0x48A1, 0x28A2, 0x1881, 0x4880, 0x4880, 0x20A2, 0x1061, 0x0820, 0x2125,
  0x1040, 0x4080, 0x4080, 0x48A0, 0x4880, 0x2840, 0x2945, 0x0020, 0x2986, 0x0800, 0x18C3, 0x1061,
  0x4080, 0x4060, 0x4060, 0x4060, 0x3860, 0x18C3, 0x31E7, 0x2840, 0x4040, 0x4060, 0x4060, 0x2860,
  0x1061, 0x5AEC, 0x2881, 0x4860, 0x4060, 0x4060, 0x3860, 0x2965, 0x1082, 0x3860, 0x4080, 0x48A0,
  0x50C1, 0x50C1, 0x48C1, 0x3104, 0x2945, 0x1904, 0x28E3, 0x38C2, 0x48E1, 0x5943, 0x6163, 0x69A4,
  0x6163, 0x6184, 0x5943, 0x5943, 0x5923, 0x5943, 0x6983, 0x79E5, 0x79C4, 0x81E5, 0x81C4, 0x8205,
  0x8204, 0x8A04, 0x8A04, 0x89E3, 0x9225, 0x9245, 0x9244, 0x9245, 0x9AA6, 0x9AC7, 0xA2A6, 0xA2C6,
  0xA2E7, 0xA2A5, 0xB369, 0xB3CB, 0xAB28, 0xB307, 0xB348, 0xBB68, 0xBBA9, 0xC44D, 0xCCCE, 0xCCEF,
  0xD4EF, 0xCC6C, 0xDD92, 0xDD71, 0xDD0E, 0xE5F4, 0xE591, 0xE591, 0xE613, 0xE590, 0xE5F2, 0xEEB8,
  0xAC8F, 0x93EC, 0x8BAB, 0x834A, 0x93CC, 0x9BEC, 0xAC4D, 0xBCAE, 0xD50F, 0xDD2F, 0xE54F, 0xDCEE,
  0xD46C, 0xC40B, 0xBBCA, 0xB369, 0x9AE8, 0x7A46, 0x7246, 0x92C8, 0xA328, 0xAB28, 0xAB49, 0x8267,
  0x51C5, 0x4144, 0x59C5, 0x61E6, 0x49A5, 0x51A5, 0x7226, 0x9AC7, 0xB348, 0x8A87, 0x3186, 0x18C3,
  0x59A4, 0x9AA7, 0x5984, 0x4963, 0xA2E7, 0xAAE7, 0xA2E7, 0xA2C7, 0x9266, 0x4144, 0x4985, 0x3A09,
  0x18C3, 0x1881, 0x79E4, 0x8A25, 0x8A05, 0x81E4, 0x3965, 0x4A8B, 0x30A1, 0x5143, 0x4ACC, 0x0841,
  0x0020, 0x0000, 0x38C1, 0x6122, 0x28A1, 0x1061, 0x38C1, 0x0841, 0x38A1, 0x6962, 0x6942, 0x424A,
  0x38E2, 0x2925, 0x0841, 0x0820, 0x6942, 0x40E2, 0x0882, 0x2145, 0x2881, 0x3986, 0x1082, 0x3A29,
  0x0021, 0x10C3, 0x10A3, 0x0000, 0x3880, 0x58E1, 0x3081, 0x2966, 0x2860, 0x2104, 0x0000, 0x40A1,
  0x48C1, 0x10A2, 0x1840, 0x48E1, 0x5902, 0x58C1, 0x3186, 0x10A3, 0x18C3, 0x0841, 0x0000, 0x1020,
  0x48C1, 0x2861, 0x4080, 0x4080, 0x31A6, 0x2040, 0x30C2, 0x0861, 0x0000, 0x2145, 0x2966, 0x0800,
  0x0000, 0x10C3, 0x2881, 0x50C1, 0x2860, 0x2861, 0x2860, 0x3903, 0x18E3, 0x0840, 0x18E4, 0x0020,
  0x1904, 0x0841, 0x48A1, 0x50C1, 0x3081, 0x20E3, 0x4080, 0x48A0, 0x3060, 0x18C3, 0x1020, 0x2965,
  0x0820, 0x4080, 0x48A0, 0x48A0, 0x4880, 0x4060, 0x1082, 0x2145, 0x2966, 0x0841, 0x0820, 0x2125,
  0x3080, 0x4080, 0x4060, 0x4060, 0x4880, 0x2040, 0x3A29, 0x20C3, 0x4060, 0x4060, 0x4880, 0x4880,
  0x3060, 0x18A2, 0x5AEB, 0x3081, 0x4880, 0x4880, 0x48A1, 0x40A1, 0x3186, 0x18A2, 0x4080, 0x50A1,
  0x50E1, 0x50E1, 0x5901, 0x58E1, 0x5923, 0x4902, 0x4103, 0x3103, 0x20E3, 0x18C3, 0x2082, 0x28A1,
  0x4103, 0x4923, 0x6164, 0x71C4, 0x8205, 0x79C4, 0x79A3, 0x79C4, 0x79C4, 0x81E4, 0x81E4, 0x8A25,
  0x8A05, 0x8A25, 0x8A25, 0x8A04, 0x9266, 0x9B09, 0x9A86, 0x9A85, 0x9A86, 0xA2E8, 0xA308, 0xA2C6,
  0xAB49, 0xAAE6, 0xAB28, 0xB38A, 0xB369, 0xB368, 0xB368, 0xBBCA, 0xBB88, 0xC46D, 0xCCF0, 0xD510,
  0xD592, 0xD4AD, 0xDD50, 0xE656, 0xDD71, 0xDD70, 0xE5F3, 0xE591, 0xE5B1, 0xEE35, 0xE5B1, 0xEE34,
  0xFED6, 0xFEB6, 0xF695, 0xF654, 0xF634, 0xEE13, 0xEDD2, 0xE591, 0xE550, 0xDD0F, 0xDCEE, 0xD4AD,
  0xCC6C, 0xBC0B, 0x9B29, 0x9308, 0xA369, 0xBBAA, 0xB3CA, 0xABAA, 0x9308, 0x6206, 0x61E5, 0x6A26,
  0x7A87, 0x8AC8, 0x9B08, 0xAB49, 0xB38A, 0xBB89, 0xB389, 0xB368, 0x7A46, 0x3186, 0x20C3, 0x7205,
  0x8246, 0x4143, 0x7A26, 0xAB08, 0xAB28, 0xAB28, 0xAB08, 0xA2C7, 0x4143, 0x51A6, 0x31E8, 0x0882,
  0x20A1, 0x8225, 0x9245, 0x8A45, 0x8A25, 0x4964, 0x39E8, 0x30A2, 0x6143, 0x4AAB, 0x10A3, 0x0020,
  0x0020, 0x38C2, 0x6963, 0x5102, 0x1061, 0x38C1, 0x1861, 0x1860, 0x7162, 0x7183, 0x4123, 0x526A,
  0x30A2, 0x18C3, 0x0000, 0x40C2, 0x7183, 0x3103, 0x10C3, 0x1082, 0x40C1, 0x2986, 0x20E3, 0x31E8,
  0x0000, 0x29C7, 0x0000, 0x0820, 0x6101, 0x6101, 0x28E3, 0x1904, 0x38A1, 0x18E3, 0x0820, 0x5902,
  0x40A0, 0x28E3, 0x1861, 0x50E1, 0x58E1, 0x50C1, 0x2986, 0x1061, 0x18E3, 0x1040, 0x0020, 0x1840,
  0x50C1, 0x28A1, 0x4080, 0x4880, 0x29A6, 0x2060, 0x30A2, 0x1082, 0x0820, 0x2986, 0x2145, 0x0000,
  0x0020, 0x10A2, 0x3881, 0x50C1, 0x3880, 0x3081, 0x2860, 0x38A1, 0x2965, 0x1020, 0x2125, 0x0000,
  0x2145, 0x0841, 0x40A1, 0x50E1, 0x48C1, 0x18E3, 0x40A1, 0x50C1, 0x48A0, 0x18A2, 0x2060, 0x10A2,
  0x2125, 0x3060, 0x48A0, 0x48A1, 0x48A0, 0x4880, 0x3060, 0x39E8, 0x0861, 0x31A7, 0x0000, 0x18C3,
  0x1861, 0x4880, 0x4060, 0x4860, 0x4880, 0x4880, 0x1020, 0x426A, 0x2860, 0x4860, 0x4880, 0x4880,
  0x4880, 0x3881, 0x20A2, 0x52AB, 0x30A2, 0x48A0, 0x48A0, 0x50E1, 0x48C1, 0x2904, 0x18A3, 0x40A1,
  0x5902, 0x5922, 0x5902, 0x5902, 0x6122, 0x6122, 0x6142, 0x6963, 0x6963, 0x6983, 0x6963, 0x7163,
  0x7183, 0x71A4, 0x79E5, 0x79C4, 0x8226, 0x79C4, 0x7183, 0x79A3, 0x81E5, 0x81E4, 0x8205, 0x8205,
  0x8A05, 0x8A25, 0x8A45, 0x9225, 0x9245, 0xA36B, 0x9AC7, 0xA2C7, 0xA2E7, 0xA2C6, 0xA328, 0xAB6A,
  0xAB28, 0xAAE6, 0xB3AA, 0xB348, 0xB368, 0xBBEB, 0xBC0B, 0xC3EB, 0xC3EA, 0xC40B, 0xCC4B, 0xCCAD,
  0xDD92, 0xD4CE, 0xD4CD, 0xDDB2, 0xE5F3, 0xDD2F, 0xE5F3, 0xE614, 0xE5B1, 0xEE55, 0xEE34, 0xE613,
  0xFED6, 0xFEB6, 0xF675, 0xF674, 0xF634, 0xEDF2, 0xEDB1, 0xE590, 0xE550, 0xDD0F, 0xCCAD, 0xB3EB,
  0xA389, 0xA369, 0xBBEB, 0xCC6C, 0xCC4C, 0xC40B, 0xB3CA, 0x9B29, 0x9308, 0xA328, 0xBBA9, 0xC3EA,
  0xC3EA, 0xC3EA, 0xBBCA, 0xBBA9, 0xBBA9, 0xB389, 0xAB48, 0x5A27, 0x2145, 0x30E2, 0x8287, 0x61A4,
  0x59A4, 0xA2E7, 0xAB07, 0xAB08, 0xAB08, 0xA2E7, 0x9AC7, 0x5185, 0x49A6, 0x39E8, 0x0841, 0x2081,
  0x8205, 0x9266, 0x9266, 0x9245, 0x6184, 0x4229, 0x28E3, 0x69A4, 0x4229, 0x2966, 0x0820, 0x0020,
  0x30C1, 0x7183, 0x6963, 0x28A1, 0x2081, 0x40E2, 0x0841, 0x6143, 0x7983, 0x6963, 0x4228, 0x40C2,
  0x2104, 0x0000, 0x1840, 0x7183, 0x7183, 0x18C3, 0x31E8, 0x0820, 0x38C2, 0x31C7, 0x31C8, 0x0861,
  0x18E3, 0x2145, 0x0020, 0x2060, 0x6122, 0x6101, 0x31A7, 0x1840, 0x30E2, 0x0882, 0x2061, 0x5901,
  0x30A1, 0x20C2, 0x2881, 0x5902, 0x5901, 0x48C1, 0x29A7, 0x18E3, 0x10A2, 0x2081, 0x0841, 0x2861,
  0x58E1, 0x30A2, 0x48A1, 0x50A1, 0x3A08, 0x2860, 0x4103, 0x18C3, 0x0800, 0x2986, 0x2166, 0x0000,
  0x0041, 0x1082, 0x48C1, 0x58E1, 0x40A1, 0x2861, 0x3061, 0x40A1, 0x31C7, 0x1820, 0x2124, 0x0000,
  0x2966, 0x0841, 0x3880, 0x50C1, 0x50E1, 0x20E3, 0x38A1, 0x50C1, 0x48A0, 0x28C2, 0x2881, 0x0820,
  0x31A7, 0x1840, 0x50C1, 0x50C1, 0x50A0, 0x48A0, 0x50A0, 0x1881, 0x31A7, 0x2145, 0x1082, 0x0800,
  0x10C3, 0x3860, 0x4880, 0x4880, 0x4880, 0x4880, 0x3860, 0x0861, 0x4A8A, 0x3860, 0x4880, 0x4880,
  0x4880, 0x48A0, 0x48A0, 0x2881, 0x4A8A, 0x41C6, 0x48C1, 0x58E1, 0x50E1, 0x58E1, 0x40E2, 0x3186,
  0x3965, 0x5102, 0x6942, 0x6122, 0x6943, 0x6943, 0x6942, 0x6963, 0x7183, 0x71A4, 0x7163, 0x7163,
  0x7183, 0x79E5, 0x79E5, 0x79C4, 0x79C4, 0x79E4, 0x79C4, 0x79A3, 0x81C4, 0x8226, 0x8A88, 0x8A05,
  0x81E4, 0x9267, 0x8A46, 0x9266, 0x9266, 0xA329, 0x9AA7, 0xA2E8, 0xA349, 0xA2C7, 0xA2C7, 0xAB8A,
  0xAB49, 0xAAE7, 0xB348, 0xB328, 0xB348, 0xBC0C, 0xC44D, 0xBBEA, 0xC40B, 0xC44C, 0xCC4C, 0xCC6B,
  0xDD72, 0xDD92, 0xDD0F, 0xD4EE, 0xDD70, 0xDD70, 0xE635, 0xE5F3, 0xE5F3, 0xE5D2, 0xEE55, 0xF6F9,
  0xFED7, 0xFEB6, 0xFE95, 0xF675, 0xF654, 0xEDD2, 0xDD2F, 0xC48D, 0xBC2C, 0xABCA, 0xABEB, 0xC44C,
  0xCC8D, 0xCCAD, 0xC42B, 0xA369, 0x9B28, 0x9B28, 0xAB89, 0xBBCA, 0xC3EA, 0xCC0B, 0xC3EA, 0xC3CA,
  0xC3C9, 0xC3A9, 0xBBEA, 0xBBCA, 0xBBA9, 0x92C8, 0x41E7, 0x18C3, 0x4123, 0x61C5, 0x61C5, 0x9AE7,
  0xB328, 0xB327, 0xAB07, 0xAB28, 0xAB28, 0x9AC7, 0x4985, 0x5A28, 0x2987, 0x0840, 0x28C1, 0x8A25,
  0x9245, 0x9266, 0x9245, 0x71E5, 0x31C7, 0x20E4, 0x6984, 0x39C7, 0x2966, 0x0020, 0x0020, 0x30C1,
  0x79A3, 0x7183, 0x48E2, 0x1061, 0x6163, 0x0841, 0x5122, 0x79A3, 0x81C4, 0x3904, 0x5A28, 0x3965,
  0x0861, 0x0800, 0x6143, 0x71A3, 0x5922, 0x18C3, 0x39E8, 0x30C2, 0x3165, 0x18E3, 0x31E8, 0x0000,
  0x2987, 0x0820, 0x0820, 0x5102, 0x6122, 0x58E1, 0x31C7, 0x40C1, 0x2945, 0x0000, 0x40A1, 0x6102,
  0x30E3, 0x1061, 0x40C1, 0x5902, 0x5901, 0x40E2, 0x31C7, 0x1904, 0x0820, 0x30C2, 0x0841, 0x38A1,
  0x58E1, 0x30C2, 0x50C1, 0x50C1, 0x31C7, 0x3080, 0x40E2, 0x1904, 0x0820, 0x2986, 0x29A7, 0x0800,
  0x0841, 0x1041, 0x50C1, 0x58E1, 0x48A1, 0x2881, 0x3081, 0x50C1, 0x31C7, 0x1820, 0x2145, 0x0020,
  0x2145, 0x0841, 0x38A1, 0x58E1, 0x58C1, 0x2881, 0x30E2, 0x50C1, 0x50A0, 0x3880, 0x20E3, 0x3060,
  0x10C3, 0x2104, 0x48C1, 0x50C1, 0x50C1, 0x50A0, 0x50C1, 0x4080, 0x2145, 0x10A2, 0x31A7, 0x0820,
  0x1061, 0x20C3, 0x48A0, 0x48A0, 0x48A0, 0x4880, 0x50A0, 0x1840, 0x2124, 0x4249, 0x4080, 0x50A0,
  0x50A0, 0x50A0, 0x50C1, 0x58C1, 0x50E2, 0x49C6, 0x4A8A, 0x4123, 0x50E1, 0x58E1, 0x58E1, 0x6102,
  0x4103, 0x3986, 0x3124, 0x5122, 0x6963, 0x6963, 0x6963, 0x6963, 0x7183, 0x7183, 0x71A4, 0x7183,
  0x7162, 0x79C4, 0x7A05, 0x7A05, 0x79A4, 0x79C4, 0x81E5, 0x79A3, 0x79A3, 0x8A67, 0x92E9, 0x8205,
  0x8A04, 0x8A25, 0x92C8, 0x9266, 0x9245, 0x9A66, 0x9A65, 0xA308, 0xABCC, 0xAB29, 0xA2E7, 0xA2E7,
  0xAB28, 0xAB49, 0xAB27, 0xB328, 0xB348, 0xC44D, 0xBC2C, 0xC3EA, 0xC44C, 0xCCEF, 0xCC6C, 0xCC8D,
  0xCCAD, 0xDDF5, 0xDD92, 0xDCEE, 0xDD4F, 0xDD0E, 0xE655, 0xEE76, 0xE635, 0xE5F3, 0xE5F2, 0xEE97,
  0xF675, 0xEE34, 0xE5F2, 0xDD91, 0xDD70, 0xD50F, 0xD4EF, 0xCC8D, 0xC44C, 0xD4CE, 0xD4AD, 0xCCAD,
  0xC46C, 0xBC4C, 0xC44C, 0xC46C, 0xD48D, 0xD48C, 0xD46C, 0xCC4B, 0xCC0A, 0xCC0A, 0xCC0A, 0xC3EA,
  0xC3CA, 0xC3EA, 0xC40A, 0xA329, 0x6248, 0x1904, 0x28E3, 0x6A05, 0x8246, 0x9AE7, 0xB369, 0xB368,
  0xB368, 0xB348, 0xB348, 0xB328, 0x92A7, 0x3965, 0x39C7, 0x18E4, 0x0841, 0x4102, 0x9A86, 0x9A86,
  0x9245, 0x9245, 0x71C4, 0x31A7, 0x2945, 0x5963, 0x4208, 0x1925, 0x0821, 0x0020, 0x40E2, 0x81C3,
  0x7183, 0x6963, 0x1861, 0x5122, 0x1861, 0x4102, 0x8A04, 0x81C4, 0x6163, 0x4249, 0x3903, 0x18E3,
  0x0000, 0x30A1, 0x79A3, 0x7983, 0x4144, 0x2165, 0x18E3, 0x40C1, 0x2986, 0x31E8, 0x0861, 0x10A2,
  0x18E4, 0x0820, 0x2881, 0x6942, 0x6922, 0x4123, 0x1904, 0x4902, 0x2145, 0x0800, 0x6122, 0x6122,
  0x28E3, 0x1040, 0x5902, 0x6122, 0x6101, 0x49A6, 0x1904, 0x2125, 0x1861, 0x30C2, 0x1061, 0x50E1,
  0x58E1, 0x30E3, 0x50E1, 0x50C1, 0x3A08, 0x3081, 0x48E2, 0x2125, 0x0841, 0x2966, 0x31C7, 0x0820,
  0x10A2, 0x1041, 0x58E1, 0x58E1, 0x50C1, 0x2861, 0x3081, 0x6101, 0x31C7, 0x1840, 0x20C3, 0x10A3,
  0x2986, 0x0021, 0x3081, 0x50C1, 0x58C1, 0x40A0, 0x2904, 0x50C1, 0x50A0, 0x50A1, 0x2904, 0x3880,
  0x1020, 0x2966, 0x2060, 0x58C1, 0x50C1, 0x50C1, 0x50C1, 0x50A0, 0x2860, 0x2966, 0x0882, 0x31C7,
  0x0820, 0x10C3, 0x3081, 0x50A1, 0x48A0, 0x50A0, 0x4880, 0x3880, 0x1861, 0x2965, 0x41E7, 0x48A1,
  0x50A0, 0x58E1, 0x5901, 0x58E1, 0x6102, 0x6102, 0x5102, 0x49A6, 0x2924, 0x3924, 0x4903, 0x5922,
  0x5902, 0x6963, 0x5143, 0x3944, 0x28E3, 0x38E3, 0x5963, 0x6984, 0x6984, 0x6963, 0x7183, 0x79A4,
  0x7163, 0x71A4, 0x7A26, 0x7A06, 0x79C4, 0x7983, 0x8226, 0x79C4, 0x79A3, 0x81C4, 0x8A87, 0x8A26,
  0x89E4, 0x8A04, 0x9AC9, 0x92A7, 0x9265, 0x9245, 0x9A86, 0x9AA7, 0xAB8B, 0xB3EC, 0xA307, 0xA2C6,
  0xAAE7, 0xB38A, 0xB369, 0xB389, 0xB348, 0xBBAA, 0xC42C, 0xBBC9, 0xC44C, 0xCCF0, 0xCC6C, 0xD4CF,
  0xCC6B, 0xD52F, 0xDD92, 0xDD2F, 0xDD70, 0xDD70, 0xE56F, 0xE614, 0xEE76, 0xEE35, 0xE5D1, 0xEEB7,
  0xF695, 0xF654, 0xF634, 0xEE13, 0xEE13, 0xEDF2, 0xEDD2, 0xE5B1, 0xDD70, 0xC46C, 0xDD0F, 0xE54F,
  0xE52F, 0xDD4F, 0xDD50, 0xDD2F, 0xDCEE, 0xD4AD, 0xD48C, 0xD46C, 0xCC4B, 0xCC4B, 0xCC4B, 0xCC2B,
  0xCC2B, 0xAB69, 0x6ACA, 0x31A6, 0x18A2, 0x6206, 0xA329, 0xBBCA, 0xC3EA, 0xBBCA, 0xBBA9, 0xB368,
  0xBB68, 0xBB69, 0xBB89, 0x6A06, 0x29A6, 0x31E8, 0x0862, 0x1861, 0x5963, 0x8A04, 0x9265, 0x9A66,
  0x9A65, 0x8225, 0x2945, 0x3186, 0x5964, 0x4208, 0x10A3, 0x0841, 0x0020, 0x40E2, 0x81C4, 0x79C3,
  0x79A3, 0x30A1, 0x30C2, 0x20A2, 0x30A2, 0x8A04, 0x81E4, 0x81C4, 0x39C7, 0x4965, 0x2125, 0x0000,
  0x1840, 0x7183, 0x7183, 0x7183, 0x2125, 0x31C7, 0x1020, 0x30E3, 0x3A08, 0x2986, 0x0000, 0x2145,
  0x0841, 0x0820, 0x5922, 0x7163, 0x6942, 0x3186, 0x2061, 0x4144, 0x0882, 0x38A1, 0x6942, 0x6921,
  0x18A2, 0x2881, 0x6963, 0x6142, 0x6122, 0x4228, 0x1082, 0x18E4, 0x38A1, 0x28C2, 0x1061, 0x5902,
  0x6101, 0x3124, 0x50E1, 0x58E1, 0x39E8, 0x30A1, 0x48C1, 0x2165, 0x0861, 0x2986, 0x2986, 0x0820,
  0x2125, 0x1861, 0x6101, 0x6101, 0x58E1, 0x2060, 0x3081, 0x60E1, 0x3986, 0x1840, 0x2061, 0x31A7,
  0x2104, 0x1082, 0x2881, 0x58C1, 0x58E1, 0x58E1, 0x18C3, 0x48A1, 0x50C1, 0x50A0, 0x38A1, 0x2903,
  0x40A0, 0x10A2, 0x2125, 0x48C1, 0x50A0, 0x50C1, 0x50A0, 0x50A0, 0x50C1, 0x20A2, 0x31A7, 0x1904,
  0x18E4, 0x1020, 0x20E3, 0x48A1, 0x50A0, 0x50A0, 0x50A0, 0x50A0, 0x2082, 0x48C1, 0x2924, 0x4A49,
  0x3880, 0x6101, 0x6102, 0x6122, 0x6122, 0x6122, 0x6122, 0x6922, 0x6943, 0x50E2, 0x4902, 0x4903,
  0x40C2, 0x48E2, 0x5123, 0x5943, 0x6143, 0x5943, 0x5123, 0x5123, 0x5123, 0x5943, 0x5123, 0x5943,
  0x5102, 0x6142, 0x71E5, 0x7A05, 0x79C4, 0x7983, 0x8A46, 0x8205, 0x81C4, 0x79A3, 0x8A87, 0x8205,
  0x89E4, 0x8A05, 0x9287, 0x9B2A, 0x9245, 0x9245, 0x9AA7, 0x9A85, 0xA308, 0xAB6A, 0xA2C7, 0xA2E7,
  0xA2A6, 0xAB08, 0xB38A, 0xB3AB, 0xB368, 0xB389, 0xBBCA, 0xBBCA, 0xC40B, 0xCCAE, 0xCC6D, 0xCC6C,
  0xCCAD, 0xD4AC, 0xD52F, 0xE5D3, 0xDD50, 0xE614, 0xE590, 0xE5F3, 0xE634, 0xE634, 0xEE13, 0xEE33,
  0xFEF7, 0xFED6, 0xFEB6, 0xF695, 0xF675, 0xF654, 0xF633, 0xEE13, 0xEDF2, 0xEDF2, 0xC4AE, 0x9BAA,
  0xC48D, 0xE591, 0xE591, 0xE570, 0xDD4F, 0xDD0F, 0xD4EE, 0xD4CD, 0xD4AD, 0xD46C, 0xD48C, 0xB3EB,
  0x6268, 0x2986, 0x20E3, 0x7A87, 0xBBEA, 0xCC0B, 0xC42B, 0xC40B, 0xC40B, 0xC3CA, 0xBB89, 0xBB89,
  0xBBA9, 0xAB89, 0x5A48, 0x428B, 0x10C3, 0x0861, 0x4123, 0x9245, 0x9245, 0x9A66, 0x9A86, 0xA2C7,
  0x8A66, 0x2945, 0x41A6, 0x4964, 0x39E8, 0x0882, 0x0861, 0x1061, 0x5122, 0x81C4, 0x79C3, 0x81C3,
  0x5922, 0x2081, 0x2081, 0x28A1, 0x8A05, 0x8A25, 0x8A04, 0x5164, 0x4A08, 0x3965, 0x0020, 0x0800,
  0x6163, 0x81C4, 0x79A3, 0x5943, 0x1904, 0x31A7, 0x2882, 0x2966, 0x4ACC, 0x0020, 0x0861, 0x1082,
  0x0841, 0x1860, 0x6963, 0x6962, 0x5901, 0x2966, 0x48E2, 0x2966, 0x0800, 0x6122, 0x6922, 0x5901,
  0x18C3, 0x40A1, 0x6122, 0x6942, 0x5902, 0x3A09, 0x18E3, 0x0882, 0x5922, 0x28E3, 0x1041, 0x6942,
  0x6101, 0x3124, 0x58E1, 0x50C1, 0x29A7, 0x40C1, 0x5102, 0x3A09, 0x1082, 0x31C7, 0x2966, 0x1020,
  0x2125, 0x1840, 0x6101, 0x6101, 0x6101, 0x2060, 0x38A1, 0x60E1, 0x4185, 0x18A2, 0x3880, 0x31E8,
  0x0862, 0x1924, 0x2081, 0x58C0, 0x58E1, 0x58E1, 0x3904, 0x38C2, 0x58C1, 0x50A0, 0x50A0, 0x2945,
  0x50A1, 0x2040, 0x31C7, 0x2061, 0x58C1, 0x58C1, 0x50A0, 0x50A0, 0x58E1, 0x50C1, 0x2924, 0x2125,
  0x2125, 0x18C3, 0x1881, 0x28E3, 0x50C0, 0x50A0, 0x50A0, 0x50C1, 0x48A1, 0x2081, 0x58E1, 0x38E3,
  0x4A8A, 0x3903, 0x60E1, 0x6122, 0x6122, 0x6963, 0x6922, 0x6963, 0x6963, 0x6922, 0x6942, 0x6943,
  0x6942, 0x7142, 0x71C5, 0x79C5, 0x7184, 0x7142, 0x7163, 0x7183, 0x71A4, 0x79C5, 0x7183, 0x71A4,
  0x7983, 0x7183, 0x79C5, 0x81E5, 0x8205, 0x79A4, 0x7983, 0x81E5, 0x81C4, 0x81A3, 0x8A25, 0x8A46,
  0x8A04, 0x8A04, 0x8A05, 0x8A45, 0x9245, 0x9225, 0x9AA7, 0x9AA7, 0x9AA6, 0xAB4A, 0xA329, 0xAB07,
  0xAAE6, 0xAAC6, 0xB369, 0xB3AB, 0xB368, 0xB389, 0xBBA9, 0xBBA9, 0xC3EA, 0xCCCF, 0xCCAE, 0xCC6C,
  0xD48D, 0xD4AD, 0xDD50, 0xDDD3, 0xE5F4, 0xE5D3, 0xE5B2, 0xE5B1, 0xEE97, 0xEED8, 0xEE55, 0xEE13,
  0xFF17, 0xFEF7, 0xFED6, 0xFEB6, 0xF695, 0xF675, 0xF675, 0xF654, 0xF633, 0xEE33, 0xEE13, 0xEE13,
  0xBC8E, 0x7AC8, 0x8329, 0xBC6D, 0xDD50, 0xD52F, 0xCCCE, 0xBC4C, 0xABCB, 0x6226, 0x39A6, 0x2124,
  0x4184, 0x8B29, 0xC44C, 0xD46C, 0xCC6C, 0xCC4B, 0xCC2B, 0xCC2B, 0xC40B, 0xC40B, 0xC3EA, 0xB389,
  0x830A, 0x424A, 0x31A7, 0x0841, 0x20A1, 0x7A26, 0xA2A6, 0xA2C7, 0xAB08, 0xAB29, 0xAB28, 0x8AA7,
  0x39A6, 0x49E7, 0x41A6, 0x3A09, 0x0841, 0x1082, 0x1041, 0x5943, 0x81C4, 0x81E4, 0x79C4, 0x7163,
  0x20A2, 0x30C2, 0x30E2, 0x8A25, 0x8A05, 0x8A25, 0x6183, 0x4249, 0x4165, 0x0861, 0x0000, 0x38C1,
  0x79A3, 0x79C4, 0x81C4, 0x3945, 0x2104, 0x10A2, 0x28A2, 0x3A49, 0x18E4, 0x0020, 0x18E3, 0x0841,
  0x0841, 0x38C1, 0x7183, 0x6942, 0x4943, 0x3165, 0x4964, 0x10C3, 0x30A1, 0x6942, 0x6922, 0x48E2,
  0x20C3, 0x6122, 0x6942, 0x6942, 0x4102, 0x31C7, 0x2145, 0x1041, 0x7183, 0x18E3, 0x2061, 0x6942,
  0x6901, 0x3124, 0x58E1, 0x40A1, 0x31E8, 0x50E2, 0x5922, 0x31C7, 0x0841, 0x31C7, 0x2166, 0x2040,
  0x2125, 0x2881, 0x6922, 0x6121, 0x6901, 0x2881, 0x38C1, 0x6101, 0x4103, 0x2945, 0x48A1, 0x39E8,
  0x0841, 0x29A7, 0x1840, 0x60E1, 0x58E1, 0x58E1, 0x48C1, 0x3124, 0x58C0, 0x58C1, 0x50A1, 0x38E2,
  0x3103, 0x58C1, 0x18A2, 0x31C7, 0x48A1, 0x50C0, 0x50A0, 0x50E1, 0x58E2, 0x5902, 0x48E2, 0x2965,
  0x2124, 0x1904, 0x20E3, 0x18C3, 0x40A1, 0x50C1, 0x50A0, 0x58C1, 0x58E1, 0x30A1, 0x40C1, 0x60E1,
  0x50E1, 0x4A08, 0x41E7, 0x5143, 0x6963, 0x6963, 0x6963, 0x6942, 0x6943, 0x6943, 0x6942, 0x7163,
  0x7163, 0x6942, 0x71A4, 0x7A06, 0x7184, 0x7163, 0x7163, 0x79C5, 0x79C5, 0x71A4, 0x7183, 0x7984,
  0x7983, 0x7162, 0x81C5, 0x8205, 0x8226, 0x81E5, 0x7983, 0x7983, 0x81C4, 0x81A3, 0x8A67, 0x92A8,
  0x8A05, 0x89E4, 0x8A25, 0x9266, 0x9225, 0x9225, 0x9A86, 0x9AC8, 0xA2C7, 0xA2E7, 0xAB29, 0xAB08,
  0xAB28, 0xAAE7, 0xAB49, 0xB3CB, 0xB369, 0xBB89, 0xBBCA, 0xBBA9, 0xBBA9, 0xC40B, 0xCC8D, 0xCC6C,
  0xCCAD, 0xD4AD, 0xD530, 0xDD50, 0xE5F4, 0xE5D2, 0xE5F3, 0xE590, 0xE5F3, 0xEE55, 0xEED8, 0xEE34,
  0xFF18, 0xFEF7, 0xFEF7, 0xFED7, 0xFEB6, 0xF695, 0xF695, 0xF675, 0xF654, 0xF634, 0xEE33, 0xEE13,
  0xEDF3, 0xEDF2, 0xC4EF, 0x8309, 0x4184, 0x20C2, 0x3986, 0x3145, 0x18E3, 0x39A5, 0x8309, 0xBC4C,
  0xDD0F, 0xD4CE, 0xD4AD, 0xD4AD, 0xD4AD, 0xD48C, 0xCC6C, 0xD48C, 0xD46C, 0xABCB, 0x730A, 0x39E8,
  0x2104, 0x1082, 0x18A1, 0x61C4, 0xAB08, 0xAB08, 0xAAE7, 0xA2E7, 0xAB08, 0xB349, 0x8A87, 0x3965,
  0x4164, 0x39C8, 0x18E4, 0x1061, 0x1082, 0x1061, 0x71A4, 0x8A04, 0x81A3, 0x81C3, 0x81C4, 0x20A2,
  0x1861, 0x30C2, 0x8A25, 0x8A25, 0x9245, 0x81E4, 0x39E8, 0x39A6, 0x10A2, 0x0020, 0x2060, 0x79A3,
  0x79C4, 0x81E4, 0x79A3, 0x1924, 0x2945, 0x1881, 0x20A2, 0x426A, 0x0000, 0x20E3, 0x0841, 0x20C3,
  0x1040, 0x6122, 0x7183, 0x7183, 0x39C7, 0x30A1, 0x2986, 0x0820, 0x6142, 0x7142, 0x6942, 0x30E3,
  0x38C2, 0x6922, 0x6963, 0x7142, 0x5207, 0x10A3, 0x2125, 0x30A1, 0x6942, 0x2125, 0x38C1, 0x6921,
  0x6921, 0x3103, 0x5902, 0x40A1, 0x31C7, 0x5922, 0x6122, 0x31E8, 0x0020, 0x2966, 0x2104, 0x2061,
  0x2145, 0x38A1, 0x6122, 0x6122, 0x6922, 0x2881, 0x40E2, 0x60E1, 0x40C2, 0x2986, 0x50C1, 0x2904,
  0x2966, 0x31C7, 0x0840, 0x6101, 0x6101, 0x58E1, 0x60E1, 0x20E3, 0x50C1, 0x58E1, 0x58E1, 0x50C1,
  0x3165, 0x50A1, 0x3881, 0x2986, 0x20C3, 0x58C1, 0x58C1, 0x58E1, 0x58E2, 0x6102, 0x58E1, 0x48C1,
  0x2925, 0x10C3, 0x2145, 0x10C3, 0x18E4, 0x50E1, 0x58E1, 0x58C1, 0x58E1, 0x6102, 0x2881, 0x58E2,
  0x6922, 0x6942, 0x5143, 0x5249, 0x5AAA, 0x6184, 0x7163, 0x6922, 0x6943, 0x7183, 0x7184, 0x7183,
  0x7142, 0x7122, 0x7163, 0x79E5, 0x79A4, 0x7183, 0x7163, 0x79E5, 0x79C5, 0x7983, 0x7963, 0x79A4,
  0x79C4, 0x7983, 0x7963, 0x8226, 0x8A47, 0x79C4, 0x79A3, 0x81A3, 0x79A3, 0x81C3, 0x8A26, 0x8A88,
  0x8A25, 0x8A46, 0x8A04, 0x9246, 0x9246, 0x9224, 0x9245, 0xA309, 0xA308, 0xA2C6, 0xA2E8, 0xAB29,
  0xAB08, 0xAAE7, 0xAB07, 0xB369, 0xB389, 0xBBAA, 0xBBCA, 0xBBCA, 0xC3C9, 0xC3EA, 0xCC8E, 0xCC6C,
  0xD4CE, 0xD4EE, 0xDD30, 0xDD70, 0xDD70, 0xE5F3, 0xE635, 0xE5D2, 0xEEB7, 0xE613, 0xEEB8, 0xEE75,
  0xFF18, 0xFF18, 0xFEF7, 0xFED7, 0xFED6, 0xFEB6, 0xF695, 0xF675, 0xF675, 0xF654, 0xF634, 0xEE13,
  0xEDF2, 0xE5D2, 0xEDF3, 0xE5B1, 0xB4AF, 0x5A27, 0x3985, 0x41A5, 0x20E2, 0x5A47, 0x8B6A, 0xB40B,
  0xCCAE, 0xD4CE, 0xD4AD, 0xCC6D, 0xCC8D, 0xBC4C, 0x9B6A, 0x72A8, 0x39A6, 0x1904, 0x18C3, 0x10A2,
  0x28E2, 0x7226, 0xAB08, 0xB348, 0xB348, 0xB348, 0xAB28, 0xAB08, 0xB328, 0x82A8, 0x2945, 0x2965,
  0x2166, 0x0841, 0x18C2, 0x10A2, 0x28A2, 0x79C4, 0x89E4, 0x81E4, 0x81C3, 0x81C3, 0x30C2, 0x0861,
  0x4103, 0x9266, 0x9245, 0x9245, 0x9245, 0x41C7, 0x3A08, 0x1904, 0x0020, 0x1840, 0x7183, 0x81C4,
  0x81E4, 0x81E5, 0x4964, 0x1904, 0x2104, 0x40E2, 0x31E8, 0x0020, 0x1061, 0x18C3, 0x30C2, 0x10A2,
  0x30A1, 0x6963, 0x7183, 0x5942, 0x29A7, 0x4165, 0x0882, 0x38C1, 0x7163, 0x6942, 0x7163, 0x18A2,
  0x5102, 0x6962, 0x7183, 0x7162, 0x31C7, 0x1062, 0x2125, 0x5102, 0x5922, 0x2125, 0x5122, 0x6942,
  0x6921, 0x3124, 0x6101, 0x4943, 0x3186, 0x6122, 0x6942, 0x3A08, 0x0821, 0x424A, 0x18C3, 0x2861,
  0x2125, 0x40C1, 0x6922, 0x6922, 0x6922, 0x3081, 0x30A2, 0x6101, 0x50C1, 0x29A6, 0x48C1, 0x2881,
  0x426A, 0x2104, 0x0861, 0x60E1, 0x60E1, 0x58E1, 0x6101, 0x4144, 0x4102, 0x58E1, 0x5902, 0x58E1,
  0x4124, 0x40C2, 0x50A0, 0x2860, 0x4249, 0x3081, 0x58E1, 0x58E1, 0x6122, 0x58E1, 0x58E1, 0x58E1,
  0x48C1, 0x2124, 0x39E7, 0x2104, 0x31C7, 0x3104, 0x58E1, 0x58C1, 0x58E1, 0x6122, 0x6122, 0x30E2,
  0x7163, 0x6922, 0x6942, 0x6942, 0x6163, 0x51E7, 0x41C7, 0x4144, 0x6143, 0x7184, 0x79C5, 0x71A4,
  0x7183, 0x7142, 0x7142, 0x71A4, 0x79A4, 0x79A4, 0x7163, 0x79C5, 0x7A06, 0x7983, 0x7162, 0x79C4,
  0x79C5, 0x81C4, 0x7983, 0x81E5, 0x8226, 0x81E4, 0x81C4, 0x81C4, 0x81A3, 0x81A3, 0x81A3, 0x8A67,
  0x8A26, 0x8A25, 0x8A25, 0x9245, 0x9AA7, 0x9245, 0x9224, 0x9AA7, 0xA329, 0xA2C6, 0xA2C6, 0xAB6A,
  0xAB28, 0xAB28, 0xAB48, 0xB327, 0xB348, 0xBC2D, 0xBC0B, 0xBBA9, 0xC3CA, 0xC40B, 0xC44C, 0xCCEF,
  0xCCAE, 0xD4EF, 0xDDB3, 0xDD2F, 0xDD70, 0xDD50, 0xE613, 0xE5D2, 0xEEB7, 0xE613, 0xEE76, 0xEEB7,
  0xEE54, 0xEE75, 0xF6F7, 0xFEF7, 0xFEF7, 0xFED6, 0xFEB6, 0xFEB6, 0xFEB6, 0xF695, 0xF675, 0xE5D2,
  0xBCCF, 0x8BAC, 0x5A67, 0x62A8, 0x93AB, 0xCCCE, 0xED90, 0xE570, 0xD4EE, 0x9369, 0x6267, 0x3123,
  0x2903, 0x28E3, 0x28E3, 0x20C2, 0x20C2, 0x20E3, 0x2924, 0x2944, 0x2124, 0x20E3, 0x3964, 0x7A66,
  0xB348, 0xB307, 0xAB07, 0xAB07, 0xB327, 0xAB28, 0xAB28, 0xAB08, 0x59E5, 0x2987, 0x31E8, 0x10A3,
  0x1082, 0x18A2, 0x1062, 0x4923, 0x8A05, 0x8A04, 0x89E4, 0x81C3, 0x79A3, 0x30E2, 0x0861, 0x5943,
  0x9245, 0x9266, 0x9266, 0x9266, 0x49A5, 0x31A7, 0x2945, 0x0820, 0x0820, 0x6963, 0x89E4, 0x81E4,
  0x81E4, 0x8A04, 0x2924, 0x2125, 0x1041, 0x3965, 0x2145, 0x0820, 0x3965, 0x1040, 0x4903, 0x1082,
  0x5922, 0x79C4, 0x7983, 0x49A6, 0x20E3, 0x29A7, 0x0820, 0x6963, 0x7162, 0x6942, 0x6122, 0x20C3,
  0x6942, 0x7183, 0x7142, 0x6142, 0x29A7, 0x31A7, 0x1041, 0x7163, 0x4902, 0x20E3, 0x6942, 0x6942,
  0x6921, 0x3166, 0x6901, 0x4985, 0x2104, 0x6963, 0x6942, 0x39C7, 0x0020, 0x426A, 0x1882, 0x2061,
  0x1904, 0x48E2, 0x6942, 0x6942, 0x6101, 0x40A1, 0x30A2, 0x6101, 0x6122, 0x3186, 0x48C1, 0x50C1,
  0x4249, 0x0861, 0x3A08, 0x40A1, 0x6101, 0x6101, 0x6122, 0x50E2, 0x3103, 0x6102, 0x6102, 0x58E1,
  0x50C1, 0x3986, 0x58C1, 0x58E1, 0x20A2, 0x31A7, 0x50C1, 0x58E1, 0x6102, 0x6101, 0x58E1, 0x6102,
  0x6122, 0x5102, 0x39C6, 0x31C7, 0x18C3, 0x31C7, 0x38E3, 0x58E1, 0x58E1, 0x6943, 0x6963, 0x5102,
  0x40E2, 0x6942, 0x6943, 0x6942, 0x6963, 0x7163, 0x7163, 0x6143, 0x5944, 0x4923, 0x4903, 0x4943,
  0x5144, 0x5123, 0x5902, 0x6964, 0x6984, 0x6963, 0x6942, 0x7A06, 0x79E5, 0x7983, 0x7962, 0x8247,
  0x8247, 0x79A4, 0x79A3, 0x7983, 0x81E5, 0x81E5, 0x81E4, 0x8226, 0x81C4, 0x81A3, 0x81A3, 0x81E4,
  0x8A46, 0x8A46, 0x9246, 0x9204, 0x9AE8, 0x9AA7, 0x9245, 0x9A45, 0xA308, 0xA2E8, 0xA2C6, 0xA2E7,
  0xAB49, 0xAB28, 0xB36A, 0xB348, 0xAB07, 0xBC2D, 0xC48E, 0xBBCA, 0xBBC9, 0xC42B, 0xC40B, 0xD531,
  0xCCAD, 0xD4CD, 0xDD92, 0xDD30, 0xDD71, 0xDD70, 0xE590, 0xE5F3, 0xE656, 0xE5F3, 0xEE14, 0xF6F9,
  0xFF38, 0xEEB6, 0xD5B2, 0xCD50, 0xBD10, 0xB4CF, 0xB4AF, 0x9C2D, 0xA44E, 0x9BEC, 0x93AB, 0xA42D,
  0xB4CF, 0xD571, 0xF654, 0xF633, 0xEDD2, 0xE590, 0xE570, 0xE570, 0xE550, 0xE550, 0xE550, 0xE550,
  0xE54F, 0xDD2F, 0xDD0F, 0xDD0E, 0xC46C, 0x9B8A, 0x6268, 0x3145, 0x5A06, 0xAB8A, 0xCC2B, 0xC3CA,
  0xBB88, 0xBB68, 0xBB89, 0xBB68, 0xB348, 0xBB88, 0x9AC7, 0x39C7, 0x31A7, 0x2124, 0x1061, 0x20A2,
  0x20C2, 0x1061, 0x71E4, 0x9A65, 0x9225, 0x9225, 0x8A24, 0x81C4, 0x28C2, 0x1882, 0x7A05, 0x9245,
  0x9AA7, 0x9A86, 0x9266, 0x5984, 0x424A, 0x18E4, 0x0020, 0x0820, 0x5102, 0x8A04, 0x8A04, 0x81E4,
  0x81E4, 0x5983, 0x1904, 0x2125, 0x20A2, 0x2986, 0x0020, 0x3964, 0x1061, 0x5922, 0x28C2, 0x2061,
  0x6963, 0x79A4, 0x6983, 0x31A7, 0x2987, 0x0841, 0x38C1, 0x7983, 0x7162, 0x7142, 0x4923, 0x38E2,
  0x7162, 0x7183, 0x7162, 0x4985, 0x0882, 0x2987, 0x38C2, 0x7983, 0x4185, 0x1861, 0x7183, 0x7162,
  0x6921, 0x3166, 0x6921, 0x5A48, 0x1881, 0x6942, 0x7163, 0x41E8, 0x0861, 0x52EC, 0x1861, 0x1840,
  0x2986, 0x5922, 0x6942, 0x6922, 0x6901, 0x50E1, 0x20A2, 0x6122, 0x6942, 0x3985, 0x40A1, 0x6101,
  0x3144, 0x2986, 0x39E8, 0x30A1, 0x6121, 0x6101, 0x6102, 0x6102, 0x2903, 0x5902, 0x6101, 0x5902,
  0x6122, 0x4944, 0x48E2, 0x58C1, 0x58E1, 0x3145, 0x39C7, 0x6102, 0x6102, 0x58E1, 0x6122, 0x6122,
  0x6122, 0x6122, 0x6122, 0x28A2, 0x31C7, 0x18E4, 0x31C8, 0x4103, 0x5901, 0x6963, 0x6963, 0x6942,
  0x4902, 0x5103, 0x7183, 0x6943, 0x6963, 0x7183, 0x7163, 0x7142, 0x7163, 0x7163, 0x7142, 0x7183,
  0x7184, 0x7163, 0x7142, 0x79C5, 0x79A4, 0x7984, 0x7162, 0x79C4, 0x79C5, 0x7983, 0x7963, 0x8247,
  0x8226, 0x79C5, 0x81C4, 0x7983, 0x7983, 0x81E5, 0x81E5, 0x8A47, 0x81E5, 0x81E5, 0x81A3, 0x81A3,
  0x9287, 0x92C9, 0x9246, 0x9225, 0x9266, 0x9A87, 0x9A66, 0x9A65, 0x9A86, 0xA308, 0xAB08, 0xA2E7,
  0xAB08, 0xAB49, 0xAB69, 0xB369, 0xB328, 0xB348, 0xBC0C, 0xBBCA, 0xBBA9, 0xC3EA, 0xC42B, 0xCCCF,
  0xD4CE, 0xD4AD, 0xDD50, 0xDD92, 0xDD2F, 0xE5F3, 0xE591, 0xE5F3, 0xEED9, 0xEE55, 0xE613, 0xEED8,
  0xFF38, 0xFF38, 0xFF18, 0xFEF7, 0xEE95, 0xF6D7, 0xFF18, 0xFEF7, 0xFED7, 0xFEB6, 0xFE95, 0xF695,
  0xF675, 0xF654, 0xF634, 0xEE13, 0xEDD2, 0xEDB1, 0xE5B1, 0xE591, 0xE591, 0xE591, 0xE590, 0xED91,
  0xE590, 0xC4AE, 0x9BAB, 0x5A47, 0x3965, 0x5A47, 0x8B29, 0xCC8D, 0xD4AD, 0xCC6C, 0xCC0B, 0xCC2B,
  0xC3EA, 0xBBA9, 0xC3CA, 0xC3C9, 0xA328, 0x5A27, 0x2986, 0x2104, 0x1061, 0x1881, 0x4963, 0x28E3,
  0x28A2, 0x8A25, 0x9245, 0x9245, 0x8A04, 0x9224, 0x79E4, 0x1882, 0x30E2, 0x9246, 0x9A66, 0x9265,
  0x9266, 0x9A86, 0x69C4, 0x3A29, 0x1904, 0x0820, 0x0820, 0x40E2, 0x8A04, 0x8A25, 0x89E4, 0x8A25,
  0x8A04, 0x3985, 0x2965, 0x0820, 0x29A7, 0x0820, 0x3903, 0x18A2, 0x40E2, 0x6963, 0x0862, 0x48E1,
  0x79A3, 0x79A3, 0x5184, 0x2986, 0x18E4, 0x0820, 0x6963, 0x79A3, 0x7162, 0x7963, 0x20C3, 0x6142,
  0x7983, 0x7983, 0x7983, 0x3186, 0x10C3, 0x2104, 0x6963, 0x7983, 0x3965, 0x3081, 0x7183, 0x7162,
  0x6922, 0x2924, 0x7121, 0x5228, 0x2081, 0x7163, 0x7142, 0x41A6, 0x10A3, 0x52EC, 0x2061, 0x1840,
  0x2124, 0x6122, 0x6922, 0x6922, 0x6922, 0x58E1, 0x1882, 0x6122, 0x6922, 0x4144, 0x38E2, 0x6101,
  0x38A1, 0x52AB, 0x2966, 0x2903, 0x6942, 0x6922, 0x6122, 0x6122, 0x48E2, 0x3903, 0x6102, 0x6122,
  0x6122, 0x6102, 0x30E3, 0x58E1, 0x60E1, 0x58E1, 0x2925, 0x41C6, 0x58E1, 0x6102, 0x6943, 0x6142,
  0x6943, 0x6943, 0x6922, 0x6942, 0x2061, 0x2145, 0x18E4, 0x1082, 0x28C3, 0x5123, 0x6984, 0x6943,
  0x6943, 0x5123, 0x5123, 0x7183, 0x7183, 0x7163, 0x7183, 0x7142, 0x7163, 0x7163, 0x7143, 0x7142,
  0x71A4, 0x71A4, 0x7142, 0x7183, 0x79A4, 0x79C4, 0x7963, 0x79A4, 0x8206, 0x79A4, 0x7963, 0x79C4,
  0x8268, 0x81E5, 0x81E5, 0x81C4, 0x7983, 0x81A4, 0x8205, 0x8A47, 0x8205, 0x81E4, 0x81E4, 0x81A3,
  0x8A46, 0x92A8, 0x92A8, 0x9246, 0x9225, 0x9245, 0x9A87, 0x9AA7, 0x9A86, 0xA308, 0xAB8A, 0xAB08,
  0xAAE7, 0xB3CC, 0xB3AB, 0xB348, 0xB369, 0xB369, 0xBB89, 0xBC0B, 0xC3CA, 0xC3EA, 0xCCAE, 0xCC4C,
  0xD4CE, 0xD4CD, 0xDD51, 0xDD50, 0xDD4F, 0xE635, 0xE635, 0xE590, 0xEE76, 0xEE76, 0xEE34, 0xEEF9,
  0xFF38, 0xFF39, 0xFF18, 0xFEF7, 0xFED7, 0xEE55, 0xD5B3, 0xC550, 0xC551, 0xDE14, 0xF6B6, 0xFED6,
  0xFEB6, 0xF695, 0xF675, 0xF695, 0xF675, 0xF633, 0xEE13, 0xDD50, 0xB46D, 0x9BCC, 0x836B, 0x5227,
  0x41C6, 0x5227, 0x7AE9, 0xABEB, 0xD4CE, 0xDD0E, 0xDCCD, 0xD4AD, 0xD48C, 0xD48C, 0xD46C, 0xD46C,
  0xD46C, 0xD46C, 0x9B49, 0x5248, 0x2124, 0x20E3, 0x18A2, 0x1882, 0x61C4, 0x7205, 0x20A2, 0x4923,
  0x9A86, 0x9A65, 0x9245, 0x9A65, 0xA285, 0x5163, 0x20C2, 0x7205, 0x9A86, 0x9A86, 0x9A86, 0x9A86,
  0x9A86, 0x8225, 0x3A08, 0x1904, 0x0820, 0x0840, 0x4102, 0x9245, 0x9245, 0x8A25, 0x9246, 0x8A45,
  0x71A4, 0x2145, 0x2104, 0x2145, 0x0862, 0x30C2, 0x20A2, 0x30C1, 0x79A3, 0x4123, 0x2081, 0x6963,
  0x79C4, 0x81C4, 0x3965, 0x2986, 0x0020, 0x4922, 0x81A3, 0x79A3, 0x7163, 0x6122, 0x20A2, 0x7983,
  0x7983, 0x79A3, 0x6163, 0x2124, 0x2186, 0x2061, 0x79A3, 0x7163, 0x2104, 0x5922, 0x7162, 0x7162,
  0x6122, 0x3964, 0x7122, 0x4228, 0x30A1, 0x6942, 0x7142, 0x4165, 0x1904, 0x426A, 0x2881, 0x1881,
  0x18A2, 0x6942, 0x6922, 0x6922, 0x6921, 0x6901, 0x2082, 0x6101, 0x6921, 0x5102, 0x3924, 0x6922,
  0x6122, 0x4208, 0x2104, 0x31A6, 0x6122, 0x6922, 0x6942, 0x6942, 0x6922, 0x20E3, 0x6143, 0x6143,
  0x6102, 0x6122, 0x5103, 0x3903, 0x6121, 0x6122, 0x6122, 0x2903, 0x41E7, 0x6122, 0x6943, 0x6963,
  0x6943, 0x6943, 0x6942, 0x6922, 0x6942, 0x2081, 0x30C2, 0x18A3, 0x10C3, 0x20C3, 0x30E2, 0x5943,
  0x6143, 0x71A4, 0x5943, 0x5123, 0x7163, 0x7142, 0x7163, 0x7142, 0x7183, 0x79A4, 0x7183, 0x7142,
  0x7184, 0x79C5, 0x7143, 0x7163, 0x79C5, 0x79A4, 0x7963, 0x81E5, 0x8227, 0x79A4, 0x7983, 0x7962,
  0x81E5, 0x81E5, 0x81C5, 0x81E5, 0x81C4, 0x81A3, 0x81C4, 0x8A67, 0x8A26, 0x8A05, 0x8A05, 0x81C3,
  0x89E4, 0x92A8, 0x9B2A, 0x9287, 0x9245, 0x9224, 0x9AA7, 0x9AE8, 0x9AA6, 0xA2C7, 0xAB8B, 0xAB29,
  0xAAC6, 0xB3CC, 0xB40D, 0xB348, 0xB369, 0xBBAA, 0xB389, 0xBBEB, 0xC40B, 0xC40B, 0xCCCF, 0xCC6C,
  0xCC8C, 0xD4AD, 0xDDD4, 0xDD71, 0xDD2F, 0xE656, 0xEED9, 0xE5F3, 0xE613, 0xEE55, 0xE613, 0xF6F9,
  0xFF59, 0xFF39, 0xFF39, 0xFF18, 0xFEF7, 0xFED7, 0xFEF7, 0xFEF7, 0xF6D6, 0xCDB2, 0xACAF, 0x9C2E,
  0x940D, 0x93EC, 0x836B, 0x6268, 0x6AA8, 0x6AC9, 0x6AC9, 0x732A, 0x7B4B, 0x9BED, 0xB46E, 0xCCCF,
  0xED91, 0xED90, 0xE52F, 0xDD0E, 0xDCEE, 0xDCCE, 0xDCCE, 0xD4CE, 0xDCCD, 0xDCEE, 0xCC8D, 0xABCB,
  0x72A8, 0x3985, 0x3964, 0x61E6, 0x39A6, 0x2124, 0x4963, 0xA2E7, 0x61C5, 0x20A2, 0x7A25, 0xA2A6,
  0x9A65, 0x9A65, 0xA2A6, 0x9A86, 0x3923, 0x4984, 0xA2E7, 0xA2C6, 0xA2A6, 0xA2E7, 0xA2E8, 0xA2E7,
  0x9286, 0x4208, 0x10C3, 0x0820, 0x1061, 0x4923, 0x9266, 0x9245, 0x9245, 0x9246, 0x9286, 0x8A25,
  0x3144, 0x18C3, 0x18C3, 0x18E3, 0x28A1, 0x3103, 0x1861, 0x79C4, 0x79C4, 0x18A2, 0x4902, 0x81C4,
  0x81C4, 0x6184, 0x3A29, 0x0841, 0x30A1, 0x7983, 0x7983, 0x7962, 0x7983, 0x38E2, 0x40E2, 0x7962,
  0x7163, 0x79A3, 0x41C6, 0x10C3, 0x2966, 0x6163, 0x79A3, 0x7163, 0x2104, 0x7983, 0x7162, 0x7162,
  0x5922, 0x4103, 0x6121, 0x39E8, 0x4902, 0x6942, 0x7142, 0x4144, 0x1904, 0x4AAB, 0x30A1, 0x1061,
  0x1041, 0x7142, 0x7142, 0x7122, 0x6921, 0x7121, 0x30A2, 0x6102, 0x6942, 0x5901, 0x3144, 0x6922,
  0x6901, 0x38A1, 0x52AB, 0x18E3, 0x40E2, 0x6942, 0x6962, 0x6942, 0x6922, 0x4903, 0x5144, 0x6122,
  0x6101, 0x6922, 0x6963, 0x3104, 0x5943, 0x6943, 0x6101, 0x6902, 0x4124, 0x39E8, 0x6164, 0x6943,
  0x6942, 0x7183, 0x6963, 0x6963, 0x7163, 0x6984, 0x28C2, 0x5902, 0x40E2, 0x2082, 0x0861, 0x28A2,
  0x5943, 0x6164, 0x6963, 0x5922, 0x48E2, 0x7162, 0x7142, 0x7183, 0x79A4, 0x79A4, 0x7163, 0x7963,
  0x7142, 0x7984, 0x7143, 0x7143, 0x79A4, 0x79A4, 0x7983, 0x7983, 0x81E5, 0x79C4, 0x79C4, 0x7983,
  0x79A4, 0x81E5, 0x81E5, 0x81E5, 0x81E5, 0x81A4, 0x81A3, 0x8205, 0x8A67, 0x8A05, 0x89E4, 0x8A05,
  0x89E4, 0x92A8, 0x9B2A, 0x9AE9, 0x9266, 0x9225, 0x9245, 0xABAC, 0xA2C7, 0xA2A7, 0xA2C7, 0xAAE7,
  0xAAE7, 0xAB49, 0xB40D, 0xB369, 0xB348, 0xBC0C, 0xBBA9, 0xBBEB, 0xC44C, 0xC40A, 0xCCF0, 0xCCAE,
  0xD48D, 0xD48C, 0xDDF4, 0xDDF4, 0xDD2F, 0xE5B2, 0xEE97, 0xEE76, 0xE5F3, 0xEE13, 0xEE34, 0xEE34,
  0xFF59, 0xFF59, 0xFF39, 0xFF38, 0xFF17, 0xFEF7, 0xFEF7, 0xFED7, 0xFED7, 0xFEB6, 0xFEB6, 0xFEB6,
  0xFED6, 0xFED6, 0xFEB6, 0xFEB6, 0xF695, 0xDD91, 0xAC0C, 0x8B4A, 0x93AB, 0xA40C, 0xC4EF, 0xD550,
  0xDD50, 0xDD30, 0xD52F, 0xDD0F, 0xD4EE, 0xBC6D, 0xABEC, 0x9BAB, 0x6AC9, 0x4A07, 0x3165, 0x5206,
  0x82C8, 0xAB49, 0x82C9, 0x3186, 0x20C2, 0x8A86, 0x92A7, 0x3103, 0x4985, 0x9AC7, 0xAB07, 0xAB08,
  0xAAE7, 0x9AA6, 0x61A4, 0x28E3, 0x8AA7, 0xAB28, 0xAAE7, 0xAAE7, 0xA2E7, 0xAB08, 0xAAE8, 0x92A7,
  0x39E7, 0x10A3, 0x1061, 0x1061, 0x3902, 0x9266, 0x9266, 0x9266, 0x9225, 0x8A25, 0x9245, 0x69A4,
  0x2104, 0x10A2, 0x2145, 0x2081, 0x3124, 0x1881, 0x71C4, 0x8204, 0x5963, 0x1882, 0x71A3, 0x79C4,
  0x81E4, 0x3945, 0x18E4, 0x1841, 0x79C4, 0x79A3, 0x7983, 0x7983, 0x79A4, 0x1881, 0x7162, 0x7983,
  0x79A3, 0x7183, 0x39E8, 0x2986, 0x1881, 0x79A3, 0x79A3, 0x6163, 0x4144, 0x7162, 0x7962, 0x7162,
  0x5143, 0x4923, 0x5123, 0x31C7, 0x6143, 0x6922, 0x7142, 0x4103, 0x2166, 0x426A, 0x30A1, 0x0841,
  0x1840, 0x7162, 0x7142, 0x7121, 0x6921, 0x7121, 0x40E2, 0x50E1, 0x6943, 0x6963, 0x3145, 0x6922,
  0x6922, 0x6942, 0x4229, 0x31A7, 0x2924, 0x7163, 0x6942, 0x6942, 0x7163, 0x6122, 0x3104, 0x6122,
  0x6922, 0x6943, 0x71A4, 0x6143, 0x3145, 0x6943, 0x6101, 0x6963, 0x6963, 0x4903, 0x31A6, 0x5943,
  0x7163, 0x7184, 0x7183, 0x7163, 0x7183, 0x7163, 0x6943, 0x30E2, 0x6123, 0x7142, 0x6122, 0x40E2,
  0x2081, 0x1061, 0x30C2, 0x5123, 0x5102, 0x48E2, 0x7163, 0x7163, 0x79A4, 0x7184, 0x6163, 0x5922,
  0x6123, 0x6143, 0x7163, 0x7163, 0x7984, 0x7983, 0x79A4, 0x7983, 0x81E5, 0x79E5, 0x8206, 0x7984,
  0x7963, 0x81C4, 0x8206, 0x81E5, 0x8205, 0x81C4, 0x81A4, 0x81C4, 0x8A26, 0x8A26, 0x8A05, 0x9267,
  0x8A05, 0x8A25, 0x9AC8, 0x9AE9, 0x9287, 0x9266, 0x9245, 0xA329, 0xA2C7, 0xA2C7, 0xAB29, 0xA2C7,
  0xAAE7, 0xAB08, 0xB38A, 0xAB48, 0xB348, 0xBC2D, 0xBBCB, 0xBBCA, 0xC44D, 0xC3EA, 0xCCAE, 0xCCAE,
  0xD4AD, 0xD48C, 0xDD92, 0xE5F4, 0xDD50, 0xDD70, 0xE634, 0xEE97, 0xE614, 0xEE13, 0xEEB7, 0xEE13,
  0xFF59, 0xFF59, 0xFF38, 0xFF38, 0xFF18, 0xFF17, 0xFEF7, 0xFED7, 0xFED7, 0xFED6, 0xFEB6, 0xFEB6,
  0xF6B6, 0xF695, 0xF675, 0xF655, 0xF654, 0xF634, 0xF634, 0xF634, 0xE5F3, 0xC510, 0xA40D, 0x8B6A,
  0x72A8, 0x6267, 0x5A47, 0x5206, 0x49E6, 0x72C9, 0x72E9, 0x8329, 0xA3AB, 0xC44C, 0xD4AD, 0xD48D,
  0xABAA, 0x49E7, 0x20E3, 0x7A67, 0xBBAA, 0x6A46, 0x2903, 0x7A46, 0xBB89, 0xB348, 0xB348, 0xAB08,
  0x61E5, 0x3923, 0x8287, 0xAB08, 0xAB07, 0xAB07, 0xAB07, 0xAB07, 0xAB07, 0xAB07, 0x7226, 0x31E7,
  0x0841, 0x1061, 0x1881, 0x4122, 0x9A86, 0x9A86, 0x9266, 0x9245, 0x9A66, 0x8A24, 0x9245, 0x3944,
  0x1082, 0x2986, 0x2081, 0x3944, 0x20C2, 0x71C4, 0x8A05, 0x8A05, 0x2903, 0x4923, 0x81C4, 0x81E4,
  0x79E5, 0x1904, 0x0820, 0x71C4, 0x8A05, 0x81E5, 0x79C4, 0x79A3, 0x5963, 0x30E2, 0x7982, 0x7983,
  0x79A3, 0x5143, 0x2986, 0x2986, 0x4902, 0x81A4, 0x7983, 0x5184, 0x5123, 0x7983, 0x7162, 0x7962,
  0x4944, 0x50E2, 0x51A5, 0x2104, 0x7183, 0x6942, 0x79A3, 0x5102, 0x2145, 0x3209, 0x30A1, 0x0841,
  0x2881, 0x7162, 0x7122, 0x7121, 0x6921, 0x7122, 0x5122, 0x5103, 0x7163, 0x7163, 0x3103, 0x6102,
  0x7163, 0x7163, 0x28A1, 0x5B0C, 0x2125, 0x5102, 0x7142, 0x7163, 0x7163, 0x7142, 0x4902, 0x5102,
  0x6963, 0x7184, 0x7184, 0x6963, 0x5944, 0x3165, 0x7163, 0x7184, 0x7184, 0x6943, 0x6184, 0x3945,
  0x4144, 0x6984, 0x71A4, 0x71A4, 0x6943, 0x6922, 0x6942, 0x7183, 0x40E2, 0x5922, 0x7163, 0x7142,
  0x7142, 0x7162, 0x6143, 0x5143, 0x40E2, 0x4923, 0x28A2, 0x38E2, 0x5102, 0x5922, 0x6984, 0x7A06,
  0x79E6, 0x7984, 0x7983, 0x7963, 0x7984, 0x79C5, 0x81C5, 0x7983, 0x7983, 0x8227, 0x8206, 0x81E5,
  0x81A3, 0x7983, 0x81E5, 0x8226, 0x8A47, 0x81E5, 0x81E5, 0x81C4, 0x8A05, 0x8A05, 0x8A46, 0x92C9,
  0x9246, 0x8A04, 0x9287, 0x9B09, 0x9AA8, 0x9A87, 0x9A86, 0x9A65, 0x9A86, 0xA2E8, 0xAB49, 0xA2E7,
  0xAAE8, 0xAB28, 0xB369, 0xB369, 0xB348, 0xBBEC, 0xBC0C, 0xBBEB, 0xC40B, 0xC40B, 0xCC8D, 0xCCCE,
  0xD4CE, 0xD4EE, 0xD4EE, 0xDDB2, 0xDD91, 0xDD70, 0xE5F3, 0xE656, 0xEE14, 0xE5F3, 0xEE76, 0xEE34,
  0xFF59, 0xFF59, 0xFF39, 0xFF38, 0xFF18, 0xFF18, 0xFF17, 0xFEF7, 0xFEF7, 0xFED7, 0xFED6, 0xFEB6,
  0xFEB6, 0xFE96, 0xF696, 0xF675, 0xF654, 0xF634, 0xEE33, 0xEE13, 0xEDF3, 0xEDD2, 0xEDB1, 0xEDB1,
  0xED91, 0xED91, 0xED91, 0xED91, 0xE570, 0xE52F, 0xDD0E, 0xDCEE, 0xD4AD, 0xD48D, 0xBC2B, 0x6AA9,
  0x2944, 0x59E5, 0xC42B, 0x8AE8, 0x2923, 0x59E5, 0xBBAA, 0xBBA9, 0xC3A9, 0x8AA7, 0x51A4, 0x4164,
  0x8AA7, 0xBBCA, 0xB38A, 0xB369, 0xB328, 0xAB08, 0xAB07, 0xAAE7, 0xB307, 0x59E5, 0x2966, 0x0840,
  0x1881, 0x1061, 0x4922, 0x9A86, 0x9A86, 0xA2C7, 0x9AC7, 0x9A86, 0x9A65, 0x9245, 0x61A4, 0x2166,
  0x1925, 0x1861, 0x3124, 0x1081, 0x71C4, 0x8A05, 0x8A25, 0x6183, 0x1061, 0x79C4, 0x81E4, 0x8A04,
  0x3124, 0x0841, 0x4102, 0x8A25, 0x8A25, 0x81C4, 0x81A3, 0x81C3, 0x3103, 0x5922, 0x79A3, 0x81E4,
  0x81C4, 0x39E8, 0x29A7, 0x1861, 0x81C4, 0x81A3, 0x79A3, 0x3103, 0x6942, 0x7983, 0x7962, 0x7962,
  0x4964, 0x5902, 0x49E7, 0x2081, 0x7962, 0x7142, 0x7962, 0x5902, 0x31A7, 0x31E8, 0x3081, 0x0841,
  0x38A1, 0x7162, 0x7162, 0x7121, 0x7122, 0x7142, 0x6122, 0x40E2, 0x7183, 0x7142, 0x4923, 0x48E2,
  0x79E5, 0x7184, 0x6963, 0x4249, 0x2966, 0x28E3, 0x7163, 0x7142, 0x7142, 0x6921, 0x7142, 0x30E2,
  0x71A4, 0x7183, 0x7163, 0x6922, 0x6963, 0x5164, 0x4985, 0x7183, 0x6942, 0x6963, 0x71A5, 0x7184,
  0x6143, 0x3903, 0x30C2, 0x5944, 0x6943, 0x6922, 0x7163, 0x7163, 0x79A4, 0x5123, 0x40E2, 0x7983,
  0x7142, 0x7163, 0x7183, 0x79A4, 0x7163, 0x7183, 0x7163, 0x6143, 0x5944, 0x7163, 0x7983, 0x7183,
  0x79A4, 0x79A4, 0x7984, 0x7963, 0x7984, 0x81E6, 0x81C5, 0x7983, 0x7983, 0x8A68, 0x8206, 0x8206,
  0x81A4, 0x7983, 0x8183, 0x8206, 0x8A67, 0x8205, 0x81E4, 0x81C4, 0x8A25, 0x8A26, 0x92A8, 0x92C9,
  0x9246, 0x9225, 0x9225, 0x9B0A, 0x9B2A, 0x9AA7, 0x9AC8, 0x9A66, 0x9AA7, 0xA2A6, 0xAAE8, 0xAB08,
  0xAB8B, 0xAB28, 0xB349, 0xB38A, 0xB369, 0xBBCB, 0xC44D, 0xC40C, 0xC3EA, 0xC42C, 0xCC6D, 0xCCAD,
  0xD4CE, 0xDD72, 0xDD50, 0xDD30, 0xDD92, 0xE5F3, 0xE5B2, 0xEEB8, 0xE5F3, 0xEE14, 0xF6F9, 0xEE76,
  0xFF59, 0xFF59, 0xFF59, 0xFF39, 0xFF38, 0xFF18, 0xFF18, 0xFF17, 0xFEF7, 0xFEF7, 0xFED7, 0xFED7,
  0xFEB6, 0xFE96, 0xF695, 0xF675, 0xF675, 0xF654, 0xF654, 0xF634, 0xEE13, 0xEDF3, 0xEDB1, 0xED91,
  0xE570, 0xE570, 0xE54F, 0xDD2F, 0xE54F, 0xDD2F, 0xDCCE, 0xDCCD, 0xC44C, 0x72C8, 0x3165, 0x5A06,
  0xC42C, 0xA38A, 0x41A5, 0x49C6, 0xB3AB, 0xCC0B, 0xA349, 0x6A26, 0x49A5, 0x7267, 0xBBAA, 0xC3CA,
  0xBB89, 0xBB69, 0xB348, 0xB368, 0xB369, 0xB328, 0xAB27, 0xA2C7, 0x51E6, 0x18C3, 0x1061, 0x28C2,
  0x1041, 0x5164, 0xA2C7, 0xA2A6, 0xA2A6, 0x9A85, 0x9A86, 0x9A86, 0x9A65, 0x9245, 0x2965, 0x1904,
  0x18E3, 0x20C3, 0x1882, 0x79C4, 0x9245, 0x8A25, 0x9225, 0x20C2, 0x4902, 0x8A25, 0x8A05, 0x5164,
  0x0841, 0x4123, 0x6983, 0x8A05, 0x8A05, 0x81C3, 0x79A3, 0x7183, 0x28E3, 0x81E4, 0x81E4, 0x81C4,
  0x6163, 0x31C7, 0x2145, 0x5943, 0x81A3, 0x7983, 0x7983, 0x3924, 0x79A3, 0x79A3, 0x7983, 0x7962,
  0x4964, 0x5902, 0x39C7, 0x40C2, 0x7963, 0x7162, 0x7983, 0x6122, 0x2145, 0x31C7, 0x2881, 0x0841,
  0x5902, 0x7142, 0x7162, 0x7142, 0x7162, 0x7983, 0x7942, 0x30C2, 0x7983, 0x7963, 0x5902, 0x3923,
  0x79A4, 0x7183, 0x7983, 0x40E2, 0x4AAB, 0x18E4, 0x5902, 0x6942, 0x6922, 0x6922, 0x7163, 0x6163,
  0x4923, 0x7163, 0x7143, 0x6942, 0x7142, 0x7142, 0x4964, 0x4144, 0x7142, 0x7163, 0x7184, 0x7163,
  0x7163, 0x7163, 0x7163, 0x6143, 0x5103, 0x4903, 0x5123, 0x5922, 0x6143, 0x7163, 0x7183, 0x38C2,
  0x6142, 0x7983, 0x7183, 0x7183, 0x7143, 0x7163, 0x7163, 0x7163, 0x7163, 0x6123, 0x6943, 0x79A4,
  0x79A4, 0x81E5, 0x7984, 0x7942, 0x79A4, 0x8247, 0x81C5, 0x7983, 0x7983, 0x8226, 0x8247, 0x81E5,
  0x81E5, 0x81A4, 0x81A3, 0x81C4, 0x8A68, 0x8A26, 0x89E5, 0x81C4, 0x8A26, 0x92A9, 0x9267, 0x9287,
  0x9267, 0x9266, 0x9225, 0x9AC8, 0xA36C, 0x9AC8, 0x9AC8, 0x9A86, 0xA2E8, 0xA2C7, 0xA2A6, 0xAAE7,
  0xB3EC, 0xAB69, 0xB328, 0xB369, 0xBBEB, 0xBBAA, 0xC4AF, 0xC42C, 0xC40B, 0xC44C, 0xD552, 0xCCCE,
  0xD4CE, 0xDE36, 0xDDD4, 0xDD0E, 0xDD71, 0xE5F3, 0xE5D2, 0xE614, 0xE5D2, 0xEE34, 0xF6D8, 0xEE97,
  0xFF59, 0xFF59, 0xFF59, 0xFF39, 0xFF39, 0xFF18, 0xFF18, 0xFF18, 0xFEF7, 0xFEF7, 0xFED7, 0xFED7,
  0xFEB6, 0xFEB6, 0xF695, 0xF695, 0xF675, 0xF675, 0xF654, 0xF634, 0xF613, 0xEDF3, 0xEDD2, 0xED91,
  0xE570, 0xE570, 0xE54F, 0xE50E, 0xDD0E, 0xE52F, 0xBC4D, 0x6A88, 0x3985, 0x8B29, 0xD4CE, 0xABEB,
  0x49C5, 0x49C6, 0x9B49, 0xAB69, 0x8AC7, 0x7A87, 0x9329, 0xB3AA, 0xCC2B, 0xC3EA, 0xC3CA, 0xC3C9,
  0xBBCA, 0xBBCA, 0xBBA9, 0xBB89, 0xB369, 0xBB69, 0x92A7, 0x3165, 0x1082, 0x28E3, 0x4985, 0x1061,
  0x61C4, 0xA2E7, 0xA2E7, 0xA2C7, 0xA2A6, 0xA2C6, 0xA2C7, 0xA2C7, 0x9A66, 0x51A5, 0x10C3, 0x1904,
  0x1082, 0x20A2, 0x8225, 0x9245, 0x9266, 0x8A05, 0x69A4, 0x1861, 0x8205, 0x8A45, 0x71C4, 0x0841,
  0x5163, 0x69A4, 0x8205, 0x8A05, 0x81C4, 0x81C3, 0x81C3, 0x4123, 0x5123, 0x81E4, 0x81C4, 0x89E4,
  0x4185, 0x31C7, 0x28A1, 0x89E4, 0x81C4, 0x81C4, 0x6963, 0x4923, 0x81A3, 0x79A3, 0x7982, 0x81A3,
  0x3924, 0x6122, 0x2986, 0x6963, 0x7162, 0x7142, 0x7983, 0x7162, 0x18A3, 0x31A7, 0x2081, 0x0841,
  0x6942, 0x7963, 0x7963, 0x7983, 0x7983, 0x7142, 0x7962, 0x30A2, 0x7963, 0x7962, 0x7142, 0x30E3,
  0x7162, 0x7142, 0x7162, 0x7183, 0x2945, 0x3A08, 0x30E3, 0x7142, 0x7142, 0x7183, 0x7184, 0x7163,
  0x4903, 0x6942, 0x7142, 0x7163, 0x7142, 0x7142, 0x7163, 0x5184, 0x4165, 0x7163, 0x7142, 0x7143,
  0x7163, 0x7184, 0x7163, 0x7163, 0x7142, 0x7142, 0x79A4, 0x7984, 0x7183, 0x7163, 0x7184, 0x7163,
  0x5122, 0x5103, 0x79A4, 0x7163, 0x7163, 0x7983, 0x7983, 0x7963, 0x7984, 0x7984, 0x79C5, 0x6963,
  0x7184, 0x81E5, 0x79A4, 0x7963, 0x79A4, 0x8247, 0x81C4, 0x7983, 0x81A3, 0x81E5, 0x8226, 0x8A26,
  0x8206, 0x81E5, 0x81C4, 0x81C4, 0x81E4, 0x8A26, 0x8A26, 0x89E4, 0x89E4, 0x9B2B, 0x9267, 0x9266,
  0x9287, 0x9266, 0x9246, 0x9225, 0xA30A, 0xA309, 0x9AC7, 0x9AA6, 0xAB6B, 0xA2E8, 0xA2C7, 0xA2C6,
  0xBC6F, 0xB3AB, 0xB348, 0xB369, 0xBC0C, 0xBB89, 0xC46D, 0xC46E, 0xC42B, 0xC40B, 0xD573, 0xCCAE,
  0xD4AD, 0xDDD3, 0xDDB2, 0xDCEE, 0xDD70, 0xE614, 0xE656, 0xE614, 0xE5F3, 0xEE34, 0xEE35, 0xEE76,
  0xFF59, 0xFF59, 0xFF59, 0xFF39, 0xFF38, 0xFF38, 0xFF17, 0xFF18, 0xFF18, 0xFEF7, 0xFED6, 0xFED6,
  0xFED6, 0xFEB6, 0xFEB6, 0xFE96, 0xF695, 0xF695, 0xF654, 0xF634, 0xF613, 0xEDF3, 0xEDD2, 0xEDB1,
  0xEDB1, 0xE591, 0xEDB1, 0xE5B1, 0xAC2D, 0x51E6, 0x6267, 0xA3EC, 0xE571, 0xB42C, 0x51E5, 0x6A87,
  0xBC2C, 0xD4CE, 0xD4AD, 0xD48D, 0xD46C, 0xCC4C, 0xCC2C, 0xCC2B, 0xCC0B, 0xC3EA, 0xC3EB, 0xCC2B,
  0xC40B, 0xBBA9, 0xBB89, 0xB368, 0xB348, 0x7267, 0x2945, 0x2082, 0x3965, 0x3965, 0x1061, 0x69C5,
  0xB328, 0xAAE7, 0xAAE7, 0xAB08, 0xAB08, 0xA2C7, 0xA2A7, 0xA2A6, 0x7A05, 0x1904, 0x2125, 0x0841,
  0x3103, 0x8A46, 0x9245, 0x9245, 0x9245, 0x9245, 0x20A2, 0x6183, 0x8A05, 0x8A25, 0x1081, 0x4123,
  0x9245, 0x5143, 0x8A25, 0x9246, 0x9225, 0x89E4, 0x81E4, 0x3145, 0x81C4, 0x81A3, 0x89E4, 0x79A4,
  0x31E8, 0x10A2, 0x79A4, 0x81C3, 0x81A3, 0x81C3, 0x4964, 0x6963, 0x81C4, 0x81A3, 0x7983, 0x8183,
  0x30E3, 0x5943, 0x3165, 0x81C4, 0x79A3, 0x7162, 0x79C4, 0x79A3, 0x20C2, 0x31C7, 0x2081, 0x1061,
  0x7962, 0x79A4, 0x79C4, 0x7983, 0x7983, 0x7962, 0x8183, 0x40E2, 0x7163, 0x7142, 0x7962, 0x30E3,
  0x7163, 0x7162, 0x7163, 0x7983, 0x5102, 0x4A8A, 0x10A3, 0x6143, 0x7183, 0x7183, 0x7163, 0x7162,
  0x7163, 0x40E2, 0x7163, 0x7163, 0x7183, 0x7183, 0x7183, 0x7163, 0x5964, 0x4165, 0x7163, 0x7983,
  0x7183, 0x7983, 0x7163, 0x7163, 0x7142, 0x7963, 0x79A4, 0x7963, 0x7163, 0x7983, 0x79A4, 0x7963,
  0x7963, 0x79A4, 0x5943, 0x5923, 0x7143, 0x7963, 0x7984, 0x7963, 0x7963, 0x79A4, 0x79A4, 0x7963,
  0x79A4, 0x79A5, 0x79A4, 0x81A4, 0x7983, 0x8A47, 0x81A4, 0x81E5, 0x81A4, 0x81C4, 0x8A06, 0x8206,
  0x8A47, 0x8A06, 0x81A4, 0x81C4, 0x81C4, 0x8A05, 0x8A47, 0x89E5, 0x89E4, 0xA3AD, 0x9287, 0x9246,
  0x9246, 0x9266, 0x9A87, 0x9A66, 0x9A87, 0xA32A, 0xA2E8, 0xA2C7, 0xB40E, 0xA329, 0xA2E7, 0xAAC6,
  0xAB6A, 0xB3CC, 0xB348, 0xBBCB, 0xBC4E, 0xBBCA, 0xBBEB, 0xCCAF, 0xC42B, 0xC42B, 0xD510, 0xCCAE,
  0xD530, 0xD4EF, 0xDD50, 0xDD0F, 0xDD2F, 0xE591, 0xE656, 0xEE76, 0xE5D2, 0xEE76, 0xEE13, 0xEE13,
  0xFF59, 0xFF59, 0xFF59, 0xFF59, 0xFF38, 0xFF38, 0xFF18, 0xFF18, 0xFF17, 0xFEF7, 0xFEF7, 0xFED7,
  0xFED6, 0xFEB6, 0xFEB6, 0xF696, 0xF695, 0xF695, 0xF675, 0xF634, 0xF613, 0xEE13, 0xF5F2, 0xF613,
  0xE5D2, 0xAC4D, 0x72C9, 0x72C9, 0xA3EC, 0xEDB1, 0xCCEF, 0x8B8B, 0x6247, 0x936A, 0xDD50, 0xE550,
  0xDD2F, 0xDD0F, 0xDCEE, 0xD4AD, 0xD48D, 0xD48D, 0xCC6C, 0xCC4C, 0xCC2B, 0xCC2B, 0xCC0B, 0xC40B,
  0xC3EA, 0xBBA9, 0xC389, 0xA328, 0x4A07, 0x20E3, 0x4965, 0x39C7, 0x49A6, 0x20E3, 0x7205, 0xAB07,
  0xAAE7, 0xAAE7, 0xA2C7, 0xAB28, 0xA2E7, 0xA2A6, 0xA2A6, 0x9A86, 0x2924, 0x10A2, 0x0861, 0x4964,
  0x9A66, 0x9A65, 0x9245, 0x8A24, 0x9204, 0x69C4, 0x30E2, 0x8A25, 0x8A05, 0x20A2, 0x4123, 0x9225,
  0x8A25, 0x5943, 0x9245, 0x9266, 0x8A25, 0x89E4, 0x59C5, 0x5984, 0x81C3, 0x81C4, 0x81C3, 0x4944,
  0x18E4, 0x4902, 0x89C4, 0x81A3, 0x81A3, 0x81A3, 0x3124, 0x89E4, 0x81C4, 0x7982, 0x81A3, 0x7983,
  0x40E3, 0x5164, 0x3103, 0x81C4, 0x7183, 0x7983, 0x81A3, 0x79A3, 0x20C3, 0x4249, 0x1082, 0x28A2,
  0x79A4, 0x81A4, 0x7983, 0x7983, 0x7983, 0x7983, 0x7983, 0x5943, 0x6122, 0x7142, 0x7962, 0x4123,
  0x6142, 0x7163, 0x7963, 0x7162, 0x7963, 0x28E2, 0x4249, 0x20A2, 0x71A4, 0x7983, 0x7162, 0x7163,
  0x7163, 0x7163, 0x5103, 0x7162, 0x7163, 0x79A4, 0x79A4, 0x7163, 0x7163, 0x6943, 0x4985, 0x6984,
  0x7183, 0x7983, 0x7963, 0x7163, 0x7163, 0x79A4, 0x7983, 0x7142, 0x7963, 0x7963, 0x79A4, 0x7983,
  0x7963, 0x7984, 0x7983, 0x7963, 0x5923, 0x5123, 0x6143, 0x7163, 0x81A4, 0x7963, 0x79A4, 0x7983,
  0x7984, 0x8206, 0x79C5, 0x81A4, 0x8183, 0x81C4, 0x8A47, 0x81E5, 0x81A4, 0x81C4, 0x81E5, 0x8A27,
  0x8A26, 0x8A26, 0x81C4, 0x81A4, 0x89E4, 0x89E5, 0x92C9, 0x8A25, 0x89E4, 0x92A8, 0x92A8, 0x92A8,
  0x9225, 0x9266, 0x9AA8, 0x9A86, 0x9AA7, 0x9AA7, 0xA2E8, 0xA2C7, 0xAB8B, 0xAB29, 0xAB08, 0xAAE7,
  0xAAE7, 0xB38A, 0xB369, 0xBC8F, 0xC48F, 0xBBEB, 0xBBCA, 0xC44C, 0xCCAE, 0xCC4C, 0xCC8D, 0xD50F,
  0xDDD4, 0xDD50, 0xDD0F, 0xDD2F, 0xE591, 0xE571, 0xEE97, 0xEE97, 0xE5F3, 0xEE76, 0xEE13, 0xEE14,
  0xFF59, 0xFF59, 0xFF59, 0xFF59, 0xFF38, 0xFF38, 0xFF18, 0xFF38, 0xFF17, 0xFEF7, 0xFEF7, 0xFEF7,
  0xFED7, 0xFEB6, 0xFEB6, 0xFE96, 0xFE96, 0xF695, 0xF654, 0xE5F3, 0xD571, 0xAC6E, 0x93CC, 0x93EC,
  0x93EC, 0xBCAE, 0xE5D2, 0xBCAE, 0x8B6A, 0x72C8, 0x938A, 0xCCEF, 0xEDB1, 0xDD50, 0xDD30, 0xE550,
  0xE550, 0xDD0F, 0xDD0F, 0xD4CE, 0xD4CE, 0xD4CE, 0xD4AE, 0xD4AD, 0xD48D, 0xCC6D, 0xCC6D, 0xCC6C,
  0xCC2B, 0xCC0B, 0x7AA8, 0x2945, 0x51C6, 0x49E7, 0x4A08, 0x6A46, 0x28E2, 0x7A46, 0xB348, 0xB328,
  0xAAE7, 0xAAC7, 0xAAE7, 0xAAE7, 0xAAE7, 0xAAC7, 0x9AA6, 0x39A6, 0x0841, 0x1061, 0x4944, 0x9AA7,
  0x9A86, 0xA2A7, 0x9A66, 0x9245, 0x9245, 0x20A2, 0x7A05, 0x8A25, 0x28C2, 0x4123, 0x9A86, 0x9245,
  0x8205, 0x79E5, 0x9266, 0x9225, 0x8A04, 0x89E4, 0x2924, 0x89E4, 0x89E4, 0x89E4, 0x81E4, 0x3186,
  0x20A2, 0x89E4, 0x89E4, 0x89C4, 0x8183, 0x6983, 0x4944, 0x81C3, 0x81A3, 0x8183, 0x7962, 0x79A4,
  0x4902, 0x3945, 0x4902, 0x81C4, 0x7162, 0x81A3, 0x81A3, 0x81C4, 0x20A2, 0x2104, 0x1061, 0x40E2,
  0x81C4, 0x7983, 0x81A3, 0x7983, 0x81A4, 0x81A4, 0x81A3, 0x7163, 0x48E2, 0x7962, 0x7962, 0x5943,
  0x5123, 0x7963, 0x7162, 0x7963, 0x7983, 0x71A4, 0x2125, 0x2945, 0x4103, 0x7962, 0x7142, 0x7183,
  0x7983, 0x7162, 0x6984, 0x6123, 0x7984, 0x79A4, 0x7984, 0x7163, 0x7963, 0x7984, 0x7984, 0x4944,
  0x5964, 0x7163, 0x7963, 0x7984, 0x79A4, 0x79A4, 0x7963, 0x7962, 0x7962, 0x79C5, 0x81E5, 0x7984,
  0x7963, 0x7963, 0x81A4, 0x7963, 0x81A4, 0x79A4, 0x7163, 0x6143, 0x6984, 0x6943, 0x79A5, 0x7963,
  0x7983, 0x8AA9, 0x81C4, 0x81C4, 0x81A3, 0x81A4, 0x92A9, 0x81E5, 0x81C4, 0x81A3, 0x8A26, 0x92C9,
  0x81E5, 0x81E5, 0x81C4, 0x89E5, 0x8A05, 0x89E5, 0x9B2B, 0x8A26, 0x8A05, 0x9246, 0x9AC9, 0x9AE9,
  0x9266, 0x9245, 0x9AA7, 0x9AC8, 0x9AC8, 0x9A86, 0xA2C7, 0xA2E7, 0xABCD, 0xA329, 0xAB29, 0xAB49,
  0xAB08, 0xB328, 0xB369, 0xBC4E, 0xBC2D, 0xC42C, 0xC3EB, 0xC46D, 0xCCF0, 0xCC6C, 0xCC8D, 0xD530,
  0xDDF4, 0xDD92, 0xDD50, 0xDD2F, 0xE5D2, 0xDD71, 0xEE97, 0xEEB8, 0xE5F3, 0xEE55, 0xEDF3, 0xEE55,
  0xFF79, 0xFF59, 0xFF59, 0xFF59, 0xFF39, 0xFF38, 0xFF38, 0xFF38, 0xFF18, 0xFEF7, 0xFEF7, 0xFEF7,
  0xFED7, 0xFED7, 0xFEB6, 0xF675, 0xEE13, 0xDDD2, 0xD571, 0xD571, 0xDDB2, 0xE613, 0xDDD2, 0xC4EF,
  0x9BCB, 0x938B, 0xA40C, 0xC4CF, 0xE5D2, 0xF5F2, 0xED91, 0xE591, 0xE591, 0xE591, 0xE570, 0xDD2F,
  0xDD0E, 0xDCEE, 0xDCEE, 0xDCCE, 0xD4CE, 0xD4CE, 0xD4CE, 0xD4CE, 0xD4AE, 0xCC8D, 0xCC8D, 0xD48D,
  0x9329, 0x39A6, 0x4185, 0x6A68, 0x3986, 0x6206, 0x9B09, 0x28E3, 0x92C7, 0xBB89, 0xB369, 0xB348,
  0xB328, 0xAB07, 0xAAE7, 0xA2C6, 0xAAE7, 0x9AA7, 0x3144, 0x0841, 0x18A2, 0x7A46, 0xAB08, 0xA2C7,
  0xA2E8, 0xA2E7, 0xA2A7, 0xA2A6, 0x4964, 0x59A4, 0x8A45, 0x20A2, 0x4943, 0x9266, 0x9246, 0x9266,
  0x69A4, 0x9245, 0x9225, 0x9225, 0x9A25, 0x51A5, 0x6184, 0x89E4, 0x89E4, 0x89E4, 0x4123, 0x18C3,
  0x79C4, 0x89E4, 0x89E4, 0x89E4, 0x81A3, 0x5984, 0x7183, 0x81A3, 0x81A3, 0x81A3, 0x81A3, 0x79C4,
  0x5123, 0x2104, 0x6942, 0x81A3, 0x7162, 0x81A3, 0x81C4, 0x81E4, 0x28C2, 0x18C3, 0x1041, 0x6983,
  0x81A3, 0x81A3, 0x81C4, 0x81A3, 0x81E4, 0x81A3, 0x81A3, 0x8183, 0x38E2, 0x7962, 0x7983, 0x8183,
  0x38E2, 0x7962, 0x7962, 0x79A4, 0x7983, 0x7962, 0x5922, 0x2986, 0x10A2, 0x6143, 0x7983, 0x7963,
  0x7962, 0x7983, 0x7984, 0x6943, 0x6942, 0x7984, 0x7963, 0x7963, 0x7163, 0x7963, 0x7984, 0x7984,
  0x6163, 0x5144, 0x7183, 0x81C4, 0x7983, 0x7963, 0x7963, 0x7963, 0x7963, 0x8206, 0x81C5, 0x81A4,
  0x7983, 0x81E5, 0x81C4, 0x7963, 0x79A4, 0x79A4, 0x7983, 0x79A4, 0x8A68, 0x7983, 0x81A5, 0x7983,
  0x79A4, 0x8227, 0x81C5, 0x81A4, 0x81E5, 0x81C4, 0x8205, 0x81E5, 0x81C5, 0x81A4, 0x8A47, 0x92EA,
  0x89E5, 0x8A05, 0x89E4, 0x8A46, 0x9288, 0x89E4, 0x8A25, 0x9267, 0x9267, 0x9225, 0x9266, 0x92A8,
  0x9AA8, 0x9A87, 0x9A66, 0x9AC8, 0xA34A, 0x9AA7, 0xA2A6, 0xA2E7, 0xB3ED, 0xAB29, 0xAB08, 0xB38A,
  0xAB28, 0xB348, 0xB369, 0xBC4E, 0xC44D, 0xC40B, 0xC40B, 0xCCCF, 0xCCF0, 0xCC6C, 0xCCAD, 0xDDD4,
  0xDD92, 0xDD92, 0xE5F4, 0xDD91, 0xEE77, 0xE614, 0xE614, 0xEE76, 0xE614, 0xEE55, 0xEE13, 0xEE96,
  0xFF59, 0xFF59, 0xFF59, 0xFF59, 0xFF59, 0xFF38, 0xFF38, 0xFF38, 0xFF38, 0xFF17, 0xFEF7, 0xFEF7,
  0xFEF7, 0xFED7, 0xFEB6, 0xF696, 0xF675, 0xEE34, 0xE5D2, 0xDD91, 0xCD0F, 0xCCEF, 0xD571, 0xE5D2,
  0xEE13, 0xF613, 0xEDD2, 0xEDD2, 0xEDB1, 0xEDB1, 0xED91, 0xE591, 0xE591, 0xE570, 0xE550, 0xE550,
  0xE52F, 0xDD2F, 0xDD0F, 0xDD30, 0xDCEF, 0xDCCE, 0xD4AD, 0xD4CE, 0xD48D, 0xD4AD, 0xC44C, 0x5A69,
  0x3965, 0x6206, 0x41C6, 0x5A27, 0xB38A, 0x82A7, 0x4164, 0xB349, 0xBB89, 0xBB89, 0xBB89, 0xBB89,
  0xB348, 0xB328, 0xAAE7, 0xAAE7, 0x8A87, 0x18C3, 0x1082, 0x1081, 0x8A87, 0xAB07, 0xAAE7, 0xAAE8,
  0xA2E7, 0xA286, 0x9A65, 0x8205, 0x30E2, 0x8A25, 0x28A2, 0x61A4, 0x9A66, 0x9A65, 0x9AC7, 0x9AA7,
  0x79E4, 0x9A66, 0x9A45, 0x9204, 0x81E4, 0x3124, 0x9204, 0x89E4, 0x89E4, 0x79E5, 0x18A2, 0x6183,
  0x89E4, 0x89C3, 0x89C3, 0x89C3, 0x89C4, 0x5122, 0x89C3, 0x81A3, 0x81A3, 0x81A3, 0x81A3, 0x79A3,
  0x4923, 0x20C3, 0x81C4, 0x81A3, 0x7983, 0x8A05, 0x8A05, 0x81C4, 0x28A2, 0x18C2, 0x1041, 0x79A3,
  0x81A3, 0x81C4, 0x81A3, 0x81A3, 0x81A3, 0x8183, 0x81A3, 0x8182, 0x38E2, 0x81A3, 0x81C4, 0x7963,
  0x40E2, 0x7983, 0x7963, 0x7983, 0x7962, 0x7942, 0x7962, 0x4902, 0x29A7, 0x20A2, 0x7983, 0x7963,
  0x7963, 0x79A4, 0x7984, 0x7963, 0x6943, 0x6943, 0x7963, 0x7962, 0x79A4, 0x79C4, 0x8226, 0x79A4,
  0x7963, 0x7142, 0x6984, 0x5964, 0x7163, 0x7962, 0x7983, 0x81A4, 0x7983, 0x81C5, 0x81A4, 0x81A3,
  0x81A4, 0x81E5, 0x81A4, 0x7963, 0x81E5, 0x81C4, 0x8183, 0x7983, 0x81E6, 0x81E5, 0x81C4, 0x8183,
  0x81C4, 0x8A27, 0x81C4, 0x81A4, 0x8A47, 0x8A06, 0x81A4, 0x8A05, 0x81C5, 0x81C4, 0x8A67, 0x92A9,
  0x8A05, 0x8A05, 0x89E4, 0x92A8, 0x9B0A, 0x8A05, 0x89E4, 0x92A8, 0x92A8, 0x9246, 0x9246, 0xA32A,
  0x9AC8, 0x9AC8, 0x9A66, 0x9AC8, 0xABED, 0xA2C8, 0xA2C7, 0xA2A7, 0xB3ED, 0xAB49, 0xAB29, 0xB38A,
  0xB349, 0xB38A, 0xB348, 0xBC4E, 0xC48F, 0xC40B, 0xC42C, 0xCD11, 0xCCAF, 0xCC8D, 0xD4CE, 0xDDF4,
  0xDDB3, 0xDDB2, 0xDDD3, 0xE614, 0xE655, 0xEE97, 0xE5F3, 0xEE56, 0xEEB7, 0xEE14, 0xEE34, 0xEEB7,
  0xFF7A, 0xFF79, 0xFF59, 0xFF59, 0xFF59, 0xFF38, 0xFF38, 0xFF38, 0xFF38, 0xFF18, 0xFEF7, 0xFEF7,
  0xFEF7, 0xFED7, 0xFED6, 0xFED6, 0xFEB6, 0xFEB6, 0xFE95, 0xFE75, 0xF654, 0xF634, 0xF613, 0xF613,
  0xF613, 0xEDF2, 0xEDD2, 0xEDD2, 0xEDB1, 0xEDB1, 0xED91, 0xED90, 0xED90, 0xE570, 0xE571, 0xE591,
  0xE591, 0xE550, 0xDD2F, 0xDD0F, 0xDD0F, 0xDCCE, 0xD4CE, 0xDCEF, 0xCCAE, 0x6AC9, 0x2924, 0x49C6,
  0x41C6, 0x6226, 0xB389, 0xC3EB, 0x6206, 0x59A4, 0xBBAA, 0xBBA9, 0xBB69, 0xBB69, 0xBB69, 0xB348,
  0xAB07, 0xB308, 0xB308, 0x8246, 0x20E4, 0x18A2, 0x1882, 0x8A66, 0xAAC6, 0xAAA6, 0xA2A6, 0xA2A6,
  0xA286, 0x9A65, 0x9A86, 0x20C3, 0x71C5, 0x20A2, 0x7A26, 0xA2A6, 0x9A86, 0x9A86, 0x9A86, 0x8205,
  0x9224, 0x9225, 0x9204, 0x9225, 0x3965, 0x79C4, 0x9204, 0x89E4, 0x8A04, 0x28E3, 0x4902, 0x9225,
  0x89E4, 0x89E4, 0x89C3, 0x89C3, 0x81A3, 0x6984, 0x89C4, 0x89E4, 0x81A3, 0x8182, 0x81A3, 0x7983,
  0x3166, 0x4923, 0x89C4, 0x8A05, 0x81C4, 0x89E5, 0x89E4, 0x81A3, 0x30E3, 0x1082, 0x2081, 0x89C4,
  0x89C3, 0x81A3, 0x81A3, 0x81A3, 0x81A3, 0x81A3, 0x8162, 0x8182, 0x5122, 0x7984, 0x81A3, 0x7983,
  0x5923, 0x6143, 0x7962, 0x7962, 0x7962, 0x7962, 0x79A4, 0x8183, 0x4903, 0x2125, 0x40E2, 0x7983,
  0x79A4, 0x79A4, 0x7963, 0x79A3, 0x7963, 0x7142, 0x7163, 0x79A4, 0x81C5, 0x79A4, 0x81C4, 0x7983,
  0x7963, 0x7983, 0x7963, 0x7983, 0x6984, 0x6943, 0x7163, 0x81A4, 0x81C4, 0x81A4, 0x81A4, 0x8183,
  0x81A4, 0x81E5, 0x8183, 0x81E5, 0x8A26, 0x81A4, 0x8183, 0x8183, 0x81E5, 0x8206, 0x81A4, 0x8183,
  0x8A06, 0x81E5, 0x81C4, 0x81A4, 0x8A68, 0x81E5, 0x81C4, 0x8A06, 0x81E5, 0x81E5, 0x81C4, 0x9B0B,
  0x8A46, 0x8A26, 0x8A26, 0x92C9, 0x9287, 0x8A25, 0x8A05, 0x9AA8, 0x9287, 0x9266, 0x9225, 0x9AC8,
  0x9AE9, 0xA2E9, 0x9A86, 0xA2A7, 0xA34A, 0xA308, 0xAB08, 0xA2A6, 0xABAB, 0xABAB, 0xAB49, 0xB369,
  0xBBEC, 0xB369, 0xB369, 0xC44E, 0xCCF1, 0xC42C, 0xCC8E, 0xD593, 0xCCCF, 0xCCAE, 0xD4EF, 0xDDD4,
  0xDDF4, 0xE5F4, 0xDD92, 0xE5F3, 0xE5D3, 0xEE97, 0xE5D2, 0xEE76, 0xEED8, 0xE5D1, 0xEE75, 0xEED8,
  0xFF7A, 0xFF7A, 0xFF59, 0xFF59, 0xFF5A, 0xFF59, 0xFF38, 0xFF38, 0xFF38, 0xFF38, 0xFF18, 0xFEF7,
  0xFEF7, 0xFEF7, 0xFED7, 0xFEB6, 0xFED6, 0xFEB6, 0xFE95, 0xF675, 0xF675, 0xF654, 0xF633, 0xF633,
  0xF613, 0xF5F2, 0xEDF2, 0xEDF3, 0xEDF3, 0xEDF2, 0xEDD2, 0xEDB2, 0xEDB1, 0xEDB2, 0xE591, 0xE571,
  0xE571, 0xE550, 0xDD0E, 0xDD0F, 0xE52F, 0xE530, 0xD4EE, 0x832A, 0x3186, 0x49C6, 0x72A8, 0xABEB,
  0xD46C, 0xCC2B, 0xC3EB, 0x51E6, 0x8AE8, 0xCC2B, 0xC42C, 0xC40B, 0xC3EB, 0xC3CB, 0xC40B, 0xBBCB,
  0xB348, 0xAB08, 0x6227, 0x2903, 0x4185, 0x18C3, 0x7A26, 0xB348, 0xAAE7, 0xAAE7, 0xAAE7, 0xA2C7,
  0xA2A6, 0xAAC6, 0x4143, 0x3923, 0x28C2, 0x9286, 0xA286, 0xA286, 0x9A66, 0x9A86, 0x9A66, 0x8205,
  0x9A66, 0x9AA7, 0x9A66, 0x7A05, 0x4964, 0x9A45, 0x9204, 0x9224, 0x3923, 0x28A1, 0x9204, 0x89E4,
  0x89E4, 0x89E4, 0x91E4, 0x89C3, 0x5963, 0x8A25, 0x89E4, 0x89C3, 0x89C3, 0x89C4, 0x89C4, 0x6963,
  0x2104, 0x7183, 0x89E4, 0x89C4, 0x81A3, 0x8A05, 0x8A25, 0x81A3, 0x38E2, 0x1061, 0x30C1, 0x89C4,
  0x89C3, 0x89C3, 0x89C4, 0x89C4, 0x81A3, 0x8182, 0x8162, 0x8182, 0x6963, 0x5923, 0x8182, 0x8183,
  0x7983, 0x4902, 0x8183, 0x7983, 0x7962, 0x79A4, 0x81C4, 0x7963, 0x81C4, 0x4923, 0x18C3, 0x5964,
  0x81C5, 0x81C4, 0x7983, 0x7963, 0x7962, 0x7983, 0x79A4, 0x79A4, 0x79A4, 0x81A4, 0x7983, 0x7963,
  0x7983, 0x7983, 0x7963, 0x7984, 0x81C5, 0x81C4, 0x79A4, 0x79A4, 0x81A4, 0x81A4, 0x8183, 0x8183,
  0x8A26, 0x81C4, 0x81A3, 0x8A06, 0x81E5, 0x81C4, 0x8183, 0x8183, 0x81C4, 0x8A06, 0x81C4, 0x89E5,
  0x81E5, 0x81E5, 0x89E5, 0x81C5, 0x8A27, 0x81E5, 0x81C4, 0x81C4, 0x8A26, 0x8A26, 0x89C4, 0x8A47,
  0x9267, 0x8A46, 0x9267, 0x92C9, 0x9267, 0x9267, 0x9205, 0x9246, 0x9267, 0x9AE9, 0x9245, 0x9A87,
  0xA34A, 0x9A87, 0xA2A7, 0x9A86, 0xAB6B, 0xA34A, 0xA2E8, 0xA2C7, 0xAB08, 0xBC4E, 0xB38A, 0xB36A,
  0xBC4E, 0xBBAA, 0xBB69, 0xBC0C, 0xCCF1, 0xC44C, 0xCC8D, 0xCD31, 0xD510, 0xD4EF, 0xD551, 0xDDD4,
  0xE636, 0xDDF4, 0xDD91, 0xE5D3, 0xE614, 0xEEB8, 0xE5F3, 0xEEB8, 0xEE76, 0xEDD1, 0xEE76, 0xF719,
  0xFF79, 0xFF7A, 0xFF79, 0xFF7A, 0xFF7A, 0xFF59, 0xFF38, 0xFF59, 0xFF39, 0xFF38, 0xFF38, 0xFF18,
  0xFEF7, 0xFEF7, 0xFEF7, 0xFED7, 0xFED6, 0xFEB6, 0xFEB6, 0xFE95, 0xF674, 0xF654, 0xF634, 0xF634,
  0xF633, 0xF613, 0xF613, 0xEDF3, 0xEDF3, 0xEDD2, 0xEDF3, 0xEDD3, 0xEDB1, 0xED91, 0xE591, 0xE570,
  0xE550, 0xE570, 0xE550, 0xE54F, 0xBC6D, 0x6AC9, 0x3144, 0x49C6, 0x9349, 0xCCAE, 0xD4AD, 0xD48D,
  0xD46C, 0xB3EB, 0x59E6, 0xB3CB, 0xCC0B, 0xC3EA, 0xC40B, 0xC3EA, 0xC3AA, 0xC3AA, 0xC3CA, 0xC3CA,
  0x9AE8, 0x2924, 0x59E6, 0x7A67, 0x18C3, 0x7A26, 0xB327, 0xB328, 0xAB07, 0xAB07, 0xAAE7, 0xAAE7,
  0xAAC7, 0x7A25, 0x10A2, 0x4943, 0xA2C7, 0xA2C7, 0xA2A6, 0xA2C7, 0xAAE8, 0xA2C7, 0x8A46, 0x9A66,
  0x9A86, 0x9A65, 0x9A66, 0x4165, 0x9225, 0x9204, 0x9A24, 0x5164, 0x20A2, 0x8A25, 0x9224, 0x9204,
  0x9204, 0x9204, 0x8A04, 0x89C4, 0x6984, 0x89C3, 0x89C3, 0x89C3, 0x89E4, 0x89E4, 0x89C3, 0x5984,
  0x28E3, 0x89C4, 0x8A04, 0x81A3, 0x89E4, 0x8A04, 0x89C3, 0x81A3, 0x3903, 0x1082, 0x48E2, 0x89A3,
  0x89C3, 0x89E4, 0x89E4, 0x8A05, 0x89A3, 0x81A3, 0x8182, 0x81A3, 0x81A3, 0x48E2, 0x81A4, 0x81C4,
  0x8183, 0x40E2, 0x81A3, 0x7983, 0x8205, 0x81C4, 0x81C4, 0x7983, 0x81A3, 0x8A26, 0x5123, 0x20E4,
  0x6963, 0x7983, 0x7962, 0x7963, 0x7983, 0x81E5, 0x81E5, 0x81C5, 0x81A4, 0x8183, 0x81A4, 0x8183,
  0x81A4, 0x7983, 0x81C4, 0x81C5, 0x8205, 0x81A4, 0x81C4, 0x81C4, 0x81E5, 0x81A4, 0x8183, 0x81C4,
  0x8A26, 0x81A4, 0x81A3, 0x8A47, 0x81E5, 0x81C5, 0x81A4, 0x81A3, 0x81C4, 0x8A06, 0x81E5, 0x8A26,
  0x8A26, 0x81C4, 0x89E5, 0x8A26, 0x8A26, 0x8A26, 0x89C4, 0x81C4, 0x9268, 0x8A26, 0x8A26, 0x8A05,
  0x9247, 0x9247, 0x9267, 0x92C9, 0x9246, 0x9267, 0x9246, 0x9205, 0x9B0A, 0xA36B, 0x9A87, 0x9A66,
  0xA309, 0x9AC8, 0x9AA7, 0xA286, 0xA32A, 0xABAC, 0xA2E8, 0xAB08, 0xAAE7, 0xB40D, 0xB3AB, 0xB3EC,
  0xBC0D, 0xBBAA, 0xBBAA, 0xBBCB, 0xCCD0, 0xC46D, 0xCCAF, 0xD5B4, 0xCCEF, 0xD530, 0xDD92, 0xDD50,
  0xDDD4, 0xE5F4, 0xE5B2, 0xE614, 0xE635, 0xEE56, 0xE5F3, 0xEE97, 0xEE55, 0xEDF2, 0xEE76, 0xEED8,
  0xFF7A, 0xFF7A, 0xFF7A, 0xFF7A, 0xFF7A, 0xFF59, 0xFF39, 0xFF59, 0xFF59, 0xFF39, 0xFF39, 0xFF38,
  0xFF18, 0xFEF7, 0xFF17, 0xFEF7, 0xFED7, 0xFED6, 0xFEB6, 0xFEB6, 0xF675, 0xF654, 0xF633, 0xF633,
  0xF633, 0xF633, 0xF613, 0xF613, 0xEDF3, 0xEDF2, 0xEDF3, 0xEDD2, 0xEDD2, 0xEDB1, 0xED91, 0xE591,
  0xEDB1, 0xCCCE, 0x938B, 0x5206, 0x7B4B, 0xA40D, 0xD4EF, 0xE50F, 0xD4CE, 0xD4CE, 0xD4AD, 0xDCCE,
  0x9329, 0x72A8, 0xDCCE, 0xCC4C, 0xCC0A, 0xCBEA, 0xC3C9, 0xC3A9, 0xC389, 0xC3A9, 0xAB48, 0x4985,
  0x4985, 0x9AE7, 0x7A66, 0x2945, 0x7A46, 0xB328, 0xB327, 0xB328, 0xB307, 0xB307, 0xAAE7, 0xAAC7,
  0x9246, 0x28E3, 0x8266, 0xB308, 0xA2C7, 0xA2C7, 0xA2C7, 0xA2A6, 0xA2A6, 0xA2A6, 0x8A25, 0xA2A6,
  0x9A66, 0x9A65, 0x61C5, 0x69A4, 0x9204, 0x9204, 0x69A4, 0x1881, 0x8A46, 0x9A45, 0x9204, 0x9225,
  0x9204, 0x9204, 0x91E4, 0x71A4, 0x8A04, 0x91E4, 0x91E4, 0x89E4, 0x9225, 0x89E4, 0x89C3, 0x4165,
  0x5123, 0x89E4, 0x9204, 0x89C3, 0x89E4, 0x89C3, 0x81A3, 0x89C3, 0x2903, 0x1061, 0x5102, 0x89C4,
  0x91E4, 0x89E4, 0x9205, 0x89C4, 0x89A3, 0x89A3, 0x89C4, 0x89C4, 0x89A3, 0x4902, 0x89C4, 0x81A4,
  0x8183, 0x6942, 0x6122, 0x81E5, 0x81C4, 0x81A3, 0x8183, 0x81A3, 0x81C4, 0x81A4, 0x81C4, 0x5143,
  0x3165, 0x6942, 0x8183, 0x7983, 0x8206, 0x81E5, 0x81A4, 0x81A3, 0x81A3, 0x8183, 0x8183, 0x81A3,
  0x81A4, 0x81A4, 0x81C5, 0x81C5, 0x81C4, 0x81A4, 0x81C4, 0x89E5, 0x89E5, 0x81A3, 0x81C4, 0x81C4,
  0x89E5, 0x81C4, 0x81C4, 0x8A06, 0x89E5, 0x89E5, 0x81C4, 0x81A3, 0x81A4, 0x8A26, 0x8A27, 0x8A67,
  0x8A06, 0x89C4, 0x8A05, 0x8A26, 0x8A05, 0x8A46, 0x89E4, 0x81C4, 0x92EA, 0x8A47, 0x89E5, 0x89E4,
  0x9267, 0x8A26, 0x9225, 0x92A8, 0x9287, 0x9246, 0x9AA8, 0x9225, 0x9AA8, 0xA34B, 0x9AA7, 0x9AA7,
  0xA2E9, 0xA32A, 0xA2E8, 0xA2A7, 0xA2C7, 0xABAC, 0xA329, 0xAB29, 0xAAE7, 0xB3AB, 0xB3EC, 0xBC8F,
  0xB3CB, 0xBBCA, 0xBBEB, 0xBBEB, 0xCCF1, 0xCC8E, 0xCCF0, 0xD593, 0xD50F, 0xD572, 0xDE16, 0xDD30,
  0xE615, 0xE636, 0xE5D2, 0xE614, 0xE635, 0xE613, 0xEE76, 0xEE76, 0xEE54, 0xEDF2, 0xEE34, 0xF6D8,
  0xFF7A, 0xFF7A, 0xFF7A, 0xFF7A, 0xFF7A, 0xFF59, 0xFF59, 0xFF59, 0xFF59, 0xFF39, 0xFF39, 0xFF39,
  0xFF38, 0xFF18, 0xFF17, 0xFEF7, 0xFEF7, 0xFED6, 0xFED6, 0xFEB6, 0xFE95, 0xF674, 0xF654, 0xF634,
  0xF634, 0xF634, 0xF613, 0xF613, 0xF5F3, 0xEDF3, 0xEE13, 0xEDD2, 0xF5F2, 0xEDF2, 0xCD30, 0x938B,
  0x5A47, 0x7B0A, 0xBC6D, 0xEDB1, 0xE571, 0xDD30, 0xDD2F, 0xDD0F, 0xDD0F, 0xDD0F, 0xBC6D, 0x6A87,
  0xB40C, 0xDCCE, 0xD4AD, 0xD44C, 0xCC0B, 0xC3EA, 0xCC0B, 0xCC2B, 0xABAA, 0x51A5, 0x4164, 0x92A7,
  0xCBCA, 0x8287, 0x3165, 0x7A26, 0xBB48, 0xB327, 0xB307, 0xB307, 0xB328, 0xB307, 0xB307, 0x8A66,
  0x20A2, 0x9AC7, 0xB307, 0xAAC6, 0xAAC7, 0xAAE7, 0xA2C6, 0xA2A6, 0xA286, 0x8A25, 0x9A86, 0x9A65,
  0x9A65, 0x8246, 0x4943, 0x9A45, 0x9A45, 0x71C4, 0x18A2, 0x8A25, 0x9A45, 0x9204, 0x9A45, 0x9A25,
  0x9A45, 0x9A25, 0x9204, 0x71A4, 0x91E4, 0x9204, 0x9204, 0x9204, 0x89E3, 0x89E3, 0x81C3, 0x2104,
  0x81E4, 0x9225, 0x89C3, 0x89C3, 0x89C3, 0x89C3, 0x89C3, 0x89C4, 0x20E3, 0x28A2, 0x5102, 0x9205,
  0x89E4, 0x89C4, 0x89E4, 0x89C3, 0x89A3, 0x89C3, 0x89A3, 0x89C4, 0x89E4, 0x6163, 0x7983, 0x8182,
  0x81A3, 0x89E4, 0x4902, 0x89A3, 0x8183, 0x8183, 0x8A05, 0x81C4, 0x81C4, 0x81A3, 0x8183, 0x81A3,
  0x5923, 0x28E3, 0x7184, 0x81E5, 0x81E5, 0x81A3, 0x81A4, 0x81C4, 0x81E4, 0x81A3, 0x81C4, 0x81C4,
  0x81A4, 0x81E5, 0x81C4, 0x81A4, 0x81A4, 0x81C4, 0x81C4, 0x81C5, 0x81A4, 0x81A3, 0x89E5, 0x8A05,
  0x8A05, 0x89C4, 0x89C4, 0x89E5, 0x8A05, 0x8A26, 0x89E5, 0x81A4, 0x89C4, 0x81E5, 0x9B0A, 0x8A47,
  0x8A06, 0x8A05, 0x89E5, 0x8A26, 0x8A26, 0x8A26, 0x89C4, 0x8A05, 0x9B6C, 0x9267, 0x8A05, 0x89E5,
  0x9226, 0x9267, 0x9225, 0x9287, 0x9267, 0x9266, 0x9267, 0x9A66, 0x9246, 0x9AE9, 0x9AA8, 0xA34A,
  0xA2C8, 0xA2E9, 0xA2E8, 0xA2C7, 0xA2E8, 0xB3EE, 0xAB6A, 0xAB29, 0xAB08, 0xB3CB, 0xBC2D, 0xBC4E,
  0xBBCB, 0xBBCA, 0xBC0C, 0xC42C, 0xCCD0, 0xCCCF, 0xCD10, 0xDDF5, 0xD510, 0xDDD4, 0xDE15, 0xDD50,
  0xEEB8, 0xE635, 0xE5B2, 0xE635, 0xEE34, 0xE5F2, 0xEE76, 0xEE55, 0xEE13, 0xEE34, 0xEE34, 0xEE76,
  0xFF7A, 0xFF7A, 0xFF79, 0xFF7A, 0xFF7A, 0xFF59, 0xFF59, 0xFF59, 0xFF58, 0xFF38, 0xFF39, 0xFF39,
  0xFF39, 0xFF38, 0xFF17, 0xFEF7, 0xFEF7, 0xFED7, 0xFED6, 0xFEB6, 0xFEB6, 0xFE95, 0xF654, 0xF634,
  0xF654, 0xF654, 0xF654, 0xF634, 0xEDF2, 0xDD70, 0xC4CF, 0xAC2D, 0x9BAB, 0x8B4A, 0xA3EC, 0xD551,
  0xEDD2, 0xED91, 0xE550, 0xE550, 0xE52F, 0xDD0F, 0xDD0F, 0xDD0F, 0xE52F, 0x9BAB, 0xA3CC, 0xDD30,
  0xD4CE, 0xD48D, 0xD46C, 0xCC2B, 0xCC2B, 0xD46C, 0x9B49, 0x59E6, 0x6246, 0xB3AB, 0xCC4C, 0xCBEA,
  0x8287, 0x2924, 0x8A87, 0xB348, 0xB307, 0xBB69, 0xBBAA, 0xBB48, 0xB328, 0xB328, 0x61C4, 0x20C3,
  0x8A87, 0xB328, 0xAAE7, 0xAB08, 0xB349, 0xAB28, 0xAB08, 0xAAA6, 0xA286, 0x9246, 0xA285, 0xA286,
  0x8A45, 0x4144, 0x9A45, 0x9A45, 0x8205, 0x18A2, 0x7A05, 0xA2C7, 0x9A45, 0x9A45, 0x9A45, 0x9A24,
  0x9A24, 0x9A24, 0x71A4, 0x9225, 0x9204, 0x91E4, 0x9204, 0x9204, 0x91E4, 0x89C3, 0x71A4, 0x28A2,
  0x91E4, 0x91C3, 0x89C3, 0x91C3, 0x89C3, 0x89C3, 0x91E3, 0x81C4, 0x20E3, 0x5943, 0x4903, 0x91E4,
  0x91E4, 0x89C3, 0x89C3, 0x89C4, 0x89C3, 0x8982, 0x89A3, 0x8A05, 0x89E4, 0x7983, 0x5902, 0x81A3,
  0x8A05, 0x81C4, 0x6943, 0x7963, 0x81A3, 0x8A06, 0x81E5, 0x81C4, 0x81A3, 0x8183, 0x8183, 0x8A05,
  0x81C4, 0x71A4, 0x3103, 0x71C4, 0x89E5, 0x81A3, 0x8A05, 0x81C4, 0x81A3, 0x81A4, 0x81C4, 0x81E5,
  0x81C4, 0x81C4, 0x81A4, 0x81A4, 0x81A4, 0x81C4, 0x89E5, 0x89C4, 0x89E5, 0x81A4, 0x9247, 0x8A47,
  0x8A05, 0x89E5, 0x8A05, 0x89E4, 0x9247, 0x8A26, 0x8A26, 0x89C4, 0x89C4, 0x8A05, 0x92A9, 0x8A67,
  0x8A26, 0x89E5, 0x89E5, 0x8A26, 0x8A26, 0x9247, 0x89E4, 0x8A05, 0x9AEA, 0x9247, 0x8A05, 0x8A05,
  0x8A25, 0x9267, 0x9226, 0x9225, 0x9226, 0x9266, 0x9AC9, 0x9A87, 0x9A45, 0x9A87, 0x9AC8, 0xA36B,
  0xA2C8, 0xA2E8, 0xA308, 0xA2C7, 0xA2E7, 0xB40E, 0xB3CC, 0xAB28, 0xB349, 0xB349, 0xBC6F, 0xC4D1,
  0xBBEB, 0xBBCA, 0xC4AF, 0xC46E, 0xCCAF, 0xCCCF, 0xD510, 0xD5B4, 0xD510, 0xD572, 0xDDF4, 0xDD50,
  0xE656, 0xE635, 0xE5F3, 0xEEB8, 0xE634, 0xE5F3, 0xEE97, 0xEE97, 0xEDF2, 0xEE75, 0xEE34, 0xF6B7,
  0xFF7A, 0xFF7A, 0xFF7A, 0xFF59, 0xFF59, 0xFF59, 0xFF59, 0xFF59, 0xFF38, 0xFF38, 0xFF38, 0xFF59,
  0xFF59, 0xFF39, 0xFF18, 0xFEF7, 0xFEF7, 0xFED7, 0xFED7, 0xFEB6, 0xFEB6, 0xFE95, 0xFE95, 0xF654,
  0xF633, 0xE5D2, 0xDD92, 0xD551, 0xCD30, 0xDD71, 0xE5B2, 0xEDD2, 0xF5D2, 0xEDD2, 0xEDB1, 0xEDB1,
  0xED91, 0xE570, 0xE550, 0xE54F, 0xE550, 0xE550, 0xE550, 0xABEB, 0x936A, 0xD4EF, 0xDD0F, 0xDCEE,
  0xDCCE, 0xD4AD, 0xD4AD, 0xBC0B, 0x92E8, 0x82A7, 0x9308, 0xCC0B, 0xCC4C, 0xCC4C, 0xCC2B, 0x7226,
  0x2924, 0x9AE8, 0xC389, 0xBB48, 0xBB48, 0xBB48, 0xBB69, 0xBB89, 0xA2E8, 0x5984, 0x5185, 0x8246,
  0xB328, 0xB327, 0xB2E7, 0xB308, 0xAAE7, 0xAAC7, 0xA2A6, 0xAAA6, 0x9265, 0xAAC7, 0xAAC7, 0x9286,
  0x3923, 0x9A65, 0xA2A6, 0x9266, 0x28E3, 0x61A4, 0xA2A7, 0xA2A6, 0x9A45, 0x9A25, 0x9A45, 0x9A45,
  0x9A24, 0x9224, 0x81E4, 0x9204, 0x9A25, 0x9A45, 0x9204, 0x9204, 0x91E3, 0x91E4, 0x4923, 0x6143,
  0x91C3, 0x91C3, 0x91E3, 0x91E3, 0x91E4, 0x91C3, 0x89C3, 0x81C4, 0x20C3, 0x81E4, 0x5964, 0x9225,
  0x91E4, 0x9225, 0x91E4, 0x89C3, 0x89C3, 0x9205, 0x9226, 0x8A05, 0x89C3, 0x89A3, 0x5922, 0x89C4,
  0x8A25, 0x89C4, 0x89C3, 0x5943, 0x8A05, 0x89E4, 0x89E4, 0x81A3, 0x81A3, 0x81A3, 0x89E5, 0x81C4,
  0x81C4, 0x89E4, 0x81A4, 0x5164, 0x6963, 0x81A3, 0x89E4, 0x81A3, 0x81A3, 0x81C4, 0x8A47, 0x8A05,
  0x89E4, 0x81A4, 0x81E5, 0x81E5, 0x8A26, 0x89C4, 0x81C4, 0x89C4, 0x8A26, 0x89C4, 0x9267, 0x9267,
  0x89E4, 0x8A05, 0x89E5, 0x8A05, 0x92A8, 0x8A05, 0x8A05, 0x89E4, 0x89E4, 0x89E4, 0x9288, 0x9AE9,
  0x9246, 0x8A05, 0x8A05, 0x8A05, 0x9B0A, 0x9267, 0x9205, 0x9205, 0x9267, 0x9246, 0x92A8, 0x9267,
  0x9205, 0x8A05, 0x9246, 0x9246, 0x9225, 0x9AA8, 0x9AC9, 0x9AA7, 0x9A66, 0x9A66, 0x9AC8, 0xAB8C,
  0xA309, 0xA309, 0xA309, 0xAB08, 0xA2E7, 0xB3AC, 0xAB8B, 0xB3AB, 0xB36A, 0xB349, 0xBC2D, 0xC4D0,
  0xBBEC, 0xBBCA, 0xCCF1, 0xC48E, 0xCCCF, 0xCCEF, 0xD531, 0xDDD4, 0xD550, 0xDDD4, 0xDDD3, 0xDD50,
  0xE635, 0xE614, 0xE5F3, 0xEEB8, 0xE5F3, 0xE613, 0xEEB8, 0xEE96, 0xEDD1, 0xEEB7, 0xEE34, 0xEE75,
  0xFF7A, 0xFF7A, 0xFF7A, 0xFF79, 0xFF59, 0xFF59, 0xFF59, 0xFF59, 0xFF58, 0xFF38, 0xFF38, 0xFF38,
  0xFF59, 0xFF39, 0xFF39, 0xFF17, 0xFEF7, 0xFEF7, 0xFED7, 0xFED7, 0xFED6, 0xFEB6, 0xFE95, 0xFE75,
  0xF675, 0xF654, 0xF654, 0xF634, 0xF634, 0xF613, 0xF5F3, 0xEDD2, 0xEDB1, 0xEDB1, 0xEDB1, 0xEDB1,
  0xED91, 0xED91, 0xED91, 0xED70, 0xE52F, 0xC44C, 0xBBEB, 0xDCEF, 0xE52F, 0xDD0F, 0xE530, 0xD4CE,
  0xC44C, 0xB3CB, 0xABAA, 0xB3EB, 0xCC4C, 0xD46C, 0xD44B, 0xCC2B, 0xCC2B, 0xD46C, 0x6A26, 0x3144,
  0xAB49, 0xC389, 0xC3A9, 0xBB89, 0xBB68, 0xBB89, 0xC3A9, 0x7A05, 0x7A46, 0x8AA7, 0x61C4, 0xBB28,
  0xB307, 0xB328, 0xB307, 0xB2E7, 0xAAC6, 0xAAC6, 0xAAC6, 0xA2A6, 0xAAC6, 0xAAC7, 0x9A87, 0x4964,
  0x9A66, 0xA2C7, 0x9AA7, 0x3123, 0x69A4, 0xAB08, 0xA2A6, 0x9A45, 0x9A65, 0xA245, 0x9A24, 0x9A24,
  0x9A24, 0x79C4, 0x9A24, 0x9A04, 0x9A24, 0x9A04, 0x9204, 0x91E3, 0x9204, 0x89E4, 0x3903, 0x79A3,
  0x91C3, 0x91C3, 0x9A25, 0x9A45, 0x9A46, 0x91E4, 0x9204, 0x8205, 0x2924, 0x9225, 0x5943, 0x9225,
  0x91E4, 0x91E4, 0x91C3, 0x89E4, 0x9225, 0x89E4, 0x89C4, 0x89E4, 0x89C3, 0x89C3, 0x7163, 0x79C4,
  0x8A25, 0x89C4, 0x89C3, 0x7184, 0x81E5, 0x9226, 0x89E4, 0x89C3, 0x81A3, 0x89E5, 0x89E4, 0x89C4,
  0x89E4, 0x89C4, 0x81C4, 0x81C4, 0x6164, 0x6143, 0x89C3, 0x81A3, 0x8A05, 0x92A8, 0x8A05, 0x8A05,
  0x81C4, 0x89E5, 0x8A26, 0x89E5, 0x89E5, 0x89E5, 0x89E4, 0x8A26, 0x89E4, 0x89E4, 0x9267, 0x8A05,
  0x8A05, 0x9205, 0x89C4, 0x8A26, 0x9226, 0x9226, 0x9226, 0x8A05, 0x9246, 0x89E4, 0x9267, 0x8A46,
  0x8A05, 0x9226, 0x89E4, 0x92A8, 0x9B2A, 0x9226, 0x9225, 0x8A05, 0x9226, 0x9226, 0x92C9, 0x9267,
  0x9226, 0x9205, 0x9A88, 0x9267, 0x9246, 0x9AA8, 0x9AA8, 0x9AA8, 0x9A87, 0x9A86, 0xA2A7, 0xAB8C,
  0xA34A, 0xAB4A, 0xAB09, 0xAB08, 0xAAE7, 0xB3AC, 0xB3EC, 0xB3ED, 0xB369, 0xB369, 0xBBEC, 0xC4D1,
  0xBBEB, 0xBBEB, 0xCD32, 0xCC8E, 0xCCF0, 0xD531, 0xD531, 0xDDF5, 0xD551, 0xDDD4, 0xDDD3, 0xE5B2,
  0xDDB2, 0xE614, 0xE5F4, 0xEE56, 0xEE14, 0xEE55, 0xEE97, 0xEE55, 0xEDF2, 0xF6B7, 0xEE54, 0xF696,
  0xFF7A, 0xFF7A, 0xFF7A, 0xFF7A, 0xFF7A, 0xFF7A, 0xFF5A, 0xFF7A, 0xFF59, 0xFF38, 0xFF38, 0xFF38,
  0xFF39, 0xFF39, 0xFF39, 0xFF18, 0xFF17, 0xFEF7, 0xFEF7, 0xFED7, 0xFED7, 0xFED6, 0xFEB6, 0xFE95,
  0xF695, 0xF675, 0xF634, 0xF634, 0xF634, 0xF634, 0xF633, 0xF613, 0xEDF2, 0xEDB1, 0xEDB1, 0xEDB1,
  0xEDB1, 0xED91, 0xE550, 0xDCEE, 0xD4CE, 0xE570, 0xE550, 0xE571, 0xE571, 0xDD0F, 0xDCCE, 0xD4CE,
  0xDD0F, 0xDCEF, 0xDCAD, 0xD48D, 0xD46C, 0xD44C, 0xD44B, 0xCC2B, 0xD46C, 0x5A06, 0x49C5, 0xBBCA,
  0xC3A9, 0xC3CA, 0xC3EA, 0xC3AA, 0xCBEB, 0x92A7, 0x8A86, 0xBB69, 0x8A87, 0x59C5, 0xC389, 0xB327,
  0xB327, 0xB327, 0xB307, 0xB328, 0xB2E6, 0xAAA6, 0xAAA6, 0xAAC7, 0xB307, 0x9246, 0x5984, 0xAB08,
  0xAB08, 0x9266, 0x38E3, 0x69E5, 0xAAC7, 0xA2A6, 0xA286, 0xA265, 0xA265, 0x9A45, 0xA244, 0xA245,
  0x8A05, 0xA286, 0x9A65, 0xA266, 0x9A45, 0x9A25, 0x9A25, 0x9A04, 0x9A24, 0x5123, 0x6163, 0x89C3,
  0x9204, 0xA2A7, 0x9A87, 0x9A45, 0x9A24, 0x9204, 0x9A66, 0x71E5, 0x3923, 0x9A25, 0x6963, 0x91E4,
  0x91E4, 0x9204, 0x9A66, 0x9225, 0x9245, 0x9204, 0x91E4, 0x91E4, 0x89C3, 0x89C3, 0x89E5, 0x71A3,
  0x9205, 0x89C4, 0x89C3, 0x9205, 0x6983, 0x89E4, 0x89A3, 0x89C4, 0x8A26, 0x8A05, 0x89E4, 0x89C4,
  0x89E5, 0x89C3, 0x89C3, 0x89E4, 0x9287, 0x79C4, 0x5922, 0x81C4, 0x92A8, 0x8A26, 0x8A05, 0x89C4,
  0x89C4, 0x9288, 0x8A05, 0x89E4, 0x89E4, 0x8A26, 0x9246, 0x8A05, 0x9205, 0x8A05, 0x9267, 0x9205,
  0x89E4, 0x9205, 0x8A05, 0x9246, 0x9246, 0x8A05, 0x8A05, 0x9267, 0x9267, 0x9226, 0x9267, 0x9267,
  0x9267, 0x9225, 0x9225, 0x9AC9, 0x9AE9, 0x9267, 0x9A87, 0x9205, 0x9204, 0x9267, 0xA38D, 0x9267,
  0x9225, 0x9205, 0x9A87, 0x9AC8, 0x9AA8, 0x9AC8, 0x9AC8, 0x9AA7, 0xA309, 0xA2C7, 0xA286, 0xAB4A,
  0xABCD, 0xA329, 0xAB29, 0xAB28, 0xAB29, 0xB3AB, 0xBC90, 0xBC0D, 0xB36A, 0xBB8A, 0xBC2D, 0xC46F,
  0xBBEB, 0xC42C, 0xCD32, 0xCC8E, 0xCD31, 0xD552, 0xD530, 0xDDF5, 0xDD51, 0xDDD4, 0xE657, 0xDDB2,
  0xE591, 0xE614, 0xE634, 0xEE35, 0xEE14, 0xEE55, 0xEE76, 0xEE75, 0xEE13, 0xF6D8, 0xEE34, 0xF696,
  0xFF7A, 0xFF7A, 0xFF7A, 0xFF7A, 0xFF7A, 0xFF7A, 0xFF7A, 0xFF59, 0xFF59, 0xFF38, 0xFF38, 0xFF38,
  0xFF38, 0xFF39, 0xFF39, 0xFF18, 0xFF18, 0xFEF7, 0xFEF7, 0xFEF7, 0xFED7, 0xFED7, 0xFED6, 0xFEB6,
  0xFE95, 0xFE95, 0xF654, 0xF634, 0xF634, 0xF634, 0xF613, 0xF613, 0xF613, 0xEDF2, 0xEDF2, 0xEDD2,
  0xEDB2, 0xEDB1, 0xEDB2, 0xED91, 0xE570, 0xE570, 0xE550, 0xE570, 0xE550, 0xE550, 0xE550, 0xE530,
  0xDD2F, 0xDCEE, 0xDCCE, 0xDCCE, 0xDCAD, 0xD48D, 0xD4AD, 0xD4AE, 0x59E6, 0x72A8, 0xD48D, 0xCC4C,
  0xCC4C, 0xCC2C, 0xCBEA, 0xB369, 0x9AC7, 0xBB89, 0xC389, 0x8AA7, 0x69E5, 0xC389, 0xBB89, 0xBB69,
  0xBB89, 0xB327, 0xB307, 0xB307, 0xB2E7, 0xB307, 0xB307, 0xBB48, 0x9286, 0x8A45, 0xB2E7, 0xAAE7,
  0x9287, 0x5984, 0x71E5, 0xAB29, 0xAB08, 0xAAA6, 0xAAA6, 0xA286, 0xA265, 0xA2A7, 0xA286, 0x9245,
  0xA286, 0xA266, 0xA286, 0xA286, 0x9A45, 0x9A25, 0x9A25, 0x9A45, 0x8A04, 0x5964, 0x71A4, 0x9A45,
  0x9A66, 0x9A45, 0x9A45, 0x9A24, 0x9204, 0x9A45, 0x9A25, 0x61C5, 0x5943, 0x9204, 0x81C4, 0x8A26,
  0x9AC8, 0x9A87, 0x9A87, 0x9225, 0x9204, 0x9204, 0x91E4, 0x91E4, 0x91E4, 0x9A46, 0x9205, 0x79A4,
  0x9225, 0x91E4, 0x91E4, 0x91E4, 0x79A3, 0x79A3, 0x89E4, 0x9225, 0x8A05, 0x89E4, 0x9205, 0x9205,
  0x89E4, 0x89C4, 0x89E5, 0x8A05, 0x9267, 0x8A04, 0x89C3, 0x79E5, 0x79E5, 0x8A05, 0x8A05, 0x89C4,
  0x89E4, 0x8A05, 0x89E4, 0x89E4, 0x9246, 0x9288, 0x9246, 0x9205, 0x89E4, 0x9246, 0x9246, 0x9226,
  0x9205, 0x89E4, 0x9246, 0x9267, 0x9267, 0x9225, 0x9205, 0x9B0A, 0x9267, 0x9205, 0x9225, 0x9267,
  0x9246, 0x9205, 0x9267, 0x9AC8, 0x9267, 0x9AA8, 0x9267, 0x9226, 0x9204, 0x9287, 0x9AE9, 0x9AA8,
  0x9225, 0x9225, 0x9A88, 0x9B0A, 0x9A87, 0x9A66, 0xA2E9, 0xA2E9, 0xA32A, 0xA309, 0xA2A7, 0xA2E8,
  0xB3CD, 0xAB4A, 0xAB4A, 0xAB29, 0xB36A, 0xBC0E, 0xBC6F, 0xB3AB, 0xBBEC, 0xBBCB, 0xBC2D, 0xC48F,
  0xC42C, 0xCC8E, 0xCCCF, 0xCCCF, 0xD593, 0xD510, 0xD551, 0xE636, 0xDD30, 0xDDF4, 0xE656, 0xE5F4,
  0xE5D2, 0xEE97, 0xE614, 0xEE34, 0xEE13, 0xEE55, 0xEED8, 0xEE76, 0xEE34, 0xF6B7, 0xEE33, 0xF6F8,
  0xFF7A, 0xFF7A, 0xFF7A, 0xFF7A, 0xFF7A, 0xFF7A, 0xFF7A, 0xFF59, 0xFF59, 0xFF38, 0xFF38, 0xFF38,
  0xFF38, 0xFF39, 0xFF39, 0xFF38, 0xFF18, 0xFF18, 0xFF17, 0xFEF7, 0xFEF7, 0xFEF7, 0xFED7, 0xFEB6,
  0xFEB6, 0xFE75, 0xF674, 0xF654, 0xF654, 0xF654, 0xF613, 0xF613, 0xF613, 0xF5F3, 0xEDF2, 0xEDF2,
  0xEDF2, 0xEDD2, 0xEDD2, 0xED91, 0xED91, 0xED91, 0xE571, 0xE550, 0xE52F, 0xE50E, 0xE50E, 0xE50F,
  0xDD0F, 0xDCEE, 0xDCCE, 0xDCAD, 0xD4AD, 0xDCAD, 0xC46D, 0x51C5, 0xABAA, 0xD46C, 0xCC4B, 0xCC2B,
  0xCC2B, 0xCBEA, 0xBBAA, 0xBB89, 0xCBCA, 0xC3A9, 0x9AE7, 0x7A66, 0xC389, 0xBB89, 0xC3AA, 0xBB89,
  0xBB48, 0xBBAA, 0xBBCB, 0xC3CB, 0xB328, 0xBB28, 0xAAE7, 0x9266, 0xAAE7, 0xB307, 0xAAC6, 0x8205,
  0x6184, 0x7205, 0xBB69, 0xAAE7, 0xAAA6, 0xAAA6, 0xA285, 0xA265, 0xAB08, 0xAAC7, 0x9A65, 0x9A45,
  0xA286, 0xA266, 0xA286, 0xA265, 0x9A45, 0x9A45, 0x9A24, 0x9A04, 0x6184, 0x9245, 0x81E4, 0x9A45,
  0x9A45, 0x9A25, 0x9A04, 0x9204, 0x9A45, 0x9A45, 0x9A24, 0x4144, 0x8A25, 0x9A66, 0x9A66, 0x81E5,
  0x9A66, 0x9225, 0x9225, 0x9225, 0x9204, 0x9204, 0x91E4, 0x9A66, 0x9A66, 0x9204, 0x9225, 0x81C4,
  0x8A05, 0x9204, 0x91E4, 0x91C3, 0x89E4, 0x7184, 0x9246, 0x9204, 0x8A05, 0x9266, 0x9225, 0x89E4,
  0x9205, 0x9246, 0x9246, 0x9205, 0x9205, 0x91E4, 0x9225, 0x9AA8, 0x8A25, 0x79A4, 0x81C4, 0x89E4,
  0x9246, 0x9225, 0x89E4, 0x9225, 0x9AE9, 0x9267, 0x9205, 0x91E4, 0x89E4, 0x9246, 0x9226, 0x9246,
  0x9205, 0x9204, 0x9AC9, 0x9287, 0x9267, 0x9225, 0x9267, 0x9AC9, 0x9267, 0x9225, 0x9246, 0x9287,
  0x9A87, 0x9205, 0x9AE9, 0x9B0A, 0x9AA8, 0x9287, 0x9A88, 0x9245, 0x9225, 0x9266, 0x9AE9, 0x9A87,
  0x9225, 0x9225, 0x9A87, 0xA36C, 0x9A87, 0x9A87, 0xA2E9, 0xA2C8, 0xA34B, 0xAB2A, 0xA2E8, 0xA2C8,
  0xABAC, 0xAB29, 0xB36A, 0xAB49, 0xAB28, 0xB3EC, 0xBC2D, 0xBBCB, 0xBC2D, 0xBC0C, 0xC48F, 0xC44D,
  0xCCD0, 0xCCCF, 0xCC6D, 0xD531, 0xD593, 0xD572, 0xD530, 0xDD72, 0xDD51, 0xDDD3, 0xE656, 0xE5F4,
  0xE5F3, 0xE614, 0xEE34, 0xEE76, 0xEE13, 0xEEB7, 0xEEF9, 0xEEB7, 0xEE34, 0xF696, 0xF675, 0xF73A,
  0xFF7A, 0xFF7A, 0xFF7A, 0xFF7A, 0xFF7A, 0xFF7A, 0xFF7A, 0xFF59, 0xFF59, 0xFF59, 0xFF39, 0xFF39,
  0xFF59, 0xFF38, 0xFF38, 0xFF38, 0xFF38, 0xFF18, 0xFF17, 0xFF17, 0xFEF7, 0xFED6, 0xFED6, 0xFED6,
  0xFED6, 0xFEB6, 0xFE74, 0xFE74, 0xF654, 0xF654, 0xF654, 0xF634, 0xF634, 0xF654, 0xF634, 0xF5F2,
  0xF5D2, 0xEDB1, 0xEDB1, 0xED91, 0xED90, 0xED90, 0xE570, 0xE54F, 0xE550, 0xE550, 0xE550, 0xE52F,
  0xE50E, 0xDCEE, 0xDCEE, 0xDCAD, 0xDCEE, 0xA3AB, 0x6226, 0xD46D, 0xD46C, 0xD44B, 0xCC0A, 0xCC0A,
  0xCBEA, 0xCBEA, 0xCBEA, 0xCBEA, 0xCBEA, 0x9AE8, 0x8AA7, 0xC3CA, 0xC3CA, 0xC3CA, 0xC3A9, 0xBB68,
  0xC389, 0xC3CA, 0xBB89, 0xBB48, 0xBB28, 0xAAC7, 0xA2C7, 0xB307, 0xB307, 0xA2A6, 0x8A04, 0x7A05,
  0x69C4, 0xB307, 0xAAC6, 0xAAA6, 0xAA85, 0xAA85, 0xAAC7, 0xB328, 0xAAC7, 0xA265, 0xA2A7, 0xAB08,
  0xA2A6, 0xA285, 0xA265, 0xA265, 0xA245, 0x9A44, 0xA265, 0x9225, 0x71A4, 0x9225, 0x9204, 0xA224,
  0x9A24, 0x9A24, 0xA266, 0xA2A7, 0x9A87, 0xA286, 0x9A45, 0x30C2, 0x9A25, 0x9A45, 0x9A45, 0x81C4,
  0x9A66, 0x9A45, 0x9A45, 0x9A25, 0x9A04, 0x9204, 0x9A66, 0x9A45, 0x9A25, 0x9A25, 0x9A45, 0x9225,
  0x89C4, 0x9204, 0x91E3, 0x9246, 0x9AE9, 0x9246, 0x7183, 0x9225, 0x9A87, 0x9246, 0x9204, 0x91E4,
  0x9287, 0x9A87, 0x9205, 0x9225, 0x9205, 0x91E4, 0x9225, 0x9267, 0x9226, 0x9205, 0x9225, 0x79A4,
  0x89E4, 0x9205, 0x9225, 0x9225, 0x9246, 0x9205, 0x9204, 0x91E4, 0x9225, 0x9267, 0x9246, 0x9246,
  0x9205, 0x9287, 0x9AE9, 0x9267, 0x9225, 0x9225, 0x9AA8, 0x9287, 0x9246, 0x9225, 0x9246, 0x9A88,
  0x9246, 0x9A87, 0x9AC8, 0xA34B, 0x9A87, 0xA30A, 0x9A87, 0x9A25, 0x9A46, 0x9A46, 0x9AC8, 0x9A87,
  0x9A66, 0x9A45, 0x9A66, 0xA38C, 0xA2E8, 0x9A87, 0xA2A7, 0xA2C8, 0xB3ED, 0xA329, 0xAB09, 0xAB29,
  0xAB6A, 0xAB49, 0xAB6A, 0xB3AB, 0xB349, 0xBBEC, 0xBC0C, 0xBBCB, 0xC4B0, 0xC42D, 0xC40C, 0xC42C,
  0xD573, 0xCCAE, 0xCC6D, 0xD552, 0xDE16, 0xD551, 0xDD51, 0xDDB2, 0xDDD3, 0xDDB2, 0xE677, 0xE635,
  0xE5D3, 0xE5F3, 0xEE34, 0xEE55, 0xEDF3, 0xEED8, 0xF6F9, 0xEE96, 0xF675, 0xF675, 0xF696, 0xF71A,
  0xFF7A, 0xFF7A, 0xFF7A, 0xFF7A, 0xFF7A, 0xFF7A, 0xFF7A, 0xFF59, 0xFF59, 0xFF59, 0xFF59, 0xFF59,
  0xFF59, 0xFF39, 0xFF38, 0xFF38, 0xFF38, 0xFF18, 0xFF17, 0xFEF7, 0xFEF7, 0xFEF7, 0xFEB6, 0xFED7,
  0xFED7, 0xFEB6, 0xFE95, 0xFE74, 0xFE74, 0xF653, 0xF633, 0xF633, 0xF633, 0xF634, 0xF634, 0xF612,
  0xF5F2, 0xF5F2, 0xEDD2, 0xEDD2, 0xEDD2, 0xEDD2, 0xEDB1, 0xED91, 0xEDB1, 0xE591, 0xE591, 0xE550,
  0xE50F, 0xDCEE, 0xDCCD, 0xDCCE, 0x7287, 0x9B8A, 0xDCCD, 0xD46C, 0xD46C, 0xD46C, 0xD4AD, 0xD48D,
  0xCC4C, 0xCC0B, 0xCC0B, 0xCC0B, 0x92E8, 0xA329, 0xC3CA, 0xC3EA, 0xCBEA, 0xC3CA, 0xC3A9, 0xC389,
  0xC389, 0xC389, 0xC368, 0xBB28, 0xAB08, 0xB348, 0xBB69, 0xB328, 0xA2A6, 0xA2A6, 0x9245, 0x8267,
  0xB307, 0xB2C6, 0xAAA6, 0xAAA6, 0xAAC7, 0xB308, 0xB349, 0xAAE7, 0xAA85, 0xAAA6, 0xAB29, 0xAAE8,
  0xA2A6, 0xAAC7, 0xAAA6, 0xAA86, 0xA245, 0xA265, 0xA265, 0x6984, 0x9A65, 0x81C4, 0x9A44, 0xA265,
  0xA2C7, 0xA2A7, 0xA287, 0xA286, 0x9A45, 0x9A25, 0x9245, 0x4103, 0xA266, 0x9A45, 0x9A24, 0x89C4,
  0x9A45, 0x9A25, 0x9A25, 0x9A24, 0x9A66, 0xA2A7, 0x9A87, 0x9A25, 0x9A25, 0x9A25, 0x9A25, 0x9A25,
  0x89E4, 0x9204, 0x9A87, 0xA309, 0x9A66, 0x9225, 0x89E4, 0x81E4, 0x9225, 0x91E4, 0x9246, 0x9A87,
  0x9AA8, 0x9A66, 0x9225, 0x9246, 0x9205, 0x9205, 0x9245, 0x9266, 0x9246, 0x9204, 0x9205, 0x91E4,
  0x9205, 0x89C4, 0x9225, 0x9205, 0x9225, 0x9225, 0x9205, 0x9204, 0x9AA8, 0x9287, 0x9A67, 0x9225,
  0x9225, 0xA2E9, 0x9A87, 0x9A67, 0x9A46, 0x9225, 0x9B09, 0x9AA8, 0x9246, 0x9246, 0x9246, 0x9246,
  0x9AE9, 0x9A66, 0x9B09, 0xA32A, 0x9A87, 0x9AA8, 0x9A87, 0x9A46, 0x9A87, 0x9A66, 0x9A46, 0xA32B,
  0x9AA7, 0x9A66, 0x9A66, 0xA309, 0xA2E9, 0xA2A7, 0xA2A7, 0xAB8B, 0xB3ED, 0xA2E8, 0xAB6A, 0xAB29,
  0xB38B, 0xB369, 0xB3CC, 0xBC4F, 0xB369, 0xBBEC, 0xBBEC, 0xBBEC, 0xCD12, 0xC44D, 0xC40C, 0xCC8E,
  0xCD11, 0xCCAE, 0xCCAE, 0xDDF5, 0xDDF5, 0xDD51, 0xDD30, 0xDDF4, 0xE656, 0xDDB2, 0xE614, 0xEE76,
  0xE5D2, 0xEE56, 0xEE97, 0xEE97, 0xEE13, 0xF71A, 0xEED8, 0xEE55, 0xF675, 0xEE13, 0xF696, 0xF6F9,
  0xFF7A, 0xFF7A, 0xFF7A, 0xFF7A, 0xFF7A, 0xFF7A, 0xFF79, 0xFF59, 0xFF59, 0xFF59, 0xFF59, 0xFF59,
  0xFF59, 0xFF39, 0xFF38, 0xFF38, 0xFF38, 0xFF38, 0xFF38, 0xFF18, 0xFF18, 0xFF18, 0xFEF7, 0xFED7,
  0xFED7, 0xFED6, 0xFEB6, 0xFE95, 0xFE95, 0xFE95, 0xFE75, 0xF654, 0xF654, 0xF654, 0xF654, 0xF633,
  0xF613, 0xF633, 0xF655, 0xEE34, 0xEE14, 0xEDF3, 0xEDF2, 0xEDB1, 0xED91, 0xE570, 0xE550, 0xE550,
  0xE52F, 0xE52F, 0xC48D, 0x7AC8, 0xC4AE, 0xDD0E, 0xDCCE, 0xD4AD, 0xDCAD, 0xD4AD, 0xD4AE, 0xD4AD,
  0xD46C, 0xD44C, 0xD44C, 0x92E7, 0xB38A, 0xCC0A, 0xCC0B, 0xCBEA, 0xCBC9, 0xC3C9, 0xC3EB, 0xC40B,
  0xC3EA, 0xBB68, 0xBB68, 0xB369, 0xBBAA, 0xBB89, 0xB348, 0xAB08, 0xB328, 0x9A87, 0x9AE8, 0xBB89,
  0xBB48, 0xB2E7, 0xB2E7, 0xB328, 0xBB69, 0xB307, 0xB328, 0xB2C6, 0xAAA6, 0xAAE7, 0xAAE7, 0xAAC6,
  0xAAC7, 0xAAA6, 0xAA65, 0xA265, 0xAAC7, 0xB328, 0x8A46, 0x8A45, 0xAAA7, 0x8A25, 0xAAC7, 0xAAC7,
  0xA286, 0xA2A7, 0xA286, 0xA245, 0xA2A6, 0xAAE8, 0x8A25, 0x6983, 0x9A24, 0x9A45, 0x9A24, 0x9A25,
  0x9266, 0xA2C7, 0x9A45, 0x9A45, 0xA2E8, 0xA286, 0xA265, 0x9A25, 0x9A24, 0x9A66, 0xA2A8, 0xA287,
  0x9A45, 0x9225, 0xA2C8, 0x9A66, 0x9A66, 0x9A87, 0x9A46, 0x81E4, 0x89E5, 0x9225, 0x9A87, 0x9246,
  0x9225, 0x9A45, 0x9246, 0x9A87, 0x9A45, 0x9225, 0x9A87, 0x9A66, 0x9246, 0x9225, 0x9204, 0x9A67,
  0x9246, 0x9205, 0x9225, 0x9205, 0x9A87, 0x9246, 0x9225, 0x9A87, 0x9A87, 0x9A67, 0x9A66, 0x9225,
  0x9246, 0x9AE9, 0x9AC8, 0x9A87, 0x9A45, 0x9A87, 0x9AC9, 0x9246, 0x9A87, 0x9A46, 0x9225, 0x9B0A,
  0xA38C, 0x9A67, 0x9AC9, 0x9AC8, 0x9AA7, 0x9A87, 0x9A67, 0x9A66, 0x9AC8, 0x9A87, 0x9A66, 0xA34B,
  0x9AA7, 0x9A86, 0x9A86, 0xA32A, 0xA32A, 0xA2C8, 0xA2C7, 0xAB8B, 0xABAC, 0xAB08, 0xB3AC, 0xB36A,
  0xAB29, 0xB349, 0xBC0D, 0xBC0D, 0xB38A, 0xBC0D, 0xC44D, 0xBBEB, 0xC4D0, 0xC44D, 0xC42C, 0xCC6D,
  0xCCCF, 0xD573, 0xD4EF, 0xDE16, 0xDDF5, 0xDD71, 0xDD71, 0xE615, 0xE677, 0xE5D3, 0xE615, 0xE655,
  0xE5F3, 0xEEB8, 0xEED8, 0xEE55, 0xEE55, 0xF6F9, 0xF6F8, 0xEE75, 0xF654, 0xF654, 0xF695, 0xF719,
  0xFF9A, 0xFF9A, 0xFF7A, 0xFF7A, 0xFF7A, 0xFF7A, 0xFF59, 0xFF59, 0xFF58, 0xFF59, 0xFF5A, 0xFF59,
  0xFF59, 0xFF39, 0xFF38, 0xFF38, 0xFF38, 0xFF18, 0xFF18, 0xFF18, 0xFF18, 0xFF18, 0xFF18, 0xFEF7,
  0xFED7, 0xFED6, 0xFED7, 0xFED7, 0xFED6, 0xFED7, 0xFE96, 0xF695, 0xF675, 0xF675, 0xF675, 0xF675,
  0xF655, 0xF634, 0xF613, 0xF634, 0xEE14, 0xEDF3, 0xEDF2, 0xEDF2, 0xEDB2, 0xEDB2, 0xED91, 0xED91,
  0xED91, 0x938A, 0x9BCC, 0xE550, 0xE52F, 0xDCEF, 0xDD0F, 0xDCEE, 0xDCEE, 0xDCCE, 0xDCCE, 0xD4AD,
  0xD4AE, 0xD46D, 0xAB69, 0xC3EB, 0xCC0A, 0xCBEA, 0xCBEA, 0xCBEA, 0xCC2C, 0xD4AE, 0xCC8E, 0xCC0B,
  0xC3CA, 0xC3EB, 0xCC4D, 0xC42C, 0xC3CA, 0xB348, 0xB328, 0xC389, 0x9266, 0xB349, 0xBB69, 0xB307,
  0xB2E6, 0xBB27, 0xBB28, 0xBB48, 0xBB8A, 0xB328, 0xB2E7, 0xB2C6, 0xB307, 0xB2C6, 0xAAA6, 0xAA85,
  0xAA85, 0xAAA6, 0xB308, 0xAB28, 0xAB08, 0xAB08, 0x71C4, 0xA286, 0x9225, 0x9A45, 0xA265, 0xA286,
  0xAAC7, 0xAAC7, 0xA286, 0xA265, 0xA265, 0xA286, 0x71C4, 0x9225, 0xA286, 0xA2C7, 0xA2A7, 0xA286,
  0x8A04, 0xA265, 0xA245, 0xA2C8, 0xA2A7, 0x9A45, 0x9A24, 0x9A45, 0xA2C8, 0xA309, 0xA2E8, 0xA287,
  0x9A45, 0x9A45, 0x9A86, 0xA2A7, 0xA2A7, 0x9A66, 0x9A25, 0x9204, 0x81A4, 0x9AA8, 0x9AA8, 0x9A45,
  0x9A87, 0xA309, 0xA2E9, 0x9A66, 0x9A45, 0x9246, 0xA2C8, 0x9A66, 0x9A45, 0x9204, 0x9A66, 0xA309,
  0x9A87, 0x9225, 0x9225, 0x9225, 0x9A66, 0x9225, 0x9A46, 0xA2E9, 0x9AA7, 0x9A87, 0x9A66, 0x9A45,
  0x9A87, 0xA2E9, 0x9AC8, 0x9A66, 0x9A66, 0xA32A, 0x9A87, 0x9A87, 0x9A67, 0x9A45, 0x9245, 0xA32B,
  0xABEE, 0x9A66, 0xA309, 0xA32A, 0x9AC8, 0x9AA7, 0x9A87, 0x9A46, 0xA2C8, 0xA2C8, 0x9A66, 0xAB2A,
  0xA2A7, 0xA2A7, 0xA286, 0xABCD, 0xAB4A, 0xAAE8, 0xAAE8, 0xAB29, 0xAB6B, 0xAB29, 0xB3CD, 0xB36A,
  0xB349, 0xB369, 0xBC6F, 0xBC0C, 0xBBAA, 0xC46E, 0xC46E, 0xC3EB, 0xCCD0, 0xCC8E, 0xCC6D, 0xCC6D,
  0xD572, 0xD593, 0xD4EF, 0xDDB3, 0xDDD4, 0xE636, 0xDD71, 0xE636, 0xE698, 0xE614, 0xE614, 0xEE35,
  0xE613, 0xF71A, 0xEEB8, 0xEE97, 0xEE34, 0xF6D8, 0xF6F9, 0xEE33, 0xF654, 0xF6F8, 0xF6B7, 0xF719,
  0xFF7A, 0xFF7A, 0xFF7A, 0xFF7A, 0xFF9A, 0xFF9A, 0xFF7A, 0xFF59, 0xFF59, 0xFF59, 0xFF59, 0xFF5A,
  0xFF5A, 0xFF39, 0xFF38, 0xFF39, 0xFF39, 0xFF38, 0xFF38, 0xFF18, 0xFF18, 0xFF17, 0xFF18, 0xFEF7,
  0xFED6, 0xFED7, 0xFED6, 0xFED6, 0xFEB6, 0xFEB6, 0xFEB6, 0xFE96, 0xF675, 0xF675, 0xF674, 0xF675,
  0xF654, 0xF675, 0xF634, 0xF613, 0xEDF2, 0xEDF2, 0xEDD2, 0xEDD2, 0xEDD2, 0xEDD2, 0xEDD2, 0xC4AE,
  0x936A, 0xDD2F, 0xE52F, 0xE54F, 0xE550, 0xE52F, 0xE52F, 0xDD0F, 0xDCEE, 0xDD30, 0xDD0F, 0xDD0F,
  0xCC6D, 0xB3CA, 0xD48C, 0xD42B, 0xD40B, 0xD46C, 0xD48D, 0xD46D, 0xD46D, 0xCC0B, 0xCBEA, 0xCBEA,
  0xCC6D, 0xCC6D, 0xCC0B, 0xC40B, 0xBBAA, 0xBBCA, 0xC3CA, 0x92A7, 0xBB89, 0xC368, 0xBB27, 0xBB27,
  0xBB48, 0xBB89, 0xC3AA, 0xBB69, 0xBB69, 0xB327, 0xBB48, 0xB328, 0xB2E7, 0xB2C6, 0xB2C6, 0xB2C6,
  0xB349, 0xB329, 0xB328, 0xAB08, 0xAAC7, 0x81E5, 0x9A65, 0xAAA6, 0x9A86, 0xB36A, 0xAB08, 0xB36A,
  0xAAE8, 0xAA86, 0xAAA6, 0xA286, 0xAB29, 0xAAC7, 0x71C4, 0xA2A6, 0xAAA6, 0xA285, 0xA286, 0xA265,
  0x9A45, 0xA286, 0xA286, 0xA2A7, 0xA265, 0x9A45, 0xA2A7, 0xA309, 0xA308, 0xA2A7, 0xA2A6, 0xA265,
  0x9A45, 0x9AA7, 0xA2C8, 0xA2A7, 0x9A66, 0x9A45, 0x9A45, 0x9A25, 0xA2E9, 0x9246, 0x9225, 0x9A25,
  0xA34A, 0x9AA7, 0x9AA7, 0x9A66, 0x9A45, 0xA32A, 0x9AA7, 0x9A86, 0x9A45, 0x9A45, 0xA309, 0xA32A,
  0x9A87, 0x9A25, 0x9A87, 0x9A66, 0x9A46, 0x9A25, 0x9AA8, 0xA309, 0x9AA8, 0x9A87, 0x9A46, 0x9A87,
  0x9A87, 0xA30A, 0x9AA7, 0x9A66, 0x9A87, 0x9AC8, 0x9AA7, 0x9A87, 0x9A66, 0x9A46, 0x9A87, 0xABAC,
  0x9AC8, 0x9A66, 0xA32A, 0xA32A, 0xA2C8, 0x9AA7, 0x9A87, 0x9A46, 0xA34A, 0xA32A, 0x9A86, 0xA2C8,
  0xA2E8, 0xA2C8, 0xA2A7, 0xABAC, 0xA2E8, 0xAB4A, 0xAB08, 0xAB08, 0xAB29, 0xB3AC, 0xB3CC, 0xB38B,
  0xB38A, 0xB369, 0xC48F, 0xBBEB, 0xBBCB, 0xCD53, 0xC44D, 0xC40C, 0xCCD0, 0xCCAE, 0xCC6D, 0xCCCF,
  0xD5B4, 0xD593, 0xD4EF, 0xDD51, 0xE636, 0xE615, 0xDDB2, 0xE677, 0xE677, 0xE5F4, 0xE5F3, 0xE614,
  0xEE76, 0xEEB8, 0xF6F9, 0xEE76, 0xEE54, 0xF6F9, 0xF6F8, 0xF696, 0xF696, 0xF71A, 0xF6D7, 0xF719,
  0xFF7A, 0xFF7A, 0xFF7A, 0xFF7A, 0xFF9B, 0xFF9B, 0xFF7A, 0xFF7A, 0xFF59, 0xFF39, 0xFF59, 0xFF59,
  0xFF59, 0xFF39, 0xFF38, 0xFF39, 0xFF39, 0xFF38, 0xFF38, 0xFF18, 0xFF18, 0xFEF7, 0xFEF7, 0xFEF7,
  0xFED6, 0xFED6, 0xFED7, 0xFED6, 0xFED6, 0xFED7, 0xFEB6, 0xFEB6, 0xFEB6, 0xFE95, 0xF654, 0xF633,
  0xF634, 0xF654, 0xF655, 0xF655, 0xF634, 0xF613, 0xEDF3, 0xEDF3, 0xEDF2, 0xD50F, 0xABEB, 0xCCAE,
  0xED70, 0xE52F, 0xE54F, 0xE52E, 0xE50E, 0xE50E, 0xE50F, 0xDCEE, 0xDCEE, 0xDCEE, 0xDCEE, 0xC42C,
  0xD48D, 0xD48C, 0xD46C, 0xD48D, 0xD4CE, 0xD48D, 0xD44B, 0xCC2B, 0xCC0A, 0xCC0A, 0xCC4C, 0xCC4C,
  0xCC2C, 0xCC0B, 0xCBEA, 0xBBAA, 0xCC0B, 0xBB89, 0xAB49, 0xC3CA, 0xC389, 0xC368, 0xC389, 0xC3AA,
  0xC389, 0xC3CA, 0xBB69, 0xBB68, 0xBB48, 0xBB28, 0xBB27, 0xB307, 0xB307, 0xB327, 0xB349, 0xBB8A,
  0xBB69, 0xB308, 0xB307, 0xB307, 0xAAC7, 0x81E4, 0xB2E7, 0xB308, 0xA2A7, 0xB36A, 0xAB08, 0xAAE7,
  0xAA86, 0xAAE7, 0xAAC7, 0xAAE8, 0xAB08, 0xA2A7, 0x79E4, 0xA286, 0xA286, 0xA286, 0xAAC7, 0xAAC7,
  0xAAA6, 0x9A25, 0xA245, 0xA286, 0xA2C7, 0xB36A, 0xAB08, 0xAAC7, 0xA2A7, 0xA2A7, 0xA266, 0xA286,
  0xA329, 0xAB4A, 0xA2C7, 0xA2A7, 0xA286, 0x9A45, 0x9A45, 0xA2C8, 0xA2A7, 0x9A66, 0x9A25, 0x9A45,
  0xA309, 0xA2A7, 0xA2A7, 0x9A65, 0x9AC8, 0xA32A, 0xA287, 0x9A45, 0x9A66, 0xAB8C, 0xA309, 0xA2C8,
  0x9A87, 0x9A86, 0xA2E9, 0x9A66, 0x9A46, 0x9A25, 0x9A87, 0xA2E9, 0x9AA8, 0x9A87, 0x9A66, 0x9AA7,
  0x9A87, 0x9A87, 0x9A86, 0xA287, 0xA309, 0xA2E9, 0x9A87, 0xA2A7, 0x9A45, 0xA2E9, 0xAB6B, 0xA2E9,
  0xA309, 0x9A86, 0xA2C8, 0xA2E9, 0xA2E8, 0xA2A7, 0xA287, 0x9A66, 0xB42F, 0xAB4A, 0xA286, 0xA309,
  0xABAC, 0xA2C8, 0xA2C7, 0xAB29, 0xAB29, 0xB3AC, 0xAB49, 0xAAE7, 0xB329, 0xB3ED, 0xB3EC, 0xB3AB,
  0xB369, 0xB38A, 0xC46F, 0xBBCB, 0xC44E, 0xCD32, 0xC40C, 0xC48E, 0xD552, 0xCCAE, 0xCC8D, 0xD531,
  0xDDD5, 0xDD72, 0xD530, 0xDD50, 0xDDF4, 0xE5F4, 0xE5F4, 0xEEB8, 0xE656, 0xE614, 0xE5F3, 0xE5F3,
  0xF71A, 0xF6F9, 0xF6D8, 0xEE54, 0xEE75, 0xF719, 0xF696, 0xF6B7, 0xF675, 0xF73A, 0xF696, 0xF73A,
  0xFF7A, 0xFF9A, 0xFF7A, 0xFF7A, 0xFF9B, 0xFF9A, 0xFF7A, 0xFF7A, 0xFF59, 0xFF59, 0xFF59, 0xFF59,
  0xFF59, 0xFF39, 0xFF38, 0xFF38, 0xFF38, 0xFF38, 0xFF18, 0xFF18, 0xFF18, 0xFF17, 0xFF18, 0xFF18,
  0xFEF7, 0xFED6, 0xFED6, 0xFED7, 0xFEB6, 0xFED7, 0xFED6, 0xFEB6, 0xFEB6, 0xFEB6, 0xF696, 0xF654,
  0xF633, 0xF633, 0xF654, 0xF634, 0xF634, 0xF634, 0xF5F3, 0xE591, 0xCCEF, 0xD530, 0xEDB1, 0xED4F,
  0xED4F, 0xE52F, 0xE52E, 0xE52E, 0xE50E, 0xE50E, 0xE50E, 0xE52F, 0xE550, 0xDCEE, 0xD4AD, 0xDCEE,
  0xDCEE, 0xDCEF, 0xDCEF, 0xDCCD, 0xDCCE, 0xD4AD, 0xD4AD, 0xD4CE, 0xD4CF, 0xD4AE, 0xD4AD, 0xD44C,
  0xCC2B, 0xCBEB, 0xCC0B, 0xCC4C, 0xBB89, 0xC40C, 0xCC4D, 0xC389, 0xC3A9, 0xC3A9, 0xC389, 0xC368,
  0xC368, 0xBB68, 0xBB89, 0xC3CB, 0xC3CA, 0xBB68, 0xBB48, 0xC3CA, 0xC3CB, 0xC3EC, 0xBBAA, 0xBB69,
  0xB328, 0xBB69, 0xB349, 0xBB48, 0x8A25, 0xB308, 0xAB07, 0xB308, 0xAB28, 0xB308, 0xAAE7, 0xAAE7,
  0xB328, 0xAAC7, 0xAAA6, 0xAB29, 0xAB08, 0x8A25, 0xA2C7, 0xAAC7, 0xAAE7, 0xAAC7, 0xAAE7, 0xAA86,
  0xA285, 0x9A87, 0xAB29, 0xAB29, 0xAB29, 0xAAC7, 0xA2A6, 0xA2A6, 0xA2A7, 0xA286, 0xA265, 0xAB08,
  0xAB09, 0xA2A7, 0xA286, 0xA286, 0xA265, 0xA266, 0xB3AC, 0xAB2A, 0xA2C8, 0x9A66, 0x9A65, 0xA309,
  0xA309, 0xA2A7, 0xA266, 0x9A66, 0xAB4A, 0xA2C8, 0x9A66, 0x9A66, 0xA32A, 0xA34A, 0xA2C8, 0xA2A7,
  0x9A86, 0x9A86, 0xA2A7, 0x9A86, 0x9A66, 0x9A45, 0xA2C8, 0xA2E9, 0xA2C8, 0x9A86, 0xA2A8, 0xA2A7,
  0xA287, 0x9A87, 0xA2E8, 0xA2A7, 0xA309, 0x9AA7, 0xA309, 0x9A86, 0x9A87, 0xABEE, 0xA2E8, 0xA2E9,
  0xA2A7, 0x9A66, 0xA32A, 0xA2E9, 0xA2C8, 0xA2A7, 0xA286, 0xA2A6, 0xAB8C, 0xA309, 0xA2A7, 0xAB8B,
  0xB3ED, 0xAB08, 0xAAC7, 0xAB29, 0xB3AC, 0xB38B, 0xB349, 0xAB08, 0xB349, 0xBC70, 0xB3EC, 0xBBCB,
  0xBB89, 0xBBCB, 0xC44E, 0xBBEB, 0xC4AF, 0xC48E, 0xC42C, 0xCCD0, 0xD552, 0xCCCE, 0xD4AE, 0xDDB4,
  0xDE57, 0xDD93, 0xDD30, 0xDD50, 0xE615, 0xE5F4, 0xE656, 0xEE77, 0xE635, 0xEE34, 0xEDF3, 0xEE76,
  0xEEF9, 0xEEB7, 0xF6D8, 0xEE55, 0xF675, 0xF6F8, 0xF6B7, 0xF6D8, 0xF696, 0xF719, 0xF6B7, 0xF73A,
  0xFF9A, 0xFF9A, 0xFF7A, 0xFF7A, 0xFF7A, 0xFF9A, 0xFF9A, 0xFF7A, 0xFF59, 0xFF38, 0xFF38, 0xFF59,
  0xFF59, 0xFF59, 0xFF39, 0xFF38, 0xFF59, 0xFF39, 0xFF38, 0xFF18, 0xFF17, 0xFEF7, 0xFF18, 0xFF39,
  0xFF18, 0xFF18, 0xFEF7, 0xFEF7, 0xFED6, 0xFED7, 0xFED6, 0xFEB6, 0xFEB6, 0xFE96, 0xF696, 0xF695,
  0xF675, 0xF654, 0xF634, 0xF633, 0xF613, 0xEE13, 0xEDF3, 0xEDF3, 0xF634, 0xEE14, 0xEDD2, 0xEDD2,
  0xEDB1, 0xED91, 0xE570, 0xE54F, 0xE550, 0xE550, 0xE571, 0xE5B2, 0xDD30, 0xDD30, 0xE550, 0xDD30,
  0xE592, 0xE592, 0xDD30, 0xDCEE, 0xDCEE, 0xDD51, 0xDD51, 0xDD30, 0xDD30, 0xDD0F, 0xD48C, 0xD44C,
  0xCC0A, 0xCC0A, 0xC3CA, 0xBBAA, 0xD44C, 0xCC0B, 0xC3EA, 0xCC4C, 0xCC2C, 0xC3EB, 0xC3EB, 0xC3CA,
  0xC3CA, 0xCC0C, 0xCC2C, 0xCC2D, 0xC3A9, 0xC389, 0xC40C, 0xBB89, 0xBBAA, 0xBB89, 0xBB68, 0xBB48,
  0xBB69, 0xBB28, 0xB2E7, 0xA2A6, 0xA2A6, 0xB328, 0xB328, 0xAAC7, 0xB2E7, 0xB2C6, 0xB2C6, 0xB307,
  0xB2E7, 0xB328, 0xB329, 0xB349, 0xB349, 0x8225, 0xB308, 0xAAC6, 0xAAE7, 0xB2E7, 0xAAA6, 0xAAC7,
  0xB34A, 0xB36A, 0xAAE7, 0xAB08, 0xAAC7, 0xAB08, 0xAB09, 0xB3AC, 0xAAE8, 0xAAA6, 0xA2A7, 0xB36A,
  0xAB08, 0xA2A7, 0xA286, 0xA265, 0xA286, 0xAB2A, 0xAB2A, 0xA2C8, 0xA286, 0xA286, 0xA286, 0xA2E9,
  0xA2C8, 0xA2A7, 0xA266, 0xA2C8, 0xA2E8, 0xA2A7, 0x9A65, 0xA2A7, 0xAB4B, 0xA2E8, 0xA2C7, 0xA2A7,
  0x9A86, 0xAB4A, 0xA2C8, 0xA286, 0x9A66, 0xA309, 0xA2C8, 0xA2C8, 0xA2C8, 0xA287, 0xA287, 0xA2A7,
  0x9A66, 0xA309, 0xA309, 0xA2A7, 0xA2E9, 0xA309, 0xA2A7, 0xA286, 0xA309, 0xABAD, 0xA2A8, 0xAB2A,
  0xA2A7, 0xA286, 0xB3AD, 0xA309, 0xAB09, 0xA2A7, 0xA2A7, 0xA287, 0xB40E, 0xA309, 0xA2C7, 0xB38B,
  0xAB4A, 0xAB08, 0xAB08, 0xAB49, 0xB40D, 0xB38A, 0xB36A, 0xB308, 0xB349, 0xC512, 0xB3CB, 0xBBEC,
  0xBBAA, 0xC40C, 0xC42C, 0xC44D, 0xCCF1, 0xC44D, 0xCC6D, 0xCCF0, 0xD552, 0xD4CF, 0xD4EF, 0xDE16,
  0xDE36, 0xDD72, 0xDD30, 0xDDB3, 0xE615, 0xE614, 0xEEFA, 0xE676, 0xE614, 0xEE34, 0xEE13, 0xEEB8,
  0xF6F9, 0xEE96, 0xF6B7, 0xF675, 0xF675, 0xF675, 0xF73A, 0xF6F9, 0xF6B6, 0xF719, 0xF6D7, 0xFF5A,
  0xFF9A, 0xFF9A, 0xFF7A, 0xFF7A, 0xFF7A, 0xFF9A, 0xFF9A, 0xFF7A, 0xFF79, 0xFF59, 0xFF59, 0xFF59,
  0xFF59, 0xFF59, 0xFF59, 0xFF59, 0xFF38, 0xFF39, 0xFF59, 0xFF38, 0xFF38, 0xFF18, 0xFF17, 0xFF18,
  0xFF18, 0xFF18, 0xFEF7, 0xFED6, 0xFED6, 0xFED6, 0xFED7, 0xFED6, 0xFEB5, 0xFE95, 0xFE95, 0xF695,
  0xF6B6, 0xF696, 0xF675, 0xF655, 0xF634, 0xF613, 0xF613, 0xF5F2, 0xEDF2, 0xEDF3, 0xEDD2, 0xEDD2,
  0xEDD1, 0xEDB1, 0xEDB1, 0xED91, 0xED91, 0xEDB2, 0xEDD2, 0xE571, 0xE571, 0xE571, 0xE54F, 0xE52F,
  0xE52F, 0xE52F, 0xE550, 0xDD2F, 0xDD71, 0xDD71, 0xDD72, 0xDCEF, 0xD4AD, 0xD48D, 0xD48C, 0xD4AD,
  0xD46D, 0xCC0B, 0xD46D, 0xD48D, 0xD46C, 0xD46D, 0xCC6D, 0xCC2C, 0xCC0B, 0xCBEA, 0xCBEA, 0xCBCA,
  0xC3CA, 0xC3EA, 0xC3CA, 0xC3A9, 0xC389, 0xC3EB, 0xC3CA, 0xC3CA, 0xBB69, 0xBB48, 0xBB89, 0xC3EB,
  0xBBAA, 0xBB69, 0xBB69, 0x9AA7, 0xBB48, 0xBB28, 0xB2E7, 0xAAA6, 0xB2C6, 0xB2E6, 0xB2E7, 0xB348,
  0xB369, 0xB328, 0xB348, 0xB349, 0xAAE8, 0x9A86, 0xAAC6, 0xAAE7, 0xAAC7, 0xAAC6, 0xAAE7, 0xB3AC,
  0xB349, 0xB2E7, 0xAAE7, 0xAAC6, 0xB349, 0xB38B, 0xAB08, 0xAB08, 0xAAC7, 0xAAA6, 0xB34A, 0xB34A,
  0xAAC7, 0xA286, 0xA286, 0xAAE8, 0xAB6B, 0xAB49, 0xA2C7, 0xA2A7, 0xA2C7, 0xA286, 0xA2C7, 0xA2C7,
  0xA286, 0xA266, 0xA2A7, 0xAB29, 0xA2A7, 0xA2A6, 0xA2E8, 0xA2E8, 0xA309, 0xA2E8, 0xA2C7, 0xA286,
  0xAB09, 0xA2C8, 0xA2A7, 0x9A86, 0xA309, 0xA309, 0xA309, 0xA2C7, 0xA2A7, 0xA2E8, 0xA286, 0xA286,
  0xA2A7, 0xB3ED, 0xA308, 0xA2C7, 0xAB6B, 0xAB6B, 0xA2A7, 0xA286, 0xA309, 0xABAC, 0xA2A7, 0xA2E8,
  0xA2A7, 0xA286, 0xAB4B, 0xAB29, 0xAB08, 0xA2C7, 0xAB29, 0xA2A7, 0xAB4A, 0xAB29, 0xAB08, 0xAB08,
  0xAB6A, 0xB36A, 0xB308, 0xB36A, 0xB40D, 0xB3CC, 0xB369, 0xB349, 0xB328, 0xC490, 0xBBEC, 0xBBCB,
  0xC40C, 0xC40C, 0xC42D, 0xCCD0, 0xCCAF, 0xCC4D, 0xCCF0, 0xCCCF, 0xD510, 0xD510, 0xD531, 0xDDD4,
  0xDDD4, 0xDD71, 0xDD50, 0xE677, 0xE5F4, 0xE614, 0xE656, 0xEE97, 0xEE55, 0xEEB8, 0xEE34, 0xF6F9,
  0xF6D8, 0xF6B7, 0xF6B6, 0xF696, 0xF654, 0xF6B7, 0xF75B, 0xF718, 0xF6D7, 0xF6D7, 0xF6F8, 0xF719,
  0xFF9A, 0xFF9A, 0xFF7A, 0xFF7A, 0xFF7A, 0xFF9A, 0xFF9B, 0xFF9A, 0xFF7A, 0xFF59, 0xFF59, 0xFF59,
  0xFF7A, 0xFF7A, 0xFF59, 0xFF59, 0xFF38, 0xFF38, 0xFF59, 0xFF38, 0xFF38, 0xFF38, 0xFF38, 0xFF17,
  0xFF17, 0xFF18, 0xFF18, 0xFEF7, 0xFED6, 0xFED6, 0xFED6, 0xFED7, 0xFED7, 0xFEB6, 0xFE96, 0xFE96,
  0xF696, 0xF695, 0xF675, 0xF675, 0xF675, 0xF634, 0xF613, 0xF612, 0xF634, 0xF654, 0xF634, 0xEE13,
  0xEDF2, 0xEDD2, 0xEDB1, 0xEDB1, 0xEDB2, 0xE591, 0xED91, 0xE570, 0xE571, 0xE591, 0xE570, 0xE570,
  0xE52F, 0xE52F, 0xE52F, 0xDD2F, 0xDD30, 0xDD50, 0xDD50, 0xDCEE, 0xDCCE, 0xDD0F, 0xDCEF, 0xD48C,
  0xD46C, 0xD46C, 0xD48D, 0xD44C, 0xD44C, 0xD44C, 0xCC2B, 0xD44B, 0xCC2B, 0xCC0A, 0xCC0B, 0xCC0B,
  0xCC0B, 0xCBEA, 0xC3A9, 0xC3A9, 0xC3A9, 0xC3A9, 0xC3A9, 0xC3A9, 0xC3CA, 0xCC2C, 0xC3EB, 0xC389,
  0xBB89, 0xC3AA, 0xAB08, 0xBB69, 0xBB48, 0xBB48, 0xBB48, 0xB308, 0xBB8A, 0xBBAB, 0xC3EC, 0xBBAB,
  0xBB69, 0xB349, 0xBB49, 0xB328, 0x9266, 0xB328, 0xBBAB, 0xBBCB, 0xB38A, 0xB369, 0xBBCB, 0xB328,
  0xB308, 0xB2E7, 0xB328, 0xB3AB, 0xB38A, 0xAB29, 0xB328, 0xAAE7, 0xAAA6, 0xAAE7, 0xAAC7, 0xAAC7,
  0xAAA6, 0xAAC7, 0xAAE8, 0xAB4A, 0xAB29, 0xAAE7, 0xAAC7, 0xAAC7, 0xAB08, 0xA286, 0xA2A6, 0xA2A7,
  0xA2A7, 0xA286, 0xAAE9, 0xAB09, 0xA2A7, 0xA2A6, 0xA308, 0xA2E8, 0xA2E8, 0xAAE8, 0xA2A7, 0xA2A6,
  0xA2E8, 0xA2A7, 0xA2A7, 0xAB29, 0xAB2A, 0xA2C8, 0xA2C7, 0xA2A7, 0xA2A7, 0xA2E9, 0xA2A7, 0xA286,
  0xB3CD, 0xAB2A, 0xA2C7, 0xAB29, 0xAB4B, 0xA2E8, 0xA2C7, 0xA286, 0xAB6B, 0xAB6B, 0xA2A7, 0xAAE8,
  0xA2C7, 0xA2C7, 0xB3AC, 0xAB4A, 0xA2C8, 0xA2C8, 0xAB09, 0xAAC7, 0xAB4A, 0xAB29, 0xAAE8, 0xAB29,
  0xBC2E, 0xB36A, 0xB328, 0xC4F2, 0xB3ED, 0xB3CC, 0xB36A, 0xB369, 0xB369, 0xBC6F, 0xBC2D, 0xC48F,
  0xC46E, 0xC40B, 0xCCD0, 0xCCD0, 0xCC8E, 0xCC6D, 0xD594, 0xD510, 0xD510, 0xD572, 0xD572, 0xDDD4,
  0xDDF4, 0xDD71, 0xE5F4, 0xEE98, 0xE5F4, 0xE5F4, 0xEE97, 0xE676, 0xEEF9, 0xEED8, 0xEE34, 0xF71A,
  0xEEB7, 0xF6D8, 0xF6B6, 0xF696, 0xF695, 0xF6D8, 0xF719, 0xF6B6, 0xF6D7, 0xF6B6, 0xF6F8, 0xF6F8,
  0xFF9A, 0xFF9A, 0xFF9A, 0xFF9A, 0xFF7A, 0xFF9A, 0xFF7A, 0xFF9A, 0xFF7A, 0xFF7A, 0xFF59, 0xFF59,
  0xFF7A, 0xFF7A, 0xFF7A, 0xFF59, 0xFF59, 0xFF38, 0xFF38, 0xFF38, 0xFF38, 0xFF38, 0xFF39, 0xFF38,
  0xFF17, 0xFF18, 0xFF18, 0xFF18, 0xFF18, 0xFEF7, 0xFED6, 0xFED6, 0xFEF7, 0xFED6, 0xFEB6, 0xFEB6,
  0xFEB6, 0xF675, 0xF675, 0xF675, 0xF675, 0xF675, 0xF675, 0xF654, 0xF633, 0xF634, 0xF634, 0xEE13,
  0xEDF2, 0xEDD2, 0xEDB1, 0xEDB2, 0xEDF3, 0xEDF3, 0xEDB2, 0xEDB1, 0xEDD2, 0xE5D3, 0xEDD3, 0xE5B2,
  0xE591, 0xE570, 0xE550, 0xE52F, 0xE50E, 0xDCEE, 0xDCEE, 0xDD30, 0xDD30, 0xDCAD, 0xDCAD, 0xD4AD,
  0xD4AD, 0xD48C, 0xD46C, 0xD46C, 0xD46C, 0xD46C, 0xD46C, 0xD46C, 0xD44C, 0xD44C, 0xCC2B, 0xCC0A,
  0xCBEA, 0xCBEA, 0xCBEA, 0xCC0B, 0xCC6E, 0xCC8E, 0xCC8D, 0xC40B, 0xCC2C, 0xC3EB, 0xC3A9, 0xC3EB,
  0xC3CB, 0xBB69, 0xC3EB, 0xBB89, 0xBB68, 0xC3AA, 0xBB69, 0xBBAA, 0xC42C, 0xC40C, 0xC3EB, 0xBBCA,
  0xBB89, 0xBB48, 0xB328, 0xB328, 0x9AA7, 0xC40D, 0xB38A, 0xBB8A, 0xB328, 0xB36A, 0xB369, 0xB328,
  0xB307, 0xB308, 0xBC4E, 0xB3AB, 0xB36A, 0xB308, 0xAAE7, 0xB2C7, 0xB36A, 0xB3AB, 0xB36A, 0xB308,
  0xB349, 0xB329, 0xB36A, 0xB38A, 0xAAE8, 0xAAC7, 0xAAC7, 0xAAA7, 0xAAA6, 0xAAA6, 0xAB08, 0xAB29,
  0xAAE8, 0xA2A6, 0xAB4A, 0xAB08, 0xAAA7, 0xAB09, 0xAB4A, 0xAAC7, 0xA2C7, 0xA286, 0xA2A7, 0xAB8B,
  0xAB09, 0xA2A7, 0xA2E8, 0xAAE8, 0xA2C7, 0xA2A7, 0xA2C8, 0xA2C7, 0xA309, 0xAB09, 0xA2A7, 0xAB09,
  0xAB4A, 0xA2C7, 0xA2A7, 0xAB8C, 0xAB6B, 0xA2C8, 0xAAE8, 0xA2A6, 0xAB6B, 0xAB4A, 0xAAE8, 0xAAC7,
  0xA2A7, 0xAB09, 0xABAC, 0xAB8B, 0xAB08, 0xAB08, 0xAB29, 0xAB49, 0xAB08, 0xB34A, 0xAB08, 0xBC0E,
  0xBC0D, 0xB36A, 0xB349, 0xBCB0, 0xB3EC, 0xBBAB, 0xB38A, 0xBBCB, 0xBB89, 0xC46E, 0xC42D, 0xCD74,
  0xC46E, 0xC42C, 0xCD32, 0xCC8E, 0xCC6D, 0xD552, 0xD573, 0xD510, 0xD4EF, 0xDDD5, 0xDD92, 0xDDD4,
  0xE5F4, 0xDD91, 0xE677, 0xEE77, 0xE5D3, 0xEE35, 0xEE76, 0xEE97, 0xEEFA, 0xF6F9, 0xEE54, 0xF6D8,
  0xF719, 0xF6D7, 0xF696, 0xF6F8, 0xF6F8, 0xF6F8, 0xF6D8, 0xF719, 0xF6D7, 0xF6D7, 0xFF3A, 0xF6D6,
  0xFF9A, 0xFF9A, 0xFF9A, 0xFF7A, 0xFF7A, 0xFF7A, 0xFF7A, 0xFF9A, 0xFF7A, 0xFF7A, 0xFF7A, 0xFF59,
  0xFF59, 0xFF59, 0xFF79, 0xFF7A, 0xFF59, 0xFF59, 0xFF38, 0xFF38, 0xFF39, 0xFF38, 0xFF59, 0xFF39,
  0xFF38, 0xFF18, 0xFF18, 0xFF18, 0xFF18, 0xFF18, 0xFEF7, 0xFEF7, 0xFEF8, 0xFEF7, 0xFED7, 0xFEB6,
  0xFEB6, 0xFE96, 0xFE95, 0xF674, 0xF695, 0xF695, 0xF675, 0xF675, 0xF654, 0xF633, 0xF633, 0xF634,
  0xF613, 0xEDF2, 0xEDF2, 0xEDF3, 0xEE14, 0xEE13, 0xEDF3, 0xEDD2, 0xEDB2, 0xEDB1, 0xEDD2, 0xEDB1,
  0xE571, 0xE591, 0xE591, 0xE550, 0xE50E, 0xDD2F, 0xDD2F, 0xDCEE, 0xDCCD, 0xDCCD, 0xDCAD, 0xDCAD,
  0xDC8C, 0xDCCE, 0xDD0F, 0xDCEF, 0xD4EF, 0xD4CE, 0xD4AD, 0xD46C, 0xD46C, 0xD42B, 0xCC2B, 0xD44C,
  0xD4CF, 0xD4F0, 0xD4CF, 0xD48E, 0xCC6D, 0xCC4C, 0xCC0B, 0xCC8D, 0xCC0B, 0xCBEA, 0xCC2C, 0xCC0B,
  0xC3AA, 0xBB69, 0xC389, 0xBB69, 0xC3AA, 0xC389, 0xC3AA, 0xC3EB, 0xC3CB, 0xBB89, 0xBB68, 0xBB68,
  0xBB27, 0xBBAA, 0xC3CB, 0xB329, 0xB36A, 0xBBAB, 0xBB69, 0xB328, 0xBB8A, 0xBB69, 0xB328, 0xB307,
  0xB328, 0xBBCB, 0xB349, 0xB328, 0xB328, 0xB2E7, 0xB328, 0xB329, 0xBC4E, 0xB38A, 0xB349, 0xB36A,
  0xB349, 0xAAE7, 0xAB49, 0xB329, 0xAAE7, 0xAAE7, 0xAAC7, 0xAAA6, 0xAAA6, 0xAAE8, 0xAB8B, 0xB34A,
  0xAAC7, 0xAB29, 0xB3CC, 0xAAC7, 0xAAA7, 0xB36A, 0xAAC7, 0xA2A6, 0xA286, 0xA2C7, 0xAB8B, 0xAB6A,
  0xAAC8, 0xAB09, 0xAB29, 0xA2A7, 0xA2A7, 0xA2A7, 0xAAC7, 0xB38B, 0xAB29, 0xAAC8, 0xAAA7, 0xAB29,
  0xA2C8, 0xAAC8, 0xAAE8, 0xB3AC, 0xAB2A, 0xAB08, 0xAAE8, 0xA2A7, 0xAB6A, 0xAB6B, 0xAAE8, 0xAAC7,
  0xAAC7, 0xAB4A, 0xAB6B, 0xAB6A, 0xAB08, 0xAAE8, 0xAB4A, 0xB38B, 0xB329, 0xB349, 0xB349, 0xBC6F,
  0xB3CC, 0xBBAB, 0xB349, 0xBC2E, 0xBBEC, 0xBBEC, 0xBBAA, 0xC42D, 0xBBAA, 0xC42C, 0xC4AF, 0xCD12,
  0xC42C, 0xCC6E, 0xD5B5, 0xCC8E, 0xCC6D, 0xDE16, 0xD593, 0xD4EF, 0xD510, 0xDDF5, 0xDDB3, 0xDD92,
  0xDD91, 0xE5F4, 0xEED9, 0xE614, 0xE5D3, 0xEE35, 0xEEB8, 0xF71A, 0xEED9, 0xEE76, 0xEE55, 0xEEB8,
  0xF71A, 0xF6B7, 0xF6D7, 0xF6F8, 0xF6D7, 0xF6D7, 0xF719, 0xFF3A, 0xF6B6, 0xF718, 0xF718, 0xF6B6,
  0xFF9A, 0xFF9A, 0xFF7A, 0xFF7A, 0xFF9A, 0xFF9A, 0xFF9A, 0xFF7A, 0xFF7A, 0xFF7A, 0xFF7A, 0xFF59,
  0xFF59, 0xFF79, 0xFF79, 0xFF7A, 0xFF59, 0xFF59, 0xFF59, 0xFF38, 0xFF38, 0xFF39, 0xFF38, 0xFF38,
  0xFF18, 0xFF18, 0xFF38, 0xFF18, 0xFF18, 0xFF18, 0xFF17, 0xFEF8, 0xFEF7, 0xFED7, 0xFEF7, 0xFED7,
  0xFED7, 0xFEB6, 0xFEB6, 0xFEB6, 0xFE95, 0xF695, 0xF695, 0xF695, 0xF674, 0xF654, 0xF613, 0xF612,
  0xF613, 0xF613, 0xF634, 0xF634, 0xEDF2, 0xEDD2, 0xEDD2, 0xEDF2, 0xEDB1, 0xED90, 0xED70, 0xED70,
  0xE570, 0xE54F, 0xE54F, 0xE570, 0xE571, 0xE592, 0xE571, 0xE52F, 0xDCCD, 0xDCCD, 0xDCCD, 0xDD0F,
  0xDD51, 0xDD92, 0xDD0F, 0xDCEF, 0xDCAD, 0xD48C, 0xDC8C, 0xD46B, 0xD48C, 0xD4EF, 0xD510, 0xD4EF,
  0xD4EF, 0xD4AE, 0xD48D, 0xD48D, 0xD46D, 0xCC2B, 0xCC2B, 0xCC4C, 0xCC4C, 0xCC0B, 0xCC0B, 0xC3A9,
  0xBB89, 0xC3AA, 0xC3CA, 0xCC2C, 0xC40C, 0xC3AA, 0xCC4D, 0xC40B, 0xC3CA, 0xC389, 0xC389, 0xBB68,
  0xC3EB, 0xC40C, 0xBBAA, 0xB369, 0xC3CB, 0xBBAA, 0xBB48, 0xBB89, 0xBB69, 0xB327, 0xB328, 0xBB69,
  0xB307, 0xB369, 0xB348, 0xB307, 0xB328, 0xB369, 0xB328, 0xC48F, 0xB38A, 0xB349, 0xBBAB, 0xB349,
  0xB308, 0xB369, 0xB38B, 0xAB08, 0xAAE7, 0xAAC6, 0xAAA6, 0xB329, 0xAB29, 0xBC2E, 0xB36A, 0xAB08,
  0xAAE8, 0xB36A, 0xAB08, 0xAAC7, 0xAAC7, 0xA2A7, 0xAAC7, 0xAB08, 0xAB09, 0xAB6B, 0xB3ED, 0xAB08,
  0xAAC7, 0xAAE8, 0xAAE8, 0xAAC8, 0xAAC7, 0xA2A7, 0xAB4A, 0xAB4A, 0xAB09, 0xAAC7, 0xAB08, 0xAB29,
  0xA2E8, 0xB36A, 0xAAE8, 0xB38B, 0xAB29, 0xAB29, 0xAB09, 0xAAC7, 0xAB29, 0xAB29, 0xAB09, 0xAB29,
  0xAAC7, 0xB38B, 0xAB8B, 0xB36A, 0xAB28, 0xAAE8, 0xB3CC, 0xBC2E, 0xB349, 0xB328, 0xB3CB, 0xC490,
  0xBBCB, 0xBBAB, 0xBB69, 0xBBCB, 0xBC0D, 0xBC0C, 0xBBAA, 0xC44E, 0xC3EB, 0xC46E, 0xCD53, 0xC48E,
  0xC42C, 0xCCF0, 0xCD11, 0xCC8E, 0xCCAE, 0xDDF5, 0xD510, 0xD4EF, 0xD551, 0xE657, 0xDDF4, 0xDD50,
  0xDDB2, 0xEEB8, 0xEEB8, 0xE614, 0xEE34, 0xE635, 0xEEF9, 0xF6F9, 0xEEB7, 0xEE97, 0xF696, 0xF6F9,
  0xF719, 0xF695, 0xF6F8, 0xF75B, 0xF6B6, 0xF6D7, 0xFF7C, 0xFF39, 0xF695, 0xFF5B, 0xFF39, 0xF6D6,
  0xFF9A, 0xFF9A, 0xFF7A, 0xFF9A, 0xFF9A, 0xFF9A, 0xFF7A, 0xFF7A, 0xFF7A, 0xFF7A, 0xFF59, 0xFF59,
  0xFF59, 0xFF79, 0xFF79, 0xFF7A, 0xFF7A, 0xFF59, 0xFF59, 0xFF59, 0xFF38, 0xFF59, 0xFF38, 0xFF38,
  0xFF18, 0xFF17, 0xFEF7, 0xFEF7, 0xFF17, 0xFEF7, 0xFF18, 0xFF18, 0xFEF7, 0xFEB6, 0xFEB6, 0xFEB6,
  0xFED6, 0xFED7, 0xFED7, 0xFEB6, 0xFED7, 0xFED7, 0xF696, 0xF675, 0xF653, 0xF633, 0xF633, 0xF654,
  0xF655, 0xF675, 0xF634, 0xF634, 0xF613, 0xF5F2, 0xEDD1, 0xEDD1, 0xEDD1, 0xEDB1, 0xEDB1, 0xED91,
  0xED91, 0xEDB2, 0xEDB2, 0xE591, 0xE570, 0xE54F, 0xE52F, 0xE52F, 0xE571, 0xE592, 0xE591, 0xE592,
  0xDD30, 0xDD2F, 0xDCEE, 0xDCAD, 0xDCAD, 0xDCAD, 0xDCCD, 0xDD30, 0xDD72, 0xDD30, 0xDCEE, 0xDCCE,
  0xD48D, 0xD46C, 0xD46C, 0xD4AE, 0xD48D, 0xD48D, 0xD4AE, 0xD4AE, 0xD48D, 0xD46D, 0xCC0B, 0xC3EB,
  0xCC6D, 0xC42C, 0xCC6D, 0xCC2C, 0xC3CA, 0xCC6D, 0xCCAF, 0xCC4D, 0xC3A9, 0xC389, 0xC3AA, 0xC40C,
  0xC40C, 0xC40C, 0xBB8A, 0xBBCB, 0xC40C, 0xBB89, 0xBB68, 0xBB48, 0xBB48, 0xBB8A, 0xBBAA, 0xBB69,
  0xBB48, 0xB328, 0xB348, 0xBC0C, 0xC42D, 0xB328, 0xBB8A, 0xBBAB, 0xB349, 0xC3EC, 0xB349, 0xB328,
  0xB307, 0xB308, 0xB328, 0xB308, 0xB2E7, 0xB349, 0xB38A, 0xB36A, 0xB36A, 0xB3AB, 0xAB08, 0xAAE8,
  0xAAE7, 0xAB08, 0xAAE8, 0xAAC7, 0xAAA6, 0xB3AB, 0xB3AC, 0xAB6A, 0xAB49, 0xAB29, 0xAB29, 0xAAE8,
  0xAAE8, 0xAAE8, 0xAB08, 0xAAC7, 0xAAA7, 0xAB4A, 0xB3ED, 0xAB29, 0xAB08, 0xAAE7, 0xAAE8, 0xAB4A,
  0xAB6B, 0xAB49, 0xAB08, 0xAB49, 0xB38B, 0xB36A, 0xAAE8, 0xAAE7, 0xAB29, 0xAB29, 0xB3AC, 0xAB09,
  0xAAC7, 0xBC2E, 0xB38B, 0xB34A, 0xB328, 0xB349, 0xBC2E, 0xB38A, 0xB36A, 0xB328, 0xBC0D, 0xBBCC,
  0xBBCB, 0xBBEC, 0xBB8A, 0xBBCB, 0xC46F, 0xC42D, 0xC44D, 0xCCB0, 0xC3EB, 0xCCF1, 0xCD11, 0xCC8E,
  0xCC6D, 0xCD11, 0xCCF0, 0xD4CF, 0xCCAE, 0xD593, 0xD551, 0xD4EF, 0xDD51, 0xE615, 0xDDB3, 0xDD91,
  0xE635, 0xEEB9, 0xEE77, 0xE614, 0xEE34, 0xEEB8, 0xEEF9, 0xEED8, 0xEE97, 0xF6F9, 0xF676, 0xF719,
  0xF6F8, 0xF696, 0xF73A, 0xF719, 0xF695, 0xF73A, 0xF75A, 0xF6D7, 0xF6B6, 0xF73A, 0xFF18, 0xFED7,
  0xFF9A, 0xFF9A, 0xFF9A, 0xFF9A, 0xFF9A, 0xFF9A, 0xFF7A, 0xFF7A, 0xFF9A, 0xFF7A, 0xFF7A, 0xFF7A,
  0xFF79, 0xFF59, 0xFF59, 0xFF79, 0xFF7A, 0xFF7A, 0xFF7A, 0xFF59, 0xFF59, 0xFF38, 0xFF59, 0xFF38,
  0xFF38, 0xFF38, 0xFF18, 0xFF18, 0xFF18, 0xFF17, 0xFEF6, 0xFEF6, 0xFEF7, 0xFED6, 0xFEF7, 0xFED6,
  0xFEB6, 0xFED6, 0xFED7, 0xFED7, 0xFEB6, 0xFE96, 0xFE95, 0xF674, 0xF654, 0xF675, 0xF675, 0xF696,
  0xF696, 0xF655, 0xF633, 0xF612, 0xF5F2, 0xF5F2, 0xF613, 0xF613, 0xF634, 0xEE14, 0xEE13, 0xEE13,
  0xEDF3, 0xEDF3, 0xEDF3, 0xEDF3, 0xEDD2, 0xE591, 0xE571, 0xE571, 0xE571, 0xE591, 0xE591, 0xE550,
  0xE52F, 0xDCEE, 0xDCEE, 0xE571, 0xDD71, 0xDD71, 0xDD30, 0xDD0F, 0xDD0F, 0xDCEE, 0xDCAD, 0xDCAD,
  0xDD0F, 0xDD30, 0xD4EF, 0xDD0F, 0xDD51, 0xD4CE, 0xD48D, 0xD46C, 0xCC4C, 0xCC4C, 0xCC8E, 0xCC8E,
  0xD4AE, 0xCC6D, 0xC40B, 0xCC2B, 0xC3CA, 0xCC6D, 0xCC4D, 0xC3EA, 0xC389, 0xCC4D, 0xCC2C, 0xC40C,
  0xC42C, 0xC3EB, 0xBBAA, 0xC42C, 0xC3A9, 0xBB89, 0xC3CA, 0xC3EB, 0xBB8A, 0xC3EB, 0xBBCB, 0xBB89,
  0xBB48, 0xBC0D, 0xBBEC, 0xBBCB, 0xBB49, 0xBB69, 0xBBEC, 0xC40C, 0xBB8A, 0xB349, 0xB348, 0xB307,
  0xB307, 0xBC0D, 0xB38A, 0xB328, 0xB36A, 0xBC2E, 0xB3AB, 0xB328, 0xB38B, 0xAB08, 0xB308, 0xB308,
  0xAB08, 0xAB08, 0xAAC7, 0xAAE8, 0xB3AB, 0xAB4A, 0xB3AB, 0xB3AC, 0xAB09, 0xAB08, 0xB36B, 0xB36A,
  0xAAE7, 0xB329, 0xAAE8, 0xAAC7, 0xAB29, 0xBC70, 0xB38B, 0xAB29, 0xAB08, 0xAAE7, 0xB36A, 0xB3CC,
  0xB36A, 0xAB08, 0xAB08, 0xAB29, 0xB3AC, 0xAB29, 0xAB08, 0xAB08, 0xB3ED, 0xB3AC, 0xB38B, 0xAB08,
  0xAAE7, 0xB38B, 0xB36A, 0xB349, 0xB349, 0xC4B0, 0xB3AB, 0xB38A, 0xB369, 0xB38A, 0xBC4E, 0xBBEC,
  0xBBEC, 0xC42D, 0xBBAA, 0xBBCB, 0xC48F, 0xC44E, 0xC44D, 0xC48E, 0xC3EB, 0xCCD0, 0xCD11, 0xCCCF,
  0xCC8E, 0xCCD0, 0xD573, 0xD4EF, 0xD4AE, 0xD552, 0xDD51, 0xDD0F, 0xDDD4, 0xE615, 0xE5F3, 0xE5F3,
  0xE677, 0xEED9, 0xE614, 0xEE13, 0xEE35, 0xEED9, 0xF71A, 0xEEB7, 0xF6D8, 0xF6D7, 0xF696, 0xF73A,
  0xF6B7, 0xF6D7, 0xF75B, 0xF6F8, 0xF6D7, 0xF719, 0xF6F8, 0xF6B6, 0xFF18, 0xF718, 0xF6F7, 0xFED7,
  0xFF9A, 0xFF9A, 0xFF9A, 0xFF9A, 0xFF9A, 0xFF9A, 0xFF9A, 0xFF9A, 0xFF9A, 0xFF7A, 0xFF7A, 0xFF7A,
  0xFF7A, 0xFF79, 0xFF7A, 0xFF79, 0xFF7A, 0xFF7A, 0xFF7A, 0xFF7A, 0xFF59, 0xFF59, 0xFF59, 0xFF59,
  0xFF59, 0xFF39, 0xFF39, 0xFF38, 0xFF18, 0xFF18, 0xFF17, 0xFEF6, 0xFEF7, 0xFEF7, 0xFEF7, 0xFEF7,
  0xFED6, 0xFEB5, 0xFEB6, 0xFEB6, 0xFE95, 0xFE95, 0xFE95, 0xFE96, 0xFEB6, 0xF6B6, 0xFEB6, 0xF675,
  0xF654, 0xF654, 0xF654, 0xF654, 0xF675, 0xF676, 0xF696, 0xF6B7, 0xF696, 0xF696, 0xEE34, 0xEDF2,
  0xEDF2, 0xEDD2, 0xEDD2, 0xEDB1, 0xE5B2, 0xEDF3, 0xEE35, 0xEDF4, 0xE570, 0xE54F, 0xE52F, 0xE50E,
  0xE50E, 0xE550, 0xE592, 0xDD50, 0xDD50, 0xDD50, 0xE5B3, 0xE5B3, 0xE571, 0xDD2F, 0xDD0F, 0xDD30,
  0xDD30, 0xDD30, 0xDD0F, 0xDCEF, 0xDD10, 0xDCEF, 0xD48C, 0xD48D, 0xD4AE, 0xD4EF, 0xCC8D, 0xD48D,
  0xCC2B, 0xCC0B, 0xCC0B, 0xCBEA, 0xCBEA, 0xCBEA, 0xCBC9, 0xC3A9, 0xCC4D, 0xCC6D, 0xCC0B, 0xCC0B,
  0xC3CA, 0xC3A9, 0xC3CA, 0xC3AA, 0xC3A9, 0xCC6E, 0xCC8F, 0xC44D, 0xC3CA, 0xC3CB, 0xC389, 0xBB69,
  0xC44D, 0xC48F, 0xBBAA, 0xBB69, 0xBB69, 0xBB8A, 0xBC0C, 0xBB8A, 0xBB69, 0xBB69, 0xB308, 0xB328,
  0xBBED, 0xBBEC, 0xB349, 0xB328, 0xBC2E, 0xB36A, 0xB308, 0xB307, 0xB328, 0xB349, 0xB36A, 0xAAE7,
  0xB34A, 0xB349, 0xAB08, 0xC490, 0xB3AB, 0xB349, 0xB3CC, 0xB329, 0xB328, 0xB38B, 0xB3ED, 0xB329,
  0xAB08, 0xAAE8, 0xB308, 0xAAE7, 0xBC4F, 0xB3CC, 0xB349, 0xAB08, 0xAAE8, 0xAB08, 0xB3CC, 0xB38B,
  0xB329, 0xAB08, 0xB329, 0xB3CC, 0xB36A, 0xB329, 0xB308, 0xB3AC, 0xBC70, 0xB349, 0xB36A, 0xB329,
  0xB308, 0xB38B, 0xB349, 0xB369, 0xB38A, 0xBC0E, 0xBBAB, 0xB38A, 0xB369, 0xC44E, 0xBBEC, 0xBB8A,
  0xC40D, 0xBC0C, 0xC40C, 0xBBCB, 0xCCF1, 0xC42D, 0xC44D, 0xCC6E, 0xC42C, 0xCD32, 0xCCCF, 0xCCCF,
  0xCC6D, 0xCCF0, 0xD593, 0xD4EF, 0xD530, 0xE616, 0xDD51, 0xDD50, 0xE677, 0xE615, 0xDD91, 0xE615,
  0xEEB8, 0xE656, 0xE614, 0xEE34, 0xEE55, 0xF6F9, 0xF6D8, 0xEE96, 0xF6D8, 0xF6B7, 0xF6B6, 0xF6F9,
  0xF695, 0xF73A, 0xF73A, 0xF6D7, 0xF6D7, 0xF6D7, 0xFF39, 0xF6B6, 0xF6D7, 0xFF3A, 0xFEF7, 0xFEF8,
  0xFF9A, 0xFF9A, 0xFF9A, 0xFF9A, 0xFF7A, 0xFF7A, 0xFF7A, 0xFF9A, 0xFF7A, 0xFF7A, 0xFF7A, 0xFF7A,
  0xFF7A, 0xFF7A, 0xFF7A, 0xFF7A, 0xFF79, 0xFF59, 0xFF59, 0xFF79, 0xFF59, 0xFF59, 0xFF59, 0xFF39,
  0xFF59, 0xFF59, 0xFF39, 0xFF38, 0xFF18, 0xFF18, 0xFF18, 0xFF17, 0xFEF7, 0xFF18, 0xFF39, 0xFF19,
  0xFF18, 0xFED6, 0xFED6, 0xFEB5, 0xFE95, 0xFE94, 0xFE95, 0xFED6, 0xFED7, 0xFEB6, 0xFED7, 0xFED7,
  0xF696, 0xF675, 0xF654, 0xF654, 0xF675, 0xF675, 0xF676, 0xF675, 0xF655, 0xF654, 0xF654, 0xEE13,
  0xEDF3, 0xEDF3, 0xEE13, 0xEE14, 0xEE55, 0xEE14, 0xEDD2, 0xE591, 0xE591, 0xE570, 0xE54F, 0xE570,
  0xE5B2, 0xE5D3, 0xE5B2, 0xE570, 0xE52F, 0xE52F, 0xDD2F, 0xE550, 0xE550, 0xE551, 0xE5D3, 0xE592,
  0xDD0F, 0xDCEE, 0xDCEF, 0xDCCE, 0xD4AE, 0xD4CE, 0xDCEF, 0xDD0F, 0xDD10, 0xD48D, 0xD46C, 0xCC2B,
  0xCC2B, 0xCC2B, 0xCC2B, 0xCC0A, 0xCBEA, 0xCBEA, 0xCC0B, 0xCC6D, 0xCC2B, 0xCC0B, 0xCC0B, 0xC3CA,
  0xCBEA, 0xC3CA, 0xCBEB, 0xC3AA, 0xCC8E, 0xCCD0, 0xC42C, 0xC3CA, 0xC3AA, 0xC389, 0xBBAA, 0xCC6E,
  0xC42C, 0xC3EB, 0xBB69, 0xBB89, 0xBB48, 0xBB69, 0xBB8A, 0xBB89, 0xBB69, 0xBB48, 0xB348, 0xBBEC,
  0xC44E, 0xBB8A, 0xB328, 0xBBCB, 0xBBED, 0xB349, 0xB328, 0xB369, 0xBC2E, 0xB36A, 0xB328, 0xB349,
  0xBBCC, 0xAB08, 0xBC4E, 0xBC4F, 0xB38A, 0xB328, 0xB36A, 0xB329, 0xB328, 0xB34A, 0xB38B, 0xAAE8,
  0xAAE8, 0xB36A, 0xB308, 0xBC2E, 0xBC2E, 0xB34A, 0xB328, 0xB308, 0xB2E7, 0xB3AC, 0xBC0E, 0xB38B,
  0xB328, 0xB308, 0xB3AC, 0xBBED, 0xB349, 0xB329, 0xB308, 0xBC2E, 0xB3AB, 0xB36A, 0xB38A, 0xB349,
  0xB328, 0xC490, 0xB38A, 0xBB69, 0xBC2E, 0xBBEC, 0xBBAA, 0xBBAB, 0xB369, 0xC44E, 0xBBEC, 0xBBAA,
  0xC46E, 0xC44E, 0xC3EB, 0xC40C, 0xC46E, 0xCC6E, 0xC44D, 0xCC4C, 0xCC6D, 0xD573, 0xD4F0, 0xD4CF,
  0xCCAE, 0xDD93, 0xDD93, 0xD4CE, 0xDDB3, 0xDDD4, 0xDD30, 0xDDD4, 0xEEB8, 0xE5B2, 0xE5B2, 0xE676,
  0xEED9, 0xEE97, 0xEE96, 0xEE34, 0xEED8, 0xEED8, 0xEE96, 0xEE96, 0xF697, 0xF696, 0xF73A, 0xF719,
  0xF695, 0xF73B, 0xF719, 0xF6F8, 0xF6D7, 0xF6F8, 0xF6F7, 0xFED7, 0xFF18, 0xF719, 0xFEF7, 0xFF18,
  0xFF9A, 0xFF9A, 0xFF9A, 0xFF9A, 0xFF7A, 0xFF7A, 0xFF7A, 0xFF7A, 0xFF9A, 0xFF7A, 0xFF79, 0xFF7A,
  0xFF7A, 0xFF79, 0xFF7A, 0xFF7A, 0xFF7A, 0xFF79, 0xFF59, 0xFF59, 0xFF7A, 0xFF7A, 0xFF59, 0xFF59,
  0xFF59, 0xFF5A, 0xFF38, 0xFF38, 0xFF38, 0xFF18, 0xFF38, 0xFF38, 0xFF18, 0xFEF7, 0xFF18, 0xFF18,
  0xFF18, 0xFEF7, 0xFEF7, 0xFF18, 0xFEF8, 0xFED7, 0xFEB6, 0xFE95, 0xFEB6, 0xFEB6, 0xFED7, 0xF6D7,
  0xF6B6, 0xF6B7, 0xF695, 0xF674, 0xF654, 0xF654, 0xF654, 0xF634, 0xF633, 0xF634, 0xF654, 0xF654,
  0xF675, 0xF676, 0xEE34, 0xEDF3, 0xEDD2, 0xEDB1, 0xED90, 0xEDD2, 0xEDD3, 0xEDF3, 0xEDF3, 0xEDF4,
  0xE5D3, 0xE5B2, 0xE591, 0xE52F, 0xE52F, 0xDD0E, 0xDD0E, 0xE50E, 0xE50E, 0xDCEE, 0xDD0F, 0xDD0E,
  0xDD0F, 0xDD30, 0xDD0F, 0xDCEE, 0xDD10, 0xDD50, 0xDCCE, 0xDC8D, 0xD46C, 0xD48D, 0xD4AE, 0xD510,
  0xDD52, 0xD4AE, 0xD44C, 0xD44C, 0xCC2B, 0xD44C, 0xCCAE, 0xD4CF, 0xCC4D, 0xCC4C, 0xCC0B, 0xCC4C,
  0xCBEB, 0xCBEA, 0xC3A9, 0xCC4C, 0xCC6E, 0xCC2C, 0xC3CA, 0xC3A9, 0xC40C, 0xCC6E, 0xCC6D, 0xC42D,
  0xC3CB, 0xC389, 0xC369, 0xBB69, 0xBB68, 0xC3EB, 0xC48F, 0xBBCB, 0xBB89, 0xBB49, 0xBC0C, 0xBBEC,
  0xBBAA, 0xBB8A, 0xBB69, 0xBB8A, 0xBB69, 0xB328, 0xB328, 0xBBEC, 0xB36A, 0xB349, 0xB349, 0xBBEC,
  0xB349, 0xB36A, 0xBC4E, 0xB38B, 0xB369, 0xB36A, 0xBBCC, 0xB38A, 0xB349, 0xB329, 0xB349, 0xB329,
  0xB328, 0xB329, 0xB349, 0xBC6F, 0xB3AB, 0xB349, 0xB308, 0xB369, 0xB308, 0xBC4F, 0xB3CC, 0xB329,
  0xB328, 0xB308, 0xB38A, 0xB34A, 0xB349, 0xB328, 0xBC0D, 0xBC2E, 0xB36A, 0xB3AB, 0xB38B, 0xB328,
  0xB349, 0xBC4F, 0xBC0D, 0xB369, 0xBC0D, 0xBBCB, 0xBBCB, 0xBBCB, 0xBB8A, 0xBC0D, 0xC3EB, 0xC3EC,
  0xCCB0, 0xC48F, 0xC40C, 0xC42C, 0xC44D, 0xCC4C, 0xCC4D, 0xCC6E, 0xCCCF, 0xD552, 0xD4CF, 0xD4F0,
  0xD4AE, 0xDD93, 0xD510, 0xD510, 0xDDB3, 0xDDB3, 0xDD50, 0xE698, 0xE656, 0xE5B2, 0xE614, 0xE677,
  0xEEB8, 0xEE76, 0xEE96, 0xEE34, 0xF6F9, 0xEED8, 0xF696, 0xF696, 0xF695, 0xF719, 0xF719, 0xF6F8,
  0xF6B6, 0xFF5B, 0xF6F8, 0xF6F8, 0xF6B6, 0xFED6, 0xFEF8, 0xF6B6, 0xFF19, 0xFF18, 0xFED7, 0xFF18,
  0xFF9A, 0xFF9A, 0xFF9A, 0xFF9A, 0xFF7A, 0xFF7A, 0xFF79, 0xFF7A, 0xFF9A, 0xFF9A, 0xFF79, 0xFF7A,
  0xFF7A, 0xFF59, 0xFF59, 0xFF7A, 0xFF7A, 0xFF79, 0xFF59, 0xFF59, 0xFF7A, 0xFF7A, 0xFF7A, 0xFF59,
  0xFF59, 0xFF59, 0xFF59, 0xFF38, 0xFF38, 0xFF39, 0xFF39, 0xFF39, 0xFF39, 0xFF18, 0xFF18, 0xFF18,
  0xFF18, 0xFF18, 0xFEF7, 0xFEF7, 0xFEF7, 0xFEF7, 0xFEF7, 0xFED7, 0xFE95, 0xFE95, 0xFE95, 0xFEB6,
  0xF6B6, 0xF6B6, 0xFED7, 0xF695, 0xF654, 0xF653, 0xF654, 0xF654, 0xF654, 0xF633, 0xF634, 0xF633,
  0xF654, 0xF654, 0xEE13, 0xEDD2, 0xEDD1, 0xEDD1, 0xEDD2, 0xEDF3, 0xEDD2, 0xEDB1, 0xEDB1, 0xEDD2,
  0xE591, 0xE570, 0xE52E, 0xE54F, 0xE592, 0xE5F4, 0xE5D3, 0xE5B2, 0xE550, 0xE570, 0xE530, 0xE550,
  0xE52F, 0xDD2F, 0xDD0F, 0xDD30, 0xDCEE, 0xDCCD, 0xDC8C, 0xDC8D, 0xDD10, 0xDD72, 0xD4EF, 0xD4CE,
  0xD48D, 0xD46C, 0xD44B, 0xD42B, 0xD4CF, 0xDD93, 0xD531, 0xD4AE, 0xCC2B, 0xCC2B, 0xCC2B, 0xCBEA,
  0xCBCA, 0xCC2C, 0xCC4C, 0xCC2C, 0xCC6D, 0xC3CA, 0xC3EA, 0xCC6E, 0xCCAF, 0xCC4D, 0xC3EB, 0xC3C9,
  0xC389, 0xC3EB, 0xC3EB, 0xC3EB, 0xCC8F, 0xC42D, 0xBBAA, 0xBB69, 0xBB68, 0xC44D, 0xC46E, 0xBBCB,
  0xBB69, 0xBB69, 0xBB8A, 0xBB8A, 0xBB49, 0xBB69, 0xBBCB, 0xBC0D, 0xBB69, 0xBB49, 0xBBEC, 0xB36A,
  0xB348, 0xBC2D, 0xBBEC, 0xBBAA, 0xB349, 0xBBCC, 0xBB8A, 0xBB8A, 0xB328, 0xBC0D, 0xB38B, 0xB36A,
  0xB328, 0xB328, 0xBC4E, 0xBC0D, 0xB36A, 0xB329, 0xB36A, 0xB349, 0xB308, 0xBBED, 0xB36A, 0xB308,
  0xBB8A, 0xB328, 0xB36A, 0xB349, 0xB328, 0xB38B, 0xBC4E, 0xB38A, 0xB36A, 0xBBAB, 0xB349, 0xB348,
  0xBBAB, 0xC46F, 0xBB8A, 0xB369, 0xBBAB, 0xBB69, 0xCCD0, 0xBBCB, 0xBBAA, 0xC40D, 0xC3CB, 0xC48F,
  0xCCF1, 0xC44D, 0xC42C, 0xC42C, 0xCC8E, 0xCC2C, 0xCCAF, 0xCCAE, 0xD531, 0xD510, 0xD4EF, 0xD531,
  0xD4CF, 0xDD93, 0xD510, 0xDD93, 0xDDD4, 0xDD91, 0xE5D3, 0xE677, 0xE5F4, 0xE5D2, 0xEE76, 0xEEB8,
  0xEED8, 0xEE76, 0xEE34, 0xEE54, 0xEEB8, 0xF71A, 0xF719, 0xF675, 0xF695, 0xF71A, 0xF73A, 0xF6F8,
  0xF6B7, 0xFF3A, 0xF6D7, 0xF718, 0xF6B6, 0xF6B6, 0xFF18, 0xF6B6, 0xFF19, 0xFF18, 0xFEF8, 0xFF39,
  0xFF9A, 0xFF9A, 0xFF9A, 0xFF9A, 0xFF7A, 0xFF7A, 0xFF7A, 0xFF9A, 0xFF9A, 0xFF7A, 0xFF7A, 0xFF7A,
  0xFF7A, 0xFF79, 0xFF59, 0xFF79, 0xFF7A, 0xFF7A, 0xFF7A, 0xFF59, 0xFF59, 0xFF7A, 0xFF7A, 0xFF59,
  0xFF59, 0xFF59, 0xFF59, 0xFF59, 0xFF38, 0xFF18, 0xFF38, 0xFF39, 0xFF39, 0xFF39, 0xFF18, 0xFF18,
  0xFF18, 0xFF18, 0xFF18, 0xFEF7, 0xFED7, 0xFED6, 0xFED7, 0xFEF7, 0xFED7, 0xFED6, 0xFE95, 0xFE94,
  0xFE95, 0xFE96, 0xF695, 0xF675, 0xF674, 0xF654, 0xF633, 0xF674, 0xF654, 0xF633, 0xF633, 0xF633,
  0xF613, 0xF613, 0xF613, 0xF634, 0xF655, 0xF676, 0xEE55, 0xEE34, 0xEDF2, 0xEDD2, 0xEDB1, 0xEDD2,
  0xED91, 0xE570, 0xED91, 0xEDB2, 0xEDD3, 0xE5B2, 0xE5D2, 0xE5B2, 0xE570, 0xE591, 0xE591, 0xE550,
  0xE50E, 0xDCEE, 0xDCEE, 0xE50F, 0xDCCD, 0xDCEE, 0xDD51, 0xE592, 0xDD51, 0xDCCE, 0xDCEE, 0xD4AD,
  0xDCAD, 0xD46C, 0xD44B, 0xD4CF, 0xDD31, 0xD4EF, 0xD48D, 0xD46C, 0xD44C, 0xD48D, 0xCC0A, 0xCC0A,
  0xCC4C, 0xD48D, 0xCC2B, 0xCC2C, 0xCBEA, 0xCC8D, 0xCCAE, 0xCC8E, 0xCC2C, 0xCBEA, 0xC3CA, 0xCC4D,
  0xCC8E, 0xCC6D, 0xC3EB, 0xCC6E, 0xC42D, 0xC3AA, 0xC3A9, 0xC368, 0xC42D, 0xC44D, 0xC44D, 0xC3CB,
  0xC389, 0xBB89, 0xBB68, 0xBB69, 0xBBAA, 0xC48F, 0xBBEC, 0xBBAA, 0xBB69, 0xBB69, 0xBB69, 0xBB49,
  0xBB69, 0xBC2E, 0xBBCB, 0xBB69, 0xB349, 0xBBAB, 0xB349, 0xB349, 0xB349, 0xBBCC, 0xB36A, 0xB349,
  0xB349, 0xBB8A, 0xBBAB, 0xB349, 0xB349, 0xBB8A, 0xB38A, 0xBB49, 0xB328, 0xBBAB, 0xB328, 0xBC0D,
  0xBBAB, 0xB328, 0xBB6A, 0xB349, 0xB328, 0xB38B, 0xBC0D, 0xBBAB, 0xBB69, 0xB349, 0xBBAB, 0xB349,
  0xBB6A, 0xC42E, 0xBBAA, 0xBBAA, 0xBB8A, 0xC40C, 0xC46E, 0xC3EB, 0xC3CB, 0xC40C, 0xC40C, 0xCD32,
  0xC48F, 0xC44D, 0xCC4D, 0xCC8E, 0xCC4D, 0xCC6D, 0xD511, 0xD4AE, 0xD552, 0xD511, 0xD551, 0xD551,
  0xD4CE, 0xD530, 0xDDD4, 0xE5F4, 0xDDB3, 0xDD70, 0xE635, 0xEEB8, 0xE5D3, 0xE5D3, 0xEE76, 0xEE97,
  0xEE76, 0xEE55, 0xEE34, 0xEE76, 0xF73B, 0xF75B, 0xF6D7, 0xF675, 0xF6D8, 0xF77B, 0xF739, 0xF6F8,
  0xF6F8, 0xF6F8, 0xF73A, 0xFEF8, 0xF6B5, 0xF6F7, 0xFF39, 0xFEF8, 0xFF19, 0xFF19, 0xFEF7, 0xFF19,
  0xFF9A, 0xFF9A, 0xFF9A, 0xFF9A, 0xFF7A, 0xFF9A, 0xFF9A, 0xFF9A, 0xFF9B, 0xFF7A, 0xFF7A, 0xFF7A,
  0xFF7A, 0xFF7A, 0xFF7A, 0xFF79, 0xFF59, 0xFF79, 0xFF7A, 0xFF79, 0xFF59, 0xFF59, 0xFF59, 0xFF59,
  0xFF59, 0xFF59, 0xFF59, 0xFF38, 0xFF18, 0xFF17, 0xFF17, 0xFF38, 0xFF38, 0xFF38, 0xFF38, 0xFF17,
  0xFEF7, 0xFEF7, 0xFF18, 0xFF18, 0xFF18, 0xFEF8, 0xFEF7, 0xFEF7, 0xFED7, 0xFED7, 0xFEB6, 0xFE95,
  0xFE95, 0xFE95, 0xFE95, 0xFE96, 0xF696, 0xF6B6, 0xF6B6, 0xF675, 0xF675, 0xF696, 0xF6B7, 0xF696,
  0xF675, 0xF634, 0xF633, 0xF654, 0xF676, 0xF655, 0xF676, 0xF675, 0xEE34, 0xEE34, 0xEDF3, 0xED91,
  0xED90, 0xEDD2, 0xEDD3, 0xEDD3, 0xE5B2, 0xE591, 0xE570, 0xE591, 0xE5B2, 0xE571, 0xE52F, 0xE50E,
  0xE50E, 0xE4EE, 0xE50E, 0xDCEE, 0xDD0E, 0xE571, 0xDD50, 0xDD0F, 0xDCEE, 0xDCEE, 0xDCCD, 0xDCAD,
  0xDC8C, 0xD4AD, 0xDD51, 0xDD72, 0xDD30, 0xD48D, 0xD48D, 0xD46C, 0xD46C, 0xD42A, 0xCC2B, 0xD4AE,
  0xD4CF, 0xD46C, 0xCC2B, 0xD4AE, 0xD4AF, 0xCC8D, 0xD46D, 0xCC0B, 0xCBCA, 0xCC0B, 0xD531, 0xCC6D,
  0xCC6D, 0xCC6E, 0xCC0C, 0xC40B, 0xC3EA, 0xC3A9, 0xC389, 0xC3EB, 0xCC8F, 0xC40C, 0xC3EB, 0xC389,
  0xC389, 0xBB89, 0xC42D, 0xBBAA, 0xC48F, 0xC46E, 0xBB8A, 0xBBAA, 0xBB69, 0xBB49, 0xBBEC, 0xBBCB,
  0xBBAA, 0xC42D, 0xBB8A, 0xBB69, 0xBBAA, 0xBBAB, 0xBB49, 0xB348, 0xBBCC, 0xC44E, 0xBB8A, 0xBB6A,
  0xBB6A, 0xBB69, 0xB328, 0xBB6A, 0xBBEC, 0xBBAB, 0xBBAB, 0xBB8A, 0xBB49, 0xBB8A, 0xBBAB, 0xBBCC,
  0xB369, 0xB348, 0xBB69, 0xB349, 0xB349, 0xC44F, 0xBBEC, 0xBBAA, 0xBB69, 0xBB69, 0xC42E, 0xBB8A,
  0xBB8A, 0xBBAB, 0xBBCB, 0xBBCB, 0xC3AA, 0xC48F, 0xC44D, 0xC40C, 0xC3CA, 0xC3EB, 0xCCAF, 0xD532,
  0xCC8E, 0xC44C, 0xD511, 0xCC8E, 0xCC2C, 0xD511, 0xD573, 0xD4AE, 0xD572, 0xD510, 0xD510, 0xDD51,
  0xD4EE, 0xDD72, 0xE657, 0xDD92, 0xDD91, 0xDD71, 0xEE77, 0xE656, 0xEE55, 0xE5D2, 0xEE97, 0xEE97,
  0xEE76, 0xEE55, 0xEE96, 0xF6D8, 0xF6F9, 0xF6D8, 0xF6D7, 0xF695, 0xF719, 0xF719, 0xF75A, 0xF6F8,
  0xF6F8, 0xF719, 0xF718, 0xF6D7, 0xF6B6, 0xFF39, 0xFEF7, 0xFEF7, 0xFF39, 0xFF5A, 0xFEF8, 0xFF5A,
  0xFF9A, 0xFF9B, 0xFF9B, 0xFF9A, 0xFF9A, 0xFF9A, 0xFF9A, 0xFF9A, 0xFF7A, 0xFF7A, 0xFF79, 0xFF7A,
  0xFF9A, 0xFF7A, 0xFF7A, 0xFF7A, 0xFF79, 0xFF59, 0xFF7A, 0xFF7A, 0xFF79, 0xFF59, 0xFF59, 0xFF59,
  0xFF59, 0xFF58, 0xFF59, 0xFF38, 0xFF38, 0xFF17, 0xFF17, 0xFF17, 0xFF17, 0xFF18, 0xFF38, 0xFF38,
  0xFEF7, 0xFEF7, 0xFEF7, 0xFEF7, 0xFF18, 0xFF18, 0xFED7, 0xFED7, 0xFEB6, 0xFE95, 0xFEB5, 0xFEB6,
  0xFE95, 0xFE94, 0xFE74, 0xFE95, 0xFEB6, 0xFEB7, 0xF6B6, 0xFEB7, 0xF674, 0xF674, 0xF675, 0xF675,
  0xF675, 0xF654, 0xF654, 0xF654, 0xF654, 0xF654, 0xF634, 0xEE13, 0xEE13, 0xEE34, 0xEDF3, 0xEDD2,
  0xEE35, 0xEE76, 0xEE35, 0xEE35, 0xEE14, 0xEDD2, 0xEDD2, 0xEDF3, 0xE5B2, 0xE570, 0xE54F, 0xE550,
  0xE591, 0xE5D3, 0xE5B2, 0xE5D3, 0xE5D3, 0xE550, 0xDD0E, 0xDCEE, 0xDCEE, 0xDCCD, 0xDCCD, 0xDCCE,
  0xDD50, 0xDD72, 0xDD30, 0xDD0F, 0xDCEE, 0xDCCE, 0xD4AD, 0xD46C, 0xD44B, 0xD4CF, 0xD4EF, 0xD4AD,
  0xD48D, 0xD4AD, 0xD4CF, 0xDD52, 0xD48D, 0xD48D, 0xCC2B, 0xCC0A, 0xCC4C, 0xD511, 0xCCAF, 0xCC2C,
  0xCC2B, 0xCC2C, 0xCBEB, 0xCC0B, 0xC3C9, 0xC3A9, 0xCC6D, 0xCCAF, 0xC42C, 0xC3EB, 0xC3AA, 0xC389,
  0xC389, 0xC3EB, 0xC3EB, 0xC3CA, 0xCC8F, 0xBB8A, 0xC3AA, 0xBB89, 0xBB69, 0xC48F, 0xC42D, 0xBBCB,
  0xBB89, 0xBBAA, 0xBB69, 0xBB8A, 0xBBEC, 0xB349, 0xBBAB, 0xBBAA, 0xBBAB, 0xBBCB, 0xBB8A, 0xBB69,
  0xBB48, 0xBB69, 0xBB69, 0xC46E, 0xBBCB, 0xBB69, 0xBB6A, 0xBB8A, 0xBB28, 0xB36A, 0xCCD1, 0xBBEC,
  0xBBCB, 0xBB69, 0xBB49, 0xB369, 0xC4D0, 0xBBEC, 0xBBAA, 0xBB8A, 0xC3EC, 0xBB8A, 0xBBCB, 0xBB8A,
  0xBBAA, 0xC44E, 0xC40C, 0xC3CB, 0xC40C, 0xCD11, 0xC44D, 0xC3EB, 0xC3EA, 0xC3EB, 0xD532, 0xCCCF,
  0xCC6D, 0xCC8E, 0xCD11, 0xCC8D, 0xCC6D, 0xDDD5, 0xDD93, 0xD4AE, 0xD531, 0xD50F, 0xDD72, 0xDD0F,
  0xDD0F, 0xE615, 0xE615, 0xDD92, 0xE570, 0xE614, 0xEE77, 0xEEB8, 0xEE14, 0xE5D2, 0xEEB8, 0xEE76,
  0xEE34, 0xEEB7, 0xF6B7, 0xEEB7, 0xF719, 0xF696, 0xF6B6, 0xF6D7, 0xF75B, 0xF73A, 0xF739, 0xF6D6,
  0xF6F8, 0xF719, 0xF719, 0xFED7, 0xF6D7, 0xFF5A, 0xFEF7, 0xFF18, 0xFF5B, 0xFF19, 0xFF18, 0xFEF7,
  0xFF9A, 0xFF9B, 0xFF9B, 0xFF9A, 0xFF9A, 0xFF9A, 0xFF7A, 0xFF7A, 0xFF7A, 0xFF7A, 0xFF7A, 0xFF9A,
  0xFF7A, 0xFF7A, 0xFF7A, 0xFF7A, 0xFF7A, 0xFF7A, 0xFF7A, 0xFF7A, 0xFF7A, 0xFF59, 0xFF59, 0xFF59,
  0xFF7A, 0xFF59, 0xFF59, 0xFF58, 0xFF38, 0xFF38, 0xFF38, 0xFF18, 0xFEF7, 0xFF17, 0xFF17, 0xFF18,
  0xFF39, 0xFF38, 0xFEF7, 0xFEF7, 0xFEF7, 0xFED6, 0xFED6, 0xFED6, 0xFED7, 0xFED6, 0xFEF7, 0xFEF7,
  0xFED6, 0xFEB6, 0xFED7, 0xFEB6, 0xFEB5, 0xFE95, 0xF695, 0xFE96, 0xFEB6, 0xF696, 0xF633, 0xF654,
  0xF654, 0xF695, 0xF696, 0xF696, 0xF696, 0xF654, 0xF634, 0xF655, 0xF654, 0xEDF2, 0xEDD1, 0xEE13,
  0xEE34, 0xEDF3, 0xEDD2, 0xEDB1, 0xEDB1, 0xEDB1, 0xEDD2, 0xEDB2, 0xED70, 0xE5B1, 0xEE14, 0xEDF3,
  0xE5D3, 0xE571, 0xEDB2, 0xE570, 0xE52F, 0xE50E, 0xE550, 0xE591, 0xE5D3, 0xE592, 0xDD0F, 0xE572,
  0xE5B3, 0xDD71, 0xDD30, 0xDD30, 0xDCEF, 0xDCAD, 0xDCAD, 0xDD0F, 0xDCEF, 0xDD0F, 0xD4CE, 0xD48D,
  0xDD10, 0xDD10, 0xD4CE, 0xD48D, 0xD46C, 0xD44B, 0xD42B, 0xCC2B, 0xD511, 0xD531, 0xD4AE, 0xCC4C,
  0xCC2C, 0xCC0B, 0xCBEA, 0xC3CA, 0xCC2C, 0xCC4D, 0xCC8E, 0xCC6E, 0xC40C, 0xC3EB, 0xC3A9, 0xC3AA,
  0xCC8E, 0xC42D, 0xC40C, 0xC3CB, 0xC40C, 0xC42D, 0xC3EB, 0xC3AA, 0xC46E, 0xC4D0, 0xC40C, 0xC3CB,
  0xBB89, 0xBB68, 0xBBAA, 0xC3AA, 0xBB89, 0xC40D, 0xC42D, 0xBBCB, 0xC3EC, 0xBBAB, 0xBB69, 0xBB49,
  0xBB69, 0xBBAA, 0xBBCB, 0xBBEC, 0xC3EC, 0xBB69, 0xBBAA, 0xBB49, 0xBB48, 0xC48F, 0xC42E, 0xBB8A,
  0xBBAB, 0xBB8A, 0xBB49, 0xBC0D, 0xC40D, 0xBBAB, 0xC3EC, 0xC3EC, 0xBBCB, 0xBBAA, 0xC3EC, 0xC3CA,
  0xC42D, 0xCCD1, 0xC3EC, 0xC3CA, 0xCC8F, 0xCD11, 0xC44D, 0xCC4C, 0xC3EA, 0xCC4D, 0xD573, 0xCC6D,
  0xCC4C, 0xD511, 0xCCCF, 0xCC6D, 0xD4EF, 0xDDD4, 0xD4EF, 0xD4CE, 0xDD51, 0xDD31, 0xDD51, 0xDD0F,
  0xDD50, 0xE657, 0xE635, 0xE592, 0xE571, 0xEE77, 0xEE77, 0xEEB7, 0xE5F3, 0xE5F3, 0xEE56, 0xEE55,
  0xEE76, 0xF6F9, 0xEE75, 0xF697, 0xF6D7, 0xF6B7, 0xF6B7, 0xF6D7, 0xF719, 0xF75A, 0xF718, 0xFEF7,
  0xF6F7, 0xF73A, 0xFF39, 0xFEB5, 0xFF19, 0xF719, 0xFEF8, 0xFF39, 0xFF5A, 0xFF18, 0xFEF7, 0xFEF7,
  0xFF9A, 0xFF9B, 0xFF9B, 0xFF9A, 0xFF9A, 0xFF9A, 0xFF9B, 0xFF9A, 0xFF9A, 0xFF9A, 0xFF7A, 0xFF7A,
  0xFF7A, 0xFF7A, 0xFF9A, 0xFF7A, 0xFF7A, 0xFF79, 0xFF7A, 0xFF7A, 0xFF79, 0xFF59, 0xFF59, 0xFF59,
  0xFF59, 0xFF59, 0xFF7A, 0xFF7A, 0xFF59, 0xFF59, 0xFF59, 0xFF5A, 0xFF59, 0xFF38, 0xFEF7, 0xFF17,
  0xFF18, 0xFF39, 0xFF39, 0xFF18, 0xFF18, 0xFEF7, 0xFEF7, 0xFEF8, 0xFF18, 0xFEF8, 0xFF18, 0xFF18,
  0xFF19, 0xFEF7, 0xFED7, 0xFED6, 0xFEB6, 0xFED7, 0xFEB6, 0xFE95, 0xF695, 0xF695, 0xF674, 0xF654,
  0xF654, 0xF633, 0xF654, 0xF654, 0xF675, 0xF675, 0xF655, 0xF613, 0xEDF2, 0xEDF2, 0xEE34, 0xEE34,
  0xEE14, 0xEE14, 0xEDF3, 0xEDD2, 0xEDF3, 0xEDD2, 0xEDD2, 0xED70, 0xED91, 0xEDB1, 0xE590, 0xE570,
  0xED91, 0xEDB1, 0xE570, 0xE52F, 0xE52F, 0xE592, 0xE5D3, 0xE592, 0xE591, 0xE50E, 0xE550, 0xE592,
  0xE571, 0xDD50, 0xE571, 0xDD0F, 0xDCCD, 0xDCEE, 0xDD51, 0xDD71, 0xDCCE, 0xDCCE, 0xDCCE, 0xDD30,
  0xDD0F, 0xD4AE, 0xD4CE, 0xD46C, 0xD48D, 0xD4AD, 0xD42B, 0xD510, 0xD4F0, 0xD4CF, 0xD46D, 0xD44C,
  0xCC2B, 0xCC0A, 0xCC2C, 0xD4CF, 0xCC6D, 0xCC4D, 0xCC6D, 0xCC4C, 0xCC2C, 0xC3CA, 0xC3CA, 0xD4F1,
  0xCC4D, 0xCC6D, 0xC3AA, 0xCC8E, 0xCCAF, 0xC3EC, 0xC3CB, 0xC3EC, 0xCCD0, 0xC42D, 0xC3CA, 0xC3AA,
  0xBB69, 0xC40C, 0xC3EB, 0xBBAA, 0xC44D, 0xCCB0, 0xC3EC, 0xBB8A, 0xBB89, 0xBB8A, 0xBB89, 0xBBCB,
  0xC40D, 0xBB8A, 0xC48F, 0xC46E, 0xC3CB, 0xBB89, 0xBB69, 0xBB48, 0xBC0D, 0xC44E, 0xBBCB, 0xC3CB,
  0xC3CB, 0xBB69, 0xC3EC, 0xC48F, 0xC3EC, 0xC3CB, 0xC40C, 0xC42D, 0xC3CB, 0xC42D, 0xC40C, 0xC3AA,
  0xCCB0, 0xCC8F, 0xC40C, 0xC3EB, 0xD532, 0xCCD0, 0xCC4D, 0xCC2C, 0xCBEA, 0xD531, 0xD552, 0xCC4C,
  0xD4AE, 0xD510, 0xD48D, 0xCC6C, 0xDD93, 0xD510, 0xD4EF, 0xDD30, 0xDD51, 0xDD71, 0xDDB3, 0xDD71,
  0xE5D3, 0xE698, 0xE636, 0xE591, 0xE5F4, 0xEED9, 0xE635, 0xEE35, 0xEDF3, 0xEE14, 0xEE76, 0xEE75,
  0xF6B8, 0xF6B7, 0xEE75, 0xF6D7, 0xF6B7, 0xF75B, 0xF6D7, 0xF6F8, 0xF73A, 0xF719, 0xF6F8, 0xF6F7,
  0xF6D7, 0xFF5B, 0xFF18, 0xF6B6, 0xF719, 0xFF5A, 0xFEF7, 0xFEF8, 0xFF5A, 0xFEF7, 0xFF18, 0xFF18,
  0xFF9A, 0xFF9A, 0xFF9B, 0xFF9B, 0xFF9A, 0xFF9A, 0xFF9A, 0xFF9A, 0xFF9A, 0xFF9A, 0xFF9A, 0xFF7A,
  0xFF7A, 0xFF7A, 0xFF7A, 0xFF7A, 0xFF79, 0xFF79, 0xFF79, 0xFF79, 0xFF59, 0xFF59, 0xFF59, 0xFF59,
  0xFF59, 0xFF59, 0xFF59, 0xFF7A, 0xFF7A, 0xFF5A, 0xFF59, 0xFF39, 0xFF59, 0xFF7A, 0xFF39, 0xFF17,
  0xFF17, 0xFF18, 0xFF39, 0xFF38, 0xFF18, 0xFF18, 0xFF18, 0xFEF7, 0xFEF7, 0xFED7, 0xFED7, 0xFEF7,
  0xFF19, 0xFF19, 0xFEF7, 0xFEB6, 0xFED7, 0xFEF7, 0xFEB6, 0xFE95, 0xFE74, 0xF674, 0xF675, 0xF695,
  0xF6B6, 0xF696, 0xF696, 0xF675, 0xF654, 0xF633, 0xF612, 0xF612, 0xF612, 0xF675, 0xF675, 0xF676,
  0xF696, 0xEE55, 0xEE34, 0xEE14, 0xEDD1, 0xED90, 0xED90, 0xEDB1, 0xEDD3, 0xEE14, 0xEDF3, 0xEDB1,
  0xED70, 0xE54F, 0xE591, 0xE5B2, 0xEE56, 0xE5B2, 0xE591, 0xE570, 0xE52F, 0xE550, 0xE5D3, 0xE5D3,
  0xE550, 0xE550, 0xDD0F, 0xDD0E, 0xDD51, 0xE592, 0xDD71, 0xDD0F, 0xDD0F, 0xDCAD, 0xDD0F, 0xDCCE,
  0xDCCE, 0xDCCE, 0xDD0F, 0xDCCF, 0xD4AD, 0xD44C, 0xD46C, 0xD4CE, 0xD48D, 0xD48D, 0xD44B, 0xD44B,
  0xD46C, 0xD4AE, 0xD531, 0xD4AE, 0xCC4C, 0xCC4C, 0xCC2C, 0xCC4C, 0xCBEA, 0xCC2C, 0xCC2C, 0xCC6D,
  0xCC2C, 0xC40C, 0xC3EB, 0xCC6E, 0xC3EB, 0xC42C, 0xC40B, 0xCC6E, 0xCC8E, 0xC3CA, 0xC3AA, 0xC3AA,
  0xC42D, 0xC42D, 0xC3CB, 0xC3EB, 0xCCAF, 0xC40C, 0xC3AA, 0xC3A9, 0xC3EC, 0xC40C, 0xC42D, 0xC46F,
  0xC3CB, 0xC3AA, 0xC46E, 0xC40C, 0xC3AA, 0xBB89, 0xBB69, 0xC42D, 0xCD12, 0xC3EC, 0xC3CB, 0xC3AA,
  0xC389, 0xBBAB, 0xC46F, 0xC40C, 0xC3CB, 0xC46E, 0xC44E, 0xC40C, 0xC3CB, 0xC42D, 0xC3CB, 0xC3CB,
  0xC42C, 0xC46E, 0xCC4D, 0xC42C, 0xD4F1, 0xCC8E, 0xCC8E, 0xCC2C, 0xCC4D, 0xD573, 0xCCAE, 0xCC6D,
  0xD4F0, 0xD510, 0xD48D, 0xD4AE, 0xDDF5, 0xD530, 0xDD72, 0xDD30, 0xDD51, 0xDD93, 0xE636, 0xDD2F,
  0xE615, 0xE677, 0xE5F3, 0xE591, 0xEE97, 0xEE56, 0xEE34, 0xE5F3, 0xEE14, 0xEE34, 0xEE34, 0xF6B7,
  0xEEB7, 0xF696, 0xF6B7, 0xF6B7, 0xF719, 0xF719, 0xF6B6, 0xF6F8, 0xF73A, 0xF6F8, 0xF6F7, 0xF6F8,
  0xF6F8, 0xF739, 0xFEF7, 0xFEF8, 0xFF5A, 0xFF19, 0xFED6, 0xFF18, 0xFF18, 0xFEF7, 0xFF18, 0xFEF7,
  0xFF9A, 0xFF9B, 0xFF9B, 0xFF9B, 0xFF9B, 0xFF9A, 0xFF9A, 0xFF9A, 0xFF9A, 0xFF7A, 0xFF7A, 0xFF7A,
  0xFF7A, 0xFF7A, 0xFF7A, 0xFF7A, 0xFF7A, 0xFF79, 0xFF79, 0xFF7A, 0xFF79, 0xFF59, 0xFF7A, 0xFF7A,
  0xFF59, 0xFF59, 0xFF7A, 0xFF59, 0xFF7A, 0xFF7A, 0xFF59, 0xFF38, 0xFF38, 0xFF38, 0xFF39, 0xFF38,
  0xFF18, 0xFEF6, 0xFEF7, 0xFF18, 0xFF39, 0xFF38, 0xFEF7, 0xFEF7, 0xFEF7, 0xFEF7, 0xFEF7, 0xFED7,
  0xFED6, 0xFED6, 0xFED6, 0xFEB6, 0xFEB5, 0xFEB5, 0xFE95, 0xFE95, 0xFE95, 0xFEB6, 0xFEF7, 0xFED7,
  0xF6B6, 0xF6D7, 0xFEF7, 0xF696, 0xF696, 0xF696, 0xF696, 0xF675, 0xF655, 0xF633, 0xF613, 0xF613,
  0xF613, 0xEDF2, 0xEDD2, 0xEDD1, 0xEDB1, 0xEDD2, 0xEE35, 0xEE55, 0xEE55, 0xEDD2, 0xEDB1, 0xED90,
  0xED91, 0xEDF3, 0xEDF3, 0xEDF3, 0xEDD2, 0xE550, 0xE591, 0xE54F, 0xE54F, 0xE5B2, 0xE591, 0xE550,
  0xE550, 0xE52F, 0xE52F, 0xE571, 0xE592, 0xE530, 0xDD0E, 0xDCED, 0xDCCD, 0xDCCD, 0xDD30, 0xDD51,
  0xDD72, 0xDD30, 0xDCCE, 0xDCAD, 0xD48C, 0xD48D, 0xDD93, 0xD4EF, 0xD48D, 0xD46C, 0xD48D, 0xD4CF,
  0xD4CE, 0xD4AE, 0xCC4C, 0xD44C, 0xCC0B, 0xCC4C, 0xD4EF, 0xCC4C, 0xCC6D, 0xCC4C, 0xC40B, 0xD511,
  0xCCF0, 0xCC2C, 0xC3EA, 0xCC4D, 0xCC4D, 0xCC0B, 0xCC2C, 0xC40B, 0xC40B, 0xC3CA, 0xC40C, 0xCCAF,
  0xCC8F, 0xC40C, 0xC3EB, 0xC40C, 0xCC4D, 0xC3EB, 0xC3CA, 0xC3AA, 0xC42D, 0xC46F, 0xCCD0, 0xC3EB,
  0xC3CA, 0xC3EB, 0xC46E, 0xC44D, 0xC3AA, 0xC369, 0xBB69, 0xCCF1, 0xC44E, 0xC40C, 0xC3CB, 0xC3AA,
  0xC389, 0xCCD0, 0xC46E, 0xC3EC, 0xC3EB, 0xC42D, 0xC42D, 0xC40C, 0xC3CA, 0xC40C, 0xC3CA, 0xC42C,
  0xCC8F, 0xCCAF, 0xCC2C, 0xCC4D, 0xCCAF, 0xCC6E, 0xCC6D, 0xCC2B, 0xD511, 0xD511, 0xD510, 0xD48D,
  0xDD72, 0xD4CF, 0xD4CE, 0xD4EF, 0xDD51, 0xDD31, 0xDD30, 0xDD30, 0xDD71, 0xE657, 0xE5D3, 0xDD50,
  0xE636, 0xE635, 0xE5D3, 0xE5B2, 0xE677, 0xEE35, 0xE5F3, 0xEE55, 0xEE55, 0xEE34, 0xEE75, 0xF6F9,
  0xF6D8, 0xF696, 0xF6F8, 0xF6D7, 0xF75B, 0xF719, 0xF6B6, 0xF6F8, 0xF73A, 0xF6F8, 0xF6D7, 0xFF3A,
  0xF6D7, 0xFF39, 0xFEF7, 0xFF18, 0xFF3A, 0xFEF7, 0xFEF7, 0xFF39, 0xFEF7, 0xFEF7, 0xFEF7, 0xFF17,
  0xFF9A, 0xFF9B, 0xFF9B, 0xFF9B, 0xFF9B, 0xFF9B, 0xFF9A, 0xFF9A, 0xFF9A, 0xFF7A, 0xFF7A, 0xFF9A,
  0xFF7A, 0xFF7A, 0xFF7A, 0xFF7A, 0xFF7A, 0xFF7A, 0xFF7A, 0xFF7A, 0xFF7A, 0xFF7A, 0xFF7A, 0xFF7A,
  0xFF79, 0xFF59, 0xFF79, 0xFF79, 0xFF59, 0xFF7A, 0xFF59, 0xFF59, 0xFF38, 0xFF38, 0xFF38, 0xFF38,
  0xFF39, 0xFF18, 0xFEF7, 0xFEF7, 0xFF38, 0xFF38, 0xFF18, 0xFEF7, 0xFEF7, 0xFED6, 0xFED6, 0xFED6,
  0xFEB6, 0xFED6, 0xFEF7, 0xFEF8, 0xFF18, 0xFED6, 0xFED7, 0xFED7, 0xFEB6, 0xFE95, 0xFE95, 0xFE74,
  0xF675, 0xF695, 0xF674, 0xF695, 0xF6B6, 0xFED8, 0xF6B7, 0xF6B7, 0xF6B7, 0xF6B7, 0xF654, 0xF612,
  0xF612, 0xF5F2, 0xF5F2, 0xEDF2, 0xEE13, 0xEE34, 0xEDF3, 0xEDF3, 0xEDD1, 0xEDB1, 0xEDD2, 0xEDF3,
  0xEE55, 0xEE35, 0xEDD3, 0xED91, 0xED90, 0xEDB2, 0xE570, 0xE591, 0xEDF4, 0xE5B2, 0xE570, 0xE54F,
  0xE591, 0xE591, 0xE592, 0xE591, 0xE52F, 0xE4EE, 0xE4EE, 0xE4EE, 0xE551, 0xDDB3, 0xE5B3, 0xDD30,
  0xDD30, 0xDD0F, 0xDD0F, 0xDCAD, 0xDCAD, 0xDD51, 0xDD0F, 0xD48D, 0xD4AE, 0xDD10, 0xDD31, 0xDD10,
  0xD4EF, 0xD4AE, 0xD46C, 0xD44C, 0xD46D, 0xD4AE, 0xCC2B, 0xCC2C, 0xCC6D, 0xCC8E, 0xCCCF, 0xD4D0,
  0xCC6D, 0xCC4C, 0xCC4C, 0xD4F0, 0xCC4D, 0xCC0B, 0xCBEB, 0xC3CA, 0xC42C, 0xC3EB, 0xCCAF, 0xCCAF,
  0xC42C, 0xCC2C, 0xC3EB, 0xC42C, 0xC40C, 0xC3EB, 0xC3CB, 0xC3AA, 0xC46E, 0xCD12, 0xCCAF, 0xC3EB,
  0xC3CA, 0xCC4D, 0xCC6E, 0xC3CA, 0xC389, 0xC389, 0xCC6E, 0xCCD0, 0xC3CB, 0xC40C, 0xC3CB, 0xC3CA,
  0xC3AA, 0xCCD0, 0xC40C, 0xCC2C, 0xC3EB, 0xC42D, 0xC40C, 0xCC2D, 0xCC0B, 0xC3EB, 0xC40C, 0xCCD0,
  0xD511, 0xCC4D, 0xCC2C, 0xCCAF, 0xD4F0, 0xCCAF, 0xCC6D, 0xCC4C, 0xD48D, 0xD510, 0xD4EF, 0xD48D,
  0xD4CF, 0xD4EF, 0xDD10, 0xD4EF, 0xDD93, 0xDD51, 0xDD0F, 0xE5F4, 0xDD92, 0xE636, 0xDD50, 0xE5D3,
  0xE5F4, 0xE5F4, 0xE5D3, 0xE5F3, 0xEEB8, 0xEDF3, 0xEE34, 0xEE76, 0xEE76, 0xEE34, 0xF6F9, 0xF719,
  0xEE75, 0xF6D8, 0xF6F8, 0xF6D7, 0xF719, 0xF6D7, 0xF6B6, 0xF6F8, 0xF718, 0xF6B6, 0xFF19, 0xF739,
  0xFEF7, 0xFEF7, 0xFF19, 0xFF18, 0xFF39, 0xFF19, 0xFEF8, 0xFED6, 0xFED5, 0xFF18, 0xFF18, 0xFEF7,
  0xFF9A, 0xFF9A, 0xFF9A, 0xFF9B, 0xFF9B, 0xFF9B, 0xFF9A, 0xFF9A, 0xFF9A, 0xFF9A, 0xFF9B, 0xFF9A,
  0xFF9A, 0xFF7A, 0xFF7A, 0xFF9A, 0xFF7A, 0xFF7A, 0xFF7A, 0xFF79, 0xFF7A, 0xFF7A, 0xFF7A, 0xFF7A,
  0xFF7A, 0xFF59, 0xFF59, 0xFF59, 0xFF7A, 0xFF7A, 0xFF59, 0xFF59, 0xFF59, 0xFF59, 0xFF59, 0xFF59,
  0xFF59, 0xFF59, 0xFF38, 0xFEF7, 0xFEF6, 0xFEF6, 0xFED6, 0xFED6, 0xFEF7, 0xFF18, 0xFEF7, 0xFEF7,
  0xFEF8, 0xFF39, 0xFF39, 0xFF3A, 0xFF18, 0xFEF8, 0xFED6, 0xFEF7, 0xFEF8, 0xFF19, 0xFEF8, 0xFEB6,
  0xFE95, 0xFE95, 0xF6D7, 0xF6F8, 0xF6D7, 0xF696, 0xF695, 0xF696, 0xF675, 0xF696, 0xF675, 0xF634,
  0xF634, 0xF612, 0xF633, 0xF676, 0xF675, 0xF654, 0xEDF2, 0xEDF2, 0xEE34, 0xEE55, 0xF676, 0xF656,
  0xEDF3, 0xEE13, 0xEDB1, 0xEDB1, 0xED91, 0xED91, 0xEDF3, 0xEDD2, 0xEDB1, 0xE591, 0xE5D3, 0xEDF3,
  0xE5D3, 0xE591, 0xE570, 0xE52F, 0xE50E, 0xE50E, 0xE591, 0xE592, 0xE571, 0xE591, 0xDCEE, 0xDD0F,
  0xE571, 0xDD0F, 0xDCAD, 0xDCCE, 0xDD51, 0xDCEF, 0xDCAD, 0xDCEF, 0xDD93, 0xDD30, 0xD4EF, 0xD4CE,
  0xD48D, 0xD44B, 0xD44B, 0xD48D, 0xD4CF, 0xD48D, 0xD48E, 0xD573, 0xD511, 0xD4AF, 0xD4AF, 0xCC8E,
  0xD4AE, 0xCC6D, 0xCC2C, 0xCC0B, 0xCC0B, 0xCBCA, 0xCC0B, 0xD4F0, 0xCC8E, 0xCC6E, 0xD532, 0xCC4D,
  0xCC0C, 0xC3EB, 0xCC4D, 0xCC2C, 0xCC2C, 0xC3CA, 0xC3CA, 0xC42D, 0xD532, 0xCCD0, 0xC3EB, 0xC3EB,
  0xC3EB, 0xC42D, 0xC3CB, 0xC3CA, 0xC389, 0xC3EB, 0xC40C, 0xCC4D, 0xC3EB, 0xC3EB, 0xC3CB, 0xC3CA,
  0xC3CB, 0xCC8E, 0xC40C, 0xCC2C, 0xC3EB, 0xCC8E, 0xCCD0, 0xCC4D, 0xC3EB, 0xC3EB, 0xD532, 0xCC6D,
  0xCCAF, 0xCC4C, 0xCC2C, 0xD531, 0xD4F0, 0xD510, 0xCC8D, 0xD46C, 0xD510, 0xDD72, 0xD4EF, 0xD4AE,
  0xD530, 0xE5D4, 0xDD0F, 0xDD10, 0xDD92, 0xDD2F, 0xE5D4, 0xE5F4, 0xE5F4, 0xE5D3, 0xE570, 0xE615,
  0xE5D3, 0xE5F3, 0xEE35, 0xE635, 0xE614, 0xEE14, 0xEE35, 0xF6D9, 0xEE33, 0xEE55, 0xF6F9, 0xF6D7,
  0xF696, 0xF6D8, 0xF6B7, 0xF6B6, 0xF719, 0xF6D7, 0xF6B6, 0xF6F8, 0xF6D7, 0xF718, 0xFF5B, 0xFF5A,
  0xFED6, 0xFEF7, 0xFF39, 0xFF18, 0xFF39, 0xFF5A, 0xFF17, 0xFED6, 0xFEF7, 0xFEF8, 0xFF18, 0xFF18,
  0xFF9A, 0xFF9A, 0xFF9A, 0xFF9B, 0xFF9B, 0xFFBB, 0xFF9B, 0xFF9A, 0xFF9A, 0xFF9B, 0xFF9B, 0xFF9B,
  0xFF9A, 0xFF7A, 0xFF7A, 0xFF7A, 0xFF7A, 0xFF7A, 0xFF7A, 0xFF79, 0xFF79, 0xFF7A, 0xFF7A, 0xFF9A,
  0xFF7A, 0xFF59, 0xFF59, 0xFF59, 0xFF38, 0xFF59, 0xFF59, 0xFF38, 0xFF38, 0xFF38, 0xFF18, 0xFF38,
  0xFF38, 0xFF38, 0xFF18, 0xFEF7, 0xFEF7, 0xFF18, 0xFF18, 0xFF18, 0xFEF7, 0xFEF7, 0xFF18, 0xFEF7,
  0xFED6, 0xFED7, 0xFEF7, 0xFEF7, 0xFEF8, 0xFEF7, 0xFEF7, 0xFEF7, 0xFEF8, 0xFF18, 0xFF18, 0xFEF8,
  0xF695, 0xFEB6, 0xF6B6, 0xFEF8, 0xF6D7, 0xF6F7, 0xF6D7, 0xF6B6, 0xF695, 0xF654, 0xF633, 0xF633,
  0xF613, 0xF633, 0xF633, 0xF613, 0xF634, 0xF613, 0xF634, 0xF696, 0xF676, 0xEE35, 0xEE13, 0xEE13,
  0xEDF2, 0xEDB1, 0xED91, 0xED90, 0xEDB1, 0xEDD2, 0xEDF2, 0xEDB1, 0xEE14, 0xEE14, 0xEDF4, 0xEDB2,
  0xE570, 0xED70, 0xE52E, 0xE52F, 0xE592, 0xE5D3, 0xEE15, 0xE592, 0xE550, 0xE52F, 0xE50F, 0xE571,
  0xDCEE, 0xDCCD, 0xDD0F, 0xDD0F, 0xDCEE, 0xDCCE, 0xDD51, 0xDD72, 0xDD10, 0xD4AE, 0xDCAE, 0xD48D,
  0xD4AD, 0xD4CE, 0xD4EF, 0xDD93, 0xD4AD, 0xD48D, 0xDD93, 0xD510, 0xD4CF, 0xD46D, 0xD4CF, 0xCC4D,
  0xCC2C, 0xCC2B, 0xCC2B, 0xCC2B, 0xCC4C, 0xD4D0, 0xD511, 0xCC4D, 0xCC2C, 0xD573, 0xCC8E, 0xCC0C,
  0xCC0B, 0xCC0B, 0xCC6D, 0xC3EB, 0xC3EB, 0xC3CA, 0xC3CA, 0xC44D, 0xCCAF, 0xC40C, 0xCC2C, 0xC3EB,
  0xCC2C, 0xCC0C, 0xC3EB, 0xC3A9, 0xC40C, 0xCC6E, 0xC40C, 0xCC2D, 0xCC4D, 0xC3CA, 0xC3EB, 0xCC0B,
  0xC40C, 0xCC6D, 0xCC4D, 0xCC2C, 0xC40C, 0xDDD5, 0xCC8E, 0xCC0B, 0xCBEB, 0xCC6D, 0xCC8E, 0xCC6D,
  0xCC4C, 0xCC8E, 0xCC6D, 0xD5B4, 0xD572, 0xD4CE, 0xD48D, 0xD46C, 0xD4EF, 0xDD52, 0xDD0F, 0xD4CE,
  0xDDB3, 0xDD92, 0xDD51, 0xDD92, 0xDD51, 0xDD0F, 0xE656, 0xE5F4, 0xE591, 0xE592, 0xE5B2, 0xEE56,
  0xE614, 0xE5F3, 0xEE56, 0xEE35, 0xEE34, 0xEE34, 0xEEB7, 0xF6F8, 0xEE13, 0xF676, 0xF6F9, 0xF6B7,
  0xF6D7, 0xF6F8, 0xF6B6, 0xF6B7, 0xF73A, 0xF6D7, 0xF6B6, 0xF6D7, 0xF6D7, 0xF739, 0xF73A, 0xFEF7,
  0xFED6, 0xFF19, 0xFF18, 0xFF18, 0xFF3A, 0xFF18, 0xFEF7, 0xFED7, 0xFF19, 0xFF39, 0xFF18, 0xFF39,
  0xFF9A, 0xFF9B, 0xFF9A, 0xFF9A, 0xFFBB, 0xFFBB, 0xFF9B, 0xFF9A, 0xFF9A, 0xFF9A, 0xFF9B, 0xFF9A,
  0xFF9A, 0xFF7A, 0xFF7A, 0xFF7A, 0xFF7A, 0xFF7A, 0xFF7A, 0xFF79, 0xFF79, 0xFF7A, 0xFF7A, 0xFF7A,
  0xFF7A, 0xFF79, 0xFF79, 0xFF7A, 0xFF59, 0xFF59, 0xFF7A, 0xFF59, 0xFF38, 0xFF58, 0xFF5A, 0xFF5A,
  0xFF39, 0xFF39, 0xFF39, 0xFF39, 0xFF38, 0xFF39, 0xFF38, 0xFF18, 0xFF18, 0xFF18, 0xFF18, 0xFF18,
  0xFEF7, 0xFED6, 0xFED6, 0xFEF7, 0xFEF7, 0xFEF7, 0xFEF7, 0xFEF7, 0xFED7, 0xFEB6, 0xFED6, 0xFEB6,
  0xFED7, 0xFEB6, 0xFE95, 0xF695, 0xF695, 0xF695, 0xF674, 0xF654, 0xF653, 0xF674, 0xF696, 0xF6B6,
  0xF6B6, 0xF6B7, 0xF6B7, 0xF696, 0xF675, 0xF654, 0xF634, 0xF633, 0xF613, 0xF633, 0xF5F2, 0xEDD1,
  0xF633, 0xEE34, 0xEE13, 0xF655, 0xEDF2, 0xEDD2, 0xEDD2, 0xEDB2, 0xEDD3, 0xEDD2, 0xEDD2, 0xED91,
  0xED6F, 0xE52E, 0xE591, 0xEE35, 0xE5D3, 0xE5B2, 0xE5D3, 0xE5B2, 0xE570, 0xE52F, 0xE52F, 0xE50E,
  0xDCEE, 0xDCCE, 0xDCEE, 0xDD0F, 0xDD30, 0xE592, 0xDD30, 0xDD30, 0xDCCE, 0xDCAD, 0xDCCE, 0xDD52,
  0xDD92, 0xDCCE, 0xDCCE, 0xD48D, 0xD46C, 0xD4AE, 0xDD31, 0xD48D, 0xD48D, 0xD46C, 0xD46D, 0xCC4C,
  0xD48E, 0xD46D, 0xCC6D, 0xD552, 0xCC8E, 0xDD94, 0xCC6D, 0xCC4C, 0xCC6D, 0xD511, 0xCC4C, 0xCBEB,
  0xCBEB, 0xCC4D, 0xCC6D, 0xCC2C, 0xCBEB, 0xCC0B, 0xCBEB, 0xCCAF, 0xCCAF, 0xCC4D, 0xCC4D, 0xCBEB,
  0xCC4D, 0xC3EB, 0xC3AA, 0xC40C, 0xCCAF, 0xCC2C, 0xCC0B, 0xCC2D, 0xCC4D, 0xC40B, 0xCC4D, 0xCC2C,
  0xC3EA, 0xCC8E, 0xCC4D, 0xCC4C, 0xCC6E, 0xCCD0, 0xCC4C, 0xCC0B, 0xCC2C, 0xCC8E, 0xCC6D, 0xCC4C,
  0xCCCF, 0xD511, 0xD4AE, 0xDDF5, 0xD4F0, 0xD48D, 0xD48D, 0xD48D, 0xDDD4, 0xDDD4, 0xDD30, 0xD4CE,
  0xDDB3, 0xDD30, 0xDD71, 0xDD92, 0xDD30, 0xDD50, 0xE615, 0xE5D3, 0xE591, 0xE591, 0xE635, 0xEE77,
  0xEE13, 0xEE14, 0xEE35, 0xEE34, 0xEE13, 0xEE34, 0xF6F9, 0xF6B7, 0xF654, 0xF676, 0xF6F8, 0xF6D8,
  0xF6F8, 0xF6D7, 0xF696, 0xF73A, 0xF719, 0xF6B6, 0xF6B6, 0xF6D7, 0xF6F8, 0xFF39, 0xFF18, 0xFED6,
  0xFEF7, 0xFF39, 0xFED7, 0xFF18, 0xFF39, 0xFEF7, 0xFED6, 0xFF18, 0xFF39, 0xFF39, 0xFF38, 0xFF18,
  0xFF9A, 0xFF9B, 0xFF9A, 0xFF9A, 0xFF9B, 0xFFBB, 0xFF9B, 0xFF9A, 0xFF9A, 0xFF9A, 0xFF7A, 0xFF7A,
  0xFF9A, 0xFF7A, 0xFF7A, 0xFF7A, 0xFF7A, 0xFF9A, 0xFF7A, 0xFF7A, 0xFF79, 0xFF79, 0xFF79, 0xFF79,
  0xFF79, 0xFF79, 0xFF79, 0xFF7A, 0xFF7A, 0xFF7A, 0xFF7A, 0xFF9B, 0xFF7A, 0xFF59, 0xFF59, 0xFF7A,
  0xFF7A, 0xFF59, 0xFF5A, 0xFF7A, 0xFF59, 0xFF38, 0xFF18, 0xFF18, 0xFF39, 0xFF39, 0xFF18, 0xFEF7,
  0xFEF7, 0xFF18, 0xFF39, 0xFF18, 0xFED6, 0xFEF7, 0xFEF8, 0xFF18, 0xFEF8, 0xFEF7, 0xFED7, 0xFED6,
  0xFED7, 0xF6B6, 0xFED7, 0xFED7, 0xF695, 0xF674, 0xF674, 0xF695, 0xF6D7, 0xF6F8, 0xF6F8, 0xF6D8,
  0xF696, 0xF6B7, 0xF696, 0xF696, 0xF675, 0xF675, 0xF675, 0xF634, 0xF613, 0xF5F2, 0xF5F2, 0xEDF3,
  0xEE34, 0xEE13, 0xEE13, 0xEDF2, 0xEDF3, 0xF634, 0xEE13, 0xF676, 0xEE14, 0xEDD2, 0xEDD2, 0xED90,
  0xED90, 0xEDD3, 0xEE35, 0xEDF3, 0xE5B2, 0xEDD2, 0xE571, 0xE54F, 0xE52F, 0xE52E, 0xE52F, 0xE5B2,
  0xE550, 0xE592, 0xE5B3, 0xE571, 0xDD50, 0xE571, 0xDCEF, 0xDCEE, 0xDCAD, 0xDD0F, 0xE593, 0xDD51,
  0xDCEF, 0xDCEF, 0xDCAD, 0xD48C, 0xDD93, 0xD4CF, 0xD4AE, 0xD4AE, 0xD48D, 0xD46C, 0xD4CF, 0xD531,
  0xD46D, 0xCC4C, 0xDD52, 0xD4F0, 0xD4F0, 0xCC8E, 0xCC2C, 0xCC4D, 0xCC6D, 0xCC8E, 0xCC2C, 0xCC6D,
  0xD4AE, 0xCC8E, 0xCC4C, 0xCC0B, 0xCC2C, 0xCC6E, 0xCC4D, 0xD4F0, 0xCC2C, 0xCC2C, 0xCC4C, 0xCBEB,
  0xCBEA, 0xCBEA, 0xCC0C, 0xD4D0, 0xCC6E, 0xCC0C, 0xCC0C, 0xCC6D, 0xCC4C, 0xCC6E, 0xCC2C, 0xCC0B,
  0xCC0B, 0xD4D0, 0xCCAF, 0xCCAE, 0xCC6D, 0xD4AF, 0xCC2C, 0xCC2B, 0xCC8E, 0xCCAF, 0xCC8D, 0xCC8D,
  0xDDD5, 0xD4AE, 0xD4CF, 0xD4F0, 0xD4AE, 0xD4AD, 0xD48D, 0xD4CE, 0xDE16, 0xDD92, 0xDD30, 0xDD0F,
  0xDD52, 0xDD50, 0xDD2F, 0xDD50, 0xE570, 0xE591, 0xE615, 0xE5F4, 0xE591, 0xE614, 0xEE56, 0xEE76,
  0xE5D2, 0xEE77, 0xEE14, 0xEE76, 0xEE34, 0xEE76, 0xF71A, 0xEE75, 0xF654, 0xF6B7, 0xF6F9, 0xF6D8,
  0xF6D7, 0xF6B6, 0xF6D7, 0xF73A, 0xF739, 0xF6B6, 0xFEF7, 0xFF39, 0xFF18, 0xFEF8, 0xFEF7, 0xFED7,
  0xFF18, 0xFEF7, 0xFED7, 0xFF3A, 0xFF39, 0xFED6, 0xFF18, 0xFF39, 0xFF18, 0xFF18, 0xFF39, 0xFF18,
  0xFF9A, 0xFF9B, 0xFF9B, 0xFF9A, 0xFF9B, 0xFF9B, 0xFF9A, 0xFF9A, 0xFF9B, 0xFF9A, 0xFF7A, 0xFF9A,
  0xFF9A, 0xFF7A, 0xFF7A, 0xFF7A, 0xFF7A, 0xFF7A, 0xFF9A, 0xFF9A, 0xFF9A, 0xFF7A, 0xFF79, 0xFF79,
  0xFF79, 0xFF79, 0xFF59, 0xFF79, 0xFF7A, 0xFF7A, 0xFF7A, 0xFF7B, 0xFF7B, 0xFF7A, 0xFF59, 0xFF38,
  0xFF59, 0xFF38, 0xFF59, 0xFF5A, 0xFF59, 0xFF39, 0xFF39, 0xFF18, 0xFF38, 0xFF39, 0xFF39, 0xFF39,
  0xFEF7, 0xFEF7, 0xFF39, 0xFF39, 0xFF39, 0xFEF7, 0xFED6, 0xFED6, 0xFEF7, 0xFF18, 0xFF18, 0xFEF7,
  0xFEB5, 0xFED6, 0xFE95, 0xFE95, 0xFED6, 0xFEB6, 0xF695, 0xFEB6, 0xFED7, 0xF6D7, 0xFED7, 0xF6B6,
  0xF6B6, 0xF6D7, 0xF695, 0xF675, 0xF674, 0xF654, 0xF633, 0xF612, 0xF613, 0xF675, 0xF6D8, 0xF6D8,
  0xF6B7, 0xF655, 0xEE13, 0xEE13, 0xF613, 0xEDD1, 0xEDD2, 0xEDF3, 0xEE13, 0xEDF2, 0xED90, 0xEDB1,
  0xEDF3, 0xEDD3, 0xEDF3, 0xEDD2, 0xED91, 0xED70, 0xE54F, 0xE52E, 0xE54F, 0xE571, 0xE5F4, 0xE591,
  0xE571, 0xE5D3, 0xE591, 0xE550, 0xDD0E, 0xDCCD, 0xDCCD, 0xDCCD, 0xDD30, 0xE5B3, 0xDD0F, 0xDCEE,
  0xDCEE, 0xDCCE, 0xDC8C, 0xDCCE, 0xD510, 0xDD52, 0xDD52, 0xDCEF, 0xD46C, 0xD4EF, 0xDD31, 0xD4AE,
  0xD46D, 0xD510, 0xD511, 0xD46C, 0xD4AE, 0xCC2B, 0xD4AE, 0xCC4C, 0xCC4C, 0xD48E, 0xD48E, 0xD4CF,
  0xCC2C, 0xCC6D, 0xCC0B, 0xCC8E, 0xD573, 0xCC4C, 0xCCAF, 0xCCAF, 0xCC4D, 0xCC8E, 0xCC4C, 0xCBEA,
  0xCC0B, 0xCC8E, 0xCC4D, 0xD4D0, 0xCC8E, 0xCC2B, 0xCC2C, 0xCC2C, 0xCC4C, 0xCC6D, 0xCC2C, 0xCC0B,
  0xCC8E, 0xD593, 0xD4F0, 0xD4AE, 0xCC4C, 0xCCAE, 0xD48E, 0xCC4C, 0xD4CF, 0xD531, 0xD48D, 0xDD73,
  0xD552, 0xD4CE, 0xD4F0, 0xD510, 0xD4EF, 0xD4CE, 0xDD0F, 0xDD72, 0xE636, 0xDD30, 0xDD0F, 0xDD51,
  0xE5B3, 0xDD30, 0xDD30, 0xE5D3, 0xE550, 0xE5D3, 0xE615, 0xE5D2, 0xE591, 0xE5F3, 0xEE97, 0xEE14,
  0xEE55, 0xEE97, 0xEE55, 0xEEB7, 0xEE34, 0xEEF9, 0xF6F9, 0xF655, 0xF654, 0xF6B7, 0xF6D7, 0xF6B7,
  0xF6B7, 0xF6F7, 0xF6F8, 0xF719, 0xF6F7, 0xF6F8, 0xF6F7, 0xFEF8, 0xFF18, 0xFF18, 0xFEF8, 0xFEF7,
  0xFF39, 0xFEF7, 0xFEF7, 0xFF5A, 0xFF18, 0xFED6, 0xFF39, 0xFF39, 0xFF18, 0xFF18, 0xFF38, 0xFF18,
  0xFF9A, 0xFF9B, 0xFF9A, 0xFF9A, 0xFF9B, 0xFF9B, 0xFF9A, 0xFF9A, 0xFF9B, 0xFF9B, 0xFF9A, 0xFF7A,
  0xFF9A, 0xFF9A, 0xFF9A, 0xFF7A, 0xFF7A, 0xFF7A, 0xFF9B, 0xFF9A, 0xFF9B, 0xFF9B, 0xFF9A, 0xFF7A,
  0xFF7A, 0xFF7A, 0xFF7A, 0xFF59, 0xFF59, 0xFF7A, 0xFF7B, 0xFF7A, 0xFF7A, 0xFF7A, 0xFF7A, 0xFF59,
  0xFF38, 0xFF38, 0xFF38, 0xFF38, 0xFF59, 0xFF39, 0xFF39, 0xFF38, 0xFEF7, 0xFEF7, 0xFEF7, 0xFF18,
  0xFF38, 0xFF18, 0xFEF7, 0xFEF7, 0xFF18, 0xFF18, 0xFEF7, 0xFEF7, 0xFED6, 0xFED6, 0xFED6, 0xFEB6,
  0xFED6, 0xFEB6, 0xFED6, 0xFED7, 0xFEB6, 0xFEB6, 0xFED7, 0xFED7, 0xF6B6, 0xF695, 0xF675, 0xF675,
  0xF674, 0xF654, 0xF675, 0xF675, 0xF674, 0xF633, 0xF634, 0xF696, 0xF6D8, 0xF6B7, 0xF696, 0xF696,
  0xF675, 0xF654, 0xF613, 0xF5F2, 0xF5D1, 0xEE13, 0xEE13, 0xEE34, 0xEE13, 0xEDB1, 0xEE34, 0xEE55,
  0xEE34, 0xEDF3, 0xEDD2, 0xED91, 0xED6F, 0xED4F, 0xED91, 0xEDB2, 0xEE35, 0xEE35, 0xE5D3, 0xE571,
  0xE571, 0xE571, 0xE52F, 0xE50E, 0xDD0E, 0xE550, 0xE550, 0xDD0F, 0xDD0F, 0xDD30, 0xDD92, 0xDD0F,
  0xDD0F, 0xDCAD, 0xDCCE, 0xD4CE, 0xDD93, 0xDDB3, 0xDCEF, 0xD48D, 0xD4CE, 0xDD72, 0xD4CF, 0xD4CF,
  0xD48D, 0xD4EF, 0xD4CE, 0xD46C, 0xD44B, 0xD44C, 0xD46D, 0xD46D, 0xD531, 0xD531, 0xD48D, 0xCC4C,
  0xD48D, 0xCC4C, 0xCC6D, 0xD552, 0xCCAF, 0xCC6D, 0xD531, 0xCC6E, 0xCC4C, 0xCC2C, 0xCC0B, 0xCC6D,
  0xD4AF, 0xCC4C, 0xD4AF, 0xCCAF, 0xCC4C, 0xCC2B, 0xCC6D, 0xCC4C, 0xCC4C, 0xD46D, 0xCC2B, 0xCC6D,
  0xDDD5, 0xD531, 0xD4AE, 0xD48D, 0xCC6D, 0xD4F0, 0xD48D, 0xCC4C, 0xD4CF, 0xD48D, 0xD511, 0xDDD4,
  0xD510, 0xD4AE, 0xD510, 0xDD10, 0xD4AD, 0xE5D4, 0xD4EF, 0xDDF4, 0xDDD3, 0xDD50, 0xDD0F, 0xDD71,
  0xDD92, 0xDD2F, 0xE5D4, 0xE5B2, 0xE570, 0xEE77, 0xE635, 0xE5D2, 0xE591, 0xEE14, 0xEE56, 0xEE34,
  0xEE35, 0xEE13, 0xF6F9, 0xEE55, 0xEE54, 0xF719, 0xEE75, 0xF696, 0xF695, 0xF6F9, 0xF6F8, 0xF696,
  0xF6F8, 0xF6D7, 0xF719, 0xF739, 0xFF19, 0xF73A, 0xFEF7, 0xFEF7, 0xF739, 0xFF18, 0xFEF7, 0xFF39,
  0xFF18, 0xFEF7, 0xFF18, 0xFF5B, 0xFEF7, 0xFEF7, 0xFF59, 0xFF18, 0xFF18, 0xFF18, 0xFF18, 0xFF17,
  0xFF9A, 0xFF9A, 0xFF9A, 0xFF9A, 0xFF9B, 0xFF9A, 0xFF9A, 0xFF9A, 0xFF9B, 0xFF9B, 0xFF9A, 0xFF7A,
  0xFF7A, 0xFF9A, 0xFF9B, 0xFF9B, 0xFF9A, 0xFF7A, 0xFF7A, 0xFF9A, 0xFF7A, 0xFF9A, 0xFF9A, 0xFF7A,
  0xFF7A, 0xFF7A, 0xFF7A, 0xFF7A, 0xFF79, 0xFF59, 0xFF79, 0xFF7A, 0xFF7A, 0xFF7A, 0xFF7A, 0xFF7A,
  0xFF59, 0xFF59, 0xFF59, 0xFF38, 0xFF18, 0xFF39, 0xFF59, 0xFF39, 0xFF39, 0xFF17, 0xFEF7, 0xFEF7,
  0xFF39, 0xFF59, 0xFF38, 0xFF18, 0xFEF7, 0xFEF7, 0xFF18, 0xFF39, 0xFF39, 0xFF18, 0xFED6, 0xFEB5,
  0xFEB5, 0xFEB5, 0xFEB6, 0xFEB5, 0xFED6, 0xFF18, 0xFEF8, 0xF6F8, 0xFF19, 0xFED7, 0xFED7, 0xFEB6,
  0xF695, 0xF675, 0xF695, 0xF674, 0xF633, 0xF674, 0xF6D7, 0xF696, 0xF696, 0xF696, 0xF6B6, 0xF675,
  0xF613, 0xF612, 0xF612, 0xEE12, 0xF676, 0xF676, 0xEE55, 0xEE34, 0xEDD2, 0xEE34, 0xEE55, 0xEE14,
  0xEE13, 0xEDD2, 0xED90, 0xED90, 0xEDB2, 0xEE55, 0xEDF3, 0xE5B2, 0xEE14, 0xE5D3, 0xE5B2, 0xE591,
  0xE571, 0xE52F, 0xE50E, 0xE550, 0xE5D3, 0xE571, 0xE50F, 0xDCEE, 0xE592, 0xE5D4, 0xDD51, 0xDD0F,
  0xDCCD, 0xDD93, 0xE5B3, 0xDD51, 0xDD92, 0xDCEE, 0xDCAD, 0xD4AD, 0xDD93, 0xD530, 0xDD10, 0xDCEF,
  0xD4AD, 0xDCEF, 0xD48D, 0xD46C, 0xD46C, 0xD4EF, 0xD46D, 0xD510, 0xDD72, 0xD48D, 0xD46D, 0xCC2B,
  0xCC2B, 0xD48E, 0xD573, 0xD4F0, 0xD48D, 0xCC4C, 0xCC6D, 0xCC4D, 0xCC0B, 0xCC2C, 0xD510, 0xD4AF,
  0xCC4C, 0xCC2C, 0xCC8E, 0xD4CF, 0xCC2C, 0xCC4C, 0xCC2B, 0xCC6D, 0xCC2B, 0xCC2C, 0xCC2B, 0xD4F0,
  0xD4F0, 0xD510, 0xD4AE, 0xD46C, 0xD4F0, 0xD4CF, 0xD46C, 0xD46C, 0xD4CE, 0xD4CE, 0xE657, 0xD531,
  0xD4EF, 0xD4CE, 0xDCEF, 0xD4AD, 0xDD30, 0xDD92, 0xDD0F, 0xE5F4, 0xDD50, 0xDD50, 0xDD2F, 0xDD51,
  0xE571, 0xE571, 0xE615, 0xE5B2, 0xE591, 0xEE77, 0xEE14, 0xEDD2, 0xE5B1, 0xEE55, 0xEE55, 0xEE55,
  0xEE13, 0xEE55, 0xEEB7, 0xEE96, 0xEE54, 0xEE96, 0xF696, 0xF6B6, 0xF6B7, 0xF6D7, 0xF6D7, 0xF6B6,
  0xF6B6, 0xF6F8, 0xF719, 0xF6F8, 0xF739, 0xFF5A, 0xFED6, 0xFED7, 0xFF18, 0xFF18, 0xFF39, 0xFEF7,
  0xFF18, 0xFEF7, 0xFF39, 0xFF39, 0xFED6, 0xFF5A, 0xFF59, 0xFEF7, 0xFEF7, 0xFF18, 0xFEF7, 0xFF18,
  0xFF9A, 0xFF9A, 0xFF9A, 0xFF9A, 0xFF9A, 0xFF9B, 0xFF9B, 0xFF9A, 0xFF9B, 0xFF9A, 0xFF9A, 0xFF7A,
  0xFF7A, 0xFF9A, 0xFF9B, 0xFF9A, 0xFF9A, 0xFF9A, 0xFF79, 0xFF79, 0xFF7A, 0xFF7A, 0xFF7A, 0xFF7A,
  0xFF7A, 0xFF7A, 0xFF7A, 0xFF7A, 0xFF79, 0xFF59, 0xFF58, 0xFF59, 0xFF59, 0xFF7A, 0xFF7A, 0xFF79,
  0xFF59, 0xFF59, 0xFF7A, 0xFF5A, 0xFF39, 0xFF18, 0xFF38, 0xFF39, 0xFF39, 0xFF39, 0xFF39, 0xFF18,
  0xFEF7, 0xFF18, 0xFF39, 0xFF38, 0xFF18, 0xFF18, 0xFF18, 0xFEF7, 0xFF18, 0xFF39, 0xFF18, 0xFF18,
  0xFEF7, 0xFEB6, 0xFEB5, 0xFEB5, 0xFEB5, 0xFEB5, 0xFEB6, 0xFED7, 0xF6B6, 0xFE95, 0xF674, 0xF674,
  0xF674, 0xF675, 0xF674, 0xF675, 0xF695, 0xF696, 0xF696, 0xF675, 0xF675, 0xF655, 0xF696, 0xF675,
  0xF613, 0xF676, 0xF6B7, 0xF697, 0xF6B7, 0xF696, 0xF655, 0xEDF3, 0xEE34, 0xF696, 0xEE14, 0xEE13,
  0xEDD2, 0xEDD2, 0xEDB1, 0xEDF3, 0xEDF3, 0xEDF3, 0xED91, 0xEDD3, 0xE5B2, 0xEDB1, 0xE591, 0xE570,
  0xE52F, 0xE50E, 0xE592, 0xE5F4, 0xE591, 0xE550, 0xE550, 0xE5F4, 0xE593, 0xE551, 0xE52F, 0xDCCD,
  0xE5B3, 0xE5F5, 0xE5B3, 0xDD0F, 0xDD0F, 0xDCCD, 0xDCAD, 0xDD92, 0xDCEF, 0xDD30, 0xD4CE, 0xD48D,
  0xDCAE, 0xD4AE, 0xD46C, 0xD44C, 0xDD10, 0xD4CE, 0xD46D, 0xD510, 0xD4AE, 0xD48D, 0xD44C, 0xD46C,
  0xD531, 0xD510, 0xDDB4, 0xD4CF, 0xD48E, 0xD48D, 0xD48E, 0xCC4C, 0xCC6D, 0xD573, 0xD510, 0xD48D,
  0xD48D, 0xD44C, 0xD48E, 0xD48E, 0xD48E, 0xD42B, 0xD46D, 0xD4AE, 0xD44C, 0xD48D, 0xD48D, 0xD552,
  0xD531, 0xD4EF, 0xD48D, 0xD46D, 0xD4CF, 0xD46D, 0xD46C, 0xD4F0, 0xD4CF, 0xD530, 0xDD93, 0xDD10,
  0xD4CE, 0xDCCE, 0xDCCE, 0xDCEE, 0xE5D4, 0xDD92, 0xDD0F, 0xDD50, 0xDD71, 0xDD50, 0xDD2F, 0xE5B3,
  0xE592, 0xE5B3, 0xE5D3, 0xE591, 0xE5F3, 0xEE76, 0xE5D2, 0xEE13, 0xEE14, 0xEE76, 0xF6B8, 0xEE13,
  0xEE33, 0xF6D8, 0xF6B7, 0xF696, 0xEE34, 0xF6B7, 0xF6B7, 0xF6B6, 0xF6D7, 0xF739, 0xF6D7, 0xF6B6,
  0xF6D7, 0xF719, 0xF6D7, 0xFF3A, 0xFF39, 0xFF18, 0xFED6, 0xFEF8, 0xFF39, 0xFF39, 0xFEF7, 0xFF18,
  0xFEF7, 0xFF18, 0xFF18, 0xFEF7, 0xFF18, 0xFF5A, 0xFF18, 0xFED6, 0xFF18, 0xFF18, 0xFEF7, 0xFF18,
  0xFF9A, 0xFF9A, 0xFF9A, 0xFF9A, 0xFF9B, 0xFF9A, 0xFF9A, 0xFF9A, 0xFF9A, 0xFF7A, 0xFF9A, 0xFF7A,
  0xFF7A, 0xFF7A, 0xFF9A, 0xFF9A, 0xFF9B, 0xFF9B, 0xFF9B, 0xFF7A, 0xFF79, 0xFF79, 0xFF79, 0xFF79,
  0xFF7A, 0xFF9A, 0xFF7A, 0xFF7A, 0xFF7A, 0xFF7A, 0xFF59, 0xFF59, 0xFF59, 0xFF59, 0xFF59, 0xFF59,
  0xFF39, 0xFF38, 0xFF59, 0xFF7A, 0xFF7A, 0xFF59, 0xFF59, 0xFF38, 0xFF38, 0xFF39, 0xFF39, 0xFF59,
  0xFF38, 0xFF17, 0xFEF7, 0xFF18, 0xFF38, 0xFF18, 0xFEF7, 0xFED6, 0xFED6, 0xFED6, 0xFF18, 0xFEF8,
  0xFF18, 0xFF18, 0xFED7, 0xFED6, 0xFEB6, 0xFE95, 0xFE95, 0xFE95, 0xFE95, 0xFE94, 0xF695, 0xF6B6,
  0xFED7, 0xF6D7, 0xF695, 0xF653, 0xF674, 0xF654, 0xF674, 0xF654, 0xF633, 0xF633, 0xF633, 0xF633,
  0xF654, 0xF696, 0xF696, 0xF675, 0xF634, 0xF613, 0xEDF2, 0xF634, 0xF676, 0xEE13, 0xEDF3, 0xEDD2,
  0xEDF2, 0xEDD2, 0xEDF3, 0xEDF3, 0xED91, 0xED91, 0xED91, 0xEDD3, 0xEDD2, 0xED70, 0xED70, 0xE54F,
  0xE550, 0xEE14, 0xE5B2, 0xE570, 0xE550, 0xE571, 0xE571, 0xE5B2, 0xE570, 0xE50F, 0xDCEE, 0xE592,
  0xE5D4, 0xDD72, 0xDD0F, 0xDCEE, 0xDCCD, 0xDCCD, 0xE592, 0xDD51, 0xDCEF, 0xDCEF, 0xDCAD, 0xDCAD,
  0xD4CE, 0xD4AD, 0xD44C, 0xD4EF, 0xDD10, 0xD4AD, 0xD48D, 0xDD51, 0xD4CF, 0xD46D, 0xD44C, 0xDD52,
  0xDD51, 0xD4CF, 0xD4CF, 0xD48E, 0xD46D, 0xD48D, 0xD46C, 0xCC2B, 0xD511, 0xD510, 0xD4AE, 0xD4AE,
  0xD46D, 0xD44C, 0xD48E, 0xD511, 0xD48D, 0xCC4C, 0xD4EF, 0xD46D, 0xD44C, 0xDD31, 0xD4CF, 0xD551,
  0xD4EF, 0xD4AE, 0xD4AE, 0xD4AE, 0xD48D, 0xD46C, 0xD4AD, 0xD510, 0xDD30, 0xDD31, 0xDD72, 0xDD10,
  0xDCEF, 0xD4AD, 0xDD30, 0xDD50, 0xE5F4, 0xDD2F, 0xDD30, 0xDD50, 0xE5B3, 0xE571, 0xE550, 0xE5B2,
  0xE5F4, 0xE635, 0xE5B2, 0xE570, 0xEE14, 0xE5F3, 0xEE55, 0xEDF3, 0xEE55, 0xEE76, 0xEE55, 0xEE13,
  0xEE34, 0xEE96, 0xF6D8, 0xEE75, 0xF696, 0xF73A, 0xF6B6, 0xF6F8, 0xF6D7, 0xF6F8, 0xF6B6, 0xF6B6,
  0xF6F8, 0xFF39, 0xFEF8, 0xF73A, 0xFF19, 0xFED6, 0xFED6, 0xF718, 0xFF7B, 0xFEF7, 0xFF18, 0xFF39,
  0xFF18, 0xFF18, 0xFEF7, 0xFEF7, 0xFEF7, 0xFF39, 0xFF39, 0xFF17, 0xFF38, 0xFEF7, 0xFF17, 0xFF17,
  0xFF9B, 0xFF9A, 0xFF9A, 0xFF9A, 0xFF9A, 0xFF9A, 0xFF9A, 0xFF9A, 0xFF9A, 0xFF7A, 0xFF9A, 0xFF9A,
  0xFF9A, 0xFF7A, 0xFF7A, 0xFF9B, 0xFF9B, 0xFF9B, 0xFF9B, 0xFF9A, 0xFF7A, 0xFF9A, 0xFF7A, 0xFF79,
  0xFF7A, 0xFF7A, 0xFF7A, 0xFF7A, 0xFF9A, 0xFF9B, 0xFF7A, 0xFF79, 0xFF59, 0xFF58, 0xFF59, 0xFF59,
  0xFF59, 0xFF59, 0xFF38, 0xFF59, 0xFF5A, 0xFF7A, 0xFF7A, 0xFF59, 0xFF17, 0xFF17, 0xFF38, 0xFF38,
  0xFF18, 0xFF38, 0xFF17, 0xFEF6, 0xFEF6, 0xFEF7, 0xFEF7, 0xFEF7, 0xFF18, 0xFEF7, 0xFEF7, 0xFED6,
  0xFEF7, 0xFEF7, 0xFF19, 0xFF18, 0xFEF7, 0xFF18, 0xFEF7, 0xFEB6, 0xFE95, 0xFED6, 0xFEF8, 0xFF39,
  0xF6D7, 0xFEB6, 0xF695, 0xF6B6, 0xF6F8, 0xF6F8, 0xF6B6, 0xF6B6, 0xF654, 0xF654, 0xF633, 0xF633,
  0xF675, 0xF675, 0xF675, 0xF613, 0xF654, 0xF655, 0xF675, 0xF655, 0xEDF2, 0xF5D1, 0xEDD1, 0xEDF2,
  0xEDD1, 0xEDD2, 0xEE13, 0xEDF2, 0xEDD2, 0xEDB1, 0xEE35, 0xEDF3, 0xED70, 0xED70, 0xE570, 0xEDD3,
  0xEE35, 0xE5D3, 0xEE14, 0xE591, 0xE550, 0xE5D3, 0xE571, 0xE571, 0xE52F, 0xE52F, 0xE592, 0xDD30,
  0xDD0F, 0xDD30, 0xDCEE, 0xDCCD, 0xDCEE, 0xE592, 0xDD30, 0xDCEE, 0xDCEE, 0xDCEE, 0xDCCE, 0xDD0F,
  0xDCAD, 0xD48D, 0xDD10, 0xDDD4, 0xD4EF, 0xD4AE, 0xD4AD, 0xD4CE, 0xD4AD, 0xD46C, 0xD4EF, 0xD552,
  0xDD31, 0xD4CE, 0xD4EF, 0xD4AE, 0xD46C, 0xD46C, 0xCC6C, 0xDD51, 0xD4EF, 0xD4EF, 0xDD51, 0xD4CF,
  0xD46C, 0xD46C, 0xD511, 0xD4CF, 0xD46C, 0xD46C, 0xD48D, 0xD44C, 0xD4CF, 0xDD31, 0xD4AD, 0xD510,
  0xD510, 0xDCF0, 0xD4EF, 0xD4AE, 0xD48D, 0xD4AD, 0xD4EF, 0xDD92, 0xD4CE, 0xD4EF, 0xDD72, 0xDD10,
  0xDCCD, 0xDCEF, 0xDD51, 0xE5D4, 0xDDB2, 0xDD2F, 0xE570, 0xDD2F, 0xE5B2, 0xE591, 0xE550, 0xE615,
  0xE635, 0xE5D3, 0xE591, 0xE570, 0xE5D2, 0xEE76, 0xEE76, 0xEE34, 0xEE96, 0xEE76, 0xEE13, 0xEE13,
  0xEE54, 0xF6F9, 0xEE96, 0xF674, 0xF6D8, 0xF75B, 0xF6D7, 0xF696, 0xF6F8, 0xF719, 0xF695, 0xF6B6,
  0xF75A, 0xF739, 0xFEF8, 0xFF39, 0xFEF8, 0xFED6, 0xFED7, 0xFF5A, 0xFF7A, 0xFEF7, 0xFF5A, 0xFF18,
  0xFF39, 0xFEF7, 0xFEF7, 0xFF18, 0xFF59, 0xFF18, 0xFF39, 0xFEF7, 0xFF39, 0xFF18, 0xFEF7, 0xFF39,
  0xFF9B, 0xFF9A, 0xFF9A, 0xFF9A, 0xFF9B, 0xFF9A, 0xFF9A, 0xFF9A, 0xFF9A, 0xFF9A, 0xFF9A, 0xFF9B,
  0xFF9B, 0xFF9A, 0xFF7A, 0xFF9A, 0xFF9B, 0xFF9B, 0xFF9B, 0xFF9B, 0xFF7A, 0xFF9B, 0xFF7A, 0xFF79,
  0xFF7A, 0xFF7A, 0xFF79, 0xFF7A, 0xFF79, 0xFF7A, 0xFF59, 0xFF59, 0xFF7A, 0xFF7A, 0xFF7A, 0xFF7A,
  0xFF7A, 0xFF7B, 0xFF59, 0xFF38, 0xFF38, 0xFF59, 0xFF59, 0xFF7A, 0xFF5A, 0xFF38, 0xFEF7, 0xFEF6,
  0xFF17, 0xFF17, 0xFF17, 0xFF18, 0xFF17, 0xFF39, 0xFF18, 0xFF18, 0xFF39, 0xFF3A, 0xFF18, 0xFED6,
  0xFEF8, 0xFF39, 0xFF39, 0xFF18, 0xFEF7, 0xFED7, 0xFED6, 0xFEF7, 0xFEF8, 0xFED7, 0xFF19, 0xFEF7,
  0xF695, 0xF6B6, 0xFEF8, 0xFF19, 0xFF19, 0xFEF8, 0xF6D7, 0xF6B6, 0xF696, 0xF654, 0xF654, 0xF6B6,
  0xF696, 0xF674, 0xF675, 0xF6B6, 0xF654, 0xF634, 0xF654, 0xF613, 0xF5F1, 0xEDF2, 0xF696, 0xEE34,
  0xF676, 0xEE55, 0xEE14, 0xEDD2, 0xEDB1, 0xEDF3, 0xEDB1, 0xEDB1, 0xED6F, 0xED90, 0xEE35, 0xEDD2,
  0xEDB1, 0xE5B2, 0xE570, 0xE570, 0xE591, 0xE570, 0xE570, 0xE52F, 0xE550, 0xE635, 0xE592, 0xE550,
  0xE591, 0xDD0F, 0xDD0E, 0xDD0F, 0xE5F4, 0xDD71, 0xE550, 0xDD0F, 0xDCCD, 0xDCEE, 0xDCCE, 0xDCCE,
  0xD4AE, 0xDDB4, 0xDD93, 0xDD30, 0xDCCF, 0xD4AD, 0xDCEF, 0xD4CE, 0xD48D, 0xD4CF, 0xDD72, 0xDD93,
  0xDD10, 0xD4CF, 0xD4AE, 0xD46C, 0xD46C, 0xD46C, 0xDDD4, 0xD530, 0xD4AE, 0xDD93, 0xD510, 0xD4AE,
  0xD46C, 0xD4F0, 0xD511, 0xD48D, 0xD46D, 0xD46D, 0xD44C, 0xD4CF, 0xDD31, 0xD4CE, 0xD4EF, 0xDD93,
  0xDD31, 0xD4CF, 0xDCEF, 0xD4AD, 0xD48D, 0xD4AD, 0xDD72, 0xDD51, 0xDCEE, 0xDD30, 0xDD72, 0xDD0F,
  0xDCEE, 0xDD71, 0xDD2F, 0xE5D3, 0xDD71, 0xDD50, 0xDD2F, 0xE592, 0xE5D3, 0xE592, 0xE571, 0xE615,
  0xEE35, 0xE5B2, 0xE590, 0xE5B1, 0xEE35, 0xEED8, 0xEE55, 0xEE34, 0xEE96, 0xEE75, 0xEE13, 0xEE33,
  0xEEB7, 0xF6D8, 0xF695, 0xF654, 0xF6F8, 0xF6B6, 0xF6B6, 0xF6D7, 0xF6F8, 0xF6D7, 0xF674, 0xF719,
  0xF73A, 0xF718, 0xFF39, 0xFEF7, 0xFEF7, 0xFED6, 0xFF39, 0xFF3A, 0xFF18, 0xFF18, 0xFF7B, 0xFF18,
  0xFF39, 0xFEF7, 0xFEF7, 0xFF39, 0xFF39, 0xFF17, 0xFF17, 0xFF18, 0xFF59, 0xFEF6, 0xFEF7, 0xFF39,
  0xFF9A, 0xFF9A, 0xFF9A, 0xFF9A, 0xFF9B, 0xFF9A, 0xFF9A, 0xFF9A, 0xFF9B, 0xFF9A, 0xFF9A, 0xFF9B,
  0xFF9B, 0xFF9B, 0xFF9B, 0xFF9A, 0xFF9A, 0xFF9B, 0xFF9B, 0xFF9B, 0xFF9B, 0xFF9A, 0xFF9A, 0xFF7A,
  0xFF79, 0xFF7A, 0xFF79, 0xFF79, 0xFF59, 0xFF79, 0xFF7A, 0xFF7A, 0xFF59, 0xFF59, 0xFF59, 0xFF7A,
  0xFF7A, 0xFF7A, 0xFF59, 0xFF59, 0xFF38, 0xFF38, 0xFF38, 0xFF59, 0xFF39, 0xFF38, 0xFF18, 0xFF39,
  0xFF5A, 0xFF5A, 0xFF38, 0xFF39, 0xFF18, 0xFF18, 0xFF39, 0xFF39, 0xFF5A, 0xFF39, 0xFEF7, 0xFEF6,
  0xFEF7, 0xFF18, 0xFF18, 0xFF18, 0xFEF7, 0xFEF7, 0xFEF8, 0xFED6, 0xFEF7, 0xFED7, 0xFEB6, 0xFED6,
  0xFEB6, 0xFED7, 0xF6B6, 0xFED7, 0xF696, 0xF6D7, 0xF6F8, 0xF6D8, 0xF674, 0xF674, 0xF6D7, 0xF6D8,
  0xF6B7, 0xF654, 0xF654, 0xF633, 0xF612, 0xF633, 0xF634, 0xF634, 0xF613, 0xF654, 0xEE13, 0xEE13,
  0xF676, 0xEE13, 0xF634, 0xEDD1, 0xEDD2, 0xEDB1, 0xED90, 0xEDB1, 0xEE34, 0xEE14, 0xED91, 0xEDD2,
  0xEDF3, 0xEDD3, 0xED91, 0xE570, 0xE570, 0xE52F, 0xE52F, 0xE5B2, 0xE5B2, 0xE571, 0xE52F, 0xE52F,
  0xE52F, 0xE571, 0xE52F, 0xE571, 0xE592, 0xDD2F, 0xDD0E, 0xDCEE, 0xDD0F, 0xE551, 0xDCEE, 0xDCEF,
  0xE5F5, 0xDDB3, 0xDD10, 0xDCCE, 0xDCCE, 0xDCCE, 0xDCCE, 0xD4AD, 0xD4AD, 0xDD52, 0xDD30, 0xDD10,
  0xDD10, 0xD4AD, 0xD48D, 0xD4AD, 0xD46C, 0xDD52, 0xDDD4, 0xD4CF, 0xD4CE, 0xDD10, 0xD4CE, 0xD4AD,
  0xD48C, 0xD48D, 0xD48D, 0xDD0F, 0xD4AE, 0xDCCE, 0xD4CE, 0xDD30, 0xD4CE, 0xD4AE, 0xDD72, 0xDD51,
  0xDD51, 0xD4CE, 0xDCCE, 0xDCAD, 0xD4AD, 0xDD51, 0xDDD4, 0xDD30, 0xDD0F, 0xDD51, 0xDD51, 0xDCCE,
  0xDD92, 0xDD71, 0xDD2F, 0xE591, 0xDD51, 0xE570, 0xDD2F, 0xE615, 0xE591, 0xE591, 0xE5D3, 0xE614,
  0xE5B2, 0xE591, 0xEDF3, 0xEDF3, 0xEE35, 0xEED8, 0xEE55, 0xEE54, 0xEE34, 0xEE34, 0xEE76, 0xEE54,
  0xF73A, 0xF6B7, 0xF695, 0xF696, 0xF6D8, 0xF719, 0xF6B6, 0xF6F8, 0xF6F8, 0xF695, 0xF695, 0xF75A,
  0xFF3A, 0xFED7, 0xF6D7, 0xFED7, 0xFF18, 0xFEF7, 0xFF5B, 0xFF39, 0xFEF7, 0xFF5A, 0xFF18, 0xFEF7,
  0xFEF6, 0xFEF7, 0xFF39, 0xFF18, 0xFEF6, 0xFF18, 0xFF18, 0xFF39, 0xFF18, 0xFEB5, 0xFEF7, 0xFF17,
  0xFF9A, 0xFF9A, 0xFF9A, 0xFF9A, 0xFF9B, 0xFF9A, 0xFF9A, 0xFF9B, 0xFF9B, 0xFF9A, 0xFF7A, 0xFF7A,
  0xFF9A, 0xFF9B, 0xFF9B, 0xFF9A, 0xFF9A, 0xFF9A, 0xFF9A, 0xFF9B, 0xFF9B, 0xFF9B, 0xFF9B, 0xFF7A,
  0xFF7A, 0xFF7A, 0xFF79, 0xFF59, 0xFF79, 0xFF7A, 0xFF7A, 0xFF7A, 0xFF7A, 0xFF7A, 0xFF7A, 0xFF59,
  0xFF59, 0xFF59, 0xFF7A, 0xFF7A, 0xFF7A, 0xFF59, 0xFF38, 0xFF38, 0xFF59, 0xFF7A, 0xFF5A, 0xFF5A,
  0xFF5A, 0xFF39, 0xFF5A, 0xFF39, 0xFF5A, 0xFF18, 0xFEF7, 0xFF17, 0xFF18, 0xFF38, 0xFF18, 0xFF39,
  0xFEF6, 0xFED6, 0xFEF7, 0xFEF7, 0xFEF7, 0xFF18, 0xFF18, 0xFEF7, 0xFED6, 0xFEB5, 0xFED6, 0xFE95,
  0xFEB6, 0xFEB6, 0xFEB6, 0xF6B6, 0xF6B6, 0xF6B6, 0xF6D7, 0xF695, 0xF675, 0xFEF8, 0xF6D7, 0xF696,
  0xF654, 0xF675, 0xF675, 0xF6D8, 0xF696, 0xF675, 0xF634, 0xF634, 0xF633, 0xF5F2, 0xF613, 0xF613,
  0xEDF2, 0xEDD2, 0xF5F2, 0xEDD1, 0xEDB1, 0xEDD2, 0xEE13, 0xEE34, 0xEDD2, 0xED90, 0xEDF3, 0xEE14,
  0xEDD3, 0xEDB2, 0xEDB1, 0xED4F, 0xED50, 0xE570, 0xE591, 0xE5B2, 0xE571, 0xE571, 0xE571, 0xE52F,
  0xE571, 0xE50F, 0xE50E, 0xE550, 0xE571, 0xE530, 0xDD0F, 0xDD51, 0xE572, 0xDD0F, 0xDCEE, 0xDD92,
  0xDD93, 0xDD71, 0xDD0F, 0xDD10, 0xDCEF, 0xDCAE, 0xDCAD, 0xD4AD, 0xDD93, 0xDCEF, 0xDCCE, 0xDD10,
  0xDCEF, 0xD4AD, 0xDD10, 0xD4AD, 0xDD51, 0xDD72, 0xDD10, 0xDCEF, 0xD4AD, 0xD4EF, 0xDCEF, 0xD4AD,
  0xD48C, 0xD4CE, 0xDD10, 0xD4CE, 0xDD51, 0xD4AE, 0xDD30, 0xDD0F, 0xD4CE, 0xDCCE, 0xDD30, 0xDD0F,
  0xDD0F, 0xDCEF, 0xDCCE, 0xDCCE, 0xDCEF, 0xDD93, 0xDD72, 0xE5D4, 0xDD0F, 0xDD0F, 0xDCCE, 0xDD92,
  0xDD92, 0xDD50, 0xDD30, 0xE5B2, 0xE570, 0xE550, 0xE571, 0xEE35, 0xE570, 0xEE35, 0xE5D2, 0xEDF3,
  0xE591, 0xEE14, 0xEE76, 0xEDD2, 0xEE35, 0xEEB7, 0xEE54, 0xEE34, 0xEE34, 0xF6D8, 0xF6B7, 0xEE76,
  0xF6F9, 0xF696, 0xF675, 0xF6D8, 0xF73A, 0xF6F8, 0xF6D8, 0xF6B7, 0xF6D7, 0xF6B5, 0xFEF8, 0xFF7B,
  0xFEF8, 0xFEF7, 0xFED6, 0xFEF7, 0xFF18, 0xFF39, 0xFF39, 0xFEF7, 0xFF18, 0xFF39, 0xFF18, 0xFEF7,
  0xFEF7, 0xFF18, 0xFF5A, 0xFF18, 0xFEF7, 0xFF38, 0xFF18, 0xFF39, 0xFED6, 0xFEF6, 0xFF38, 0xFEF7,
  0xFF9B, 0xFF9A, 0xFF9A, 0xFF9B, 0xFF9A, 0xFF9A, 0xFF9A, 0xFF9B, 0xFF9B, 0xFF9B, 0xFF7A, 0xFF7A,
  0xFF9A, 0xFF9A, 0xFF9A, 0xFF9A, 0xFF9A, 0xFF9A, 0xFF9A, 0xFF9B, 0xFF9B, 0xFF9B, 0xFF9B, 0xFF9A,
  0xFF7A, 0xFF7A, 0xFF79, 0xFF79, 0xFF59, 0xFF79, 0xFF59, 0xFF7A, 0xFF7A, 0xFF7A, 0xFF59, 0xFF59,
  0xFF7A, 0xFF7A, 0xFF7A, 0xFF7A, 0xFF7A, 0xFF7A, 0xFF59, 0xFF59, 0xFF38, 0xFF38, 0xFF38, 0xFF38,
  0xFF39, 0xFF39, 0xFF7A, 0xFF59, 0xFF39, 0xFF39, 0xFF39, 0xFF18, 0xFF18, 0xFF18, 0xFF18, 0xFEF6,
  0xFED6, 0xFEF7, 0xFED6, 0xFEF6, 0xFED6, 0xFEB6, 0xFED6, 0xFED6, 0xFEF8, 0xFEF8, 0xFEB5, 0xFEB6,
  0xFEB6, 0xFE95, 0xFE95, 0xFEB6, 0xFEB6, 0xFE95, 0xF674, 0xF654, 0xF674, 0xF674, 0xF674, 0xF654,
  0xF6B6, 0xF6D8, 0xF6D8, 0xF6D7, 0xF675, 0xF633, 0xF5F2, 0xF5F1, 0xF612, 0xF633, 0xF634, 0xEE13,
  0xF613, 0xF633, 0xEDD1, 0xEDF2, 0xEE13, 0xEE55, 0xEE97, 0xEDF3, 0xEDF2, 0xEDB1, 0xEE14, 0xEDF3,
  0xEDD2, 0xED70, 0xED70, 0xEDB2, 0xE5B1, 0xE570, 0xE571, 0xEE35, 0xEDD3, 0xE570, 0xE52F, 0xE52F,
  0xE550, 0xE591, 0xE5D3, 0xE5D3, 0xE592, 0xE550, 0xE5B3, 0xE5D4, 0xE550, 0xE530, 0xE5D4, 0xDD71,
  0xDD71, 0xE571, 0xDD30, 0xDCEF, 0xDCCE, 0xDCAD, 0xDCCE, 0xDD71, 0xDD10, 0xDCEE, 0xDCCE, 0xDCEE,
  0xDCCE, 0xDD51, 0xDD10, 0xDD0F, 0xDD10, 0xDCEF, 0xDCEF, 0xDCCE, 0xDCCE, 0xDD0F, 0xD4AE, 0xDCAD,
  0xDCAD, 0xDCEF, 0xD4AD, 0xDD51, 0xD50F, 0xDCEF, 0xDCEF, 0xDCCE, 0xDCCE, 0xDCEF, 0xDD30, 0xDD30,
  0xDD0F, 0xDCEF, 0xDCEE, 0xDCEE, 0xDD71, 0xDDB3, 0xE5B3, 0xDD51, 0xDCEE, 0xDCEE, 0xDD30, 0xDD92,
  0xDD71, 0xDD50, 0xDD2F, 0xE592, 0xE571, 0xE5F3, 0xE5D3, 0xE570, 0xE5B2, 0xEE35, 0xEDD3, 0xEDB1,
  0xEE14, 0xEE76, 0xEE13, 0xEDF2, 0xEE76, 0xEE96, 0xEE54, 0xEE13, 0xF696, 0xF6F9, 0xF675, 0xF6D8,
  0xF6D7, 0xF6B7, 0xF674, 0xF719, 0xF73A, 0xF6D7, 0xF6B7, 0xF6D7, 0xF6B6, 0xF6B6, 0xF6F8, 0xF739,
  0xFEF8, 0xFED6, 0xFED7, 0xFF3A, 0xFF5A, 0xFF39, 0xFF18, 0xFF39, 0xFF18, 0xFF18, 0xFEF7, 0xFF38,
  0xFF18, 0xFF5A, 0xFF39, 0xFF18, 0xFEF7, 0xFEF7, 0xFF18, 0xFED6, 0xFED6, 0xFEF7, 0xFEF7, 0xFF17,
  0xFF9A, 0xFF9A, 0xFF9A, 0xFF9B, 0xFF9A, 0xFF9A, 0xFF9A, 0xFF9B, 0xFF9B, 0xFF9A, 0xFF9A, 0xFF9A,
  0xFF7A, 0xFF7A, 0xFF9A, 0xFF9A, 0xFF9A, 0xFF9B, 0xFF9A, 0xFF9A, 0xFF9A, 0xFF9A, 0xFF9A, 0xFF9A,
  0xFF9B, 0xFF7A, 0xFF7A, 0xFF7A, 0xFF59, 0xFF59, 0xFF59, 0xFF59, 0xFF58, 0xFF59, 0xFF59, 0xFF59,
  0xFF59, 0xFF7A, 0xFF7A, 0xFF7A, 0xFF7A, 0xFF7A, 0xFF7A, 0xFF59, 0xFF38, 0xFF59, 0xFF38, 0xFF17,
  0xFF18, 0xFF59, 0xFF39, 0xFF39, 0xFF59, 0xFF59, 0xFF59, 0xFF18, 0xFF18, 0xFF18, 0xFF17, 0xFF18,
  0xFF39, 0xFF18, 0xFF39, 0xFF18, 0xFEF7, 0xFEF8, 0xFF18, 0xFF18, 0xFEF8, 0xFF19, 0xFF18, 0xFF18,
  0xFF19, 0xFF18, 0xFED7, 0xFE95, 0xFE95, 0xFE53, 0xF653, 0xF696, 0xF675, 0xF674, 0xF695, 0xF696,
  0xF6B6, 0xF695, 0xF675, 0xF675, 0xF654, 0xF612, 0xF633, 0xF634, 0xF696, 0xF6B7, 0xF6B7, 0xF655,
  0xF634, 0xF5F2, 0xEE34, 0xF655, 0xEE34, 0xEE34, 0xEDF3, 0xEDD2, 0xEDF3, 0xEDB1, 0xEDD2, 0xEDB1,
  0xED90, 0xE590, 0xEDF3, 0xEE14, 0xE591, 0xEDF3, 0xEDF3, 0xE591, 0xE52F, 0xE52F, 0xE5B2, 0xE591,
  0xE5D3, 0xEE15, 0xE592, 0xE571, 0xE570, 0xE5B2, 0xE636, 0xE592, 0xE50F, 0xDD0F, 0xE615, 0xE571,
  0xE550, 0xDD0F, 0xDCEF, 0xE551, 0xDCCD, 0xDCCD, 0xDCEF, 0xDD0F, 0xDD0F, 0xDCCE, 0xE5B3, 0xDD0F,
  0xDD51, 0xDD51, 0xDD51, 0xDD30, 0xDCCE, 0xDCCE, 0xDCEE, 0xDCCE, 0xDCEE, 0xDD10, 0xDD0F, 0xDD0F,
  0xDCAD, 0xDCAD, 0xDD72, 0xDD10, 0xDD51, 0xDD0F, 0xDCCE, 0xDD0F, 0xDCCE, 0xDCEE, 0xDD71, 0xDD72,
  0xDD0F, 0xDCEE, 0xDCEE, 0xDD72, 0xDD72, 0xDDB3, 0xE5D3, 0xDD30, 0xDCEE, 0xDD0F, 0xDD71, 0xE592,
  0xDD50, 0xE52F, 0xE591, 0xE5B2, 0xE5B2, 0xE614, 0xE5B2, 0xE570, 0xEE35, 0xE5D2, 0xE5B1, 0xEE14,
  0xEED8, 0xEE34, 0xEE55, 0xEDF3, 0xF6B7, 0xEE34, 0xEE13, 0xEE76, 0xF6B7, 0xF6B7, 0xF654, 0xF6D8,
  0xF696, 0xF6B6, 0xF696, 0xF6F9, 0xF6F8, 0xF6D7, 0xF6D7, 0xF695, 0xF6D7, 0xF6D7, 0xF719, 0xFF39,
  0xFEF7, 0xFED6, 0xFF19, 0xFF7B, 0xFF39, 0xFF39, 0xFF18, 0xFF39, 0xFEF7, 0xFEF7, 0xFF39, 0xFF39,
  0xFF38, 0xFF5A, 0xFF39, 0xFF38, 0xFEF7, 0xFF38, 0xFF38, 0xFED6, 0xFEF6, 0xFEF7, 0xFEF7, 0xFF18,
  0xFF9A, 0xFF9A, 0xFF9A, 0xFF9B, 0xFF9B, 0xFF9A, 0xFF9A, 0xFF7A, 0xFF9A, 0xFF9A, 0xFF9B, 0xFF9B,
  0xFF9A, 0xFF7A, 0xFF9A, 0xFF7A, 0xFF7A, 0xFF9A, 0xFF9B, 0xFF7A, 0xFF7A, 0xFF7A, 0xFF7A, 0xFF9A,
  0xFF7A, 0xFF9A, 0xFF9B, 0xFF7A, 0xFF7A, 0xFF79, 0xFF59, 0xFF79, 0xFF79, 0xFF59, 0xFF7A, 0xFF7A,
  0xFF7A, 0xFF7A, 0xFF59, 0xFF38, 0xFF38, 0xFF38, 0xFF38, 0xFF38, 0xFF38, 0xFF38, 0xFF38, 0xFF39,
  0xFF38, 0xFF17, 0xFF17, 0xFEF7, 0xFF17, 0xFF18, 0xFF17, 0xFF38, 0xFF17, 0xFEF7, 0xFF18, 0xFF39,
  0xFF3A, 0xFF5A, 0xFF7B, 0xFF5A, 0xFF18, 0xFF18, 0xFEF8, 0xFF18, 0xFED6, 0xFED7, 0xFEF7, 0xFF19,
  0xFF18, 0xFEF7, 0xFEB6, 0xFE95, 0xFE74, 0xFEB6, 0xFEF8, 0xF6F8, 0xFEF7, 0xF6B7, 0xF6B6, 0xF696,
  0xF654, 0xF654, 0xF654, 0xF653, 0xF613, 0xF696, 0xF6D8, 0xF675, 0xF6B7, 0xF696, 0xF655, 0xF633,
  0xF613, 0xEE13, 0xF6B7, 0xEE13, 0xEE13, 0xEE34, 0xEE34, 0xEE34, 0xEDB1, 0xEDB1, 0xEDD2, 0xED90,
  0xEDB2, 0xEE76, 0xEDD2, 0xEDB2, 0xEE34, 0xEDD2, 0xE570, 0xE54F, 0xE570, 0xEE35, 0xEE15, 0xE591,
  0xE5B3, 0xEDD3, 0xE571, 0xE54F, 0xE571, 0xEE15, 0xE571, 0xE550, 0xE52F, 0xE550, 0xE551, 0xDD0F,
  0xE52F, 0xDCEE, 0xDD0F, 0xDCEE, 0xDCAD, 0xDCEE, 0xDD30, 0xDD71, 0xDCEE, 0xDD50, 0xDD0F, 0xDD72,
  0xDD50, 0xDD0F, 0xDD0F, 0xDD0F, 0xDD30, 0xDD30, 0xDCCE, 0xDCCE, 0xDD92, 0xDD51, 0xDD30, 0xDCEF,
  0xDCAD, 0xDD30, 0xDD0F, 0xDD72, 0xE5D4, 0xDCEF, 0xDCCE, 0xDCEE, 0xDD30, 0xDD0F, 0xE5B3, 0xDD30,
  0xDD0E, 0xDCEE, 0xE5D3, 0xDD92, 0xE5B3, 0xE5D4, 0xDD92, 0xDD30, 0xDCEE, 0xDD71, 0xE615, 0xDD50,
  0xDD2F, 0xDD2F, 0xE5D3, 0xE5F4, 0xE5D3, 0xE5F4, 0xE570, 0xE5D2, 0xE5B2, 0xEDF3, 0xEE55, 0xEE34,
  0xEE76, 0xEE35, 0xEE97, 0xEE13, 0xEE34, 0xEE12, 0xEE96, 0xF6D8, 0xF6D8, 0xF675, 0xF654, 0xF6D8,
  0xF6B6, 0xF6B6, 0xF6D7, 0xF719, 0xF6D7, 0xF6F7, 0xF6B5, 0xF6B6, 0xF719, 0xF739, 0xFF39, 0xFEF7,
  0xFED6, 0xF6F8, 0xFF5A, 0xFF5B, 0xFEF7, 0xFF18, 0xFF39, 0xFF18, 0xFEF7, 0xFEF7, 0xFF5A, 0xFF39,
  0xFF38, 0xFF59, 0xFF18, 0xFF17, 0xFF18, 0xFF18, 0xFEF7, 0xFED6, 0xFED6, 0xFEF6, 0xFF17, 0xFF18,
  0xFF9B, 0xFF9A, 0xFF9A, 0xFF9B, 0xFFBB, 0xFF9B, 0xFF9A, 0xFF9A, 0xFF9A, 0xFF7A, 0xFF9A, 0xFF9B,
  0xFF9A, 0xFF9A, 0xFF9A, 0xFF9A, 0xFF7A, 0xFF9A, 0xFF9A, 0xFF7A, 0xFF7A, 0xFF59, 0xFF7A, 0xFF9B,
  0xFF9A, 0xFF7A, 0xFF9B, 0xFF9A, 0xFF7A, 0xFF7A, 0xFF7A, 0xFF7A, 0xFF9B, 0xFF9B, 0xFF7A, 0xFF7A,
  0xFF7A, 0xFF9B, 0xFF9B, 0xFF7A, 0xFF59, 0xFF59, 0xFF59, 0xFF7A, 0xFF5A, 0xFF7A, 0xFF7A, 0xFF7B,
  0xFF39, 0xFF59, 0xFF38, 0xFF18, 0xFF59, 0xFF38, 0xFF17, 0xFEF6, 0xFEF7, 0xFF17, 0xFEF7, 0xFEF7,
  0xFF17, 0xFF17, 0xFF18, 0xFF18, 0xFF38, 0xFEF7, 0xFEF7, 0xFEF7, 0xFED6, 0xFED6, 0xFED6, 0xFEB6,
  0xFED6, 0xFED6, 0xFEB5, 0xFE94, 0xFED7, 0xFF18, 0xFEF8, 0xF6D7, 0xFED7, 0xFEB6, 0xF6B6, 0xF695,
  0xF6B7, 0xF6D7, 0xF695, 0xF633, 0xF696, 0xF6D7, 0xF696, 0xF675, 0xF675, 0xF675, 0xF613, 0xF612,
  0xEE13, 0xF675, 0xEE13, 0xF613, 0xF655, 0xEE34, 0xEE13, 0xEDD2, 0xEDB1, 0xEDB1, 0xEDB1, 0xEE14,
  0xEE55, 0xEE14, 0xEDB1, 0xEE35, 0xEDB1, 0xED91, 0xED90, 0xEDD3, 0xEE35, 0xEE77, 0xE5B2, 0xE5B2,
  0xEDF4, 0xE571, 0xE550, 0xE52F, 0xE5B2, 0xE592, 0xE5D3, 0xE550, 0xE52F, 0xE571, 0xE591, 0xE52F,
  0xE50E, 0xE550, 0xE50F, 0xDCEE, 0xDD2F, 0xDD92, 0xE5F4, 0xDD0F, 0xE530, 0xDD2F, 0xDD51, 0xDD71,
  0xDCEE, 0xDD0F, 0xE5B3, 0xE5B3, 0xDD51, 0xDCEF, 0xDCAD, 0xDD72, 0xDDB3, 0xDD0F, 0xDD30, 0xDCEF,
  0xDCCE, 0xDD0F, 0xE592, 0xE5B3, 0xDD30, 0xDCCE, 0xDCCE, 0xDD72, 0xDCEF, 0xDD30, 0xDD71, 0xDD2F,
  0xDD0F, 0xDD50, 0xE5F4, 0xDD2F, 0xE5B3, 0xE592, 0xDD50, 0xDD0F, 0xDD0F, 0xE615, 0xE591, 0xE550,
  0xE550, 0xE571, 0xE677, 0xE5D3, 0xE5B2, 0xE5F3, 0xE570, 0xEDD2, 0xEE14, 0xEE34, 0xEEB8, 0xEE55,
  0xEE76, 0xEE96, 0xEE76, 0xEDF2, 0xEE12, 0xEE55, 0xF6D8, 0xF6F9, 0xF6B6, 0xF674, 0xF696, 0xF6D7,
  0xF6B6, 0xF6B6, 0xF6D7, 0xF6F8, 0xF6D6, 0xF6B6, 0xF6B5, 0xF719, 0xFF3A, 0xF6F7, 0xFEF7, 0xFEF7,
  0xFEF7, 0xFF3A, 0xFF39, 0xFF39, 0xFEF6, 0xFF5A, 0xFF39, 0xFF18, 0xFEF6, 0xFF39, 0xFF39, 0xFF17,
  0xFF18, 0xFF18, 0xFF17, 0xFEF7, 0xFF5A, 0xFF39, 0xFEF6, 0xFEF6, 0xFED6, 0xFF18, 0xFF18, 0xFEF7,
  0xFF9B, 0xFF9A, 0xFF9A, 0xFF9B, 0xFFBB, 0xFFBB, 0xFF9B, 0xFF9A, 0xFF9A, 0xFF9A, 0xFF9A, 0xFF9B,
  0xFF9A, 0xFF7A, 0xFF9A, 0xFF9B, 0xFF7A, 0xFF7A, 0xFF7A, 0xFF9A, 0xFF7A, 0xFF79, 0xFF79, 0xFF9A,
  0xFF9A, 0xFF7A, 0xFF7A, 0xFF7A, 0xFF9A, 0xFF7A, 0xFF7A, 0xFF7A, 0xFF7A, 0xFF9A, 0xFF9A, 0xFF7A,
  0xFF7A, 0xFF59, 0xFF7A, 0xFF7B, 0xFF7A, 0xFF59, 0xFF38, 0xFF59, 0xFF7A, 0xFF59, 0xFF7A, 0xFF7B,
  0xFF5A, 0xFF38, 0xFF39, 0xFF59, 0xFF39, 0xFF38, 0xFF39, 0xFF59, 0xFF59, 0xFF39, 0xFF18, 0xFEF7,
  0xFEF7, 0xFEF7, 0xFF17, 0xFEF7, 0xFF18, 0xFF18, 0xFF18, 0xFF39, 0xFEF7, 0xFEF7, 0xFED6, 0xFED6,
  0xFED6, 0xFE95, 0xFEB5, 0xFEF7, 0xFEF7, 0xFEB6, 0xF695, 0xFEB6, 0xF695, 0xF695, 0xF696, 0xFF39,
  0xF6F8, 0xF6B6, 0xF654, 0xF695, 0xF6F8, 0xF695, 0xF675, 0xF654, 0xF675, 0xF654, 0xF613, 0xF5D1,
  0xF655, 0xF613, 0xF5F2, 0xF613, 0xEDF2, 0xEDD2, 0xEDF2, 0xEDD2, 0xEDB1, 0xEDF3, 0xEE55, 0xEE76,
  0xEDF2, 0xEDD2, 0xEDF2, 0xEDD2, 0xED91, 0xED90, 0xEDF3, 0xEE76, 0xEE77, 0xEDF3, 0xEDB2, 0xE5B2,
  0xEDF3, 0xEDB2, 0xE54F, 0xE5B2, 0xEE56, 0xE5F3, 0xE550, 0xE54F, 0xE52F, 0xE591, 0xE52F, 0xE550,
  0xE592, 0xE52F, 0xDD0F, 0xE5F4, 0xDD50, 0xE592, 0xE571, 0xE571, 0xDD0F, 0xDD30, 0xE5B3, 0xDD0F,
  0xDD0F, 0xDD51, 0xDD71, 0xDD50, 0xDCEE, 0xDCCD, 0xDD51, 0xE5B3, 0xDD0F, 0xDD0F, 0xDD2F, 0xDD0F,
  0xDD0F, 0xE5B2, 0xDD50, 0xDD30, 0xDCEE, 0xDCCE, 0xE5B2, 0xDD51, 0xDD30, 0xDD0F, 0xDD51, 0xDCEE,
  0xE5D4, 0xE5B2, 0xDD50, 0xDD2F, 0xE5B3, 0xE571, 0xE550, 0xDD0F, 0xDD51, 0xE5D3, 0xE591, 0xE550,
  0xE54F, 0xE614, 0xEE35, 0xE5D3, 0xE5D2, 0xE5B1, 0xE570, 0xEE76, 0xEE96, 0xEE55, 0xEEB8, 0xEE75,
  0xEE96, 0xEE55, 0xEE13, 0xEE33, 0xEE13, 0xF6B7, 0xF6D8, 0xF719, 0xF675, 0xF675, 0xF6B6, 0xF696,
  0xF6F8, 0xF6D7, 0xF6D8, 0xF6D7, 0xF6D7, 0xF6B6, 0xF6F8, 0xF73A, 0xF719, 0xF6D7, 0xFEF7, 0xFEF7,
  0xFF18, 0xFF39, 0xFF39, 0xFF18, 0xFF18, 0xFF5A, 0xFF18, 0xFEF7, 0xFF18, 0xFF5A, 0xFF17, 0xFEF6,
  0xFF18, 0xFF38, 0xFF18, 0xFEF7, 0xFF39, 0xFF38, 0xFED6, 0xFED6, 0xFEF7, 0xFF38, 0xFEF7, 0xFED6,
  0xFF9B, 0xFF9A, 0xFF9A, 0xFF9B, 0xFFBB, 0xFFBB, 0xFFBB, 0xFF9B, 0xFF9A, 0xFF9A, 0xFF9A, 0xFF9A,
  0xFF9A, 0xFF7A, 0xFF9A, 0xFF9A, 0xFF7A, 0xFF9A, 0xFF7A, 0xFF9A, 0xFF9A, 0xFF7A, 0xFF79, 0xFF7A,
  0xFF7A, 0xFF7A, 0xFF7A, 0xFF9A, 0xFF7A, 0xFF7A, 0xFF9B, 0xFF7A, 0xFF59, 0xFF59, 0xFF59, 0xFF79,
  0xFF79, 0xFF79, 0xFF59, 0xFF7A, 0xFF7A, 0xFF7B, 0xFF7A, 0xFF38, 0xFF38, 0xFF38, 0xFF59, 0xFF59,
  0xFF59, 0xFF38, 0xFF38, 0xFF38, 0xFF18, 0xFF38, 0xFF38, 0xFF59, 0xFF39, 0xFF5A, 0xFF5A, 0xFF39,
  0xFF17, 0xFEF6, 0xFED6, 0xFF17, 0xFEF7, 0xFF38, 0xFF18, 0xFEF7, 0xFF18, 0xFF39, 0xFF39, 0xFEF7,
  0xFEB6, 0xFEB6, 0xFEF8, 0xFEF8, 0xFEF8, 0xFEF8, 0xFEB6, 0xFEB6, 0xFED7, 0xF6B6, 0xFEF8, 0xF6D7,
  0xF696, 0xF674, 0xF696, 0xF6B7, 0xF696, 0xF675, 0xF675, 0xF655, 0xF674, 0xF633, 0xF612, 0xF5D1,
  0xF5F2, 0xF613, 0xF655, 0xF634, 0xF655, 0xEDF3, 0xF5F2, 0xEDD1, 0xF634, 0xEE76, 0xEE35, 0xEDF3,
  0xEDB1, 0xEDD2, 0xEDD2, 0xEDB1, 0xEDB1, 0xEDD2, 0xEE97, 0xEE35, 0xEE35, 0xEDD2, 0xE591, 0xEE14,
  0xE5B2, 0xED70, 0xED91, 0xEE14, 0xE5B2, 0xE571, 0xE54F, 0xE52F, 0xE52E, 0xE570, 0xE5D3, 0xE5F4,
  0xE52F, 0xE550, 0xE5F4, 0xE592, 0xE550, 0xE550, 0xE571, 0xE530, 0xDD0F, 0xE571, 0xDD0F, 0xE571,
  0xE551, 0xE571, 0xE571, 0xDD0F, 0xDCEE, 0xDD71, 0xE5D4, 0xE571, 0xDD0F, 0xDD0F, 0xDD0F, 0xDD0F,
  0xE5D4, 0xE592, 0xDD50, 0xE530, 0xDD0E, 0xDCEE, 0xDD51, 0xE550, 0xDD2F, 0xDD0F, 0xDD30, 0xE5D3,
  0xE5B3, 0xE551, 0xE550, 0xDD2F, 0xE5B2, 0xE550, 0xDD2F, 0xDD30, 0xE614, 0xE571, 0xE591, 0xE591,
  0xE5B2, 0xEE76, 0xEE14, 0xE5D2, 0xE5D2, 0xED91, 0xE5B1, 0xEE97, 0xEE77, 0xEE14, 0xEE97, 0xEE34,
  0xEE34, 0xEE34, 0xEE34, 0xEE12, 0xF675, 0xF719, 0xF6D8, 0xF6D7, 0xF653, 0xF675, 0xF6B6, 0xF6D7,
  0xF6F8, 0xF6D7, 0xFED6, 0xF6B6, 0xF6F8, 0xF6F8, 0xFF3A, 0xF75A, 0xFF18, 0xFED6, 0xFED6, 0xFEF8,
  0xFF18, 0xFF5A, 0xFF39, 0xFED6, 0xFF39, 0xFF18, 0xFEF7, 0xFEF7, 0xFF39, 0xFF39, 0xFF18, 0xFEF7,
  0xFF39, 0xFF59, 0xFEF7, 0xFF18, 0xFF39, 0xFF17, 0xFED6, 0xFEF7, 0xFF18, 0xFF17, 0xFED5, 0xFED6,
  0xFF9B, 0xFF9B, 0xFF9A, 0xFF9B, 0xFF9B, 0xFFBB, 0xFFBB, 0xFFBB, 0xFF9B, 0xFF9A, 0xFF9A, 0xFF9A,
  0xFF9A, 0xFF7A, 0xFF7A, 0xFF9A, 0xFF9A, 0xFF9B, 0xFF7A, 0xFF7A, 0xFF9A, 0xFF9B, 0xFF9A, 0xFF7A,
  0xFF7A, 0xFF7A, 0xFF7A, 0xFF7A, 0xFF79, 0xFF79, 0xFF7A, 0xFF7A, 0xFF79, 0xFF59, 0xFF59, 0xFF59,
  0xFF59, 0xFF59, 0xFF58, 0xFF38, 0xFF59, 0xFF7A, 0xFF7A, 0xFF59, 0xFF59, 0xFF38, 0xFF38, 0xFF59,
  0xFF59, 0xFF7A, 0xFF59, 0xFF38, 0xFF38, 0xFF38, 0xFF39, 0xFF59, 0xFF5A, 0xFF5A, 0xFF59, 0xFF18,
  0xFEF7, 0xFF17, 0xFEF7, 0xFED6, 0xFED6, 0xFEF6, 0xFEF7, 0xFF18, 0xFF39, 0xFF39, 0xFF18, 0xFED6,
  0xFEF7, 0xFF5A, 0xFF18, 0xFED7, 0xFED6, 0xF6D6, 0xFEB6, 0xFE95, 0xFEB6, 0xFEF7, 0xFEB6, 0xF695,
  0xF674, 0xF675, 0xF696, 0xF6D8, 0xF675, 0xF675, 0xF654, 0xF633, 0xF612, 0xF612, 0xF5F2, 0xF612,
  0xF655, 0xF676, 0xF6B7, 0xF634, 0xF634, 0xF5F2, 0xEDD1, 0xEE34, 0xF676, 0xEE34, 0xEE13, 0xEDD2,
  0xEDB1, 0xEDB1, 0xEDB1, 0xEE35, 0xEDB1, 0xEDF3, 0xEE35, 0xEE14, 0xEDB2, 0xED90, 0xEDD2, 0xEDD2,
  0xED70, 0xE54F, 0xE5B1, 0xE570, 0xE570, 0xE550, 0xE591, 0xE570, 0xE592, 0xE5F4, 0xE591, 0xE550,
  0xE550, 0xE5B2, 0xE615, 0xE570, 0xE530, 0xE570, 0xE550, 0xE52F, 0xDD0E, 0xDD50, 0xE5D3, 0xE592,
  0xE550, 0xE571, 0xDD0F, 0xE4EE, 0xE571, 0xE5B3, 0xDD30, 0xDD2F, 0xDD0E, 0xE52F, 0xDCEE, 0xE5D4,
  0xDD91, 0xDD0F, 0xE592, 0xDD0F, 0xDD50, 0xDD0F, 0xE5B2, 0xDD50, 0xDD2F, 0xDD0F, 0xDD50, 0xE5D3,
  0xE571, 0xE550, 0xE52F, 0xE550, 0xE571, 0xDD4F, 0xE5B3, 0xE5B2, 0xE591, 0xE54F, 0xE550, 0xEE35,
  0xE5D3, 0xEE77, 0xE5B2, 0xE5D2, 0xE591, 0xEDD2, 0xEE13, 0xEE97, 0xEE34, 0xEE35, 0xF6D8, 0xEE13,
  0xEE55, 0xF675, 0xEE33, 0xEE33, 0xF6B7, 0xF6B7, 0xF6F9, 0xF695, 0xF674, 0xF6B7, 0xF71A, 0xF6D7,
  0xF6F8, 0xF6B6, 0xF6B5, 0xF6B6, 0xF6F8, 0xF739, 0xF6D7, 0xF718, 0xFEF7, 0xFEB5, 0xFF18, 0xFF19,
  0xFEF7, 0xFF18, 0xFF18, 0xFEF7, 0xFF18, 0xFF39, 0xFF17, 0xFF18, 0xFF18, 0xFF39, 0xFF17, 0xFF38,
  0xFF39, 0xFF18, 0xFF17, 0xFF39, 0xFF18, 0xFED6, 0xFED6, 0xFEF7, 0xFF18, 0xFED6, 0xFEB5, 0xFED6,
  0xFF9B, 0xFF9B, 0xFF9A, 0xFF9B, 0xFF9B, 0xFFBB, 0xFFBB, 0xFFBB, 0xFF9B, 0xFF9B, 0xFF9B, 0xFF9B,
  0xFF9B, 0xFF9A, 0xFF7A, 0xFF9A, 0xFF9B, 0xFF9B, 0xFF9B, 0xFF9A, 0xFF7A, 0xFF7A, 0xFF9A, 0xFF9A,
  0xFF7A, 0xFF9A, 0xFF7A, 0xFF7A, 0xFF7A, 0xFF59, 0xFF59, 0xFF79, 0xFF9A, 0xFF9B, 0xFF9B, 0xFF7A,
  0xFF79, 0xFF59, 0xFF59, 0xFF59, 0xFF38, 0xFF59, 0xFF59, 0xFF7A, 0xFF7A, 0xFF5A, 0xFF7A, 0xFF59,
  0xFF38, 0xFF59, 0xFF38, 0xFF38, 0xFF38, 0xFF38, 0xFF38, 0xFF38, 0xFF38, 0xFF17, 0xFF17, 0xFF18,
  0xFF39, 0xFF5A, 0xFF5A, 0xFF5A, 0xFF39, 0xFED6, 0xFEF7, 0xFF39, 0xFF18, 0xFEF7, 0xFED6, 0xFF18,
  0xFF39, 0xFF39, 0xFF19, 0xFF19, 0xFED7, 0xFED7, 0xFEB6, 0xFEB5, 0xFE95, 0xFE95, 0xF674, 0xFE74,
  0xF674, 0xF6B6, 0xF6B6, 0xF674, 0xF654, 0xF633, 0xF633, 0xF654, 0xF654, 0xF633, 0xF696, 0xF675,
  0xF675, 0xF675, 0xF634, 0xF613, 0xF613, 0xF5F2, 0xF5F2, 0xF655, 0xEE13, 0xEDF2, 0xEDD1, 0xEDB1,
  0xEDB1, 0xF655, 0xEE14, 0xEDF3, 0xEDD2, 0xEE13, 0xEE14, 0xEDF3, 0xEDB1, 0xEDB2, 0xED91, 0xED70,
  0xED4F, 0xE591, 0xEDD2, 0xED70, 0xEDB1, 0xED91, 0xE570, 0xE592, 0xEDF3, 0xE591, 0xE591, 0xE571,
  0xE615, 0xE5F4, 0xE591, 0xE592, 0xE571, 0xE570, 0xE52F, 0xE50E, 0xE570, 0xE5F4, 0xE592, 0xE5B2,
  0xE52F, 0xE54F, 0xE50E, 0xE52F, 0xE5D3, 0xDD50, 0xE550, 0xE52F, 0xE52F, 0xDD2F, 0xE550, 0xE5D3,
  0xDD50, 0xDD50, 0xE550, 0xE592, 0xE5B2, 0xDD0F, 0xE571, 0xE550, 0xE52F, 0xDD0E, 0xE5F4, 0xE5D3,
  0xE570, 0xE54F, 0xE550, 0xE550, 0xE54F, 0xE591, 0xE615, 0xE5D3, 0xE550, 0xE54F, 0xEE56, 0xEE14,
  0xEDF3, 0xEE34, 0xEE13, 0xED91, 0xEDD3, 0xEE35, 0xEE14, 0xEE13, 0xEE34, 0xEEB7, 0xEE34, 0xEDF2,
  0xEE76, 0xEE75, 0xEE34, 0xF6B7, 0xF6D7, 0xF719, 0xF6D8, 0xF654, 0xF674, 0xF73A, 0xF719, 0xF6F8,
  0xF6F8, 0xF695, 0xFEB6, 0xF6B6, 0xF73A, 0xF718, 0xFEF7, 0xFEF7, 0xFED6, 0xFEF7, 0xFF5A, 0xFF18,
  0xFEF8, 0xFF18, 0xFEF7, 0xFEF7, 0xFF18, 0xFF38, 0xFED6, 0xFF39, 0xFF39, 0xFF17, 0xFF18, 0xFF38,
  0xFF38, 0xFF17, 0xFF17, 0xFF39, 0xFEF6, 0xFED6, 0xFEF7, 0xFF18, 0xFEF7, 0xFEB5, 0xFEB5, 0xFEF7,
  0xFFBB, 0xFF9A, 0xFF9A, 0xFF9A, 0xFF9A, 0xFF9B, 0xFFBB, 0xFF9B, 0xFF9B, 0xFFBB, 0xFF9B, 0xFF9B,
  0xFF9B, 0xFF9B, 0xFF9A, 0xFF9A, 0xFF9A, 0xFF9A, 0xFF9A, 0xFF9A, 0xFF9A, 0xFF7A, 0xFF7A, 0xFF7A,
  0xFF79, 0xFF7A, 0xFF7A, 0xFF7A, 0xFF7A, 0xFF7A, 0xFF79, 0xFF7A, 0xFF7A, 0xFF7A, 0xFF9B, 0xFF9B,
  0xFF7A, 0xFF7A, 0xFF7A, 0xFF7A, 0xFF59, 0xFF59, 0xFF59, 0xFF79, 0xFF9B, 0xFF7A, 0xFF7B, 0xFF7A,
  0xFF38, 0xFF38, 0xFF59, 0xFF9B, 0xFF7A, 0xFF5A, 0xFF18, 0xFF17, 0xFF17, 0xFF18, 0xFF59, 0xFF5A,
  0xFF5A, 0xFF5A, 0xFF7A, 0xFF39, 0xFF39, 0xFF39, 0xFEF7, 0xFED6, 0xFED6, 0xFEF7, 0xFEF7, 0xFED6,
  0xFED7, 0xFEF7, 0xFEF7, 0xFED6, 0xFED6, 0xFEB5, 0xFEB6, 0xFEF7, 0xFEF8, 0xFEF8, 0xFED7, 0xF674,
  0xF695, 0xF674, 0xF674, 0xF654, 0xF675, 0xF675, 0xF6F8, 0xF675, 0xF633, 0xF6B7, 0xF6D8, 0xF675,
  0xF695, 0xF613, 0xF612, 0xF613, 0xF675, 0xF654, 0xF613, 0xEE13, 0xEE13, 0xF5F2, 0xEDF2, 0xEDF2,
  0xF696, 0xEE76, 0xF655, 0xEDF3, 0xEDB1, 0xEE34, 0xEDB2, 0xEDB1, 0xED90, 0xED70, 0xED90, 0xEDD2,
  0xEDD2, 0xEE76, 0xEDF3, 0xEDD3, 0xEDB2, 0xED70, 0xE5B1, 0xEE14, 0xE5B1, 0xE5F4, 0xE5D3, 0xE5B2,
  0xEE56, 0xE571, 0xE571, 0xE591, 0xE54F, 0xE52F, 0xE570, 0xE571, 0xE615, 0xE5D3, 0xE5D3, 0xE570,
  0xE52F, 0xE52F, 0xE54F, 0xE5B3, 0xE591, 0xDD2F, 0xE550, 0xE52F, 0xDD2F, 0xE5D3, 0xE571, 0xE592,
  0xE52F, 0xE550, 0xE592, 0xE592, 0xE550, 0xDD0F, 0xE592, 0xE550, 0xE4EE, 0xDD50, 0xE5D3, 0xE591,
  0xE570, 0xE570, 0xE570, 0xE570, 0xE570, 0xEE56, 0xE5D3, 0xE571, 0xE570, 0xE5B2, 0xEE98, 0xE5B2,
  0xE5D3, 0xEE56, 0xE5B1, 0xE590, 0xEE97, 0xEE76, 0xEDF3, 0xEE34, 0xEE76, 0xEE75, 0xEE13, 0xEE33,
  0xF696, 0xF654, 0xF676, 0xF6B7, 0xF6F8, 0xF6B7, 0xF674, 0xF695, 0xF6D7, 0xF6F8, 0xF6B6, 0xF6D7,
  0xF6D7, 0xF695, 0xF695, 0xF6F8, 0xF75A, 0xFF18, 0xFEF7, 0xFED7, 0xFED6, 0xFF39, 0xFF3A, 0xFF39,
  0xFF38, 0xFEF7, 0xFEF7, 0xFF39, 0xFF59, 0xFEF7, 0xFEF7, 0xFF5A, 0xFF18, 0xFEF7, 0xFF39, 0xFF59,
  0xFF17, 0xFF18, 0xFF18, 0xFF17, 0xFEF6, 0xFEF6, 0xFEF7, 0xFEF7, 0xFED6, 0xFED5, 0xFEB5, 0xFEF7,
  0xFF9B, 0xFF9A, 0xFF9A, 0xFF9A, 0xFF9A, 0xFF9A, 0xFF9A, 0xFF9B, 0xFF9B, 0xFF9B, 0xFF9B, 0xFF9A,
  0xFF9B, 0xFF9B, 0xFF9B, 0xFF9A, 0xFF7A, 0xFF7A, 0xFF7A, 0xFF7A, 0xFF7A, 0xFF7A, 0xFF7A, 0xFF7A,
  0xFF79, 0xFF59, 0xFF79, 0xFF7A, 0xFF7A, 0xFF7A, 0xFF79, 0xFF9A, 0xFF7A, 0xFF7A, 0xFF7A, 0xFF9B,
  0xFF7A, 0xFF9B, 0xFF7A, 0xFF9A, 0xFF9B, 0xFF7B, 0xFF59, 0xFF59, 0xFF59, 0xFF7A, 0xFF7A, 0xFF7A,
  0xFF7A, 0xFF7A, 0xFF7A, 0xFF5A, 0xFF7A, 0xFF5A, 0xFF59, 0xFF59, 0xFF59, 0xFF5A, 0xFF59, 0xFF5A,
  0xFF5A, 0xFF5A, 0xFF39, 0xFF38, 0xFF38, 0xFF39, 0xFF38, 0xFEF7, 0xFED6, 0xFED6, 0xFED6, 0xFED6,
  0xFED6, 0xFED6, 0xFED6, 0xFEB6, 0xFED6, 0xFEB6, 0xFED7, 0xFEF8, 0xFED7, 0xFEB6, 0xFE95, 0xF695,
  0xF6F8, 0xF6D7, 0xF696, 0xF696, 0xF695, 0xF6B7, 0xF675, 0xF633, 0xF675, 0xF6D8, 0xF696, 0xF633,
  0xF654, 0xF696, 0xF696, 0xF696, 0xF634, 0xF5F2, 0xF613, 0xF614, 0xF655, 0xEDF2, 0xF5F2, 0xEE34,
  0xF676, 0xEE34, 0xEDF3, 0xEDB1, 0xEDF2, 0xEDD2, 0xEDB1, 0xED90, 0xEDB1, 0xEE35, 0xEE13, 0xEDD2,
  0xEE56, 0xEE76, 0xEDD2, 0xEDB1, 0xED90, 0xED6F, 0xE591, 0xE5B2, 0xEE35, 0xEDF4, 0xE591, 0xEE14,
  0xE591, 0xE570, 0xE570, 0xE591, 0xE570, 0xE591, 0xEDF4, 0xE592, 0xEE77, 0xE5D3, 0xE571, 0xE570,
  0xE52F, 0xE591, 0xEE56, 0xE5D3, 0xE5B2, 0xE570, 0xE52F, 0xE570, 0xE615, 0xE571, 0xE5D3, 0xE571,
  0xE50F, 0xE591, 0xE615, 0xE550, 0xE550, 0xE52F, 0xE550, 0xE52F, 0xE550, 0xE5F3, 0xE591, 0xE550,
  0xE592, 0xE570, 0xE570, 0xE550, 0xE615, 0xE5F3, 0xE591, 0xE5D2, 0xEDB1, 0xE5F3, 0xE5F4, 0xEDF3,
  0xEE34, 0xEDF3, 0xEDB1, 0xEE34, 0xEEB7, 0xEDF2, 0xEDF2, 0xF6D8, 0xEE76, 0xEE55, 0xEDF2, 0xEE34,
  0xF6D8, 0xF633, 0xF6F8, 0xF6B7, 0xF696, 0xF696, 0xF675, 0xF675, 0xF6D7, 0xF6D7, 0xF6F8, 0xF6F8,
  0xF6D6, 0xF695, 0xF6B6, 0xF75A, 0xF718, 0xF719, 0xFED6, 0xFEB6, 0xFEF7, 0xFF5A, 0xFF39, 0xFF38,
  0xFEF7, 0xFF17, 0xFF18, 0xFF5A, 0xFF18, 0xFF17, 0xFF18, 0xFF5A, 0xFF39, 0xFEF7, 0xFF38, 0xFF17,
  0xFF17, 0xFF18, 0xFF59, 0xFF18, 0xFED6, 0xFF17, 0xFF18, 0xFED6, 0xFED6, 0xFED6, 0xFED6, 0xFEF7,
  0xFF9B, 0xFF9A, 0xFF9A, 0xFF9A, 0xFF9A, 0xFF9A, 0xFF9A, 0xFF9A, 0xFF9A, 0xFF9B, 0xFF9B, 0xFF9A,
  0xFF9B, 0xFF9B, 0xFF9B, 0xFF9A, 0xFF9A, 0xFF9A, 0xFF7A, 0xFF7A, 0xFF79, 0xFF7A, 0xFF7A, 0xFF7A,
  0xFF7A, 0xFF9A, 0xFF79, 0xFF79, 0xFF7A, 0xFF7A, 0xFF7A, 0xFF7A, 0xFF79, 0xFF79, 0xFF79, 0xFF7A,
  0xFF7A, 0xFF7A, 0xFF7A, 0xFF59, 0xFF7A, 0xFF7A, 0xFF7A, 0xFF7A, 0xFF59, 0xFF59, 0xFF59, 0xFF7A,
  0xFF9B, 0xFF9B, 0xFF5A, 0xFF59, 0xFF59, 0xFF59, 0xFF7A, 0xFF59, 0xFF59, 0xFF59, 0xFF7A, 0xFF39,
  0xFF39, 0xFF38, 0xFF38, 0xFF38, 0xFF39, 0xFEF7, 0xFEF7, 0xFEF7, 0xFF39, 0xFF39, 0xFF5A, 0xFF18,
  0xFF18, 0xFED6, 0xFEF7, 0xFF18, 0xFED7, 0xFF18, 0xFF39, 0xFEF7, 0xFEB6, 0xFE95, 0xFEB6, 0xFF19,
  0xF6F8, 0xF6B7, 0xF675, 0xF695, 0xF696, 0xF696, 0xF654, 0xF674, 0xF696, 0xF695, 0xF633, 0xF654,
  0xF695, 0xF675, 0xF634, 0xF5F2, 0xF613, 0xF675, 0xF6B7, 0xF655, 0xF613, 0xF5F2, 0xF613, 0xF675,
  0xEE14, 0xF613, 0xEDD1, 0xEDB1, 0xEDD2, 0xEDB1, 0xEDB1, 0xEE14, 0xEE13, 0xEE34, 0xEDF2, 0xEDF3,
  0xEEB8, 0xEDF3, 0xEDB2, 0xEDD2, 0xED70, 0xE591, 0xEDF3, 0xEE35, 0xEE14, 0xEDD2, 0xEDB2, 0xE5B2,
  0xE570, 0xE550, 0xEE35, 0xEDF3, 0xE5B2, 0xEE35, 0xEDF3, 0xE5D3, 0xE614, 0xE571, 0xE570, 0xE54F,
  0xE54F, 0xEE35, 0xE5D3, 0xE5B2, 0xE550, 0xE52F, 0xE52F, 0xE635, 0xE5F4, 0xE592, 0xE591, 0xE54F,
  0xE530, 0xE636, 0xE550, 0xE571, 0xE52F, 0xE52F, 0xE550, 0xE591, 0xE5B2, 0xE5B2, 0xE5B2, 0xE571,
  0xE591, 0xE550, 0xE550, 0xE5F4, 0xE614, 0xE590, 0xE5D2, 0xE5D2, 0xE5B2, 0xE5F3, 0xEE97, 0xEDD2,
  0xEDD2, 0xEDB1, 0xEE77, 0xEE76, 0xEE14, 0xEDD2, 0xEE34, 0xEE76, 0xEE34, 0xEE33, 0xEE12, 0xF6D8,
  0xF675, 0xF654, 0xF6F8, 0xF6D7, 0xF654, 0xF695, 0xF675, 0xF675, 0xF6D7, 0xF6F8, 0xF6D7, 0xF6F8,
  0xF6B6, 0xFEB5, 0xF6D6, 0xF739, 0xF6F7, 0xF6F8, 0xFED6, 0xFED6, 0xFF7B, 0xFF3A, 0xFF5A, 0xFEF7,
  0xFEF6, 0xFF17, 0xFF39, 0xFF5A, 0xFF17, 0xFEF7, 0xFF59, 0xFF39, 0xFEF7, 0xFF38, 0xFF38, 0xFF17,
  0xFF17, 0xFF38, 0xFF38, 0xFEF7, 0xFED6, 0xFF38, 0xFF18, 0xFED6, 0xFED6, 0xFED6, 0xFF17, 0xFEF7,
  0xFF9A, 0xFF9A, 0xFF9A, 0xFF9A, 0xFF9B, 0xFF9B, 0xFF9B, 0xFF9B, 0xFF9B, 0xFF9A, 0xFF9A, 0xFF9A,
  0xFF9A, 0xFF9B, 0xFFBB, 0xFF9B, 0xFF9A, 0xFF9B, 0xFF9B, 0xFF7A, 0xFF9A, 0xFF9B, 0xFF9A, 0xFF79,
  0xFF7A, 0xFF9A, 0xFF7A, 0xFF9A, 0xFF7A, 0xFF7A, 0xFF7A, 0xFF7A, 0xFF9B, 0xFF9A, 0xFF59, 0xFF59,
  0xFF7A, 0xFF7A, 0xFF7A, 0xFF7A, 0xFF58, 0xFF58, 0xFF59, 0xFF79, 0xFF7A, 0xFF7A, 0xFF58, 0xFF59,
  0xFF59, 0xFF59, 0xFF59, 0xFF59, 0xFF59, 0xFF59, 0xFF59, 0xFF39, 0xFF5A, 0xFF59, 0xFF38, 0xFF39,
  0xFF59, 0xFF18, 0xFF18, 0xFF17, 0xFEF7, 0xFEF7, 0xFF38, 0xFF39, 0xFF18, 0xFF18, 0xFEF7, 0xFEF7,
  0xFEF7, 0xFF18, 0xFF39, 0xFED7, 0xFED7, 0xFEF7, 0xFED7, 0xFEB6, 0xFE95, 0xFEF8, 0xFEF8, 0xFF19,
  0xFED7, 0xF695, 0xFE74, 0xF654, 0xF653, 0xF654, 0xF675, 0xF6B7, 0xF6B7, 0xF674, 0xF654, 0xF696,
  0xF675, 0xF633, 0xF613, 0xF696, 0xF696, 0xF696, 0xF675, 0xF5F2, 0xF5F2, 0xF633, 0xF634, 0xEE34,
  0xF633, 0xEDD2, 0xEDD1, 0xEDD2, 0xEDD1, 0xEDF3, 0xEE76, 0xEE34, 0xEDF3, 0xEE13, 0xEDD2, 0xEE55,
  0xEE14, 0xEDB1, 0xEDF2, 0xED70, 0xED91, 0xEDF3, 0xEDF3, 0xEE14, 0xE5B2, 0xEDB2, 0xE5B2, 0xE570,
  0xE570, 0xE5F3, 0xEE77, 0xE591, 0xEE56, 0xEDF4, 0xE5B2, 0xE5F3, 0xE5B2, 0xEDB2, 0xE54F, 0xE54F,
  0xE591, 0xE5D3, 0xE5D3, 0xE591, 0xE550, 0xE54F, 0xE591, 0xE5F4, 0xE5B2, 0xE591, 0xE54F, 0xE570,
  0xE571, 0xE592, 0xE5B2, 0xE550, 0xE52F, 0xE571, 0xE592, 0xE570, 0xE635, 0xE5B2, 0xE591, 0xE591,
  0xE5B1, 0xE570, 0xE570, 0xE614, 0xE5D3, 0xE591, 0xEDF3, 0xE5B1, 0xE591, 0xEE35, 0xEE34, 0xEDD2,
  0xEDF3, 0xEE34, 0xEE76, 0xEE14, 0xEE13, 0xEDF2, 0xEE97, 0xEE96, 0xEE54, 0xEDF2, 0xF675, 0xF6F9,
  0xF654, 0xF6B7, 0xF6D8, 0xF674, 0xF675, 0xF6D7, 0xF695, 0xF6F8, 0xF719, 0xF6D6, 0xF6D7, 0xF6D7,
  0xF6F7, 0xFEB6, 0xF6D6, 0xF6D7, 0xFF18, 0xFEF8, 0xFEB5, 0xFF19, 0xFF5A, 0xFF39, 0xFF18, 0xFEF7,
  0xFF18, 0xFEF7, 0xFF39, 0xFF38, 0xFF17, 0xFF17, 0xFF39, 0xFF17, 0xFF18, 0xFF59, 0xFF38, 0xFEF6,
  0xFF18, 0xFF18, 0xFF18, 0xFED6, 0xFF18, 0xFF18, 0xFF18, 0xFEF6, 0xFED6, 0xFEF6, 0xFF18, 0xFF17,
  0xFF9B, 0xFF9B, 0xFF9A, 0xFF9A, 0xFF9A, 0xFF9B, 0xFF9B, 0xFF9B, 0xFF9B, 0xFF9B, 0xFF9A, 0xFF7A,
  0xFF9A, 0xFF9A, 0xFF9A, 0xFF9A, 0xFF9A, 0xFF9A, 0xFF9B, 0xFF9B, 0xFF9B, 0xFF9B, 0xFF9B, 0xFF9A,
  0xFF7A, 0xFF7A, 0xFF7A, 0xFF7A, 0xFF7A, 0xFF7A, 0xFF7A, 0xFF9B, 0xFF9A, 0xFF7A, 0xFF7A, 0xFF59,
  0xFF59, 0xFF79, 0xFF7A, 0xFF7A, 0xFF7A, 0xFF59, 0xFF58, 0xFF38, 0xFF58, 0xFF59, 0xFF7A, 0xFF59,
  0xFF59, 0xFF59, 0xFF59, 0xFF7A, 0xFF7B, 0xFF59, 0xFF39, 0xFF59, 0xFF39, 0xFF38, 0xFF38, 0xFF38,
  0xFF38, 0xFF38, 0xFF17, 0xFEF7, 0xFF18, 0xFF59, 0xFF5A, 0xFF59, 0xFF39, 0xFF39, 0xFF39, 0xFF39,
  0xFEF7, 0xFEF7, 0xFED6, 0xFED6, 0xFED6, 0xFED6, 0xFED6, 0xFEB6, 0xFF18, 0xFF19, 0xFED7, 0xFE95,
  0xFE74, 0xFE74, 0xFEB6, 0xF6D8, 0xF696, 0xF6D7, 0xF695, 0xF695, 0xF674, 0xF675, 0xF675, 0xF654,
  0xF674, 0xF633, 0xF696, 0xF675, 0xF655, 0xF655, 0xF613, 0xF613, 0xF634, 0xF613, 0xF613, 0xF613,
  0xEDF2, 0xEDF2, 0xF613, 0xEDF3, 0xF697, 0xEE55, 0xF655, 0xEDF2, 0xEDF2, 0xEDD2, 0xEE13, 0xEE13,
  0xEDB1, 0xEDD2, 0xEDB1, 0xEDB1, 0xEE76, 0xEDF3, 0xEDD2, 0xEE14, 0xEDF3, 0xEDB1, 0xED91, 0xED91,
  0xE5D2, 0xEE97, 0xEE14, 0xE591, 0xEE14, 0xE5B1, 0xE570, 0xE5B2, 0xE5B1, 0xE570, 0xE570, 0xE570,
  0xE5B2, 0xE5B2, 0xE5B1, 0xE570, 0xE570, 0xEE77, 0xE5D3, 0xEE35, 0xE591, 0xE571, 0xE571, 0xE5B2,
  0xE591, 0xE5B2, 0xE570, 0xE54F, 0xE592, 0xE592, 0xE54F, 0xE615, 0xE5F4, 0xE591, 0xE570, 0xE591,
  0xE570, 0xE570, 0xE570, 0xE5F3, 0xE5B2, 0xEDF3, 0xE5D2, 0xEDD2, 0xEDF3, 0xEE35, 0xEDF3, 0xEDD2,
  0xEDF3, 0xEE35, 0xEE35, 0xEE13, 0xEDF2, 0xEE34, 0xF6D8, 0xEE55, 0xEE13, 0xF654, 0xF6B7, 0xF696,
  0xF654, 0xF6B7, 0xF6B6, 0xF675, 0xF6F8, 0xF695, 0xF6B6, 0xF73A, 0xF6D7, 0xF6F8, 0xF6D6, 0xF739,
  0xF6D7, 0xFED7, 0xFED6, 0xFF19, 0xFF18, 0xFED6, 0xFED6, 0xFEF8, 0xFF19, 0xFF39, 0xFEF7, 0xFEF7,
  0xFF38, 0xFF18, 0xFF39, 0xFF38, 0xFEF7, 0xFF59, 0xFF18, 0xFF38, 0xFF59, 0xFF39, 0xFF17, 0xFEF7,
  0xFF18, 0xFF38, 0xFF18, 0xFEF7, 0xFEF7, 0xFF18, 0xFF18, 0xFED6, 0xFED6, 0xFEF7, 0xFF18, 0xFEF7
};

#endif
